<ns3modulegen_core_customizations.SmartPointerTransformation object at 0x7f5da907ba90>
>>>>>>>>>>>>>>>> [['ns3::ObjectBase *', 'ns3::empty', 'ns3::empty', 'ns3::empty', 'ns3::empty', 'ns3::empty', 'ns3::empty', 'ns3::empty', 'ns3::empty', 'ns3::empty'], ['void', 'ns3::empty', 'ns3::empty', 'ns3::empty', 'ns3::empty', 'ns3::empty', 'ns3::empty', 'ns3::empty', 'ns3::empty', 'ns3::empty'], ['bool', 'ns3::Ptr<ns3::NetDevice>', 'ns3::Ptr<const ns3::Packet>', 'unsigned short', 'const ns3::Address &', 'ns3::empty', 'ns3::empty', 'ns3::empty', 'ns3::empty', 'ns3::empty'], ['bool', 'ns3::Ptr<ns3::NetDevice>', 'ns3::Ptr<const ns3::Packet>', 'unsigned short', 'const ns3::Address &', 'const ns3::Address &', 'ns3::NetDevice::PacketType', 'ns3::empty', 'ns3::empty', 'ns3::empty'], ['void', 'ns3::Ptr<ns3::NetDevice>', 'ns3::Ptr<const ns3::Packet>', 'unsigned short', 'const ns3::Address &', 'const ns3::Address &', 'ns3::NetDevice::PacketType', 'ns3::empty', 'ns3::empty', 'ns3::empty'], ['void', 'ns3::Ptr<ns3::NetDevice>', 'ns3::empty', 'ns3::empty', 'ns3::empty', 'ns3::empty', 'ns3::empty', 'ns3::empty', 'ns3::empty', 'ns3::empty'], ['void', 'unsigned char *', 'long', 'ns3::empty', 'ns3::empty', 'ns3::empty', 'ns3::empty', 'ns3::empty', 'ns3::empty', 'ns3::empty'], ['void', 'ns3::Ptr<const ns3::Packet>', 'ns3::empty', 'ns3::empty', 'ns3::empty', 'ns3::empty', 'ns3::empty', 'ns3::empty', 'ns3::empty', 'ns3::empty'], ['void', 'std::basic_string<char>', 'ns3::Ptr<const ns3::Packet>', 'ns3::empty', 'ns3::empty', 'ns3::empty', 'ns3::empty', 'ns3::empty', 'ns3::empty', 'ns3::empty']]
DEBUG:pybindgen.typehandlers:TypeMatcher.lookup('std::string')
DEBUG:pybindgen.typehandlers:try to lookup type handler for 'std::string' => success ((<class 'pybindgen.typehandlers.stringtype.StdStringReturn'>, None, <pybindgen.typehandlers.ctypeparser.TypeTraits object at 0x7f5daa8646d8>))
DEBUG:pybindgen.typehandlers:TypeMatcher.lookup('ns3::LogComponent *')
DEBUG:pybindgen.typehandlers:try to lookup type handler for 'ns3::LogComponent *' => success ((<class 'pybindgen.cppclass.CppClass.__init__.<locals>.ThisClassPtrReturn'>, None, <pybindgen.typehandlers.ctypeparser.TypeTraits object at 0x7f5da8eee978>))
***** registering callback handler: 'ns3::Callback< ns3::ObjectBase *, ns3::empty, ns3::empty, ns3::empty, ns3::empty, ns3::empty, ns3::empty, ns3::empty, ns3::empty, ns3::empty >' ('ns3::Callback< ns3::ObjectBase *, ns3::empty, ns3::empty, ns3::empty, ns3::empty, ns3::empty, ns3::empty, ns3::empty, ns3::empty, ns3::empty >')
***** registering callback handler: 'ns3::Callback< void, ns3::empty, ns3::empty, ns3::empty, ns3::empty, ns3::empty, ns3::empty, ns3::empty, ns3::empty, ns3::empty >' ('ns3::Callback< void, ns3::empty, ns3::empty, ns3::empty, ns3::empty, ns3::empty, ns3::empty, ns3::empty, ns3::empty, ns3::empty >')
***** registering callback handler: 'ns3::Callback< bool, ns3::Ptr< ns3::NetDevice >, ns3::Ptr< ns3::Packet const >, unsigned short, ns3::Address const &, ns3::empty, ns3::empty, ns3::empty, ns3::empty, ns3::empty >' ('ns3::Callback< bool, ns3::Ptr<ns3::NetDevice>, ns3::Ptr<const ns3::Packet>, unsigned short, const ns3::Address &, ns3::empty, ns3::empty, ns3::empty, ns3::empty, ns3::empty >')
***** registering callback handler: 'ns3::Callback< bool, ns3::Ptr< ns3::NetDevice >, ns3::Ptr< ns3::Packet const >, unsigned short, ns3::Address const &, ns3::Address const &, ns3::NetDevice::PacketType, ns3::empty, ns3::empty, ns3::empty >' ('ns3::Callback< bool, ns3::Ptr<ns3::NetDevice>, ns3::Ptr<const ns3::Packet>, unsigned short, const ns3::Address &, const ns3::Address &, ns3::NetDevice::PacketType, ns3::empty, ns3::empty, ns3::empty >')
***** registering callback handler: 'ns3::Callback< void, ns3::Ptr< ns3::NetDevice >, ns3::Ptr< ns3::Packet const >, unsigned short, ns3::Address const &, ns3::Address const &, ns3::NetDevice::PacketType, ns3::empty, ns3::empty, ns3::empty >' ('ns3::Callback< void, ns3::Ptr<ns3::NetDevice>, ns3::Ptr<const ns3::Packet>, unsigned short, const ns3::Address &, const ns3::Address &, ns3::NetDevice::PacketType, ns3::empty, ns3::empty, ns3::empty >')
***** registering callback handler: 'ns3::Callback< void, ns3::Ptr< ns3::NetDevice >, ns3::empty, ns3::empty, ns3::empty, ns3::empty, ns3::empty, ns3::empty, ns3::empty, ns3::empty >' ('ns3::Callback< void, ns3::Ptr<ns3::NetDevice>, ns3::empty, ns3::empty, ns3::empty, ns3::empty, ns3::empty, ns3::empty, ns3::empty, ns3::empty >')
***** registering callback handler: 'ns3::Callback< void, unsigned char *, long, ns3::empty, ns3::empty, ns3::empty, ns3::empty, ns3::empty, ns3::empty, ns3::empty >' ('ns3::Callback< void, unsigned char *, long, ns3::empty, ns3::empty, ns3::empty, ns3::empty, ns3::empty, ns3::empty, ns3::empty >')
***** registering callback handler: 'ns3::Callback< void, ns3::Ptr< ns3::Packet const >, ns3::empty, ns3::empty, ns3::empty, ns3::empty, ns3::empty, ns3::empty, ns3::empty, ns3::empty >' ('ns3::Callback< void, ns3::Ptr<const ns3::Packet>, ns3::empty, ns3::empty, ns3::empty, ns3::empty, ns3::empty, ns3::empty, ns3::empty, ns3::empty >')
***** registering callback handler: 'ns3::Callback< void, std::basic_string< char >, ns3::Ptr< ns3::Packet const >, ns3::empty, ns3::empty, ns3::empty, ns3::empty, ns3::empty, ns3::empty, ns3::empty >' ('ns3::Callback< void, std::basic_string<char>, ns3::Ptr<const ns3::Packet>, ns3::empty, ns3::empty, ns3::empty, ns3::empty, ns3::empty, ns3::empty, ns3::empty >')
DEBUG:pybindgen.typehandlers:TypeMatcher.lookup('uint8_t')
DEBUG:pybindgen.typehandlers:try to lookup type handler for 'uint8_t' => success ((<class 'pybindgen.typehandlers.inttype.UInt8Param'>, None, <pybindgen.typehandlers.ctypeparser.TypeTraits object at 0x7f5da8e0b470>))
DEBUG:pybindgen.typehandlers:TypeMatcher.lookup('uint8_t const *')
DEBUG:pybindgen.typehandlers:try to lookup type handler for 'uint8_t const *' => success ((<class 'pybindgen.typehandlers.inttype.UInt8PtrParam'>, None, <pybindgen.typehandlers.ctypeparser.TypeTraits object at 0x7f5da8e0b550>))
/home/cs18/tarballs/ns-allinone-3.34/ns-3.34/src/fd-net-device/bindings/modulegen__gcc_LP64.py:595: Warning: exception TypeConfigurationError('direction not given',) in wrapper <pybindgen.cppmethod.CppConstructor object at 0x7f5da8e0b400>
  cls.add_constructor([param('uint8_t', 'type'), param('uint8_t const *', 'buffer'), param('uint8_t', 'len')])
DEBUG:pybindgen.typehandlers:TypeMatcher.lookup('ns3::Address const &')
DEBUG:pybindgen.typehandlers:try to lookup type handler for 'ns3::Address const &' => success ((<class 'pybindgen.cppclass.CppClass.__init__.<locals>.ThisClassRefParameter'>, None, <pybindgen.typehandlers.ctypeparser.TypeTraits object at 0x7f5da8e0b4e0>))
DEBUG:pybindgen.typehandlers:TypeMatcher.lookup('bool')
DEBUG:pybindgen.typehandlers:try to lookup type handler for 'bool' => success ((<class 'pybindgen.typehandlers.booltype.BoolReturn'>, None, <pybindgen.typehandlers.ctypeparser.TypeTraits object at 0x7f5da8e0ba58>))
DEBUG:pybindgen.typehandlers:TypeMatcher.lookup('uint8_t')
DEBUG:pybindgen.typehandlers:try to lookup type handler for 'uint8_t' => success ((<class 'pybindgen.typehandlers.inttype.UInt8Param'>, None, <pybindgen.typehandlers.ctypeparser.TypeTraits object at 0x7f5da8e0bba8>))
DEBUG:pybindgen.typehandlers:TypeMatcher.lookup('uint8_t')
DEBUG:pybindgen.typehandlers:try to lookup type handler for 'uint8_t' => success ((<class 'pybindgen.typehandlers.inttype.UInt8Param'>, None, <pybindgen.typehandlers.ctypeparser.TypeTraits object at 0x7f5da8e0bc88>))
DEBUG:pybindgen.typehandlers:TypeMatcher.lookup('uint32_t')
DEBUG:pybindgen.typehandlers:try to lookup type handler for 'uint32_t' => success ((<class 'pybindgen.typehandlers.inttype.UnsignedIntReturn'>, None, <pybindgen.typehandlers.ctypeparser.TypeTraits object at 0x7f5da8d75080>))
DEBUG:pybindgen.typehandlers:TypeMatcher.lookup('uint8_t const *')
DEBUG:pybindgen.typehandlers:try to lookup type handler for 'uint8_t const *' => success ((<class 'pybindgen.typehandlers.inttype.UInt8PtrParam'>, None, <pybindgen.typehandlers.ctypeparser.TypeTraits object at 0x7f5da8d75198>))
/home/cs18/tarballs/ns-allinone-3.34/ns-3.34/src/fd-net-device/bindings/modulegen__gcc_LP64.py:606: Warning: exception TypeConfigurationError('direction not given',) in wrapper public: retval? ???::CopyAllFrom (params?);
  [param('uint8_t const *', 'buffer'), param('uint8_t', 'len')])
DEBUG:pybindgen.typehandlers:TypeMatcher.lookup('uint32_t')
DEBUG:pybindgen.typehandlers:try to lookup type handler for 'uint32_t' => success ((<class 'pybindgen.typehandlers.inttype.UnsignedIntReturn'>, None, <pybindgen.typehandlers.ctypeparser.TypeTraits object at 0x7f5da8d752e8>))
DEBUG:pybindgen.typehandlers:TypeMatcher.lookup('uint8_t *')
DEBUG:pybindgen.typehandlers:try to lookup type handler for 'uint8_t *' => success ((<class 'pybindgen.typehandlers.inttype.UInt8PtrParam'>, None, <pybindgen.typehandlers.ctypeparser.TypeTraits object at 0x7f5da8d754a8>))
/home/cs18/tarballs/ns-allinone-3.34/ns-3.34/src/fd-net-device/bindings/modulegen__gcc_LP64.py:611: Warning: exception TypeConfigurationError('direction not given',) in wrapper public: retval? ???::CopyAllTo (params?) const;
  is_const=True)
DEBUG:pybindgen.typehandlers:TypeMatcher.lookup('uint32_t')
DEBUG:pybindgen.typehandlers:try to lookup type handler for 'uint32_t' => success ((<class 'pybindgen.typehandlers.inttype.UnsignedIntReturn'>, None, <pybindgen.typehandlers.ctypeparser.TypeTraits object at 0x7f5da8d75588>))
DEBUG:pybindgen.typehandlers:TypeMatcher.lookup('uint8_t const *')
DEBUG:pybindgen.typehandlers:try to lookup type handler for 'uint8_t const *' => success ((<class 'pybindgen.typehandlers.inttype.UInt8PtrParam'>, None, <pybindgen.typehandlers.ctypeparser.TypeTraits object at 0x7f5da8d75748>))
/home/cs18/tarballs/ns-allinone-3.34/ns-3.34/src/fd-net-device/bindings/modulegen__gcc_LP64.py:615: Warning: exception TypeConfigurationError('direction not given',) in wrapper public: retval? ???::CopyFrom (params?);
  [param('uint8_t const *', 'buffer'), param('uint8_t', 'len')])
DEBUG:pybindgen.typehandlers:TypeMatcher.lookup('uint32_t')
DEBUG:pybindgen.typehandlers:try to lookup type handler for 'uint32_t' => success ((<class 'pybindgen.typehandlers.inttype.UnsignedIntReturn'>, None, <pybindgen.typehandlers.ctypeparser.TypeTraits object at 0x7f5da8d75898>))
DEBUG:pybindgen.typehandlers:TypeMatcher.lookup('uint8_t *')
DEBUG:pybindgen.typehandlers:try to lookup type handler for 'uint8_t *' => success ((<class 'pybindgen.typehandlers.inttype.UInt8PtrParam'>, None, <pybindgen.typehandlers.ctypeparser.TypeTraits object at 0x7f5da8e0b668>))
/home/cs18/tarballs/ns-allinone-3.34/ns-3.34/src/fd-net-device/bindings/modulegen__gcc_LP64.py:620: Warning: exception TypeConfigurationError('direction not given',) in wrapper public: retval? ???::CopyTo (params?) const;
  is_const=True)
DEBUG:pybindgen.typehandlers:TypeMatcher.lookup('void')
DEBUG:pybindgen.typehandlers:try to lookup type handler for 'void' => success ((<class 'pybindgen.typehandlers.voidtype.VoidReturn'>, None, <pybindgen.typehandlers.ctypeparser.TypeTraits object at 0x7f5da8d75978>))
DEBUG:pybindgen.typehandlers:TypeMatcher.lookup('ns3::TagBuffer')
DEBUG:pybindgen.typehandlers:try to lookup type handler for 'ns3::TagBuffer' => success ((<class 'pybindgen.cppclass.CppClass.__init__.<locals>.ThisClassParameter'>, None, <pybindgen.typehandlers.ctypeparser.TypeTraits object at 0x7f5da8d75780>))
DEBUG:pybindgen.typehandlers:TypeMatcher.lookup('uint8_t')
DEBUG:pybindgen.typehandlers:try to lookup type handler for 'uint8_t' => success ((<class 'pybindgen.typehandlers.inttype.UInt8Return'>, None, <pybindgen.typehandlers.ctypeparser.TypeTraits object at 0x7f5da8d75550>))
DEBUG:pybindgen.typehandlers:TypeMatcher.lookup('uint32_t')
DEBUG:pybindgen.typehandlers:try to lookup type handler for 'uint32_t' => success ((<class 'pybindgen.typehandlers.inttype.UnsignedIntReturn'>, None, <pybindgen.typehandlers.ctypeparser.TypeTraits object at 0x7f5da8d750b8>))
DEBUG:pybindgen.typehandlers:TypeMatcher.lookup('bool')
DEBUG:pybindgen.typehandlers:try to lookup type handler for 'bool' => success ((<class 'pybindgen.typehandlers.booltype.BoolReturn'>, None, <pybindgen.typehandlers.ctypeparser.TypeTraits object at 0x7f5da8d75d68>))
DEBUG:pybindgen.typehandlers:TypeMatcher.lookup('bool')
DEBUG:pybindgen.typehandlers:try to lookup type handler for 'bool' => success ((<class 'pybindgen.typehandlers.booltype.BoolReturn'>, None, <pybindgen.typehandlers.ctypeparser.TypeTraits object at 0x7f5da8d7e160>))
DEBUG:pybindgen.typehandlers:TypeMatcher.lookup('uint8_t')
DEBUG:pybindgen.typehandlers:try to lookup type handler for 'uint8_t' => success ((<class 'pybindgen.typehandlers.inttype.UInt8Param'>, None, <pybindgen.typehandlers.ctypeparser.TypeTraits object at 0x7f5da8d7e2b0>))
DEBUG:pybindgen.typehandlers:TypeMatcher.lookup('uint8_t')
DEBUG:pybindgen.typehandlers:try to lookup type handler for 'uint8_t' => success ((<class 'pybindgen.typehandlers.inttype.UInt8Return'>, None, <pybindgen.typehandlers.ctypeparser.TypeTraits object at 0x7f5da8d7e630>))
DEBUG:pybindgen.typehandlers:TypeMatcher.lookup('void')
DEBUG:pybindgen.typehandlers:try to lookup type handler for 'void' => success ((<class 'pybindgen.typehandlers.voidtype.VoidReturn'>, None, <pybindgen.typehandlers.ctypeparser.TypeTraits object at 0x7f5da8d7e9e8>))
DEBUG:pybindgen.typehandlers:TypeMatcher.lookup('ns3::TagBuffer')
DEBUG:pybindgen.typehandlers:try to lookup type handler for 'ns3::TagBuffer' => success ((<class 'pybindgen.cppclass.CppClass.__init__.<locals>.ThisClassParameter'>, None, <pybindgen.typehandlers.ctypeparser.TypeTraits object at 0x7f5da8d7eb38>))
DEBUG:pybindgen.typehandlers:TypeMatcher.lookup('ns3::AsciiTraceHelper const &')
DEBUG:pybindgen.typehandlers:try to lookup type handler for 'ns3::AsciiTraceHelper const &' => success ((<class 'pybindgen.cppclass.CppClass.__init__.<locals>.ThisClassRefParameter'>, None, <pybindgen.typehandlers.ctypeparser.TypeTraits object at 0x7f5da8d7eeb8>))
DEBUG:pybindgen.typehandlers:TypeMatcher.lookup('ns3::Ptr< ns3::OutputStreamWrapper >')
DEBUG:pybindgen.typehandlers:try to lookup type handler for 'ns3::Ptr< ns3::OutputStreamWrapper >' => failure
DEBUG:pybindgen.typehandlers:try to lookup type handler for 'ns3::OutputStreamWrapper *' => success ((<class 'pybindgen.cppclass.MemoryPolicy.register_ptr_parameter_and_return.<locals>.ThisClassPtrReturn'>, <ns3modulegen_core_customizations.SmartPointerTransformation object at 0x7f5da907ba90>, <pybindgen.typehandlers.ctypeparser.TypeTraits object at 0x7f5da8d84748>))
DEBUG:pybindgen.typehandlers:TypeMatcher.lookup('std::string')
DEBUG:pybindgen.typehandlers:try to lookup type handler for 'std::string' => success ((<class 'pybindgen.typehandlers.stringtype.StdStringParam'>, None, <pybindgen.typehandlers.ctypeparser.TypeTraits object at 0x7f5da8d846a0>))
DEBUG:pybindgen.typehandlers:TypeMatcher.lookup('std::ios_base::openmode')
DEBUG:pybindgen.typehandlers:try to lookup type handler for 'std::ios_base::openmode' => success ((<class 'ns3modulegen_core_customizations.IosOpenmodeParam'>, None, <pybindgen.typehandlers.ctypeparser.TypeTraits object at 0x7f5da8d84710>))
DEBUG:pybindgen.typehandlers:TypeMatcher.lookup('void')
DEBUG:pybindgen.typehandlers:try to lookup type handler for 'void' => success ((<class 'pybindgen.typehandlers.voidtype.VoidReturn'>, None, <pybindgen.typehandlers.ctypeparser.TypeTraits object at 0x7f5da8d84b70>))
DEBUG:pybindgen.typehandlers:TypeMatcher.lookup('ns3::Ptr< ns3::OutputStreamWrapper >')
DEBUG:pybindgen.typehandlers:try to lookup type handler for 'ns3::Ptr< ns3::OutputStreamWrapper >' => failure
DEBUG:pybindgen.typehandlers:try to lookup type handler for 'ns3::OutputStreamWrapper *' => success ((<class 'pybindgen.cppclass.MemoryPolicy.register_ptr_parameter_and_return.<locals>.ThisClassPtrParameter'>, <ns3modulegen_core_customizations.SmartPointerTransformation object at 0x7f5da907ba90>, <pybindgen.typehandlers.ctypeparser.TypeTraits object at 0x7f5da8d84ef0>))
DEBUG:pybindgen.typehandlers:TypeMatcher.lookup('std::string')
DEBUG:pybindgen.typehandlers:try to lookup type handler for 'std::string' => success ((<class 'pybindgen.typehandlers.stringtype.StdStringParam'>, None, <pybindgen.typehandlers.ctypeparser.TypeTraits object at 0x7f5da8e0b5f8>))
DEBUG:pybindgen.typehandlers:TypeMatcher.lookup('ns3::Ptr< ns3::Packet const >')
DEBUG:pybindgen.typehandlers:try to lookup type handler for 'ns3::Ptr< ns3::Packet const >' => failure
DEBUG:pybindgen.typehandlers:try to lookup type handler for 'ns3::Packet *' => success ((<class 'pybindgen.cppclass.MemoryPolicy.register_ptr_parameter_and_return.<locals>.ThisClassPtrParameter'>, <ns3modulegen_core_customizations.SmartPointerTransformation object at 0x7f5da907ba90>, <pybindgen.typehandlers.ctypeparser.TypeTraits object at 0x7f5da8d84f98>))
DEBUG:pybindgen.typehandlers:TypeMatcher.lookup('void')
DEBUG:pybindgen.typehandlers:try to lookup type handler for 'void' => success ((<class 'pybindgen.typehandlers.voidtype.VoidReturn'>, None, <pybindgen.typehandlers.ctypeparser.TypeTraits object at 0x7f5da8d8e240>))
DEBUG:pybindgen.typehandlers:TypeMatcher.lookup('ns3::Ptr< ns3::OutputStreamWrapper >')
DEBUG:pybindgen.typehandlers:try to lookup type handler for 'ns3::Ptr< ns3::OutputStreamWrapper >' => failure
DEBUG:pybindgen.typehandlers:try to lookup type handler for 'ns3::OutputStreamWrapper *' => success ((<class 'pybindgen.cppclass.MemoryPolicy.register_ptr_parameter_and_return.<locals>.ThisClassPtrParameter'>, <ns3modulegen_core_customizations.SmartPointerTransformation object at 0x7f5da907ba90>, <pybindgen.typehandlers.ctypeparser.TypeTraits object at 0x7f5da8d8e5c0>))
DEBUG:pybindgen.typehandlers:TypeMatcher.lookup('ns3::Ptr< ns3::Packet const >')
DEBUG:pybindgen.typehandlers:try to lookup type handler for 'ns3::Ptr< ns3::Packet const >' => failure
DEBUG:pybindgen.typehandlers:try to lookup type handler for 'ns3::Packet *' => success ((<class 'pybindgen.cppclass.MemoryPolicy.register_ptr_parameter_and_return.<locals>.ThisClassPtrParameter'>, <ns3modulegen_core_customizations.SmartPointerTransformation object at 0x7f5da907ba90>, <pybindgen.typehandlers.ctypeparser.TypeTraits object at 0x7f5da8d8e7f0>))
DEBUG:pybindgen.typehandlers:TypeMatcher.lookup('void')
DEBUG:pybindgen.typehandlers:try to lookup type handler for 'void' => success ((<class 'pybindgen.typehandlers.voidtype.VoidReturn'>, None, <pybindgen.typehandlers.ctypeparser.TypeTraits object at 0x7f5da8d8ea58>))
DEBUG:pybindgen.typehandlers:TypeMatcher.lookup('ns3::Ptr< ns3::OutputStreamWrapper >')
DEBUG:pybindgen.typehandlers:try to lookup type handler for 'ns3::Ptr< ns3::OutputStreamWrapper >' => failure
DEBUG:pybindgen.typehandlers:try to lookup type handler for 'ns3::OutputStreamWrapper *' => success ((<class 'pybindgen.cppclass.MemoryPolicy.register_ptr_parameter_and_return.<locals>.ThisClassPtrParameter'>, <ns3modulegen_core_customizations.SmartPointerTransformation object at 0x7f5da907ba90>, <pybindgen.typehandlers.ctypeparser.TypeTraits object at 0x7f5da8d8edd8>))
DEBUG:pybindgen.typehandlers:TypeMatcher.lookup('std::string')
DEBUG:pybindgen.typehandlers:try to lookup type handler for 'std::string' => success ((<class 'pybindgen.typehandlers.stringtype.StdStringParam'>, None, <pybindgen.typehandlers.ctypeparser.TypeTraits object at 0x7f5da8d8edd8>))
DEBUG:pybindgen.typehandlers:TypeMatcher.lookup('ns3::Ptr< ns3::Packet const >')
DEBUG:pybindgen.typehandlers:try to lookup type handler for 'ns3::Ptr< ns3::Packet const >' => failure
DEBUG:pybindgen.typehandlers:try to lookup type handler for 'ns3::Packet *' => success ((<class 'pybindgen.cppclass.MemoryPolicy.register_ptr_parameter_and_return.<locals>.ThisClassPtrParameter'>, <ns3modulegen_core_customizations.SmartPointerTransformation object at 0x7f5da907ba90>, <pybindgen.typehandlers.ctypeparser.TypeTraits object at 0x7f5da8d92128>))
DEBUG:pybindgen.typehandlers:TypeMatcher.lookup('void')
DEBUG:pybindgen.typehandlers:try to lookup type handler for 'void' => success ((<class 'pybindgen.typehandlers.voidtype.VoidReturn'>, None, <pybindgen.typehandlers.ctypeparser.TypeTraits object at 0x7f5da8d92390>))
DEBUG:pybindgen.typehandlers:TypeMatcher.lookup('ns3::Ptr< ns3::OutputStreamWrapper >')
DEBUG:pybindgen.typehandlers:try to lookup type handler for 'ns3::Ptr< ns3::OutputStreamWrapper >' => failure
DEBUG:pybindgen.typehandlers:try to lookup type handler for 'ns3::OutputStreamWrapper *' => success ((<class 'pybindgen.cppclass.MemoryPolicy.register_ptr_parameter_and_return.<locals>.ThisClassPtrParameter'>, <ns3modulegen_core_customizations.SmartPointerTransformation object at 0x7f5da907ba90>, <pybindgen.typehandlers.ctypeparser.TypeTraits object at 0x7f5da8d92710>))
DEBUG:pybindgen.typehandlers:TypeMatcher.lookup('ns3::Ptr< ns3::Packet const >')
DEBUG:pybindgen.typehandlers:try to lookup type handler for 'ns3::Ptr< ns3::Packet const >' => failure
DEBUG:pybindgen.typehandlers:try to lookup type handler for 'ns3::Packet *' => success ((<class 'pybindgen.cppclass.MemoryPolicy.register_ptr_parameter_and_return.<locals>.ThisClassPtrParameter'>, <ns3modulegen_core_customizations.SmartPointerTransformation object at 0x7f5da907ba90>, <pybindgen.typehandlers.ctypeparser.TypeTraits object at 0x7f5da8d92940>))
DEBUG:pybindgen.typehandlers:TypeMatcher.lookup('void')
DEBUG:pybindgen.typehandlers:try to lookup type handler for 'void' => success ((<class 'pybindgen.typehandlers.voidtype.VoidReturn'>, None, <pybindgen.typehandlers.ctypeparser.TypeTraits object at 0x7f5da8d92ba8>))
DEBUG:pybindgen.typehandlers:TypeMatcher.lookup('ns3::Ptr< ns3::OutputStreamWrapper >')
DEBUG:pybindgen.typehandlers:try to lookup type handler for 'ns3::Ptr< ns3::OutputStreamWrapper >' => failure
DEBUG:pybindgen.typehandlers:try to lookup type handler for 'ns3::OutputStreamWrapper *' => success ((<class 'pybindgen.cppclass.MemoryPolicy.register_ptr_parameter_and_return.<locals>.ThisClassPtrParameter'>, <ns3modulegen_core_customizations.SmartPointerTransformation object at 0x7f5da907ba90>, <pybindgen.typehandlers.ctypeparser.TypeTraits object at 0x7f5da8d92f28>))
DEBUG:pybindgen.typehandlers:TypeMatcher.lookup('std::string')
DEBUG:pybindgen.typehandlers:try to lookup type handler for 'std::string' => success ((<class 'pybindgen.typehandlers.stringtype.StdStringParam'>, None, <pybindgen.typehandlers.ctypeparser.TypeTraits object at 0x7f5da8d92f28>))
DEBUG:pybindgen.typehandlers:TypeMatcher.lookup('ns3::Ptr< ns3::Packet const >')
DEBUG:pybindgen.typehandlers:try to lookup type handler for 'ns3::Ptr< ns3::Packet const >' => failure
DEBUG:pybindgen.typehandlers:try to lookup type handler for 'ns3::Packet *' => success ((<class 'pybindgen.cppclass.MemoryPolicy.register_ptr_parameter_and_return.<locals>.ThisClassPtrParameter'>, <ns3modulegen_core_customizations.SmartPointerTransformation object at 0x7f5da907ba90>, <pybindgen.typehandlers.ctypeparser.TypeTraits object at 0x7f5da8d98278>))
DEBUG:pybindgen.typehandlers:TypeMatcher.lookup('void')
DEBUG:pybindgen.typehandlers:try to lookup type handler for 'void' => success ((<class 'pybindgen.typehandlers.voidtype.VoidReturn'>, None, <pybindgen.typehandlers.ctypeparser.TypeTraits object at 0x7f5da8d984e0>))
DEBUG:pybindgen.typehandlers:TypeMatcher.lookup('ns3::Ptr< ns3::OutputStreamWrapper >')
DEBUG:pybindgen.typehandlers:try to lookup type handler for 'ns3::Ptr< ns3::OutputStreamWrapper >' => failure
DEBUG:pybindgen.typehandlers:try to lookup type handler for 'ns3::OutputStreamWrapper *' => success ((<class 'pybindgen.cppclass.MemoryPolicy.register_ptr_parameter_and_return.<locals>.ThisClassPtrParameter'>, <ns3modulegen_core_customizations.SmartPointerTransformation object at 0x7f5da907ba90>, <pybindgen.typehandlers.ctypeparser.TypeTraits object at 0x7f5da8d98860>))
DEBUG:pybindgen.typehandlers:TypeMatcher.lookup('ns3::Ptr< ns3::Packet const >')
DEBUG:pybindgen.typehandlers:try to lookup type handler for 'ns3::Ptr< ns3::Packet const >' => failure
DEBUG:pybindgen.typehandlers:try to lookup type handler for 'ns3::Packet *' => success ((<class 'pybindgen.cppclass.MemoryPolicy.register_ptr_parameter_and_return.<locals>.ThisClassPtrParameter'>, <ns3modulegen_core_customizations.SmartPointerTransformation object at 0x7f5da907ba90>, <pybindgen.typehandlers.ctypeparser.TypeTraits object at 0x7f5da8d98a90>))
DEBUG:pybindgen.typehandlers:TypeMatcher.lookup('void')
DEBUG:pybindgen.typehandlers:try to lookup type handler for 'void' => success ((<class 'pybindgen.typehandlers.voidtype.VoidReturn'>, None, <pybindgen.typehandlers.ctypeparser.TypeTraits object at 0x7f5da8d98cf8>))
DEBUG:pybindgen.typehandlers:TypeMatcher.lookup('ns3::Ptr< ns3::OutputStreamWrapper >')
DEBUG:pybindgen.typehandlers:try to lookup type handler for 'ns3::Ptr< ns3::OutputStreamWrapper >' => failure
DEBUG:pybindgen.typehandlers:try to lookup type handler for 'ns3::OutputStreamWrapper *' => success ((<class 'pybindgen.cppclass.MemoryPolicy.register_ptr_parameter_and_return.<locals>.ThisClassPtrParameter'>, <ns3modulegen_core_customizations.SmartPointerTransformation object at 0x7f5da907ba90>, <pybindgen.typehandlers.ctypeparser.TypeTraits object at 0x7f5da8d1e0b8>))
DEBUG:pybindgen.typehandlers:TypeMatcher.lookup('std::string')
DEBUG:pybindgen.typehandlers:try to lookup type handler for 'std::string' => success ((<class 'pybindgen.typehandlers.stringtype.StdStringParam'>, None, <pybindgen.typehandlers.ctypeparser.TypeTraits object at 0x7f5da8d1e0b8>))
DEBUG:pybindgen.typehandlers:TypeMatcher.lookup('ns3::Ptr< ns3::Packet const >')
DEBUG:pybindgen.typehandlers:try to lookup type handler for 'ns3::Ptr< ns3::Packet const >' => failure
DEBUG:pybindgen.typehandlers:try to lookup type handler for 'ns3::Packet *' => success ((<class 'pybindgen.cppclass.MemoryPolicy.register_ptr_parameter_and_return.<locals>.ThisClassPtrParameter'>, <ns3modulegen_core_customizations.SmartPointerTransformation object at 0x7f5da907ba90>, <pybindgen.typehandlers.ctypeparser.TypeTraits object at 0x7f5da8d1e3c8>))
DEBUG:pybindgen.typehandlers:TypeMatcher.lookup('void')
DEBUG:pybindgen.typehandlers:try to lookup type handler for 'void' => success ((<class 'pybindgen.typehandlers.voidtype.VoidReturn'>, None, <pybindgen.typehandlers.ctypeparser.TypeTraits object at 0x7f5da8d1e630>))
DEBUG:pybindgen.typehandlers:TypeMatcher.lookup('ns3::Ptr< ns3::OutputStreamWrapper >')
DEBUG:pybindgen.typehandlers:try to lookup type handler for 'ns3::Ptr< ns3::OutputStreamWrapper >' => failure
DEBUG:pybindgen.typehandlers:try to lookup type handler for 'ns3::OutputStreamWrapper *' => success ((<class 'pybindgen.cppclass.MemoryPolicy.register_ptr_parameter_and_return.<locals>.ThisClassPtrParameter'>, <ns3modulegen_core_customizations.SmartPointerTransformation object at 0x7f5da907ba90>, <pybindgen.typehandlers.ctypeparser.TypeTraits object at 0x7f5da8d1e9b0>))
DEBUG:pybindgen.typehandlers:TypeMatcher.lookup('ns3::Ptr< ns3::Packet const >')
DEBUG:pybindgen.typehandlers:try to lookup type handler for 'ns3::Ptr< ns3::Packet const >' => failure
DEBUG:pybindgen.typehandlers:try to lookup type handler for 'ns3::Packet *' => success ((<class 'pybindgen.cppclass.MemoryPolicy.register_ptr_parameter_and_return.<locals>.ThisClassPtrParameter'>, <ns3modulegen_core_customizations.SmartPointerTransformation object at 0x7f5da907ba90>, <pybindgen.typehandlers.ctypeparser.TypeTraits object at 0x7f5da8d1ebe0>))
DEBUG:pybindgen.typehandlers:TypeMatcher.lookup('std::string')
DEBUG:pybindgen.typehandlers:try to lookup type handler for 'std::string' => success ((<class 'pybindgen.typehandlers.stringtype.StdStringReturn'>, None, <pybindgen.typehandlers.ctypeparser.TypeTraits object at 0x7f5da8d1ee48>))
DEBUG:pybindgen.typehandlers:TypeMatcher.lookup('std::string')
DEBUG:pybindgen.typehandlers:try to lookup type handler for 'std::string' => success ((<class 'pybindgen.typehandlers.stringtype.StdStringParam'>, None, <pybindgen.typehandlers.ctypeparser.TypeTraits object at 0x7f5da8d1ef60>))
DEBUG:pybindgen.typehandlers:TypeMatcher.lookup('ns3::Ptr< ns3::NetDevice >')
DEBUG:pybindgen.typehandlers:try to lookup type handler for 'ns3::Ptr< ns3::NetDevice >' => failure
DEBUG:pybindgen.typehandlers:try to lookup type handler for 'ns3::NetDevice *' => success ((<class 'pybindgen.cppclass.MemoryPolicy.register_ptr_parameter_and_return.<locals>.ThisClassPtrParameter'>, <ns3modulegen_core_customizations.SmartPointerTransformation object at 0x7f5da907ba90>, <pybindgen.typehandlers.ctypeparser.TypeTraits object at 0x7f5da8d222b0>))
DEBUG:pybindgen.typehandlers:TypeMatcher.lookup('bool')
DEBUG:pybindgen.typehandlers:try to lookup type handler for 'bool' => success ((<class 'pybindgen.typehandlers.booltype.BoolParam'>, None, <pybindgen.typehandlers.ctypeparser.TypeTraits object at 0x7f5da8d222b0>))
DEBUG:pybindgen.typehandlers:TypeMatcher.lookup('std::string')
DEBUG:pybindgen.typehandlers:try to lookup type handler for 'std::string' => success ((<class 'pybindgen.typehandlers.stringtype.StdStringReturn'>, None, <pybindgen.typehandlers.ctypeparser.TypeTraits object at 0x7f5da8d225f8>))
DEBUG:pybindgen.typehandlers:TypeMatcher.lookup('std::string')
DEBUG:pybindgen.typehandlers:try to lookup type handler for 'std::string' => success ((<class 'pybindgen.typehandlers.stringtype.StdStringParam'>, None, <pybindgen.typehandlers.ctypeparser.TypeTraits object at 0x7f5da8d22710>))
DEBUG:pybindgen.typehandlers:TypeMatcher.lookup('ns3::Ptr< ns3::Object >')
DEBUG:pybindgen.typehandlers:try to lookup type handler for 'ns3::Ptr< ns3::Object >' => failure
DEBUG:pybindgen.typehandlers:try to lookup type handler for 'ns3::Object *' => success ((<class 'pybindgen.cppclass.MemoryPolicy.register_ptr_parameter_and_return.<locals>.ThisClassPtrParameter'>, <ns3modulegen_core_customizations.SmartPointerTransformation object at 0x7f5da907ba90>, <pybindgen.typehandlers.ctypeparser.TypeTraits object at 0x7f5da8d22a20>))
DEBUG:pybindgen.typehandlers:TypeMatcher.lookup('uint32_t')
DEBUG:pybindgen.typehandlers:try to lookup type handler for 'uint32_t' => success ((<class 'pybindgen.typehandlers.inttype.UnsignedIntParam'>, None, <pybindgen.typehandlers.ctypeparser.TypeTraits object at 0x7f5da8d22a20>))
DEBUG:pybindgen.typehandlers:TypeMatcher.lookup('bool')
DEBUG:pybindgen.typehandlers:try to lookup type handler for 'bool' => success ((<class 'pybindgen.typehandlers.booltype.BoolParam'>, None, <pybindgen.typehandlers.ctypeparser.TypeTraits object at 0x7f5da8d22b00>))
DEBUG:pybindgen.typehandlers:TypeMatcher.lookup('ns3::AsciiTraceHelperForDevice const &')
DEBUG:pybindgen.typehandlers:try to lookup type handler for 'ns3::AsciiTraceHelperForDevice const &' => success ((<class 'pybindgen.cppclass.CppClass.__init__.<locals>.ThisClassRefParameter'>, None, <pybindgen.typehandlers.ctypeparser.TypeTraits object at 0x7f5da8d22e80>))
DEBUG:pybindgen.typehandlers:TypeMatcher.lookup('void')
DEBUG:pybindgen.typehandlers:try to lookup type handler for 'void' => success ((<class 'pybindgen.typehandlers.voidtype.VoidReturn'>, None, <pybindgen.typehandlers.ctypeparser.TypeTraits object at 0x7f5da8d294e0>))
DEBUG:pybindgen.typehandlers:TypeMatcher.lookup('std::string')
DEBUG:pybindgen.typehandlers:try to lookup type handler for 'std::string' => success ((<class 'pybindgen.typehandlers.stringtype.StdStringParam'>, None, <pybindgen.typehandlers.ctypeparser.TypeTraits object at 0x7f5da8d29630>))
DEBUG:pybindgen.typehandlers:TypeMatcher.lookup('ns3::Ptr< ns3::NetDevice >')
DEBUG:pybindgen.typehandlers:try to lookup type handler for 'ns3::Ptr< ns3::NetDevice >' => failure
DEBUG:pybindgen.typehandlers:try to lookup type handler for 'ns3::NetDevice *' => success ((<class 'pybindgen.cppclass.MemoryPolicy.register_ptr_parameter_and_return.<locals>.ThisClassPtrParameter'>, <ns3modulegen_core_customizations.SmartPointerTransformation object at 0x7f5da907ba90>, <pybindgen.typehandlers.ctypeparser.TypeTraits object at 0x7f5da8d29940>))
DEBUG:pybindgen.typehandlers:TypeMatcher.lookup('bool')
DEBUG:pybindgen.typehandlers:try to lookup type handler for 'bool' => success ((<class 'pybindgen.typehandlers.booltype.BoolParam'>, None, <pybindgen.typehandlers.ctypeparser.TypeTraits object at 0x7f5da8d29940>))
DEBUG:pybindgen.typehandlers:TypeMatcher.lookup('void')
DEBUG:pybindgen.typehandlers:try to lookup type handler for 'void' => success ((<class 'pybindgen.typehandlers.voidtype.VoidReturn'>, None, <pybindgen.typehandlers.ctypeparser.TypeTraits object at 0x7f5da8d29c88>))
DEBUG:pybindgen.typehandlers:TypeMatcher.lookup('ns3::Ptr< ns3::OutputStreamWrapper >')
DEBUG:pybindgen.typehandlers:try to lookup type handler for 'ns3::Ptr< ns3::OutputStreamWrapper >' => failure
DEBUG:pybindgen.typehandlers:try to lookup type handler for 'ns3::OutputStreamWrapper *' => success ((<class 'pybindgen.cppclass.MemoryPolicy.register_ptr_parameter_and_return.<locals>.ThisClassPtrParameter'>, <ns3modulegen_core_customizations.SmartPointerTransformation object at 0x7f5da907ba90>, <pybindgen.typehandlers.ctypeparser.TypeTraits object at 0x7f5da8d29f60>))
DEBUG:pybindgen.typehandlers:TypeMatcher.lookup('ns3::Ptr< ns3::NetDevice >')
DEBUG:pybindgen.typehandlers:try to lookup type handler for 'ns3::Ptr< ns3::NetDevice >' => failure
DEBUG:pybindgen.typehandlers:try to lookup type handler for 'ns3::NetDevice *' => success ((<class 'pybindgen.cppclass.MemoryPolicy.register_ptr_parameter_and_return.<locals>.ThisClassPtrParameter'>, <ns3modulegen_core_customizations.SmartPointerTransformation object at 0x7f5da907ba90>, <pybindgen.typehandlers.ctypeparser.TypeTraits object at 0x7f5da8d31240>))
DEBUG:pybindgen.typehandlers:TypeMatcher.lookup('void')
DEBUG:pybindgen.typehandlers:try to lookup type handler for 'void' => success ((<class 'pybindgen.typehandlers.voidtype.VoidReturn'>, None, <pybindgen.typehandlers.ctypeparser.TypeTraits object at 0x7f5da8d31438>))
DEBUG:pybindgen.typehandlers:TypeMatcher.lookup('std::string')
DEBUG:pybindgen.typehandlers:try to lookup type handler for 'std::string' => success ((<class 'pybindgen.typehandlers.stringtype.StdStringParam'>, None, <pybindgen.typehandlers.ctypeparser.TypeTraits object at 0x7f5da8d31588>))
DEBUG:pybindgen.typehandlers:TypeMatcher.lookup('std::string')
DEBUG:pybindgen.typehandlers:try to lookup type handler for 'std::string' => success ((<class 'pybindgen.typehandlers.stringtype.StdStringParam'>, None, <pybindgen.typehandlers.ctypeparser.TypeTraits object at 0x7f5da8d31630>))
DEBUG:pybindgen.typehandlers:TypeMatcher.lookup('bool')
DEBUG:pybindgen.typehandlers:try to lookup type handler for 'bool' => success ((<class 'pybindgen.typehandlers.booltype.BoolParam'>, None, <pybindgen.typehandlers.ctypeparser.TypeTraits object at 0x7f5da8d31710>))
DEBUG:pybindgen.typehandlers:TypeMatcher.lookup('void')
DEBUG:pybindgen.typehandlers:try to lookup type handler for 'void' => success ((<class 'pybindgen.typehandlers.voidtype.VoidReturn'>, None, <pybindgen.typehandlers.ctypeparser.TypeTraits object at 0x7f5da8d31a90>))
DEBUG:pybindgen.typehandlers:TypeMatcher.lookup('ns3::Ptr< ns3::OutputStreamWrapper >')
DEBUG:pybindgen.typehandlers:try to lookup type handler for 'ns3::Ptr< ns3::OutputStreamWrapper >' => failure
DEBUG:pybindgen.typehandlers:try to lookup type handler for 'ns3::OutputStreamWrapper *' => success ((<class 'pybindgen.cppclass.MemoryPolicy.register_ptr_parameter_and_return.<locals>.ThisClassPtrParameter'>, <ns3modulegen_core_customizations.SmartPointerTransformation object at 0x7f5da907ba90>, <pybindgen.typehandlers.ctypeparser.TypeTraits object at 0x7f5da8d31e10>))
DEBUG:pybindgen.typehandlers:TypeMatcher.lookup('std::string')
DEBUG:pybindgen.typehandlers:try to lookup type handler for 'std::string' => success ((<class 'pybindgen.typehandlers.stringtype.StdStringParam'>, None, <pybindgen.typehandlers.ctypeparser.TypeTraits object at 0x7f5da8d31e10>))
DEBUG:pybindgen.typehandlers:TypeMatcher.lookup('void')
DEBUG:pybindgen.typehandlers:try to lookup type handler for 'void' => success ((<class 'pybindgen.typehandlers.voidtype.VoidReturn'>, None, <pybindgen.typehandlers.ctypeparser.TypeTraits object at 0x7f5da8d38128>))
DEBUG:pybindgen.typehandlers:TypeMatcher.lookup('std::string')
DEBUG:pybindgen.typehandlers:try to lookup type handler for 'std::string' => success ((<class 'pybindgen.typehandlers.stringtype.StdStringParam'>, None, <pybindgen.typehandlers.ctypeparser.TypeTraits object at 0x7f5da8d38278>))
DEBUG:pybindgen.typehandlers:TypeMatcher.lookup('ns3::NetDeviceContainer')
DEBUG:pybindgen.typehandlers:try to lookup type handler for 'ns3::NetDeviceContainer' => success ((<class 'pybindgen.cppclass.CppClass.__init__.<locals>.ThisClassParameter'>, None, <pybindgen.typehandlers.ctypeparser.TypeTraits object at 0x7f5da8d38320>))
DEBUG:pybindgen.typehandlers:TypeMatcher.lookup('void')
DEBUG:pybindgen.typehandlers:try to lookup type handler for 'void' => success ((<class 'pybindgen.typehandlers.voidtype.VoidReturn'>, None, <pybindgen.typehandlers.ctypeparser.TypeTraits object at 0x7f5da8d38668>))
DEBUG:pybindgen.typehandlers:TypeMatcher.lookup('ns3::Ptr< ns3::OutputStreamWrapper >')
DEBUG:pybindgen.typehandlers:try to lookup type handler for 'ns3::Ptr< ns3::OutputStreamWrapper >' => failure
DEBUG:pybindgen.typehandlers:try to lookup type handler for 'ns3::OutputStreamWrapper *' => success ((<class 'pybindgen.cppclass.MemoryPolicy.register_ptr_parameter_and_return.<locals>.ThisClassPtrParameter'>, <ns3modulegen_core_customizations.SmartPointerTransformation object at 0x7f5da907ba90>, <pybindgen.typehandlers.ctypeparser.TypeTraits object at 0x7f5da8d389e8>))
DEBUG:pybindgen.typehandlers:TypeMatcher.lookup('ns3::NetDeviceContainer')
DEBUG:pybindgen.typehandlers:try to lookup type handler for 'ns3::NetDeviceContainer' => success ((<class 'pybindgen.cppclass.CppClass.__init__.<locals>.ThisClassParameter'>, None, <pybindgen.typehandlers.ctypeparser.TypeTraits object at 0x7f5da8d389e8>))
DEBUG:pybindgen.typehandlers:TypeMatcher.lookup('void')
DEBUG:pybindgen.typehandlers:try to lookup type handler for 'void' => success ((<class 'pybindgen.typehandlers.voidtype.VoidReturn'>, None, <pybindgen.typehandlers.ctypeparser.TypeTraits object at 0x7f5da8d38cc0>))
DEBUG:pybindgen.typehandlers:TypeMatcher.lookup('std::string')
DEBUG:pybindgen.typehandlers:try to lookup type handler for 'std::string' => success ((<class 'pybindgen.typehandlers.stringtype.StdStringParam'>, None, <pybindgen.typehandlers.ctypeparser.TypeTraits object at 0x7f5da8d38e10>))
DEBUG:pybindgen.typehandlers:TypeMatcher.lookup('ns3::NodeContainer')
DEBUG:pybindgen.typehandlers:try to lookup type handler for 'ns3::NodeContainer' => success ((<class 'pybindgen.cppclass.CppClass.__init__.<locals>.ThisClassParameter'>, None, <pybindgen.typehandlers.ctypeparser.TypeTraits object at 0x7f5da8d38eb8>))
DEBUG:pybindgen.typehandlers:TypeMatcher.lookup('void')
DEBUG:pybindgen.typehandlers:try to lookup type handler for 'void' => success ((<class 'pybindgen.typehandlers.voidtype.VoidReturn'>, None, <pybindgen.typehandlers.ctypeparser.TypeTraits object at 0x7f5da8d3f240>))
DEBUG:pybindgen.typehandlers:TypeMatcher.lookup('ns3::Ptr< ns3::OutputStreamWrapper >')
DEBUG:pybindgen.typehandlers:try to lookup type handler for 'ns3::Ptr< ns3::OutputStreamWrapper >' => failure
DEBUG:pybindgen.typehandlers:try to lookup type handler for 'ns3::OutputStreamWrapper *' => success ((<class 'pybindgen.cppclass.MemoryPolicy.register_ptr_parameter_and_return.<locals>.ThisClassPtrParameter'>, <ns3modulegen_core_customizations.SmartPointerTransformation object at 0x7f5da907ba90>, <pybindgen.typehandlers.ctypeparser.TypeTraits object at 0x7f5da8d3f5c0>))
DEBUG:pybindgen.typehandlers:TypeMatcher.lookup('ns3::NodeContainer')
DEBUG:pybindgen.typehandlers:try to lookup type handler for 'ns3::NodeContainer' => success ((<class 'pybindgen.cppclass.CppClass.__init__.<locals>.ThisClassParameter'>, None, <pybindgen.typehandlers.ctypeparser.TypeTraits object at 0x7f5da8d3f5c0>))
DEBUG:pybindgen.typehandlers:TypeMatcher.lookup('void')
DEBUG:pybindgen.typehandlers:try to lookup type handler for 'void' => success ((<class 'pybindgen.typehandlers.voidtype.VoidReturn'>, None, <pybindgen.typehandlers.ctypeparser.TypeTraits object at 0x7f5da8d3f898>))
DEBUG:pybindgen.typehandlers:TypeMatcher.lookup('std::string')
DEBUG:pybindgen.typehandlers:try to lookup type handler for 'std::string' => success ((<class 'pybindgen.typehandlers.stringtype.StdStringParam'>, None, <pybindgen.typehandlers.ctypeparser.TypeTraits object at 0x7f5da8d3f9e8>))
DEBUG:pybindgen.typehandlers:TypeMatcher.lookup('uint32_t')
DEBUG:pybindgen.typehandlers:try to lookup type handler for 'uint32_t' => success ((<class 'pybindgen.typehandlers.inttype.UnsignedIntParam'>, None, <pybindgen.typehandlers.ctypeparser.TypeTraits object at 0x7f5da8d3fa90>))
DEBUG:pybindgen.typehandlers:TypeMatcher.lookup('uint32_t')
DEBUG:pybindgen.typehandlers:try to lookup type handler for 'uint32_t' => success ((<class 'pybindgen.typehandlers.inttype.UnsignedIntParam'>, None, <pybindgen.typehandlers.ctypeparser.TypeTraits object at 0x7f5da8d3fb70>))
DEBUG:pybindgen.typehandlers:TypeMatcher.lookup('bool')
DEBUG:pybindgen.typehandlers:try to lookup type handler for 'bool' => success ((<class 'pybindgen.typehandlers.booltype.BoolParam'>, None, <pybindgen.typehandlers.ctypeparser.TypeTraits object at 0x7f5da8d3fc50>))
DEBUG:pybindgen.typehandlers:TypeMatcher.lookup('void')
DEBUG:pybindgen.typehandlers:try to lookup type handler for 'void' => success ((<class 'pybindgen.typehandlers.voidtype.VoidReturn'>, None, <pybindgen.typehandlers.ctypeparser.TypeTraits object at 0x7f5da8d3ffd0>))
DEBUG:pybindgen.typehandlers:TypeMatcher.lookup('ns3::Ptr< ns3::OutputStreamWrapper >')
DEBUG:pybindgen.typehandlers:try to lookup type handler for 'ns3::Ptr< ns3::OutputStreamWrapper >' => failure
DEBUG:pybindgen.typehandlers:try to lookup type handler for 'ns3::OutputStreamWrapper *' => success ((<class 'pybindgen.cppclass.MemoryPolicy.register_ptr_parameter_and_return.<locals>.ThisClassPtrParameter'>, <ns3modulegen_core_customizations.SmartPointerTransformation object at 0x7f5da907ba90>, <pybindgen.typehandlers.ctypeparser.TypeTraits object at 0x7f5da8d45390>))
DEBUG:pybindgen.typehandlers:TypeMatcher.lookup('uint32_t')
DEBUG:pybindgen.typehandlers:try to lookup type handler for 'uint32_t' => success ((<class 'pybindgen.typehandlers.inttype.UnsignedIntParam'>, None, <pybindgen.typehandlers.ctypeparser.TypeTraits object at 0x7f5da8d45390>))
DEBUG:pybindgen.typehandlers:TypeMatcher.lookup('uint32_t')
DEBUG:pybindgen.typehandlers:try to lookup type handler for 'uint32_t' => success ((<class 'pybindgen.typehandlers.inttype.UnsignedIntParam'>, None, <pybindgen.typehandlers.ctypeparser.TypeTraits object at 0x7f5da8d45470>))
DEBUG:pybindgen.typehandlers:TypeMatcher.lookup('void')
DEBUG:pybindgen.typehandlers:try to lookup type handler for 'void' => success ((<class 'pybindgen.typehandlers.voidtype.VoidReturn'>, None, <pybindgen.typehandlers.ctypeparser.TypeTraits object at 0x7f5da8d45748>))
DEBUG:pybindgen.typehandlers:TypeMatcher.lookup('std::string')
DEBUG:pybindgen.typehandlers:try to lookup type handler for 'std::string' => success ((<class 'pybindgen.typehandlers.stringtype.StdStringParam'>, None, <pybindgen.typehandlers.ctypeparser.TypeTraits object at 0x7f5da8d45898>))
DEBUG:pybindgen.typehandlers:TypeMatcher.lookup('void')
DEBUG:pybindgen.typehandlers:try to lookup type handler for 'void' => success ((<class 'pybindgen.typehandlers.voidtype.VoidReturn'>, None, <pybindgen.typehandlers.ctypeparser.TypeTraits object at 0x7f5da8d45be0>))
DEBUG:pybindgen.typehandlers:TypeMatcher.lookup('ns3::Ptr< ns3::OutputStreamWrapper >')
DEBUG:pybindgen.typehandlers:try to lookup type handler for 'ns3::Ptr< ns3::OutputStreamWrapper >' => failure
DEBUG:pybindgen.typehandlers:try to lookup type handler for 'ns3::OutputStreamWrapper *' => success ((<class 'pybindgen.cppclass.MemoryPolicy.register_ptr_parameter_and_return.<locals>.ThisClassPtrParameter'>, <ns3modulegen_core_customizations.SmartPointerTransformation object at 0x7f5da907ba90>, <pybindgen.typehandlers.ctypeparser.TypeTraits object at 0x7f5da8d45f60>))
DEBUG:pybindgen.typehandlers:TypeMatcher.lookup('void')
DEBUG:pybindgen.typehandlers:try to lookup type handler for 'void' => success ((<class 'pybindgen.typehandlers.voidtype.VoidReturn'>, None, <pybindgen.typehandlers.ctypeparser.TypeTraits object at 0x7f5da8d4c198>))
DEBUG:pybindgen.typehandlers:TypeMatcher.lookup('ns3::Ptr< ns3::OutputStreamWrapper >')
DEBUG:pybindgen.typehandlers:try to lookup type handler for 'ns3::Ptr< ns3::OutputStreamWrapper >' => failure
DEBUG:pybindgen.typehandlers:try to lookup type handler for 'ns3::OutputStreamWrapper *' => success ((<class 'pybindgen.cppclass.MemoryPolicy.register_ptr_parameter_and_return.<locals>.ThisClassPtrParameter'>, <ns3modulegen_core_customizations.SmartPointerTransformation object at 0x7f5da907ba90>, <pybindgen.typehandlers.ctypeparser.TypeTraits object at 0x7f5da8d4c518>))
DEBUG:pybindgen.typehandlers:TypeMatcher.lookup('std::string')
DEBUG:pybindgen.typehandlers:try to lookup type handler for 'std::string' => success ((<class 'pybindgen.typehandlers.stringtype.StdStringParam'>, None, <pybindgen.typehandlers.ctypeparser.TypeTraits object at 0x7f5da8d4c518>))
DEBUG:pybindgen.typehandlers:TypeMatcher.lookup('ns3::Ptr< ns3::NetDevice >')
DEBUG:pybindgen.typehandlers:try to lookup type handler for 'ns3::Ptr< ns3::NetDevice >' => failure
DEBUG:pybindgen.typehandlers:try to lookup type handler for 'ns3::NetDevice *' => success ((<class 'pybindgen.cppclass.MemoryPolicy.register_ptr_parameter_and_return.<locals>.ThisClassPtrParameter'>, <ns3modulegen_core_customizations.SmartPointerTransformation object at 0x7f5da907ba90>, <pybindgen.typehandlers.ctypeparser.TypeTraits object at 0x7f5da8d4c7f0>))
DEBUG:pybindgen.typehandlers:TypeMatcher.lookup('bool')
DEBUG:pybindgen.typehandlers:try to lookup type handler for 'bool' => success ((<class 'pybindgen.typehandlers.booltype.BoolParam'>, None, <pybindgen.typehandlers.ctypeparser.TypeTraits object at 0x7f5da8d4c7f0>))
DEBUG:pybindgen.typehandlers:TypeMatcher.lookup('ns3::AttributeConstructionList const &')
DEBUG:pybindgen.typehandlers:try to lookup type handler for 'ns3::AttributeConstructionList const &' => success ((<class 'pybindgen.cppclass.CppClass.__init__.<locals>.ThisClassRefParameter'>, None, <pybindgen.typehandlers.ctypeparser.TypeTraits object at 0x7f5da8d4cda0>))
DEBUG:pybindgen.typehandlers:TypeMatcher.lookup('void')
DEBUG:pybindgen.typehandlers:try to lookup type handler for 'void' => success ((<class 'pybindgen.typehandlers.voidtype.VoidReturn'>, None, <pybindgen.typehandlers.ctypeparser.TypeTraits object at 0x7f5da8d52400>))
DEBUG:pybindgen.typehandlers:TypeMatcher.lookup('std::string')
DEBUG:pybindgen.typehandlers:try to lookup type handler for 'std::string' => success ((<class 'pybindgen.typehandlers.stringtype.StdStringParam'>, None, <pybindgen.typehandlers.ctypeparser.TypeTraits object at 0x7f5da8d52550>))
DEBUG:pybindgen.typehandlers:TypeMatcher.lookup('ns3::Ptr< ns3::AttributeChecker const >')
DEBUG:pybindgen.typehandlers:try to lookup type handler for 'ns3::Ptr< ns3::AttributeChecker const >' => failure
DEBUG:pybindgen.typehandlers:try to lookup type handler for 'ns3::AttributeChecker *' => success ((<class 'pybindgen.cppclass.MemoryPolicy.register_ptr_parameter_and_return.<locals>.ThisClassPtrParameter'>, <ns3modulegen_core_customizations.SmartPointerTransformation object at 0x7f5da907ba90>, <pybindgen.typehandlers.ctypeparser.TypeTraits object at 0x7f5da8d52898>))
DEBUG:pybindgen.typehandlers:TypeMatcher.lookup('ns3::Ptr< ns3::AttributeValue >')
DEBUG:pybindgen.typehandlers:try to lookup type handler for 'ns3::Ptr< ns3::AttributeValue >' => failure
DEBUG:pybindgen.typehandlers:try to lookup type handler for 'ns3::AttributeValue *' => success ((<class 'pybindgen.cppclass.MemoryPolicy.register_ptr_parameter_and_return.<locals>.ThisClassPtrParameter'>, <ns3modulegen_core_customizations.SmartPointerTransformation object at 0x7f5da907ba90>, <pybindgen.typehandlers.ctypeparser.TypeTraits object at 0x7f5da8d52ac8>))
DEBUG:pybindgen.typehandlers:TypeMatcher.lookup('ns3::AttributeConstructionList::CIterator')
DEBUG:pybindgen.typehandlers:try to lookup type handler for 'ns3::AttributeConstructionList::CIterator' => failure
'ns3::AttributeConstructionList::CIterator' did not match
/home/cs18/tarballs/ns-allinone-3.34/ns-3.34/src/fd-net-device/bindings/modulegen__gcc_LP64.py:789: Warning: exception TypeLookupError(['ns3::AttributeConstructionList::CIterator'],) in wrapper public: retval? ???::Begin (params?) const;
  is_const=True)
DEBUG:pybindgen.typehandlers:TypeMatcher.lookup('ns3::AttributeConstructionList::CIterator')
DEBUG:pybindgen.typehandlers:try to lookup type handler for 'ns3::AttributeConstructionList::CIterator' => failure
'ns3::AttributeConstructionList::CIterator' did not match
/home/cs18/tarballs/ns-allinone-3.34/ns-3.34/src/fd-net-device/bindings/modulegen__gcc_LP64.py:794: Warning: exception TypeLookupError(['ns3::AttributeConstructionList::CIterator'],) in wrapper public: retval? ???::End (params?) const;
  is_const=True)
DEBUG:pybindgen.typehandlers:TypeMatcher.lookup('ns3::Ptr< ns3::AttributeValue >')
DEBUG:pybindgen.typehandlers:try to lookup type handler for 'ns3::Ptr< ns3::AttributeValue >' => failure
DEBUG:pybindgen.typehandlers:try to lookup type handler for 'ns3::AttributeValue *' => success ((<class 'pybindgen.cppclass.MemoryPolicy.register_ptr_parameter_and_return.<locals>.ThisClassPtrReturn'>, <ns3modulegen_core_customizations.SmartPointerTransformation object at 0x7f5da907ba90>, <pybindgen.typehandlers.ctypeparser.TypeTraits object at 0x7f5da8cdc208>))
DEBUG:pybindgen.typehandlers:TypeMatcher.lookup('ns3::Ptr< ns3::AttributeChecker const >')
DEBUG:pybindgen.typehandlers:try to lookup type handler for 'ns3::Ptr< ns3::AttributeChecker const >' => failure
DEBUG:pybindgen.typehandlers:try to lookup type handler for 'ns3::AttributeChecker *' => success ((<class 'pybindgen.cppclass.MemoryPolicy.register_ptr_parameter_and_return.<locals>.ThisClassPtrParameter'>, <ns3modulegen_core_customizations.SmartPointerTransformation object at 0x7f5da907ba90>, <pybindgen.typehandlers.ctypeparser.TypeTraits object at 0x7f5da8cdc470>))
DEBUG:pybindgen.typehandlers:TypeMatcher.lookup('ns3::AttributeConstructionList::Item const &')
DEBUG:pybindgen.typehandlers:try to lookup type handler for 'ns3::AttributeConstructionList::Item const &' => success ((<class 'pybindgen.cppclass.CppClass.__init__.<locals>.ThisClassRefParameter'>, None, <pybindgen.typehandlers.ctypeparser.TypeTraits object at 0x7f5da8cdc978>))
DEBUG:pybindgen.typehandlers:TypeMatcher.lookup('ns3::Ptr< ns3::AttributeChecker const >')
DEBUG:pybindgen.typehandlers:try to lookup type handler for 'ns3::Ptr< ns3::AttributeChecker const >' => failure
DEBUG:pybindgen.typehandlers:try to lookup type handler for 'ns3::AttributeChecker *' => success ((<class 'pybindgen.cppclass.MemoryPolicy.register_ptr_parameter_and_return.<locals>.ThisClassPtrReturn'>, <ns3modulegen_core_customizations.SmartPointerTransformation object at 0x7f5da907ba90>, <pybindgen.typehandlers.ctypeparser.TypeTraits object at 0x7f5da8cdcf60>))
DEBUG:pybindgen.typehandlers:TypeMatcher.lookup('std::string')
DEBUG:pybindgen.typehandlers:try to lookup type handler for 'std::string' => success ((<class 'pybindgen.typehandlers.stringtype.StdStringReturn'>, None, <pybindgen.typehandlers.ctypeparser.TypeTraits object at 0x7f5da8ce0400>))
DEBUG:pybindgen.typehandlers:TypeMatcher.lookup('ns3::Ptr< ns3::AttributeValue >')
DEBUG:pybindgen.typehandlers:try to lookup type handler for 'ns3::Ptr< ns3::AttributeValue >' => failure
DEBUG:pybindgen.typehandlers:try to lookup type handler for 'ns3::AttributeValue *' => success ((<class 'pybindgen.cppclass.MemoryPolicy.register_ptr_parameter_and_return.<locals>.ThisClassPtrReturn'>, <ns3modulegen_core_customizations.SmartPointerTransformation object at 0x7f5da907ba90>, <pybindgen.typehandlers.ctypeparser.TypeTraits object at 0x7f5da8ce0b70>))
DEBUG:pybindgen.typehandlers:TypeMatcher.lookup('ns3::Buffer const &')
DEBUG:pybindgen.typehandlers:try to lookup type handler for 'ns3::Buffer const &' => success ((<class 'pybindgen.cppclass.CppClass.__init__.<locals>.ThisClassRefParameter'>, None, <pybindgen.typehandlers.ctypeparser.TypeTraits object at 0x7f5da8ce0eb8>))
DEBUG:pybindgen.typehandlers:TypeMatcher.lookup('uint32_t')
DEBUG:pybindgen.typehandlers:try to lookup type handler for 'uint32_t' => success ((<class 'pybindgen.typehandlers.inttype.UnsignedIntParam'>, None, <pybindgen.typehandlers.ctypeparser.TypeTraits object at 0x7f5da8cea550>))
DEBUG:pybindgen.typehandlers:TypeMatcher.lookup('uint32_t')
DEBUG:pybindgen.typehandlers:try to lookup type handler for 'uint32_t' => success ((<class 'pybindgen.typehandlers.inttype.UnsignedIntParam'>, None, <pybindgen.typehandlers.ctypeparser.TypeTraits object at 0x7f5da8cea898>))
DEBUG:pybindgen.typehandlers:TypeMatcher.lookup('bool')
DEBUG:pybindgen.typehandlers:try to lookup type handler for 'bool' => success ((<class 'pybindgen.typehandlers.booltype.BoolParam'>, None, <pybindgen.typehandlers.ctypeparser.TypeTraits object at 0x7f5da8cea940>))
DEBUG:pybindgen.typehandlers:TypeMatcher.lookup('void')
DEBUG:pybindgen.typehandlers:try to lookup type handler for 'void' => success ((<class 'pybindgen.typehandlers.voidtype.VoidReturn'>, None, <pybindgen.typehandlers.ctypeparser.TypeTraits object at 0x7f5da8ceacc0>))
DEBUG:pybindgen.typehandlers:TypeMatcher.lookup('uint32_t')
DEBUG:pybindgen.typehandlers:try to lookup type handler for 'uint32_t' => success ((<class 'pybindgen.typehandlers.inttype.UnsignedIntParam'>, None, <pybindgen.typehandlers.ctypeparser.TypeTraits object at 0x7f5da8ceae10>))
DEBUG:pybindgen.typehandlers:TypeMatcher.lookup('void')
DEBUG:pybindgen.typehandlers:try to lookup type handler for 'void' => success ((<class 'pybindgen.typehandlers.voidtype.VoidReturn'>, None, <pybindgen.typehandlers.ctypeparser.TypeTraits object at 0x7f5da8cf1198>))
DEBUG:pybindgen.typehandlers:TypeMatcher.lookup('ns3::Buffer const &')
DEBUG:pybindgen.typehandlers:try to lookup type handler for 'ns3::Buffer const &' => success ((<class 'pybindgen.cppclass.CppClass.__init__.<locals>.ThisClassRefParameter'>, None, <pybindgen.typehandlers.ctypeparser.TypeTraits object at 0x7f5da8cf12e8>))
DEBUG:pybindgen.typehandlers:TypeMatcher.lookup('void')
DEBUG:pybindgen.typehandlers:try to lookup type handler for 'void' => success ((<class 'pybindgen.typehandlers.voidtype.VoidReturn'>, None, <pybindgen.typehandlers.ctypeparser.TypeTraits object at 0x7f5da8cf16a0>))
DEBUG:pybindgen.typehandlers:TypeMatcher.lookup('uint32_t')
DEBUG:pybindgen.typehandlers:try to lookup type handler for 'uint32_t' => success ((<class 'pybindgen.typehandlers.inttype.UnsignedIntParam'>, None, <pybindgen.typehandlers.ctypeparser.TypeTraits object at 0x7f5da8cf17f0>))
DEBUG:pybindgen.typehandlers:TypeMatcher.lookup('ns3::Buffer::Iterator')
DEBUG:pybindgen.typehandlers:try to lookup type handler for 'ns3::Buffer::Iterator' => success ((<class 'pybindgen.cppclass.CppClass.__init__.<locals>.ThisClassReturn'>, None, <pybindgen.typehandlers.ctypeparser.TypeTraits object at 0x7f5da8cf1b38>))
DEBUG:pybindgen.typehandlers:TypeMatcher.lookup('void')
DEBUG:pybindgen.typehandlers:try to lookup type handler for 'void' => success ((<class 'pybindgen.typehandlers.voidtype.VoidReturn'>, None, <pybindgen.typehandlers.ctypeparser.TypeTraits object at 0x7f5da8cf1eb8>))
DEBUG:pybindgen.typehandlers:TypeMatcher.lookup('std::ostream *')
DEBUG:pybindgen.typehandlers:try to lookup type handler for 'std::ostream *' => failure
'std::ostream *' did not match
/home/cs18/tarballs/ns-allinone-3.34/ns-3.34/src/fd-net-device/bindings/modulegen__gcc_LP64.py:845: Warning: exception TypeLookupError(['std::ostream *'],) in wrapper public: retval? ???::CopyData (params?) const;
  is_const=True)
DEBUG:pybindgen.typehandlers:TypeMatcher.lookup('uint32_t')
DEBUG:pybindgen.typehandlers:try to lookup type handler for 'uint32_t' => success ((<class 'pybindgen.typehandlers.inttype.UnsignedIntReturn'>, None, <pybindgen.typehandlers.ctypeparser.TypeTraits object at 0x7f5da8cf7160>))
DEBUG:pybindgen.typehandlers:TypeMatcher.lookup('uint8_t *')
DEBUG:pybindgen.typehandlers:try to lookup type handler for 'uint8_t *' => success ((<class 'pybindgen.typehandlers.inttype.UInt8PtrParam'>, None, <pybindgen.typehandlers.ctypeparser.TypeTraits object at 0x7f5da8cf7240>))
/home/cs18/tarballs/ns-allinone-3.34/ns-3.34/src/fd-net-device/bindings/modulegen__gcc_LP64.py:850: Warning: exception TypeConfigurationError('direction not given',) in wrapper public: retval? ???::CopyData (params?) const;
  is_const=True)
DEBUG:pybindgen.typehandlers:TypeMatcher.lookup('ns3::Buffer')
DEBUG:pybindgen.typehandlers:try to lookup type handler for 'ns3::Buffer' => success ((<class 'pybindgen.cppclass.CppClass.__init__.<locals>.ThisClassReturn'>, None, <pybindgen.typehandlers.ctypeparser.TypeTraits object at 0x7f5da8cf1f28>))
DEBUG:pybindgen.typehandlers:TypeMatcher.lookup('uint32_t')
DEBUG:pybindgen.typehandlers:try to lookup type handler for 'uint32_t' => success ((<class 'pybindgen.typehandlers.inttype.UnsignedIntParam'>, None, <pybindgen.typehandlers.ctypeparser.TypeTraits object at 0x7f5da8cf7358>))
DEBUG:pybindgen.typehandlers:TypeMatcher.lookup('uint32_t')
DEBUG:pybindgen.typehandlers:try to lookup type handler for 'uint32_t' => success ((<class 'pybindgen.typehandlers.inttype.UnsignedIntParam'>, None, <pybindgen.typehandlers.ctypeparser.TypeTraits object at 0x7f5da8cf7080>))
DEBUG:pybindgen.typehandlers:TypeMatcher.lookup('uint32_t')
DEBUG:pybindgen.typehandlers:try to lookup type handler for 'uint32_t' => success ((<class 'pybindgen.typehandlers.inttype.UnsignedIntReturn'>, None, <pybindgen.typehandlers.ctypeparser.TypeTraits object at 0x7f5da8cf76a0>))
DEBUG:pybindgen.typehandlers:TypeMatcher.lookup('uint8_t const *')
DEBUG:pybindgen.typehandlers:try to lookup type handler for 'uint8_t const *' => success ((<class 'pybindgen.typehandlers.inttype.UInt8PtrParam'>, None, <pybindgen.typehandlers.ctypeparser.TypeTraits object at 0x7f5da8cf77b8>))
/home/cs18/tarballs/ns-allinone-3.34/ns-3.34/src/fd-net-device/bindings/modulegen__gcc_LP64.py:859: Warning: exception TypeConfigurationError('direction not given',) in wrapper public: retval? ???::Deserialize (params?);
  [param('uint8_t const *', 'buffer'), param('uint32_t', 'size')])
DEBUG:pybindgen.typehandlers:TypeMatcher.lookup('ns3::Buffer::Iterator')
DEBUG:pybindgen.typehandlers:try to lookup type handler for 'ns3::Buffer::Iterator' => success ((<class 'pybindgen.cppclass.CppClass.__init__.<locals>.ThisClassReturn'>, None, <pybindgen.typehandlers.ctypeparser.TypeTraits object at 0x7f5da8cf7908>))
DEBUG:pybindgen.typehandlers:TypeMatcher.lookup('uint32_t')
DEBUG:pybindgen.typehandlers:try to lookup type handler for 'uint32_t' => success ((<class 'pybindgen.typehandlers.inttype.UnsignedIntReturn'>, None, <pybindgen.typehandlers.ctypeparser.TypeTraits object at 0x7f5da8cf7cf8>))
DEBUG:pybindgen.typehandlers:TypeMatcher.lookup('uint32_t')
DEBUG:pybindgen.typehandlers:try to lookup type handler for 'uint32_t' => success ((<class 'pybindgen.typehandlers.inttype.UnsignedIntReturn'>, None, <pybindgen.typehandlers.ctypeparser.TypeTraits object at 0x7f5da8d000b8>))
DEBUG:pybindgen.typehandlers:TypeMatcher.lookup('uint8_t const *')
DEBUG:pybindgen.typehandlers:try to lookup type handler for 'uint8_t const *' => failure
'uint8_t const *' did not match
/home/cs18/tarballs/ns-allinone-3.34/ns-3.34/src/fd-net-device/bindings/modulegen__gcc_LP64.py:879: Warning: exception TypeLookupError(['uint8_t *'],) in wrapper public: retval? ???::PeekData (params?) const;
  is_const=True)
DEBUG:pybindgen.typehandlers:TypeMatcher.lookup('void')
DEBUG:pybindgen.typehandlers:try to lookup type handler for 'void' => success ((<class 'pybindgen.typehandlers.voidtype.VoidReturn'>, None, <pybindgen.typehandlers.ctypeparser.TypeTraits object at 0x7f5da8d005f8>))
DEBUG:pybindgen.typehandlers:TypeMatcher.lookup('uint32_t')
DEBUG:pybindgen.typehandlers:try to lookup type handler for 'uint32_t' => success ((<class 'pybindgen.typehandlers.inttype.UnsignedIntParam'>, None, <pybindgen.typehandlers.ctypeparser.TypeTraits object at 0x7f5da8d00710>))
DEBUG:pybindgen.typehandlers:TypeMatcher.lookup('void')
DEBUG:pybindgen.typehandlers:try to lookup type handler for 'void' => success ((<class 'pybindgen.typehandlers.voidtype.VoidReturn'>, None, <pybindgen.typehandlers.ctypeparser.TypeTraits object at 0x7f5da8d00a58>))
DEBUG:pybindgen.typehandlers:TypeMatcher.lookup('uint32_t')
DEBUG:pybindgen.typehandlers:try to lookup type handler for 'uint32_t' => success ((<class 'pybindgen.typehandlers.inttype.UnsignedIntParam'>, None, <pybindgen.typehandlers.ctypeparser.TypeTraits object at 0x7f5da8d00ba8>))
DEBUG:pybindgen.typehandlers:TypeMatcher.lookup('uint32_t')
DEBUG:pybindgen.typehandlers:try to lookup type handler for 'uint32_t' => success ((<class 'pybindgen.typehandlers.inttype.UnsignedIntReturn'>, None, <pybindgen.typehandlers.ctypeparser.TypeTraits object at 0x7f5da8d00ef0>))
DEBUG:pybindgen.typehandlers:TypeMatcher.lookup('uint8_t *')
DEBUG:pybindgen.typehandlers:try to lookup type handler for 'uint8_t *' => success ((<class 'pybindgen.typehandlers.inttype.UInt8PtrParam'>, None, <pybindgen.typehandlers.ctypeparser.TypeTraits object at 0x7f5da8d08048>))
/home/cs18/tarballs/ns-allinone-3.34/ns-3.34/src/fd-net-device/bindings/modulegen__gcc_LP64.py:892: Warning: exception TypeConfigurationError('direction not given',) in wrapper public: retval? ???::Serialize (params?) const;
  is_const=True)
DEBUG:pybindgen.typehandlers:TypeMatcher.lookup('ns3::Buffer::Iterator const &')
DEBUG:pybindgen.typehandlers:try to lookup type handler for 'ns3::Buffer::Iterator const &' => success ((<class 'pybindgen.cppclass.CppClass.__init__.<locals>.ThisClassRefParameter'>, None, <pybindgen.typehandlers.ctypeparser.TypeTraits object at 0x7f5da8d081d0>))
DEBUG:pybindgen.typehandlers:TypeMatcher.lookup('uint16_t')
DEBUG:pybindgen.typehandlers:try to lookup type handler for 'uint16_t' => success ((<class 'pybindgen.typehandlers.inttype.UInt16Return'>, None, <pybindgen.typehandlers.ctypeparser.TypeTraits object at 0x7f5da8d00f28>))
DEBUG:pybindgen.typehandlers:TypeMatcher.lookup('uint16_t')
DEBUG:pybindgen.typehandlers:try to lookup type handler for 'uint16_t' => success ((<class 'pybindgen.typehandlers.inttype.UInt16Param'>, None, <pybindgen.typehandlers.ctypeparser.TypeTraits object at 0x7f5da8d00470>))
DEBUG:pybindgen.typehandlers:TypeMatcher.lookup('uint16_t')
DEBUG:pybindgen.typehandlers:try to lookup type handler for 'uint16_t' => success ((<class 'pybindgen.typehandlers.inttype.UInt16Return'>, None, <pybindgen.typehandlers.ctypeparser.TypeTraits object at 0x7f5da8cf76d8>))
DEBUG:pybindgen.typehandlers:TypeMatcher.lookup('uint16_t')
DEBUG:pybindgen.typehandlers:try to lookup type handler for 'uint16_t' => success ((<class 'pybindgen.typehandlers.inttype.UInt16Param'>, None, <pybindgen.typehandlers.ctypeparser.TypeTraits object at 0x7f5da8d08080>))
DEBUG:pybindgen.typehandlers:TypeMatcher.lookup('uint32_t')
DEBUG:pybindgen.typehandlers:try to lookup type handler for 'uint32_t' => success ((<class 'pybindgen.typehandlers.inttype.UnsignedIntParam'>, None, <pybindgen.typehandlers.ctypeparser.TypeTraits object at 0x7f5da8d08160>))
DEBUG:pybindgen.typehandlers:TypeMatcher.lookup('uint32_t')
DEBUG:pybindgen.typehandlers:try to lookup type handler for 'uint32_t' => success ((<class 'pybindgen.typehandlers.inttype.UnsignedIntReturn'>, None, <pybindgen.typehandlers.ctypeparser.TypeTraits object at 0x7f5da8d08a90>))
DEBUG:pybindgen.typehandlers:TypeMatcher.lookup('ns3::Buffer::Iterator const &')
DEBUG:pybindgen.typehandlers:try to lookup type handler for 'ns3::Buffer::Iterator const &' => success ((<class 'pybindgen.cppclass.CppClass.__init__.<locals>.ThisClassRefParameter'>, None, <pybindgen.typehandlers.ctypeparser.TypeTraits object at 0x7f5da8d08ba8>))
DEBUG:pybindgen.typehandlers:TypeMatcher.lookup('uint32_t')
DEBUG:pybindgen.typehandlers:try to lookup type handler for 'uint32_t' => success ((<class 'pybindgen.typehandlers.inttype.UnsignedIntReturn'>, None, <pybindgen.typehandlers.ctypeparser.TypeTraits object at 0x7f5da8d08f98>))
DEBUG:pybindgen.typehandlers:TypeMatcher.lookup('uint32_t')
DEBUG:pybindgen.typehandlers:try to lookup type handler for 'uint32_t' => success ((<class 'pybindgen.typehandlers.inttype.UnsignedIntReturn'>, None, <pybindgen.typehandlers.ctypeparser.TypeTraits object at 0x7f5da8d0a358>))
DEBUG:pybindgen.typehandlers:TypeMatcher.lookup('bool')
DEBUG:pybindgen.typehandlers:try to lookup type handler for 'bool' => success ((<class 'pybindgen.typehandlers.booltype.BoolReturn'>, None, <pybindgen.typehandlers.ctypeparser.TypeTraits object at 0x7f5da8d0a6d8>))
DEBUG:pybindgen.typehandlers:TypeMatcher.lookup('bool')
DEBUG:pybindgen.typehandlers:try to lookup type handler for 'bool' => success ((<class 'pybindgen.typehandlers.booltype.BoolReturn'>, None, <pybindgen.typehandlers.ctypeparser.TypeTraits object at 0x7f5da8d0aa90>))
DEBUG:pybindgen.typehandlers:TypeMatcher.lookup('void')
DEBUG:pybindgen.typehandlers:try to lookup type handler for 'void' => success ((<class 'pybindgen.typehandlers.voidtype.VoidReturn'>, None, <pybindgen.typehandlers.ctypeparser.TypeTraits object at 0x7f5da8d0ae48>))
DEBUG:pybindgen.typehandlers:TypeMatcher.lookup('void')
DEBUG:pybindgen.typehandlers:try to lookup type handler for 'void' => success ((<class 'pybindgen.typehandlers.voidtype.VoidReturn'>, None, <pybindgen.typehandlers.ctypeparser.TypeTraits object at 0x7f5da8d18278>))
DEBUG:pybindgen.typehandlers:TypeMatcher.lookup('uint32_t')
DEBUG:pybindgen.typehandlers:try to lookup type handler for 'uint32_t' => success ((<class 'pybindgen.typehandlers.inttype.UnsignedIntParam'>, None, <pybindgen.typehandlers.ctypeparser.TypeTraits object at 0x7f5da8d183c8>))
DEBUG:pybindgen.typehandlers:TypeMatcher.lookup('uint8_t')
DEBUG:pybindgen.typehandlers:try to lookup type handler for 'uint8_t' => success ((<class 'pybindgen.typehandlers.inttype.UInt8Return'>, None, <pybindgen.typehandlers.ctypeparser.TypeTraits object at 0x7f5da8d186d8>))
DEBUG:pybindgen.typehandlers:TypeMatcher.lookup('void')
DEBUG:pybindgen.typehandlers:try to lookup type handler for 'void' => success ((<class 'pybindgen.typehandlers.voidtype.VoidReturn'>, None, <pybindgen.typehandlers.ctypeparser.TypeTraits object at 0x7f5da8d18ac8>))
DEBUG:pybindgen.typehandlers:TypeMatcher.lookup('void')
DEBUG:pybindgen.typehandlers:try to lookup type handler for 'void' => success ((<class 'pybindgen.typehandlers.voidtype.VoidReturn'>, None, <pybindgen.typehandlers.ctypeparser.TypeTraits object at 0x7f5da8d18eb8>))
DEBUG:pybindgen.typehandlers:TypeMatcher.lookup('uint32_t')
DEBUG:pybindgen.typehandlers:try to lookup type handler for 'uint32_t' => success ((<class 'pybindgen.typehandlers.inttype.UnsignedIntParam'>, None, <pybindgen.typehandlers.ctypeparser.TypeTraits object at 0x7f5da8c9f048>))
DEBUG:pybindgen.typehandlers:TypeMatcher.lookup('void')
DEBUG:pybindgen.typehandlers:try to lookup type handler for 'void' => success ((<class 'pybindgen.typehandlers.voidtype.VoidReturn'>, None, <pybindgen.typehandlers.ctypeparser.TypeTraits object at 0x7f5da8c9f358>))
DEBUG:pybindgen.typehandlers:TypeMatcher.lookup('uint8_t *')
DEBUG:pybindgen.typehandlers:try to lookup type handler for 'uint8_t *' => success ((<class 'pybindgen.typehandlers.inttype.UInt8PtrParam'>, None, <pybindgen.typehandlers.ctypeparser.TypeTraits object at 0x7f5da8c9f4a8>))
/home/cs18/tarballs/ns-allinone-3.34/ns-3.34/src/fd-net-device/bindings/modulegen__gcc_LP64.py:956: Warning: exception TypeConfigurationError('direction not given',) in wrapper public: retval? ???::Read (params?);
  [param('uint8_t *', 'buffer'), param('uint32_t', 'size')])
DEBUG:pybindgen.typehandlers:TypeMatcher.lookup('void')
DEBUG:pybindgen.typehandlers:try to lookup type handler for 'void' => success ((<class 'pybindgen.typehandlers.voidtype.VoidReturn'>, None, <pybindgen.typehandlers.ctypeparser.TypeTraits object at 0x7f5da8c9f588>))
DEBUG:pybindgen.typehandlers:TypeMatcher.lookup('ns3::Buffer::Iterator')
DEBUG:pybindgen.typehandlers:try to lookup type handler for 'ns3::Buffer::Iterator' => success ((<class 'pybindgen.cppclass.CppClass.__init__.<locals>.ThisClassParameter'>, None, <pybindgen.typehandlers.ctypeparser.TypeTraits object at 0x7f5da8c9f748>))
DEBUG:pybindgen.typehandlers:TypeMatcher.lookup('uint32_t')
DEBUG:pybindgen.typehandlers:try to lookup type handler for 'uint32_t' => success ((<class 'pybindgen.typehandlers.inttype.UnsignedIntParam'>, None, <pybindgen.typehandlers.ctypeparser.TypeTraits object at 0x7f5da8c9f7f0>))
DEBUG:pybindgen.typehandlers:TypeMatcher.lookup('uint16_t')
DEBUG:pybindgen.typehandlers:try to lookup type handler for 'uint16_t' => success ((<class 'pybindgen.typehandlers.inttype.UInt16Return'>, None, <pybindgen.typehandlers.ctypeparser.TypeTraits object at 0x7f5da8c9fb70>))
DEBUG:pybindgen.typehandlers:TypeMatcher.lookup('uint32_t')
DEBUG:pybindgen.typehandlers:try to lookup type handler for 'uint32_t' => success ((<class 'pybindgen.typehandlers.inttype.UnsignedIntReturn'>, None, <pybindgen.typehandlers.ctypeparser.TypeTraits object at 0x7f5da8c9ff28>))
DEBUG:pybindgen.typehandlers:TypeMatcher.lookup('uint64_t')
DEBUG:pybindgen.typehandlers:try to lookup type handler for 'uint64_t' => success ((<class 'pybindgen.typehandlers.inttype.UnsignedLongLongReturn'>, None, <pybindgen.typehandlers.ctypeparser.TypeTraits object at 0x7f5da8ca7320>))
DEBUG:pybindgen.typehandlers:TypeMatcher.lookup('uint16_t')
DEBUG:pybindgen.typehandlers:try to lookup type handler for 'uint16_t' => success ((<class 'pybindgen.typehandlers.inttype.UInt16Return'>, None, <pybindgen.typehandlers.ctypeparser.TypeTraits object at 0x7f5da8ca76d8>))
DEBUG:pybindgen.typehandlers:TypeMatcher.lookup('uint32_t')
DEBUG:pybindgen.typehandlers:try to lookup type handler for 'uint32_t' => success ((<class 'pybindgen.typehandlers.inttype.UnsignedIntReturn'>, None, <pybindgen.typehandlers.ctypeparser.TypeTraits object at 0x7f5da8ca7a90>))
DEBUG:pybindgen.typehandlers:TypeMatcher.lookup('uint64_t')
DEBUG:pybindgen.typehandlers:try to lookup type handler for 'uint64_t' => success ((<class 'pybindgen.typehandlers.inttype.UnsignedLongLongReturn'>, None, <pybindgen.typehandlers.ctypeparser.TypeTraits object at 0x7f5da8ca7e48>))
DEBUG:pybindgen.typehandlers:TypeMatcher.lookup('uint16_t')
DEBUG:pybindgen.typehandlers:try to lookup type handler for 'uint16_t' => success ((<class 'pybindgen.typehandlers.inttype.UInt16Return'>, None, <pybindgen.typehandlers.ctypeparser.TypeTraits object at 0x7f5da8caf240>))
DEBUG:pybindgen.typehandlers:TypeMatcher.lookup('uint32_t')
DEBUG:pybindgen.typehandlers:try to lookup type handler for 'uint32_t' => success ((<class 'pybindgen.typehandlers.inttype.UnsignedIntReturn'>, None, <pybindgen.typehandlers.ctypeparser.TypeTraits object at 0x7f5da8caf358>))
DEBUG:pybindgen.typehandlers:TypeMatcher.lookup('uint64_t')
DEBUG:pybindgen.typehandlers:try to lookup type handler for 'uint64_t' => success ((<class 'pybindgen.typehandlers.inttype.UnsignedLongLongReturn'>, None, <pybindgen.typehandlers.ctypeparser.TypeTraits object at 0x7f5da8caf710>))
DEBUG:pybindgen.typehandlers:TypeMatcher.lookup('uint8_t')
DEBUG:pybindgen.typehandlers:try to lookup type handler for 'uint8_t' => success ((<class 'pybindgen.typehandlers.inttype.UInt8Return'>, None, <pybindgen.typehandlers.ctypeparser.TypeTraits object at 0x7f5da8cafac8>))
DEBUG:pybindgen.typehandlers:TypeMatcher.lookup('void')
DEBUG:pybindgen.typehandlers:try to lookup type handler for 'void' => success ((<class 'pybindgen.typehandlers.voidtype.VoidReturn'>, None, <pybindgen.typehandlers.ctypeparser.TypeTraits object at 0x7f5da8cafeb8>))
DEBUG:pybindgen.typehandlers:TypeMatcher.lookup('uint8_t const *')
DEBUG:pybindgen.typehandlers:try to lookup type handler for 'uint8_t const *' => success ((<class 'pybindgen.typehandlers.inttype.UInt8PtrParam'>, None, <pybindgen.typehandlers.ctypeparser.TypeTraits object at 0x7f5da8cb0048>))
/home/cs18/tarballs/ns-allinone-3.34/ns-3.34/src/fd-net-device/bindings/modulegen__gcc_LP64.py:1004: Warning: exception TypeConfigurationError('direction not given',) in wrapper public: retval? ???::Write (params?);
  [param('uint8_t const *', 'buffer'), param('uint32_t', 'size')])
DEBUG:pybindgen.typehandlers:TypeMatcher.lookup('void')
DEBUG:pybindgen.typehandlers:try to lookup type handler for 'void' => success ((<class 'pybindgen.typehandlers.voidtype.VoidReturn'>, None, <pybindgen.typehandlers.ctypeparser.TypeTraits object at 0x7f5da8cb0198>))
DEBUG:pybindgen.typehandlers:TypeMatcher.lookup('ns3::Buffer::Iterator')
DEBUG:pybindgen.typehandlers:try to lookup type handler for 'ns3::Buffer::Iterator' => success ((<class 'pybindgen.cppclass.CppClass.__init__.<locals>.ThisClassParameter'>, None, <pybindgen.typehandlers.ctypeparser.TypeTraits object at 0x7f5da8cb0358>))
DEBUG:pybindgen.typehandlers:TypeMatcher.lookup('ns3::Buffer::Iterator')
DEBUG:pybindgen.typehandlers:try to lookup type handler for 'ns3::Buffer::Iterator' => success ((<class 'pybindgen.cppclass.CppClass.__init__.<locals>.ThisClassParameter'>, None, <pybindgen.typehandlers.ctypeparser.TypeTraits object at 0x7f5da8cb0400>))
DEBUG:pybindgen.typehandlers:TypeMatcher.lookup('void')
DEBUG:pybindgen.typehandlers:try to lookup type handler for 'void' => success ((<class 'pybindgen.typehandlers.voidtype.VoidReturn'>, None, <pybindgen.typehandlers.ctypeparser.TypeTraits object at 0x7f5da8cb0780>))
DEBUG:pybindgen.typehandlers:TypeMatcher.lookup('uint16_t')
DEBUG:pybindgen.typehandlers:try to lookup type handler for 'uint16_t' => success ((<class 'pybindgen.typehandlers.inttype.UInt16Param'>, None, <pybindgen.typehandlers.ctypeparser.TypeTraits object at 0x7f5da8cb08d0>))
DEBUG:pybindgen.typehandlers:TypeMatcher.lookup('void')
DEBUG:pybindgen.typehandlers:try to lookup type handler for 'void' => success ((<class 'pybindgen.typehandlers.voidtype.VoidReturn'>, None, <pybindgen.typehandlers.ctypeparser.TypeTraits object at 0x7f5da8cb0c18>))
DEBUG:pybindgen.typehandlers:TypeMatcher.lookup('uint32_t')
DEBUG:pybindgen.typehandlers:try to lookup type handler for 'uint32_t' => success ((<class 'pybindgen.typehandlers.inttype.UnsignedIntParam'>, None, <pybindgen.typehandlers.ctypeparser.TypeTraits object at 0x7f5da8cb0d68>))
DEBUG:pybindgen.typehandlers:TypeMatcher.lookup('void')
DEBUG:pybindgen.typehandlers:try to lookup type handler for 'void' => success ((<class 'pybindgen.typehandlers.voidtype.VoidReturn'>, None, <pybindgen.typehandlers.ctypeparser.TypeTraits object at 0x7f5da8cbd0f0>))
DEBUG:pybindgen.typehandlers:TypeMatcher.lookup('uint64_t')
DEBUG:pybindgen.typehandlers:try to lookup type handler for 'uint64_t' => success ((<class 'pybindgen.typehandlers.inttype.UnsignedLongLongParam'>, None, <pybindgen.typehandlers.ctypeparser.TypeTraits object at 0x7f5da8cbd240>))
DEBUG:pybindgen.typehandlers:TypeMatcher.lookup('void')
DEBUG:pybindgen.typehandlers:try to lookup type handler for 'void' => success ((<class 'pybindgen.typehandlers.voidtype.VoidReturn'>, None, <pybindgen.typehandlers.ctypeparser.TypeTraits object at 0x7f5da8cbd588>))
DEBUG:pybindgen.typehandlers:TypeMatcher.lookup('uint16_t')
DEBUG:pybindgen.typehandlers:try to lookup type handler for 'uint16_t' => success ((<class 'pybindgen.typehandlers.inttype.UInt16Param'>, None, <pybindgen.typehandlers.ctypeparser.TypeTraits object at 0x7f5da8cbd6d8>))
DEBUG:pybindgen.typehandlers:TypeMatcher.lookup('void')
DEBUG:pybindgen.typehandlers:try to lookup type handler for 'void' => success ((<class 'pybindgen.typehandlers.voidtype.VoidReturn'>, None, <pybindgen.typehandlers.ctypeparser.TypeTraits object at 0x7f5da8cb0048>))
DEBUG:pybindgen.typehandlers:TypeMatcher.lookup('uint32_t')
DEBUG:pybindgen.typehandlers:try to lookup type handler for 'uint32_t' => success ((<class 'pybindgen.typehandlers.inttype.UnsignedIntParam'>, None, <pybindgen.typehandlers.ctypeparser.TypeTraits object at 0x7f5da8cb01d0>))
DEBUG:pybindgen.typehandlers:TypeMatcher.lookup('void')
DEBUG:pybindgen.typehandlers:try to lookup type handler for 'void' => success ((<class 'pybindgen.typehandlers.voidtype.VoidReturn'>, None, <pybindgen.typehandlers.ctypeparser.TypeTraits object at 0x7f5da8cbdba8>))
DEBUG:pybindgen.typehandlers:TypeMatcher.lookup('uint64_t')
DEBUG:pybindgen.typehandlers:try to lookup type handler for 'uint64_t' => success ((<class 'pybindgen.typehandlers.inttype.UnsignedLongLongParam'>, None, <pybindgen.typehandlers.ctypeparser.TypeTraits object at 0x7f5da8cbdcf8>))
DEBUG:pybindgen.typehandlers:TypeMatcher.lookup('void')
DEBUG:pybindgen.typehandlers:try to lookup type handler for 'void' => success ((<class 'pybindgen.typehandlers.voidtype.VoidReturn'>, None, <pybindgen.typehandlers.ctypeparser.TypeTraits object at 0x7f5da8cbf080>))
DEBUG:pybindgen.typehandlers:TypeMatcher.lookup('uint16_t')
DEBUG:pybindgen.typehandlers:try to lookup type handler for 'uint16_t' => success ((<class 'pybindgen.typehandlers.inttype.UInt16Param'>, None, <pybindgen.typehandlers.ctypeparser.TypeTraits object at 0x7f5da8cbf1d0>))
DEBUG:pybindgen.typehandlers:TypeMatcher.lookup('void')
DEBUG:pybindgen.typehandlers:try to lookup type handler for 'void' => success ((<class 'pybindgen.typehandlers.voidtype.VoidReturn'>, None, <pybindgen.typehandlers.ctypeparser.TypeTraits object at 0x7f5da8cbf518>))
DEBUG:pybindgen.typehandlers:TypeMatcher.lookup('uint32_t')
DEBUG:pybindgen.typehandlers:try to lookup type handler for 'uint32_t' => success ((<class 'pybindgen.typehandlers.inttype.UnsignedIntParam'>, None, <pybindgen.typehandlers.ctypeparser.TypeTraits object at 0x7f5da8cbf668>))
DEBUG:pybindgen.typehandlers:TypeMatcher.lookup('void')
DEBUG:pybindgen.typehandlers:try to lookup type handler for 'void' => success ((<class 'pybindgen.typehandlers.voidtype.VoidReturn'>, None, <pybindgen.typehandlers.ctypeparser.TypeTraits object at 0x7f5da8cbf9b0>))
DEBUG:pybindgen.typehandlers:TypeMatcher.lookup('uint64_t')
DEBUG:pybindgen.typehandlers:try to lookup type handler for 'uint64_t' => success ((<class 'pybindgen.typehandlers.inttype.UnsignedLongLongParam'>, None, <pybindgen.typehandlers.ctypeparser.TypeTraits object at 0x7f5da8cbfb00>))
DEBUG:pybindgen.typehandlers:TypeMatcher.lookup('void')
DEBUG:pybindgen.typehandlers:try to lookup type handler for 'void' => success ((<class 'pybindgen.typehandlers.voidtype.VoidReturn'>, None, <pybindgen.typehandlers.ctypeparser.TypeTraits object at 0x7f5da8cbfe48>))
DEBUG:pybindgen.typehandlers:TypeMatcher.lookup('uint8_t')
DEBUG:pybindgen.typehandlers:try to lookup type handler for 'uint8_t' => success ((<class 'pybindgen.typehandlers.inttype.UInt8Param'>, None, <pybindgen.typehandlers.ctypeparser.TypeTraits object at 0x7f5da8cbff98>))
DEBUG:pybindgen.typehandlers:TypeMatcher.lookup('void')
DEBUG:pybindgen.typehandlers:try to lookup type handler for 'void' => success ((<class 'pybindgen.typehandlers.voidtype.VoidReturn'>, None, <pybindgen.typehandlers.ctypeparser.TypeTraits object at 0x7f5da8ccb358>))
DEBUG:pybindgen.typehandlers:TypeMatcher.lookup('uint8_t')
DEBUG:pybindgen.typehandlers:try to lookup type handler for 'uint8_t' => success ((<class 'pybindgen.typehandlers.inttype.UInt8Param'>, None, <pybindgen.typehandlers.ctypeparser.TypeTraits object at 0x7f5da8ccb4a8>))
DEBUG:pybindgen.typehandlers:TypeMatcher.lookup('uint32_t')
DEBUG:pybindgen.typehandlers:try to lookup type handler for 'uint32_t' => success ((<class 'pybindgen.typehandlers.inttype.UnsignedIntParam'>, None, <pybindgen.typehandlers.ctypeparser.TypeTraits object at 0x7f5da8ccb588>))
DEBUG:pybindgen.typehandlers:TypeMatcher.lookup('ns3::ByteTagIterator const &')
DEBUG:pybindgen.typehandlers:try to lookup type handler for 'ns3::ByteTagIterator const &' => success ((<class 'pybindgen.cppclass.CppClass.__init__.<locals>.ThisClassRefParameter'>, None, <pybindgen.typehandlers.ctypeparser.TypeTraits object at 0x7f5da8ccb908>))
DEBUG:pybindgen.typehandlers:TypeMatcher.lookup('bool')
DEBUG:pybindgen.typehandlers:try to lookup type handler for 'bool' => success ((<class 'pybindgen.typehandlers.booltype.BoolReturn'>, None, <pybindgen.typehandlers.ctypeparser.TypeTraits object at 0x7f5da8ccbcc0>))
DEBUG:pybindgen.typehandlers:TypeMatcher.lookup('ns3::ByteTagIterator::Item')
DEBUG:pybindgen.typehandlers:try to lookup type handler for 'ns3::ByteTagIterator::Item' => success ((<class 'pybindgen.cppclass.CppClass.__init__.<locals>.ThisClassReturn'>, None, <pybindgen.typehandlers.ctypeparser.TypeTraits object at 0x7f5da8cd40b8>))
DEBUG:pybindgen.typehandlers:TypeMatcher.lookup('ns3::ByteTagIterator::Item const &')
DEBUG:pybindgen.typehandlers:try to lookup type handler for 'ns3::ByteTagIterator::Item const &' => success ((<class 'pybindgen.cppclass.CppClass.__init__.<locals>.ThisClassRefParameter'>, None, <pybindgen.typehandlers.ctypeparser.TypeTraits object at 0x7f5da8cd44a8>))
DEBUG:pybindgen.typehandlers:TypeMatcher.lookup('uint32_t')
DEBUG:pybindgen.typehandlers:try to lookup type handler for 'uint32_t' => success ((<class 'pybindgen.typehandlers.inttype.UnsignedIntReturn'>, None, <pybindgen.typehandlers.ctypeparser.TypeTraits object at 0x7f5da8cd4860>))
DEBUG:pybindgen.typehandlers:TypeMatcher.lookup('uint32_t')
DEBUG:pybindgen.typehandlers:try to lookup type handler for 'uint32_t' => success ((<class 'pybindgen.typehandlers.inttype.UnsignedIntReturn'>, None, <pybindgen.typehandlers.ctypeparser.TypeTraits object at 0x7f5da8cd4be0>))
DEBUG:pybindgen.typehandlers:TypeMatcher.lookup('void')
DEBUG:pybindgen.typehandlers:try to lookup type handler for 'void' => success ((<class 'pybindgen.typehandlers.voidtype.VoidReturn'>, None, <pybindgen.typehandlers.ctypeparser.TypeTraits object at 0x7f5da8cd4f60>))
DEBUG:pybindgen.typehandlers:TypeMatcher.lookup('ns3::Tag &')
DEBUG:pybindgen.typehandlers:try to lookup type handler for 'ns3::Tag &' => success ((<class 'pybindgen.cppclass.CppClass.__init__.<locals>.ThisClassRefParameter'>, None, <pybindgen.typehandlers.ctypeparser.TypeTraits object at 0x7f5da8c5d0f0>))
DEBUG:pybindgen.typehandlers:TypeMatcher.lookup('ns3::TypeId')
DEBUG:pybindgen.typehandlers:try to lookup type handler for 'ns3::TypeId' => success ((<class 'pybindgen.cppclass.CppClass.__init__.<locals>.ThisClassReturn'>, None, <pybindgen.typehandlers.ctypeparser.TypeTraits object at 0x7f5da8c5d470>))
DEBUG:pybindgen.typehandlers:TypeMatcher.lookup('ns3::ByteTagList const &')
DEBUG:pybindgen.typehandlers:try to lookup type handler for 'ns3::ByteTagList const &' => success ((<class 'pybindgen.cppclass.CppClass.__init__.<locals>.ThisClassRefParameter'>, None, <pybindgen.typehandlers.ctypeparser.TypeTraits object at 0x7f5da8c5da90>))
DEBUG:pybindgen.typehandlers:TypeMatcher.lookup('ns3::TagBuffer')
DEBUG:pybindgen.typehandlers:try to lookup type handler for 'ns3::TagBuffer' => success ((<class 'pybindgen.cppclass.CppClass.__init__.<locals>.ThisClassReturn'>, None, <pybindgen.typehandlers.ctypeparser.TypeTraits object at 0x7f5da8c5de48>))
DEBUG:pybindgen.typehandlers:TypeMatcher.lookup('ns3::TypeId')
DEBUG:pybindgen.typehandlers:try to lookup type handler for 'ns3::TypeId' => success ((<class 'pybindgen.cppclass.CppClass.__init__.<locals>.ThisClassParameter'>, None, <pybindgen.typehandlers.ctypeparser.TypeTraits object at 0x7f5da8c5df60>))
DEBUG:pybindgen.typehandlers:TypeMatcher.lookup('uint32_t')
DEBUG:pybindgen.typehandlers:try to lookup type handler for 'uint32_t' => success ((<class 'pybindgen.typehandlers.inttype.UnsignedIntParam'>, None, <pybindgen.typehandlers.ctypeparser.TypeTraits object at 0x7f5da8c62048>))
DEBUG:pybindgen.typehandlers:TypeMatcher.lookup('int32_t')
DEBUG:pybindgen.typehandlers:try to lookup type handler for 'int32_t' => success ((<class 'pybindgen.typehandlers.inttype.IntParam'>, None, <pybindgen.typehandlers.ctypeparser.TypeTraits object at 0x7f5da8c62128>))
DEBUG:pybindgen.typehandlers:TypeMatcher.lookup('int32_t')
DEBUG:pybindgen.typehandlers:try to lookup type handler for 'int32_t' => success ((<class 'pybindgen.typehandlers.inttype.IntParam'>, None, <pybindgen.typehandlers.ctypeparser.TypeTraits object at 0x7f5da8c62240>))
DEBUG:pybindgen.typehandlers:TypeMatcher.lookup('void')
DEBUG:pybindgen.typehandlers:try to lookup type handler for 'void' => success ((<class 'pybindgen.typehandlers.voidtype.VoidReturn'>, None, <pybindgen.typehandlers.ctypeparser.TypeTraits object at 0x7f5da8c625f8>))
DEBUG:pybindgen.typehandlers:TypeMatcher.lookup('ns3::ByteTagList const &')
DEBUG:pybindgen.typehandlers:try to lookup type handler for 'ns3::ByteTagList const &' => success ((<class 'pybindgen.cppclass.CppClass.__init__.<locals>.ThisClassRefParameter'>, None, <pybindgen.typehandlers.ctypeparser.TypeTraits object at 0x7f5da8c62748>))
DEBUG:pybindgen.typehandlers:TypeMatcher.lookup('void')
DEBUG:pybindgen.typehandlers:try to lookup type handler for 'void' => success ((<class 'pybindgen.typehandlers.voidtype.VoidReturn'>, None, <pybindgen.typehandlers.ctypeparser.TypeTraits object at 0x7f5da8c62b00>))
DEBUG:pybindgen.typehandlers:TypeMatcher.lookup('int32_t')
DEBUG:pybindgen.typehandlers:try to lookup type handler for 'int32_t' => success ((<class 'pybindgen.typehandlers.inttype.IntParam'>, None, <pybindgen.typehandlers.ctypeparser.TypeTraits object at 0x7f5da8c62c50>))
DEBUG:pybindgen.typehandlers:TypeMatcher.lookup('void')
DEBUG:pybindgen.typehandlers:try to lookup type handler for 'void' => success ((<class 'pybindgen.typehandlers.voidtype.VoidReturn'>, None, <pybindgen.typehandlers.ctypeparser.TypeTraits object at 0x7f5da8c62fd0>))
DEBUG:pybindgen.typehandlers:TypeMatcher.lookup('int32_t')
DEBUG:pybindgen.typehandlers:try to lookup type handler for 'int32_t' => success ((<class 'pybindgen.typehandlers.inttype.IntParam'>, None, <pybindgen.typehandlers.ctypeparser.TypeTraits object at 0x7f5da8c6a160>))
DEBUG:pybindgen.typehandlers:TypeMatcher.lookup('void')
DEBUG:pybindgen.typehandlers:try to lookup type handler for 'void' => success ((<class 'pybindgen.typehandlers.voidtype.VoidReturn'>, None, <pybindgen.typehandlers.ctypeparser.TypeTraits object at 0x7f5da8c6a4e0>))
DEBUG:pybindgen.typehandlers:TypeMatcher.lookup('int32_t')
DEBUG:pybindgen.typehandlers:try to lookup type handler for 'int32_t' => success ((<class 'pybindgen.typehandlers.inttype.IntParam'>, None, <pybindgen.typehandlers.ctypeparser.TypeTraits object at 0x7f5da8c6a630>))
DEBUG:pybindgen.typehandlers:TypeMatcher.lookup('ns3::ByteTagList::Iterator')
DEBUG:pybindgen.typehandlers:try to lookup type handler for 'ns3::ByteTagList::Iterator' => success ((<class 'pybindgen.cppclass.CppClass.__init__.<locals>.ThisClassReturn'>, None, <pybindgen.typehandlers.ctypeparser.TypeTraits object at 0x7f5da8c6a9b0>))
DEBUG:pybindgen.typehandlers:TypeMatcher.lookup('int32_t')
DEBUG:pybindgen.typehandlers:try to lookup type handler for 'int32_t' => success ((<class 'pybindgen.typehandlers.inttype.IntParam'>, None, <pybindgen.typehandlers.ctypeparser.TypeTraits object at 0x7f5da8c6aac8>))
DEBUG:pybindgen.typehandlers:TypeMatcher.lookup('int32_t')
DEBUG:pybindgen.typehandlers:try to lookup type handler for 'int32_t' => success ((<class 'pybindgen.typehandlers.inttype.IntParam'>, None, <pybindgen.typehandlers.ctypeparser.TypeTraits object at 0x7f5da8c6aba8>))
DEBUG:pybindgen.typehandlers:TypeMatcher.lookup('uint32_t')
DEBUG:pybindgen.typehandlers:try to lookup type handler for 'uint32_t' => success ((<class 'pybindgen.typehandlers.inttype.UnsignedIntReturn'>, None, <pybindgen.typehandlers.ctypeparser.TypeTraits object at 0x7f5da8c6af60>))
DEBUG:pybindgen.typehandlers:TypeMatcher.lookup('uint32_t const *')
DEBUG:pybindgen.typehandlers:try to lookup type handler for 'uint32_t const *' => success ((<class 'pybindgen.typehandlers.inttype.UnsignedIntPtrParam'>, None, <pybindgen.typehandlers.ctypeparser.TypeTraits object at 0x7f5da8c700b8>))
DEBUG:pybindgen.typehandlers:TypeMatcher.lookup('uint32_t')
DEBUG:pybindgen.typehandlers:try to lookup type handler for 'uint32_t' => success ((<class 'pybindgen.typehandlers.inttype.UnsignedIntParam'>, None, <pybindgen.typehandlers.ctypeparser.TypeTraits object at 0x7f5da8c70278>))
DEBUG:pybindgen.typehandlers:TypeMatcher.lookup('uint32_t')
DEBUG:pybindgen.typehandlers:try to lookup type handler for 'uint32_t' => success ((<class 'pybindgen.typehandlers.inttype.UnsignedIntReturn'>, None, <pybindgen.typehandlers.ctypeparser.TypeTraits object at 0x7f5da8c70588>))
DEBUG:pybindgen.typehandlers:TypeMatcher.lookup('void')
DEBUG:pybindgen.typehandlers:try to lookup type handler for 'void' => success ((<class 'pybindgen.typehandlers.voidtype.VoidReturn'>, None, <pybindgen.typehandlers.ctypeparser.TypeTraits object at 0x7f5da8c70908>))
DEBUG:pybindgen.typehandlers:TypeMatcher.lookup('uint32_t')
DEBUG:pybindgen.typehandlers:try to lookup type handler for 'uint32_t' => success ((<class 'pybindgen.typehandlers.inttype.UnsignedIntReturn'>, None, <pybindgen.typehandlers.ctypeparser.TypeTraits object at 0x7f5da8c70cf8>))
DEBUG:pybindgen.typehandlers:TypeMatcher.lookup('uint32_t *')
DEBUG:pybindgen.typehandlers:try to lookup type handler for 'uint32_t *' => success ((<class 'pybindgen.typehandlers.inttype.UnsignedIntPtrParam'>, None, <pybindgen.typehandlers.ctypeparser.TypeTraits object at 0x7f5da8c70e10>))
DEBUG:pybindgen.typehandlers:TypeMatcher.lookup('uint32_t')
DEBUG:pybindgen.typehandlers:try to lookup type handler for 'uint32_t' => success ((<class 'pybindgen.typehandlers.inttype.UnsignedIntParam'>, None, <pybindgen.typehandlers.ctypeparser.TypeTraits object at 0x7f5da8c70f28>))
DEBUG:pybindgen.typehandlers:TypeMatcher.lookup('ns3::ByteTagList::Iterator const &')
DEBUG:pybindgen.typehandlers:try to lookup type handler for 'ns3::ByteTagList::Iterator const &' => success ((<class 'pybindgen.cppclass.CppClass.__init__.<locals>.ThisClassRefParameter'>, None, <pybindgen.typehandlers.ctypeparser.TypeTraits object at 0x7f5da8cf72b0>))
DEBUG:pybindgen.typehandlers:TypeMatcher.lookup('uint32_t')
DEBUG:pybindgen.typehandlers:try to lookup type handler for 'uint32_t' => success ((<class 'pybindgen.typehandlers.inttype.UnsignedIntReturn'>, None, <pybindgen.typehandlers.ctypeparser.TypeTraits object at 0x7f5da8c79438>))
DEBUG:pybindgen.typehandlers:TypeMatcher.lookup('bool')
DEBUG:pybindgen.typehandlers:try to lookup type handler for 'bool' => success ((<class 'pybindgen.typehandlers.booltype.BoolReturn'>, None, <pybindgen.typehandlers.ctypeparser.TypeTraits object at 0x7f5da8c797b8>))
DEBUG:pybindgen.typehandlers:TypeMatcher.lookup('ns3::ByteTagList::Iterator::Item')
DEBUG:pybindgen.typehandlers:try to lookup type handler for 'ns3::ByteTagList::Iterator::Item' => success ((<class 'pybindgen.cppclass.CppClass.__init__.<locals>.ThisClassReturn'>, None, <pybindgen.typehandlers.ctypeparser.TypeTraits object at 0x7f5da8c79b70>))
DEBUG:pybindgen.typehandlers:TypeMatcher.lookup('ns3::ByteTagList::Iterator::Item const &')
DEBUG:pybindgen.typehandlers:try to lookup type handler for 'ns3::ByteTagList::Iterator::Item const &' => success ((<class 'pybindgen.cppclass.CppClass.__init__.<locals>.ThisClassRefParameter'>, None, <pybindgen.typehandlers.ctypeparser.TypeTraits object at 0x7f5da8c79f60>))
DEBUG:pybindgen.typehandlers:TypeMatcher.lookup('ns3::TagBuffer')
DEBUG:pybindgen.typehandlers:try to lookup type handler for 'ns3::TagBuffer' => success ((<class 'pybindgen.cppclass.CppClass.__init__.<locals>.ThisClassParameter'>, None, <pybindgen.typehandlers.ctypeparser.TypeTraits object at 0x7f5da8c82390>))
DEBUG:pybindgen.typehandlers:TypeMatcher.lookup('ns3::TagBuffer')
DEBUG:pybindgen.typehandlers:try to lookup type handler for 'ns3::TagBuffer' => success ((<class 'pybindgen.cppclass.CppClass.__init__.<locals>.ThisClassReturn'>, None, <pybindgen.typehandlers.ctypeparser.TypeTraits object at 0x7f5da8c82668>))
DEBUG:pybindgen.typehandlers:TypeMatcher.lookup('int32_t')
DEBUG:pybindgen.typehandlers:try to lookup type handler for 'int32_t' => success ((<class 'pybindgen.typehandlers.inttype.IntReturn'>, None, <pybindgen.typehandlers.ctypeparser.TypeTraits object at 0x7f5da8c82ba8>))
DEBUG:pybindgen.typehandlers:TypeMatcher.lookup('uint32_t')
DEBUG:pybindgen.typehandlers:try to lookup type handler for 'uint32_t' => success ((<class 'pybindgen.typehandlers.inttype.UnsignedIntReturn'>, None, <pybindgen.typehandlers.ctypeparser.TypeTraits object at 0x7f5da8c86160>))
DEBUG:pybindgen.typehandlers:TypeMatcher.lookup('int32_t')
DEBUG:pybindgen.typehandlers:try to lookup type handler for 'int32_t' => success ((<class 'pybindgen.typehandlers.inttype.IntReturn'>, None, <pybindgen.typehandlers.ctypeparser.TypeTraits object at 0x7f5da8c866a0>))
DEBUG:pybindgen.typehandlers:TypeMatcher.lookup('ns3::TypeId')
DEBUG:pybindgen.typehandlers:try to lookup type handler for 'ns3::TypeId' => success ((<class 'pybindgen.cppclass.CppClass.__init__.<locals>.ThisClassReturn'>, None, <pybindgen.typehandlers.ctypeparser.TypeTraits object at 0x7f5da8c86c18>))
DEBUG:pybindgen.typehandlers:TypeMatcher.lookup('ns3::CallbackBase const &')
DEBUG:pybindgen.typehandlers:try to lookup type handler for 'ns3::CallbackBase const &' => success ((<class 'pybindgen.cppclass.CppClass.__init__.<locals>.ThisClassRefParameter'>, None, <pybindgen.typehandlers.ctypeparser.TypeTraits object at 0x7f5da8c90208>))
DEBUG:pybindgen.typehandlers:TypeMatcher.lookup('ns3::Ptr< ns3::CallbackImplBase >')
DEBUG:pybindgen.typehandlers:try to lookup type handler for 'ns3::Ptr< ns3::CallbackImplBase >' => failure
DEBUG:pybindgen.typehandlers:try to lookup type handler for 'ns3::CallbackImplBase *' => success ((<class 'pybindgen.cppclass.MemoryPolicy.register_ptr_parameter_and_return.<locals>.ThisClassPtrReturn'>, <ns3modulegen_core_customizations.SmartPointerTransformation object at 0x7f5da907ba90>, <pybindgen.typehandlers.ctypeparser.TypeTraits object at 0x7f5da8c90a58>))
DEBUG:pybindgen.typehandlers:TypeMatcher.lookup('ns3::Ptr< ns3::CallbackImplBase >')
DEBUG:pybindgen.typehandlers:try to lookup type handler for 'ns3::Ptr< ns3::CallbackImplBase >' => failure
DEBUG:pybindgen.typehandlers:try to lookup type handler for 'ns3::CallbackImplBase *' => success ((<class 'pybindgen.cppclass.MemoryPolicy.register_ptr_parameter_and_return.<locals>.ThisClassPtrParameter'>, <ns3modulegen_core_customizations.SmartPointerTransformation object at 0x7f5da907ba90>, <pybindgen.typehandlers.ctypeparser.TypeTraits object at 0x7f5da8c90f28>))
DEBUG:pybindgen.typehandlers:TypeMatcher.lookup('ns3::SystemMutex &')
DEBUG:pybindgen.typehandlers:try to lookup type handler for 'ns3::SystemMutex &' => success ((<class 'pybindgen.cppclass.CppClass.__init__.<locals>.ThisClassRefParameter'>, None, <pybindgen.typehandlers.ctypeparser.TypeTraits object at 0x7f5da8c96198>))
DEBUG:pybindgen.typehandlers:TypeMatcher.lookup('ns3::CriticalSection const &')
DEBUG:pybindgen.typehandlers:try to lookup type handler for 'ns3::CriticalSection const &' => success ((<class 'pybindgen.cppclass.CppClass.__init__.<locals>.ThisClassRefParameter'>, None, <pybindgen.typehandlers.ctypeparser.TypeTraits object at 0x7f5da8c96518>))
DEBUG:pybindgen.typehandlers:TypeMatcher.lookup('double')
DEBUG:pybindgen.typehandlers:try to lookup type handler for 'double' => success ((<class 'pybindgen.typehandlers.doubletype.DoubleParam'>, None, <pybindgen.typehandlers.ctypeparser.TypeTraits object at 0x7f5da8c96898>))
DEBUG:pybindgen.typehandlers:TypeMatcher.lookup('uint64_t')
DEBUG:pybindgen.typehandlers:try to lookup type handler for 'uint64_t' => success ((<class 'pybindgen.typehandlers.inttype.UnsignedLongLongParam'>, None, <pybindgen.typehandlers.ctypeparser.TypeTraits object at 0x7f5da8c96978>))
DEBUG:pybindgen.typehandlers:TypeMatcher.lookup('double')
DEBUG:pybindgen.typehandlers:try to lookup type handler for 'double' => success ((<class 'pybindgen.typehandlers.doubletype.DoubleParam'>, None, <pybindgen.typehandlers.ctypeparser.TypeTraits object at 0x7f5da8c96a58>))
DEBUG:pybindgen.typehandlers:TypeMatcher.lookup('uint64_t')
DEBUG:pybindgen.typehandlers:try to lookup type handler for 'uint64_t' => success ((<class 'pybindgen.typehandlers.inttype.UnsignedLongLongParam'>, None, <pybindgen.typehandlers.ctypeparser.TypeTraits object at 0x7f5da8c96b70>))
DEBUG:pybindgen.typehandlers:TypeMatcher.lookup('ns3::DataRate')
DEBUG:pybindgen.typehandlers:try to lookup type handler for 'ns3::DataRate' => success ((<class 'pybindgen.cppclass.CppClass.__init__.<locals>.ThisClassParameter'>, None, <pybindgen.typehandlers.ctypeparser.TypeTraits object at 0x7f5da8c96c50>))
DEBUG:pybindgen.typehandlers:TypeMatcher.lookup('ns3::DataRate')
DEBUG:pybindgen.typehandlers:try to lookup type handler for 'ns3::DataRate' => success ((<class 'pybindgen.cppclass.CppClass.__init__.<locals>.ThisClassParameter'>, None, <pybindgen.typehandlers.ctypeparser.TypeTraits object at 0x7f5da8c96d30>))
DEBUG:pybindgen.typehandlers:TypeMatcher.lookup('ns3::DataRate')
DEBUG:pybindgen.typehandlers:try to lookup type handler for 'ns3::DataRate' => success ((<class 'pybindgen.cppclass.CppClass.__init__.<locals>.ThisClassParameter'>, None, <pybindgen.typehandlers.ctypeparser.TypeTraits object at 0x7f5da8c96e10>))
DEBUG:pybindgen.typehandlers:TypeMatcher.lookup('ns3::DataRate')
DEBUG:pybindgen.typehandlers:try to lookup type handler for 'ns3::DataRate' => success ((<class 'pybindgen.cppclass.CppClass.__init__.<locals>.ThisClassParameter'>, None, <pybindgen.typehandlers.ctypeparser.TypeTraits object at 0x7f5da8c96ef0>))
DEBUG:pybindgen.typehandlers:TypeMatcher.lookup('ns3::DataRate const &')
DEBUG:pybindgen.typehandlers:try to lookup type handler for 'ns3::DataRate const &' => success ((<class 'pybindgen.cppclass.CppClass.__init__.<locals>.ThisClassRefParameter'>, None, <pybindgen.typehandlers.ctypeparser.TypeTraits object at 0x7f5da8c1e0b8>))
DEBUG:pybindgen.typehandlers:TypeMatcher.lookup('uint64_t')
DEBUG:pybindgen.typehandlers:try to lookup type handler for 'uint64_t' => success ((<class 'pybindgen.typehandlers.inttype.UnsignedLongLongParam'>, None, <pybindgen.typehandlers.ctypeparser.TypeTraits object at 0x7f5da8c1e710>))
DEBUG:pybindgen.typehandlers:TypeMatcher.lookup('std::string')
DEBUG:pybindgen.typehandlers:try to lookup type handler for 'std::string' => success ((<class 'pybindgen.typehandlers.stringtype.StdStringParam'>, None, <pybindgen.typehandlers.ctypeparser.TypeTraits object at 0x7f5da8c1ea58>))
DEBUG:pybindgen.typehandlers:TypeMatcher.lookup('ns3::Time')
DEBUG:pybindgen.typehandlers:try to lookup type handler for 'ns3::Time' => success ((<class 'pybindgen.cppclass.CppClass.__init__.<locals>.ThisClassReturn'>, None, <pybindgen.typehandlers.ctypeparser.TypeTraits object at 0x7f5da8c1ed68>))
DEBUG:pybindgen.typehandlers:TypeMatcher.lookup('uint32_t')
DEBUG:pybindgen.typehandlers:try to lookup type handler for 'uint32_t' => success ((<class 'pybindgen.typehandlers.inttype.UnsignedIntParam'>, None, <pybindgen.typehandlers.ctypeparser.TypeTraits object at 0x7f5da8c1ee80>))
DEBUG:pybindgen.typehandlers:TypeMatcher.lookup('ns3::Time')
DEBUG:pybindgen.typehandlers:try to lookup type handler for 'ns3::Time' => success ((<class 'pybindgen.cppclass.CppClass.__init__.<locals>.ThisClassReturn'>, None, <pybindgen.typehandlers.ctypeparser.TypeTraits object at 0x7f5da8c28208>))
DEBUG:pybindgen.typehandlers:TypeMatcher.lookup('uint32_t')
DEBUG:pybindgen.typehandlers:try to lookup type handler for 'uint32_t' => success ((<class 'pybindgen.typehandlers.inttype.UnsignedIntParam'>, None, <pybindgen.typehandlers.ctypeparser.TypeTraits object at 0x7f5da8c28320>))
DEBUG:pybindgen.typehandlers:TypeMatcher.lookup('uint64_t')
DEBUG:pybindgen.typehandlers:try to lookup type handler for 'uint64_t' => success ((<class 'pybindgen.typehandlers.inttype.UnsignedLongLongReturn'>, None, <pybindgen.typehandlers.ctypeparser.TypeTraits object at 0x7f5da8c28668>))
DEBUG:pybindgen.typehandlers:TypeMatcher.lookup('ns3::DefaultDeleter< ns3::AttributeAccessor > const &')
DEBUG:pybindgen.typehandlers:try to lookup type handler for 'ns3::DefaultDeleter< ns3::AttributeAccessor > const &' => success ((<class 'pybindgen.cppclass.CppClass.__init__.<locals>.ThisClassRefParameter'>, None, <pybindgen.typehandlers.ctypeparser.TypeTraits object at 0x7f5da8c28c88>))
DEBUG:pybindgen.typehandlers:TypeMatcher.lookup('void')
DEBUG:pybindgen.typehandlers:try to lookup type handler for 'void' => success ((<class 'pybindgen.typehandlers.voidtype.VoidReturn'>, None, <pybindgen.typehandlers.ctypeparser.TypeTraits object at 0x7f5da8c2e128>))
DEBUG:pybindgen.typehandlers:TypeMatcher.lookup('ns3::AttributeAccessor *')
DEBUG:pybindgen.typehandlers:try to lookup type handler for 'ns3::AttributeAccessor *' => success ((<class 'pybindgen.cppclass.MemoryPolicy.register_ptr_parameter_and_return.<locals>.ThisClassPtrParameter'>, None, <pybindgen.typehandlers.ctypeparser.TypeTraits object at 0x7f5da8c2e278>))
/home/cs18/tarballs/ns-allinone-3.34/ns-3.34/src/fd-net-device/bindings/modulegen__gcc_LP64.py:1252: Warning: exception TypeConfigurationError('Missing transfer_ownership option',) in wrapper public: retval? ???::Delete (params?);
  is_static=True)
DEBUG:pybindgen.typehandlers:TypeMatcher.lookup('ns3::DefaultDeleter< ns3::AttributeChecker > const &')
DEBUG:pybindgen.typehandlers:try to lookup type handler for 'ns3::DefaultDeleter< ns3::AttributeChecker > const &' => success ((<class 'pybindgen.cppclass.CppClass.__init__.<locals>.ThisClassRefParameter'>, None, <pybindgen.typehandlers.ctypeparser.TypeTraits object at 0x7f5da8c2e2e8>))
DEBUG:pybindgen.typehandlers:TypeMatcher.lookup('void')
DEBUG:pybindgen.typehandlers:try to lookup type handler for 'void' => success ((<class 'pybindgen.typehandlers.voidtype.VoidReturn'>, None, <pybindgen.typehandlers.ctypeparser.TypeTraits object at 0x7f5da8c2e828>))
DEBUG:pybindgen.typehandlers:TypeMatcher.lookup('ns3::AttributeChecker *')
DEBUG:pybindgen.typehandlers:try to lookup type handler for 'ns3::AttributeChecker *' => success ((<class 'pybindgen.cppclass.MemoryPolicy.register_ptr_parameter_and_return.<locals>.ThisClassPtrParameter'>, None, <pybindgen.typehandlers.ctypeparser.TypeTraits object at 0x7f5da8c2e978>))
/home/cs18/tarballs/ns-allinone-3.34/ns-3.34/src/fd-net-device/bindings/modulegen__gcc_LP64.py:1264: Warning: exception TypeConfigurationError('Missing transfer_ownership option',) in wrapper public: retval? ???::Delete (params?);
  is_static=True)
DEBUG:pybindgen.typehandlers:TypeMatcher.lookup('ns3::DefaultDeleter< ns3::AttributeValue > const &')
DEBUG:pybindgen.typehandlers:try to lookup type handler for 'ns3::DefaultDeleter< ns3::AttributeValue > const &' => success ((<class 'pybindgen.cppclass.CppClass.__init__.<locals>.ThisClassRefParameter'>, None, <pybindgen.typehandlers.ctypeparser.TypeTraits object at 0x7f5da8c2ed68>))
DEBUG:pybindgen.typehandlers:TypeMatcher.lookup('void')
DEBUG:pybindgen.typehandlers:try to lookup type handler for 'void' => success ((<class 'pybindgen.typehandlers.voidtype.VoidReturn'>, None, <pybindgen.typehandlers.ctypeparser.TypeTraits object at 0x7f5da8c38208>))
DEBUG:pybindgen.typehandlers:TypeMatcher.lookup('ns3::AttributeValue *')
DEBUG:pybindgen.typehandlers:try to lookup type handler for 'ns3::AttributeValue *' => success ((<class 'pybindgen.cppclass.MemoryPolicy.register_ptr_parameter_and_return.<locals>.ThisClassPtrParameter'>, None, <pybindgen.typehandlers.ctypeparser.TypeTraits object at 0x7f5da8c38358>))
/home/cs18/tarballs/ns-allinone-3.34/ns-3.34/src/fd-net-device/bindings/modulegen__gcc_LP64.py:1276: Warning: exception TypeConfigurationError('Missing transfer_ownership option',) in wrapper public: retval? ???::Delete (params?);
  is_static=True)
DEBUG:pybindgen.typehandlers:TypeMatcher.lookup('ns3::DefaultDeleter< ns3::CallbackImplBase > const &')
DEBUG:pybindgen.typehandlers:try to lookup type handler for 'ns3::DefaultDeleter< ns3::CallbackImplBase > const &' => success ((<class 'pybindgen.cppclass.CppClass.__init__.<locals>.ThisClassRefParameter'>, None, <pybindgen.typehandlers.ctypeparser.TypeTraits object at 0x7f5da8c38748>))
DEBUG:pybindgen.typehandlers:TypeMatcher.lookup('void')
DEBUG:pybindgen.typehandlers:try to lookup type handler for 'void' => success ((<class 'pybindgen.typehandlers.voidtype.VoidReturn'>, None, <pybindgen.typehandlers.ctypeparser.TypeTraits object at 0x7f5da8c38ba8>))
DEBUG:pybindgen.typehandlers:TypeMatcher.lookup('ns3::CallbackImplBase *')
DEBUG:pybindgen.typehandlers:try to lookup type handler for 'ns3::CallbackImplBase *' => success ((<class 'pybindgen.cppclass.MemoryPolicy.register_ptr_parameter_and_return.<locals>.ThisClassPtrParameter'>, None, <pybindgen.typehandlers.ctypeparser.TypeTraits object at 0x7f5da8c38cf8>))
/home/cs18/tarballs/ns-allinone-3.34/ns-3.34/src/fd-net-device/bindings/modulegen__gcc_LP64.py:1288: Warning: exception TypeConfigurationError('Missing transfer_ownership option',) in wrapper public: retval? ???::Delete (params?);
  is_static=True)
DEBUG:pybindgen.typehandlers:TypeMatcher.lookup('ns3::DefaultDeleter< ns3::EventImpl > const &')
DEBUG:pybindgen.typehandlers:try to lookup type handler for 'ns3::DefaultDeleter< ns3::EventImpl > const &' => success ((<class 'pybindgen.cppclass.CppClass.__init__.<locals>.ThisClassRefParameter'>, None, <pybindgen.typehandlers.ctypeparser.TypeTraits object at 0x7f5da8c3f128>))
DEBUG:pybindgen.typehandlers:TypeMatcher.lookup('void')
DEBUG:pybindgen.typehandlers:try to lookup type handler for 'void' => success ((<class 'pybindgen.typehandlers.voidtype.VoidReturn'>, None, <pybindgen.typehandlers.ctypeparser.TypeTraits object at 0x7f5da8c3f588>))
DEBUG:pybindgen.typehandlers:TypeMatcher.lookup('ns3::EventImpl *')
DEBUG:pybindgen.typehandlers:try to lookup type handler for 'ns3::EventImpl *' => success ((<class 'pybindgen.cppclass.MemoryPolicy.register_ptr_parameter_and_return.<locals>.ThisClassPtrParameter'>, None, <pybindgen.typehandlers.ctypeparser.TypeTraits object at 0x7f5da8c3f6d8>))
/home/cs18/tarballs/ns-allinone-3.34/ns-3.34/src/fd-net-device/bindings/modulegen__gcc_LP64.py:1300: Warning: exception TypeConfigurationError('Missing transfer_ownership option',) in wrapper public: retval? ???::Delete (params?);
  is_static=True)
DEBUG:pybindgen.typehandlers:TypeMatcher.lookup('ns3::DefaultDeleter< ns3::FdReader > const &')
DEBUG:pybindgen.typehandlers:try to lookup type handler for 'ns3::DefaultDeleter< ns3::FdReader > const &' => success ((<class 'pybindgen.cppclass.CppClass.__init__.<locals>.ThisClassRefParameter'>, None, <pybindgen.typehandlers.ctypeparser.TypeTraits object at 0x7f5da8c38d68>))
DEBUG:pybindgen.typehandlers:TypeMatcher.lookup('void')
DEBUG:pybindgen.typehandlers:try to lookup type handler for 'void' => success ((<class 'pybindgen.typehandlers.voidtype.VoidReturn'>, None, <pybindgen.typehandlers.ctypeparser.TypeTraits object at 0x7f5da8c38240>))
DEBUG:pybindgen.typehandlers:TypeMatcher.lookup('ns3::FdReader *')
DEBUG:pybindgen.typehandlers:try to lookup type handler for 'ns3::FdReader *' => success ((<class 'pybindgen.cppclass.MemoryPolicy.register_ptr_parameter_and_return.<locals>.ThisClassPtrParameter'>, None, <pybindgen.typehandlers.ctypeparser.TypeTraits object at 0x7f5da8c2ea58>))
/home/cs18/tarballs/ns-allinone-3.34/ns-3.34/src/fd-net-device/bindings/modulegen__gcc_LP64.py:1312: Warning: exception TypeConfigurationError('Missing transfer_ownership option',) in wrapper public: retval? ???::Delete (params?);
  is_static=True)
DEBUG:pybindgen.typehandlers:TypeMatcher.lookup('ns3::DefaultDeleter< ns3::Hash::Implementation > const &')
DEBUG:pybindgen.typehandlers:try to lookup type handler for 'ns3::DefaultDeleter< ns3::Hash::Implementation > const &' => success ((<class 'pybindgen.cppclass.CppClass.__init__.<locals>.ThisClassRefParameter'>, None, <pybindgen.typehandlers.ctypeparser.TypeTraits object at 0x7f5da8c3f5c0>))
DEBUG:pybindgen.typehandlers:TypeMatcher.lookup('void')
DEBUG:pybindgen.typehandlers:try to lookup type handler for 'void' => success ((<class 'pybindgen.typehandlers.voidtype.VoidReturn'>, None, <pybindgen.typehandlers.ctypeparser.TypeTraits object at 0x7f5da8c3fe48>))
DEBUG:pybindgen.typehandlers:TypeMatcher.lookup('ns3::Hash::Implementation *')
DEBUG:pybindgen.typehandlers:try to lookup type handler for 'ns3::Hash::Implementation *' => success ((<class 'pybindgen.cppclass.MemoryPolicy.register_ptr_parameter_and_return.<locals>.ThisClassPtrParameter'>, None, <pybindgen.typehandlers.ctypeparser.TypeTraits object at 0x7f5da8c3ff98>))
/home/cs18/tarballs/ns-allinone-3.34/ns-3.34/src/fd-net-device/bindings/modulegen__gcc_LP64.py:1324: Warning: exception TypeConfigurationError('Missing transfer_ownership option',) in wrapper public: retval? ???::Delete (params?);
  is_static=True)
DEBUG:pybindgen.typehandlers:TypeMatcher.lookup('ns3::DefaultDeleter< ns3::NixVector > const &')
DEBUG:pybindgen.typehandlers:try to lookup type handler for 'ns3::DefaultDeleter< ns3::NixVector > const &' => success ((<class 'pybindgen.cppclass.CppClass.__init__.<locals>.ThisClassRefParameter'>, None, <pybindgen.typehandlers.ctypeparser.TypeTraits object at 0x7f5da8c4a3c8>))
DEBUG:pybindgen.typehandlers:TypeMatcher.lookup('void')
DEBUG:pybindgen.typehandlers:try to lookup type handler for 'void' => success ((<class 'pybindgen.typehandlers.voidtype.VoidReturn'>, None, <pybindgen.typehandlers.ctypeparser.TypeTraits object at 0x7f5da8c4a828>))
DEBUG:pybindgen.typehandlers:TypeMatcher.lookup('ns3::NixVector *')
DEBUG:pybindgen.typehandlers:try to lookup type handler for 'ns3::NixVector *' => success ((<class 'pybindgen.cppclass.MemoryPolicy.register_ptr_parameter_and_return.<locals>.ThisClassPtrParameter'>, None, <pybindgen.typehandlers.ctypeparser.TypeTraits object at 0x7f5da8c4a978>))
/home/cs18/tarballs/ns-allinone-3.34/ns-3.34/src/fd-net-device/bindings/modulegen__gcc_LP64.py:1336: Warning: exception TypeConfigurationError('Missing transfer_ownership option',) in wrapper public: retval? ???::Delete (params?);
  is_static=True)
DEBUG:pybindgen.typehandlers:TypeMatcher.lookup('ns3::DefaultDeleter< ns3::OutputStreamWrapper > const &')
DEBUG:pybindgen.typehandlers:try to lookup type handler for 'ns3::DefaultDeleter< ns3::OutputStreamWrapper > const &' => success ((<class 'pybindgen.cppclass.CppClass.__init__.<locals>.ThisClassRefParameter'>, None, <pybindgen.typehandlers.ctypeparser.TypeTraits object at 0x7f5da8c4ad68>))
DEBUG:pybindgen.typehandlers:TypeMatcher.lookup('void')
DEBUG:pybindgen.typehandlers:try to lookup type handler for 'void' => success ((<class 'pybindgen.typehandlers.voidtype.VoidReturn'>, None, <pybindgen.typehandlers.ctypeparser.TypeTraits object at 0x7f5da8c50208>))
DEBUG:pybindgen.typehandlers:TypeMatcher.lookup('ns3::OutputStreamWrapper *')
DEBUG:pybindgen.typehandlers:try to lookup type handler for 'ns3::OutputStreamWrapper *' => success ((<class 'pybindgen.cppclass.MemoryPolicy.register_ptr_parameter_and_return.<locals>.ThisClassPtrParameter'>, None, <pybindgen.typehandlers.ctypeparser.TypeTraits object at 0x7f5da8c50358>))
/home/cs18/tarballs/ns-allinone-3.34/ns-3.34/src/fd-net-device/bindings/modulegen__gcc_LP64.py:1348: Warning: exception TypeConfigurationError('Missing transfer_ownership option',) in wrapper public: retval? ???::Delete (params?);
  is_static=True)
DEBUG:pybindgen.typehandlers:TypeMatcher.lookup('ns3::DefaultDeleter< ns3::Packet > const &')
DEBUG:pybindgen.typehandlers:try to lookup type handler for 'ns3::DefaultDeleter< ns3::Packet > const &' => success ((<class 'pybindgen.cppclass.CppClass.__init__.<locals>.ThisClassRefParameter'>, None, <pybindgen.typehandlers.ctypeparser.TypeTraits object at 0x7f5da8c50748>))
DEBUG:pybindgen.typehandlers:TypeMatcher.lookup('void')
DEBUG:pybindgen.typehandlers:try to lookup type handler for 'void' => success ((<class 'pybindgen.typehandlers.voidtype.VoidReturn'>, None, <pybindgen.typehandlers.ctypeparser.TypeTraits object at 0x7f5da8c4aa58>))
DEBUG:pybindgen.typehandlers:TypeMatcher.lookup('ns3::Packet *')
DEBUG:pybindgen.typehandlers:try to lookup type handler for 'ns3::Packet *' => success ((<class 'pybindgen.cppclass.MemoryPolicy.register_ptr_parameter_and_return.<locals>.ThisClassPtrParameter'>, None, <pybindgen.typehandlers.ctypeparser.TypeTraits object at 0x7f5da8c4a860>))
/home/cs18/tarballs/ns-allinone-3.34/ns-3.34/src/fd-net-device/bindings/modulegen__gcc_LP64.py:1360: Warning: exception TypeConfigurationError('Missing transfer_ownership option',) in wrapper public: retval? ???::Delete (params?);
  is_static=True)
DEBUG:pybindgen.typehandlers:TypeMatcher.lookup('ns3::DefaultDeleter< ns3::SystemThread > const &')
DEBUG:pybindgen.typehandlers:try to lookup type handler for 'ns3::DefaultDeleter< ns3::SystemThread > const &' => success ((<class 'pybindgen.cppclass.CppClass.__init__.<locals>.ThisClassRefParameter'>, None, <pybindgen.typehandlers.ctypeparser.TypeTraits object at 0x7f5da8c38240>))
DEBUG:pybindgen.typehandlers:TypeMatcher.lookup('void')
DEBUG:pybindgen.typehandlers:try to lookup type handler for 'void' => success ((<class 'pybindgen.typehandlers.voidtype.VoidReturn'>, None, <pybindgen.typehandlers.ctypeparser.TypeTraits object at 0x7f5da8c502b0>))
DEBUG:pybindgen.typehandlers:TypeMatcher.lookup('ns3::SystemThread *')
DEBUG:pybindgen.typehandlers:try to lookup type handler for 'ns3::SystemThread *' => success ((<class 'pybindgen.cppclass.MemoryPolicy.register_ptr_parameter_and_return.<locals>.ThisClassPtrParameter'>, None, <pybindgen.typehandlers.ctypeparser.TypeTraits object at 0x7f5da8c50c18>))
/home/cs18/tarballs/ns-allinone-3.34/ns-3.34/src/fd-net-device/bindings/modulegen__gcc_LP64.py:1372: Warning: exception TypeConfigurationError('Missing transfer_ownership option',) in wrapper public: retval? ???::Delete (params?);
  is_static=True)
DEBUG:pybindgen.typehandlers:TypeMatcher.lookup('ns3::DefaultDeleter< ns3::TraceSourceAccessor > const &')
DEBUG:pybindgen.typehandlers:try to lookup type handler for 'ns3::DefaultDeleter< ns3::TraceSourceAccessor > const &' => success ((<class 'pybindgen.cppclass.CppClass.__init__.<locals>.ThisClassRefParameter'>, None, <pybindgen.typehandlers.ctypeparser.TypeTraits object at 0x7f5da8c57048>))
DEBUG:pybindgen.typehandlers:TypeMatcher.lookup('void')
DEBUG:pybindgen.typehandlers:try to lookup type handler for 'void' => success ((<class 'pybindgen.typehandlers.voidtype.VoidReturn'>, None, <pybindgen.typehandlers.ctypeparser.TypeTraits object at 0x7f5da8c574a8>))
DEBUG:pybindgen.typehandlers:TypeMatcher.lookup('ns3::TraceSourceAccessor *')
DEBUG:pybindgen.typehandlers:try to lookup type handler for 'ns3::TraceSourceAccessor *' => success ((<class 'pybindgen.cppclass.MemoryPolicy.register_ptr_parameter_and_return.<locals>.ThisClassPtrParameter'>, None, <pybindgen.typehandlers.ctypeparser.TypeTraits object at 0x7f5da8c575f8>))
/home/cs18/tarballs/ns-allinone-3.34/ns-3.34/src/fd-net-device/bindings/modulegen__gcc_LP64.py:1384: Warning: exception TypeConfigurationError('Missing transfer_ownership option',) in wrapper public: retval? ???::Delete (params?);
  is_static=True)
DEBUG:pybindgen.typehandlers:TypeMatcher.lookup('ns3::EventId const &')
DEBUG:pybindgen.typehandlers:try to lookup type handler for 'ns3::EventId const &' => success ((<class 'pybindgen.cppclass.CppClass.__init__.<locals>.ThisClassRefParameter'>, None, <pybindgen.typehandlers.ctypeparser.TypeTraits object at 0x7f5da8c57780>))
DEBUG:pybindgen.typehandlers:TypeMatcher.lookup('ns3::Ptr< ns3::EventImpl > const &')
DEBUG:pybindgen.typehandlers:try to lookup type handler for 'ns3::Ptr< ns3::EventImpl > const &' => failure
'ns3::Ptr< ns3::EventImpl > const &' did not match
/home/cs18/tarballs/ns-allinone-3.34/ns-3.34/src/fd-net-device/bindings/modulegen__gcc_LP64.py:1396: Warning: exception TypeLookupError(['ns3::Ptr< ns3::EventImpl > &'],) in wrapper <pybindgen.cppmethod.CppConstructor object at 0x7f5da8c57d68>
  cls.add_constructor([param('ns3::Ptr< ns3::EventImpl > const &', 'impl'), param('uint64_t', 'ts'), param('uint32_t', 'context'), param('uint32_t', 'uid')])
DEBUG:pybindgen.typehandlers:TypeMatcher.lookup('void')
DEBUG:pybindgen.typehandlers:try to lookup type handler for 'void' => success ((<class 'pybindgen.typehandlers.voidtype.VoidReturn'>, None, <pybindgen.typehandlers.ctypeparser.TypeTraits object at 0x7f5da8c57f98>))
DEBUG:pybindgen.typehandlers:TypeMatcher.lookup('uint32_t')
DEBUG:pybindgen.typehandlers:try to lookup type handler for 'uint32_t' => success ((<class 'pybindgen.typehandlers.inttype.UnsignedIntReturn'>, None, <pybindgen.typehandlers.ctypeparser.TypeTraits object at 0x7f5da8be0400>))
DEBUG:pybindgen.typehandlers:TypeMatcher.lookup('uint64_t')
DEBUG:pybindgen.typehandlers:try to lookup type handler for 'uint64_t' => success ((<class 'pybindgen.typehandlers.inttype.UnsignedLongLongReturn'>, None, <pybindgen.typehandlers.ctypeparser.TypeTraits object at 0x7f5da8be0780>))
DEBUG:pybindgen.typehandlers:TypeMatcher.lookup('uint32_t')
DEBUG:pybindgen.typehandlers:try to lookup type handler for 'uint32_t' => success ((<class 'pybindgen.typehandlers.inttype.UnsignedIntReturn'>, None, <pybindgen.typehandlers.ctypeparser.TypeTraits object at 0x7f5da8c57e10>))
DEBUG:pybindgen.typehandlers:TypeMatcher.lookup('bool')
DEBUG:pybindgen.typehandlers:try to lookup type handler for 'bool' => success ((<class 'pybindgen.typehandlers.booltype.BoolReturn'>, None, <pybindgen.typehandlers.ctypeparser.TypeTraits object at 0x7f5da8c575c0>))
DEBUG:pybindgen.typehandlers:TypeMatcher.lookup('bool')
DEBUG:pybindgen.typehandlers:try to lookup type handler for 'bool' => success ((<class 'pybindgen.typehandlers.booltype.BoolReturn'>, None, <pybindgen.typehandlers.ctypeparser.TypeTraits object at 0x7f5da8c4a8d0>))
DEBUG:pybindgen.typehandlers:TypeMatcher.lookup('ns3::EventImpl *')
DEBUG:pybindgen.typehandlers:try to lookup type handler for 'ns3::EventImpl *' => success ((<class 'pybindgen.cppclass.MemoryPolicy.register_ptr_parameter_and_return.<locals>.ThisClassPtrReturn'>, None, <pybindgen.typehandlers.ctypeparser.TypeTraits object at 0x7f5da8be0be0>))
DEBUG:pybindgen.typehandlers:TypeMatcher.lookup('void')
DEBUG:pybindgen.typehandlers:try to lookup type handler for 'void' => success ((<class 'pybindgen.typehandlers.voidtype.VoidReturn'>, None, <pybindgen.typehandlers.ctypeparser.TypeTraits object at 0x7f5da8be0f98>))
DEBUG:pybindgen.typehandlers:TypeMatcher.lookup('ns3::Hasher const &')
DEBUG:pybindgen.typehandlers:try to lookup type handler for 'ns3::Hasher const &' => success ((<class 'pybindgen.cppclass.CppClass.__init__.<locals>.ThisClassRefParameter'>, None, <pybindgen.typehandlers.ctypeparser.TypeTraits object at 0x7f5da8be7400>))
DEBUG:pybindgen.typehandlers:TypeMatcher.lookup('ns3::Ptr< ns3::Hash::Implementation >')
DEBUG:pybindgen.typehandlers:try to lookup type handler for 'ns3::Ptr< ns3::Hash::Implementation >' => failure
DEBUG:pybindgen.typehandlers:try to lookup type handler for 'ns3::Hash::Implementation *' => success ((<class 'pybindgen.cppclass.MemoryPolicy.register_ptr_parameter_and_return.<locals>.ThisClassPtrParameter'>, <ns3modulegen_core_customizations.SmartPointerTransformation object at 0x7f5da907ba90>, <pybindgen.typehandlers.ctypeparser.TypeTraits object at 0x7f5da8be7c88>))
DEBUG:pybindgen.typehandlers:TypeMatcher.lookup('uint32_t')
DEBUG:pybindgen.typehandlers:try to lookup type handler for 'uint32_t' => success ((<class 'pybindgen.typehandlers.inttype.UnsignedIntReturn'>, None, <pybindgen.typehandlers.ctypeparser.TypeTraits object at 0x7f5da8be7e80>))
DEBUG:pybindgen.typehandlers:TypeMatcher.lookup('char const *')
DEBUG:pybindgen.typehandlers:try to lookup type handler for 'char const *' => success ((<class 'pybindgen.typehandlers.stringtype.CStringParam'>, None, <pybindgen.typehandlers.ctypeparser.TypeTraits object at 0x7f5da8be7f98>))
DEBUG:pybindgen.typehandlers:TypeMatcher.lookup('std::size_t const')
DEBUG:pybindgen.typehandlers:try to lookup type handler for 'std::size_t const' => success ((<class 'pybindgen.typehandlers.inttype.SizeTParam'>, None, <pybindgen.typehandlers.ctypeparser.TypeTraits object at 0x7f5da8bee198>))
DEBUG:pybindgen.typehandlers:TypeMatcher.lookup('uint32_t')
DEBUG:pybindgen.typehandlers:try to lookup type handler for 'uint32_t' => success ((<class 'pybindgen.typehandlers.inttype.UnsignedIntReturn'>, None, <pybindgen.typehandlers.ctypeparser.TypeTraits object at 0x7f5da8bee550>))
DEBUG:pybindgen.typehandlers:TypeMatcher.lookup('std::string const')
DEBUG:pybindgen.typehandlers:try to lookup type handler for 'std::string const' => success ((<class 'pybindgen.typehandlers.stringtype.StdStringParam'>, None, <pybindgen.typehandlers.ctypeparser.TypeTraits object at 0x7f5da8bee668>))
DEBUG:pybindgen.typehandlers:TypeMatcher.lookup('uint64_t')
DEBUG:pybindgen.typehandlers:try to lookup type handler for 'uint64_t' => success ((<class 'pybindgen.typehandlers.inttype.UnsignedLongLongReturn'>, None, <pybindgen.typehandlers.ctypeparser.TypeTraits object at 0x7f5da8bee9e8>))
DEBUG:pybindgen.typehandlers:TypeMatcher.lookup('char const *')
DEBUG:pybindgen.typehandlers:try to lookup type handler for 'char const *' => success ((<class 'pybindgen.typehandlers.stringtype.CStringParam'>, None, <pybindgen.typehandlers.ctypeparser.TypeTraits object at 0x7f5da8beeb00>))
DEBUG:pybindgen.typehandlers:TypeMatcher.lookup('std::size_t const')
DEBUG:pybindgen.typehandlers:try to lookup type handler for 'std::size_t const' => success ((<class 'pybindgen.typehandlers.inttype.SizeTParam'>, None, <pybindgen.typehandlers.ctypeparser.TypeTraits object at 0x7f5da8beecc0>))
DEBUG:pybindgen.typehandlers:TypeMatcher.lookup('uint64_t')
DEBUG:pybindgen.typehandlers:try to lookup type handler for 'uint64_t' => success ((<class 'pybindgen.typehandlers.inttype.UnsignedLongLongReturn'>, None, <pybindgen.typehandlers.ctypeparser.TypeTraits object at 0x7f5da8bf60b8>))
DEBUG:pybindgen.typehandlers:TypeMatcher.lookup('std::string const')
DEBUG:pybindgen.typehandlers:try to lookup type handler for 'std::string const' => success ((<class 'pybindgen.typehandlers.stringtype.StdStringParam'>, None, <pybindgen.typehandlers.ctypeparser.TypeTraits object at 0x7f5da8bf61d0>))
DEBUG:pybindgen.typehandlers:TypeMatcher.lookup('ns3::Hasher &')
DEBUG:pybindgen.typehandlers:try to lookup type handler for 'ns3::Hasher &' => success ((<class 'pybindgen.cppclass.CppClass.__init__.<locals>.ThisClassRefReturn'>, None, <pybindgen.typehandlers.ctypeparser.TypeTraits object at 0x7f5da8bf6550>))
DEBUG:pybindgen.typehandlers:TypeMatcher.lookup('ns3::Ipv4Address const &')
DEBUG:pybindgen.typehandlers:try to lookup type handler for 'ns3::Ipv4Address const &' => success ((<class 'pybindgen.cppclass.CppClass.__init__.<locals>.ThisClassRefParameter'>, None, <pybindgen.typehandlers.ctypeparser.TypeTraits object at 0x7f5da8bf6978>))
DEBUG:pybindgen.typehandlers:TypeMatcher.lookup('uint32_t')
DEBUG:pybindgen.typehandlers:try to lookup type handler for 'uint32_t' => success ((<class 'pybindgen.typehandlers.inttype.UnsignedIntParam'>, None, <pybindgen.typehandlers.ctypeparser.TypeTraits object at 0x7f5da8bf6fd0>))
DEBUG:pybindgen.typehandlers:TypeMatcher.lookup('char const *')
DEBUG:pybindgen.typehandlers:try to lookup type handler for 'char const *' => success ((<class 'pybindgen.typehandlers.stringtype.CStringParam'>, None, <pybindgen.typehandlers.ctypeparser.TypeTraits object at 0x7f5da8bfd358>))
DEBUG:pybindgen.typehandlers:TypeMatcher.lookup('ns3::Ipv4Address')
DEBUG:pybindgen.typehandlers:try to lookup type handler for 'ns3::Ipv4Address' => success ((<class 'pybindgen.cppclass.CppClass.__init__.<locals>.ThisClassReturn'>, None, <pybindgen.typehandlers.ctypeparser.TypeTraits object at 0x7f5da8bfd748>))
DEBUG:pybindgen.typehandlers:TypeMatcher.lookup('ns3::Ipv4Mask const &')
DEBUG:pybindgen.typehandlers:try to lookup type handler for 'ns3::Ipv4Mask const &' => success ((<class 'pybindgen.cppclass.CppClass.__init__.<locals>.ThisClassRefParameter'>, None, <pybindgen.typehandlers.ctypeparser.TypeTraits object at 0x7f5da8bfd860>))
DEBUG:pybindgen.typehandlers:TypeMatcher.lookup('ns3::Ipv4Address')
DEBUG:pybindgen.typehandlers:try to lookup type handler for 'ns3::Ipv4Address' => success ((<class 'pybindgen.cppclass.CppClass.__init__.<locals>.ThisClassReturn'>, None, <pybindgen.typehandlers.ctypeparser.TypeTraits object at 0x7f5da8bfdc50>))
DEBUG:pybindgen.typehandlers:TypeMatcher.lookup('ns3::Address const &')
DEBUG:pybindgen.typehandlers:try to lookup type handler for 'ns3::Address const &' => success ((<class 'pybindgen.cppclass.CppClass.__init__.<locals>.ThisClassRefParameter'>, None, <pybindgen.typehandlers.ctypeparser.TypeTraits object at 0x7f5da8bfdd68>))
DEBUG:pybindgen.typehandlers:TypeMatcher.lookup('ns3::Ipv4Address')
DEBUG:pybindgen.typehandlers:try to lookup type handler for 'ns3::Ipv4Address' => success ((<class 'pybindgen.cppclass.CppClass.__init__.<locals>.ThisClassReturn'>, None, <pybindgen.typehandlers.ctypeparser.TypeTraits object at 0x7f5da8c05198>))
DEBUG:pybindgen.typehandlers:TypeMatcher.lookup('uint8_t const *')
DEBUG:pybindgen.typehandlers:try to lookup type handler for 'uint8_t const *' => success ((<class 'pybindgen.typehandlers.inttype.UInt8PtrParam'>, None, <pybindgen.typehandlers.ctypeparser.TypeTraits object at 0x7f5da8c052b0>))
/home/cs18/tarballs/ns-allinone-3.34/ns-3.34/src/fd-net-device/bindings/modulegen__gcc_LP64.py:1493: Warning: exception TypeConfigurationError('direction not given',) in wrapper public: retval? ???::Deserialize (params?);
  is_static=True)
DEBUG:pybindgen.typehandlers:TypeMatcher.lookup('uint32_t')
DEBUG:pybindgen.typehandlers:try to lookup type handler for 'uint32_t' => success ((<class 'pybindgen.typehandlers.inttype.UnsignedIntReturn'>, None, <pybindgen.typehandlers.ctypeparser.TypeTraits object at 0x7f5da8c05400>))
DEBUG:pybindgen.typehandlers:TypeMatcher.lookup('ns3::Ipv4Address')
DEBUG:pybindgen.typehandlers:try to lookup type handler for 'ns3::Ipv4Address' => success ((<class 'pybindgen.cppclass.CppClass.__init__.<locals>.ThisClassReturn'>, None, <pybindgen.typehandlers.ctypeparser.TypeTraits object at 0x7f5da8c05438>))
DEBUG:pybindgen.typehandlers:TypeMatcher.lookup('ns3::Ipv4Address')
DEBUG:pybindgen.typehandlers:try to lookup type handler for 'ns3::Ipv4Address' => success ((<class 'pybindgen.cppclass.CppClass.__init__.<locals>.ThisClassReturn'>, None, <pybindgen.typehandlers.ctypeparser.TypeTraits object at 0x7f5da8c05898>))
DEBUG:pybindgen.typehandlers:TypeMatcher.lookup('ns3::Ipv4Address')
DEBUG:pybindgen.typehandlers:try to lookup type handler for 'ns3::Ipv4Address' => success ((<class 'pybindgen.cppclass.CppClass.__init__.<locals>.ThisClassReturn'>, None, <pybindgen.typehandlers.ctypeparser.TypeTraits object at 0x7f5da8c05c18>))
DEBUG:pybindgen.typehandlers:TypeMatcher.lookup('ns3::Ipv4Address')
DEBUG:pybindgen.typehandlers:try to lookup type handler for 'ns3::Ipv4Address' => success ((<class 'pybindgen.cppclass.CppClass.__init__.<locals>.ThisClassReturn'>, None, <pybindgen.typehandlers.ctypeparser.TypeTraits object at 0x7f5da8c05f98>))
DEBUG:pybindgen.typehandlers:TypeMatcher.lookup('ns3::Ipv4Mask const &')
DEBUG:pybindgen.typehandlers:try to lookup type handler for 'ns3::Ipv4Mask const &' => success ((<class 'pybindgen.cppclass.CppClass.__init__.<locals>.ThisClassRefParameter'>, None, <pybindgen.typehandlers.ctypeparser.TypeTraits object at 0x7f5da8c0c0f0>))
DEBUG:pybindgen.typehandlers:TypeMatcher.lookup('ns3::Ipv4Address')
DEBUG:pybindgen.typehandlers:try to lookup type handler for 'ns3::Ipv4Address' => success ((<class 'pybindgen.cppclass.CppClass.__init__.<locals>.ThisClassReturn'>, None, <pybindgen.typehandlers.ctypeparser.TypeTraits object at 0x7f5da8c0c4e0>))
DEBUG:pybindgen.typehandlers:TypeMatcher.lookup('bool')
DEBUG:pybindgen.typehandlers:try to lookup type handler for 'bool' => success ((<class 'pybindgen.typehandlers.booltype.BoolReturn'>, None, <pybindgen.typehandlers.ctypeparser.TypeTraits object at 0x7f5da8c0c860>))
DEBUG:pybindgen.typehandlers:TypeMatcher.lookup('bool')
DEBUG:pybindgen.typehandlers:try to lookup type handler for 'bool' => success ((<class 'pybindgen.typehandlers.booltype.BoolReturn'>, None, <pybindgen.typehandlers.ctypeparser.TypeTraits object at 0x7f5da8c0cc18>))
DEBUG:pybindgen.typehandlers:TypeMatcher.lookup('bool')
DEBUG:pybindgen.typehandlers:try to lookup type handler for 'bool' => success ((<class 'pybindgen.typehandlers.booltype.BoolReturn'>, None, <pybindgen.typehandlers.ctypeparser.TypeTraits object at 0x7f5da8c0cfd0>))
DEBUG:pybindgen.typehandlers:TypeMatcher.lookup('ns3::Ipv4Address const &')
DEBUG:pybindgen.typehandlers:try to lookup type handler for 'ns3::Ipv4Address const &' => success ((<class 'pybindgen.cppclass.CppClass.__init__.<locals>.ThisClassRefParameter'>, None, <pybindgen.typehandlers.ctypeparser.TypeTraits object at 0x7f5da8c14160>))
DEBUG:pybindgen.typehandlers:TypeMatcher.lookup('bool')
DEBUG:pybindgen.typehandlers:try to lookup type handler for 'bool' => success ((<class 'pybindgen.typehandlers.booltype.BoolReturn'>, None, <pybindgen.typehandlers.ctypeparser.TypeTraits object at 0x7f5da8c14550>))
DEBUG:pybindgen.typehandlers:TypeMatcher.lookup('bool')
DEBUG:pybindgen.typehandlers:try to lookup type handler for 'bool' => success ((<class 'pybindgen.typehandlers.booltype.BoolReturn'>, None, <pybindgen.typehandlers.ctypeparser.TypeTraits object at 0x7f5da8c14908>))
DEBUG:pybindgen.typehandlers:TypeMatcher.lookup('bool')
DEBUG:pybindgen.typehandlers:try to lookup type handler for 'bool' => success ((<class 'pybindgen.typehandlers.booltype.BoolReturn'>, None, <pybindgen.typehandlers.ctypeparser.TypeTraits object at 0x7f5da8c14cc0>))
DEBUG:pybindgen.typehandlers:TypeMatcher.lookup('bool')
DEBUG:pybindgen.typehandlers:try to lookup type handler for 'bool' => success ((<class 'pybindgen.typehandlers.booltype.BoolReturn'>, None, <pybindgen.typehandlers.ctypeparser.TypeTraits object at 0x7f5da8c1a0b8>))
DEBUG:pybindgen.typehandlers:TypeMatcher.lookup('ns3::Address const &')
DEBUG:pybindgen.typehandlers:try to lookup type handler for 'ns3::Address const &' => success ((<class 'pybindgen.cppclass.CppClass.__init__.<locals>.ThisClassRefParameter'>, None, <pybindgen.typehandlers.ctypeparser.TypeTraits object at 0x7f5da8c1a208>))
DEBUG:pybindgen.typehandlers:TypeMatcher.lookup('bool')
DEBUG:pybindgen.typehandlers:try to lookup type handler for 'bool' => success ((<class 'pybindgen.typehandlers.booltype.BoolReturn'>, None, <pybindgen.typehandlers.ctypeparser.TypeTraits object at 0x7f5da8c1a5f8>))
DEBUG:pybindgen.typehandlers:TypeMatcher.lookup('bool')
DEBUG:pybindgen.typehandlers:try to lookup type handler for 'bool' => success ((<class 'pybindgen.typehandlers.booltype.BoolReturn'>, None, <pybindgen.typehandlers.ctypeparser.TypeTraits object at 0x7f5da8c1a9b0>))
DEBUG:pybindgen.typehandlers:TypeMatcher.lookup('ns3::Ipv4Mask const &')
DEBUG:pybindgen.typehandlers:try to lookup type handler for 'ns3::Ipv4Mask const &' => success ((<class 'pybindgen.cppclass.CppClass.__init__.<locals>.ThisClassRefParameter'>, None, <pybindgen.typehandlers.ctypeparser.TypeTraits object at 0x7f5da8c1ab00>))
DEBUG:pybindgen.typehandlers:TypeMatcher.lookup('void')
DEBUG:pybindgen.typehandlers:try to lookup type handler for 'void' => success ((<class 'pybindgen.typehandlers.voidtype.VoidReturn'>, None, <pybindgen.typehandlers.ctypeparser.TypeTraits object at 0x7f5da8c1aef0>))
DEBUG:pybindgen.typehandlers:TypeMatcher.lookup('std::ostream &')
DEBUG:pybindgen.typehandlers:try to lookup type handler for 'std::ostream &' => failure
'std::ostream &' did not match
/home/cs18/tarballs/ns-allinone-3.34/ns-3.34/src/fd-net-device/bindings/modulegen__gcc_LP64.py:1573: Warning: exception TypeLookupError(['std::ostream &'],) in wrapper public: retval? ???::Print (params?) const;
  is_const=True)
DEBUG:pybindgen.typehandlers:TypeMatcher.lookup('void')
DEBUG:pybindgen.typehandlers:try to lookup type handler for 'void' => success ((<class 'pybindgen.typehandlers.voidtype.VoidReturn'>, None, <pybindgen.typehandlers.ctypeparser.TypeTraits object at 0x7f5da8ba3198>))
DEBUG:pybindgen.typehandlers:TypeMatcher.lookup('uint8_t *')
DEBUG:pybindgen.typehandlers:try to lookup type handler for 'uint8_t *' => success ((<class 'pybindgen.typehandlers.inttype.UInt8PtrParam'>, None, <pybindgen.typehandlers.ctypeparser.TypeTraits object at 0x7f5da8ba32b0>))
/home/cs18/tarballs/ns-allinone-3.34/ns-3.34/src/fd-net-device/bindings/modulegen__gcc_LP64.py:1578: Warning: exception TypeConfigurationError('direction not given',) in wrapper public: retval? ???::Serialize (params?) const;
  is_const=True)
DEBUG:pybindgen.typehandlers:TypeMatcher.lookup('void')
DEBUG:pybindgen.typehandlers:try to lookup type handler for 'void' => success ((<class 'pybindgen.typehandlers.voidtype.VoidReturn'>, None, <pybindgen.typehandlers.ctypeparser.TypeTraits object at 0x7f5da8ba3390>))
DEBUG:pybindgen.typehandlers:TypeMatcher.lookup('uint32_t')
DEBUG:pybindgen.typehandlers:try to lookup type handler for 'uint32_t' => success ((<class 'pybindgen.typehandlers.inttype.UnsignedIntParam'>, None, <pybindgen.typehandlers.ctypeparser.TypeTraits object at 0x7f5da8ba3550>))
DEBUG:pybindgen.typehandlers:TypeMatcher.lookup('void')
DEBUG:pybindgen.typehandlers:try to lookup type handler for 'void' => success ((<class 'pybindgen.typehandlers.voidtype.VoidReturn'>, None, <pybindgen.typehandlers.ctypeparser.TypeTraits object at 0x7f5da8ba3898>))
DEBUG:pybindgen.typehandlers:TypeMatcher.lookup('char const *')
DEBUG:pybindgen.typehandlers:try to lookup type handler for 'char const *' => success ((<class 'pybindgen.typehandlers.stringtype.CStringParam'>, None, <pybindgen.typehandlers.ctypeparser.TypeTraits object at 0x7f5da8ba39e8>))
DEBUG:pybindgen.typehandlers:TypeMatcher.lookup('ns3::Ipv4AddressHash const &')
DEBUG:pybindgen.typehandlers:try to lookup type handler for 'ns3::Ipv4AddressHash const &' => success ((<class 'pybindgen.cppclass.CppClass.__init__.<locals>.ThisClassRefParameter'>, None, <pybindgen.typehandlers.ctypeparser.TypeTraits object at 0x7f5da8ba90b8>))
DEBUG:pybindgen.typehandlers:TypeMatcher.lookup('size_t')
DEBUG:pybindgen.typehandlers:try to lookup type handler for 'size_t' => success ((<class 'pybindgen.typehandlers.inttype.SizeTReturn'>, None, <pybindgen.typehandlers.ctypeparser.TypeTraits object at 0x7f5da8ba32e8>))
DEBUG:pybindgen.typehandlers:TypeMatcher.lookup('ns3::Ipv4Address const &')
DEBUG:pybindgen.typehandlers:try to lookup type handler for 'ns3::Ipv4Address const &' => success ((<class 'pybindgen.cppclass.CppClass.__init__.<locals>.ThisClassRefParameter'>, None, <pybindgen.typehandlers.ctypeparser.TypeTraits object at 0x7f5da8ba31d0>))
DEBUG:pybindgen.typehandlers:TypeMatcher.lookup('ns3::Ipv4Mask const &')
DEBUG:pybindgen.typehandlers:try to lookup type handler for 'ns3::Ipv4Mask const &' => success ((<class 'pybindgen.cppclass.CppClass.__init__.<locals>.ThisClassRefParameter'>, None, <pybindgen.typehandlers.ctypeparser.TypeTraits object at 0x7f5da8ba9518>))
DEBUG:pybindgen.typehandlers:TypeMatcher.lookup('uint32_t')
DEBUG:pybindgen.typehandlers:try to lookup type handler for 'uint32_t' => success ((<class 'pybindgen.typehandlers.inttype.UnsignedIntParam'>, None, <pybindgen.typehandlers.ctypeparser.TypeTraits object at 0x7f5da8ba9b70>))
DEBUG:pybindgen.typehandlers:TypeMatcher.lookup('char const *')
DEBUG:pybindgen.typehandlers:try to lookup type handler for 'char const *' => success ((<class 'pybindgen.typehandlers.stringtype.CStringParam'>, None, <pybindgen.typehandlers.ctypeparser.TypeTraits object at 0x7f5da8ba9eb8>))
DEBUG:pybindgen.typehandlers:TypeMatcher.lookup('uint32_t')
DEBUG:pybindgen.typehandlers:try to lookup type handler for 'uint32_t' => success ((<class 'pybindgen.typehandlers.inttype.UnsignedIntReturn'>, None, <pybindgen.typehandlers.ctypeparser.TypeTraits object at 0x7f5da8bb32e8>))
DEBUG:pybindgen.typehandlers:TypeMatcher.lookup('uint32_t')
DEBUG:pybindgen.typehandlers:try to lookup type handler for 'uint32_t' => success ((<class 'pybindgen.typehandlers.inttype.UnsignedIntReturn'>, None, <pybindgen.typehandlers.ctypeparser.TypeTraits object at 0x7f5da8bb3668>))
DEBUG:pybindgen.typehandlers:TypeMatcher.lookup('ns3::Ipv4Mask')
DEBUG:pybindgen.typehandlers:try to lookup type handler for 'ns3::Ipv4Mask' => success ((<class 'pybindgen.cppclass.CppClass.__init__.<locals>.ThisClassReturn'>, None, <pybindgen.typehandlers.ctypeparser.TypeTraits object at 0x7f5da8bb39e8>))
DEBUG:pybindgen.typehandlers:TypeMatcher.lookup('ns3::Ipv4Mask')
DEBUG:pybindgen.typehandlers:try to lookup type handler for 'ns3::Ipv4Mask' => success ((<class 'pybindgen.cppclass.CppClass.__init__.<locals>.ThisClassReturn'>, None, <pybindgen.typehandlers.ctypeparser.TypeTraits object at 0x7f5da8bb3d68>))
DEBUG:pybindgen.typehandlers:TypeMatcher.lookup('uint16_t')
DEBUG:pybindgen.typehandlers:try to lookup type handler for 'uint16_t' => success ((<class 'pybindgen.typehandlers.inttype.UInt16Return'>, None, <pybindgen.typehandlers.ctypeparser.TypeTraits object at 0x7f5da8bba128>))
DEBUG:pybindgen.typehandlers:TypeMatcher.lookup('ns3::Ipv4Mask')
DEBUG:pybindgen.typehandlers:try to lookup type handler for 'ns3::Ipv4Mask' => success ((<class 'pybindgen.cppclass.CppClass.__init__.<locals>.ThisClassReturn'>, None, <pybindgen.typehandlers.ctypeparser.TypeTraits object at 0x7f5da8bba4a8>))
DEBUG:pybindgen.typehandlers:TypeMatcher.lookup('bool')
DEBUG:pybindgen.typehandlers:try to lookup type handler for 'bool' => success ((<class 'pybindgen.typehandlers.booltype.BoolReturn'>, None, <pybindgen.typehandlers.ctypeparser.TypeTraits object at 0x7f5da8bba828>))
DEBUG:pybindgen.typehandlers:TypeMatcher.lookup('ns3::Ipv4Mask')
DEBUG:pybindgen.typehandlers:try to lookup type handler for 'ns3::Ipv4Mask' => success ((<class 'pybindgen.cppclass.CppClass.__init__.<locals>.ThisClassParameter'>, None, <pybindgen.typehandlers.ctypeparser.TypeTraits object at 0x7f5da8bba978>))
DEBUG:pybindgen.typehandlers:TypeMatcher.lookup('bool')
DEBUG:pybindgen.typehandlers:try to lookup type handler for 'bool' => success ((<class 'pybindgen.typehandlers.booltype.BoolReturn'>, None, <pybindgen.typehandlers.ctypeparser.TypeTraits object at 0x7f5da8bbacc0>))
DEBUG:pybindgen.typehandlers:TypeMatcher.lookup('ns3::Ipv4Address')
DEBUG:pybindgen.typehandlers:try to lookup type handler for 'ns3::Ipv4Address' => success ((<class 'pybindgen.cppclass.CppClass.__init__.<locals>.ThisClassParameter'>, None, <pybindgen.typehandlers.ctypeparser.TypeTraits object at 0x7f5da8bbae10>))
DEBUG:pybindgen.typehandlers:TypeMatcher.lookup('ns3::Ipv4Address')
DEBUG:pybindgen.typehandlers:try to lookup type handler for 'ns3::Ipv4Address' => success ((<class 'pybindgen.cppclass.CppClass.__init__.<locals>.ThisClassParameter'>, None, <pybindgen.typehandlers.ctypeparser.TypeTraits object at 0x7f5da8bbaeb8>))
DEBUG:pybindgen.typehandlers:TypeMatcher.lookup('void')
DEBUG:pybindgen.typehandlers:try to lookup type handler for 'void' => success ((<class 'pybindgen.typehandlers.voidtype.VoidReturn'>, None, <pybindgen.typehandlers.ctypeparser.TypeTraits object at 0x7f5da8bc4278>))
DEBUG:pybindgen.typehandlers:TypeMatcher.lookup('std::ostream &')
DEBUG:pybindgen.typehandlers:try to lookup type handler for 'std::ostream &' => failure
'std::ostream &' did not match
/home/cs18/tarballs/ns-allinone-3.34/ns-3.34/src/fd-net-device/bindings/modulegen__gcc_LP64.py:1657: Warning: exception TypeLookupError(['std::ostream &'],) in wrapper public: retval? ???::Print (params?) const;
  is_const=True)
DEBUG:pybindgen.typehandlers:TypeMatcher.lookup('void')
DEBUG:pybindgen.typehandlers:try to lookup type handler for 'void' => success ((<class 'pybindgen.typehandlers.voidtype.VoidReturn'>, None, <pybindgen.typehandlers.ctypeparser.TypeTraits object at 0x7f5da8bc44e0>))
DEBUG:pybindgen.typehandlers:TypeMatcher.lookup('uint32_t')
DEBUG:pybindgen.typehandlers:try to lookup type handler for 'uint32_t' => success ((<class 'pybindgen.typehandlers.inttype.UnsignedIntParam'>, None, <pybindgen.typehandlers.ctypeparser.TypeTraits object at 0x7f5da8bc45f8>))
DEBUG:pybindgen.typehandlers:TypeMatcher.lookup('char const *')
DEBUG:pybindgen.typehandlers:try to lookup type handler for 'char const *' => success ((<class 'pybindgen.typehandlers.stringtype.CStringParam'>, None, <pybindgen.typehandlers.ctypeparser.TypeTraits object at 0x7f5da8bc4be0>))
DEBUG:pybindgen.typehandlers:TypeMatcher.lookup('uint8_t *')
DEBUG:pybindgen.typehandlers:try to lookup type handler for 'uint8_t *' => success ((<class 'pybindgen.typehandlers.inttype.UInt8PtrParam'>, None, <pybindgen.typehandlers.ctypeparser.TypeTraits object at 0x7f5da8bca048>))
/home/cs18/tarballs/ns-allinone-3.34/ns-3.34/src/fd-net-device/bindings/modulegen__gcc_LP64.py:1674: Warning: exception TypeConfigurationError('direction not given',) in wrapper <pybindgen.cppmethod.CppConstructor object at 0x7f5da8bc4f98>
  cls.add_constructor([param('uint8_t *', 'address')])
DEBUG:pybindgen.typehandlers:TypeMatcher.lookup('ns3::Ipv6Address const &')
DEBUG:pybindgen.typehandlers:try to lookup type handler for 'ns3::Ipv6Address const &' => success ((<class 'pybindgen.cppclass.CppClass.__init__.<locals>.ThisClassRefParameter'>, None, <pybindgen.typehandlers.ctypeparser.TypeTraits object at 0x7f5da8bca1d0>))
DEBUG:pybindgen.typehandlers:TypeMatcher.lookup('ns3::Ipv6Address const *')
DEBUG:pybindgen.typehandlers:try to lookup type handler for 'ns3::Ipv6Address const *' => success ((<class 'pybindgen.cppclass.CppClass.__init__.<locals>.ThisClassPtrParameter'>, None, <pybindgen.typehandlers.ctypeparser.TypeTraits object at 0x7f5da8bca5c0>))
DEBUG:pybindgen.typehandlers:TypeMatcher.lookup('ns3::Ipv6Address')
DEBUG:pybindgen.typehandlers:try to lookup type handler for 'ns3::Ipv6Address' => success ((<class 'pybindgen.cppclass.CppClass.__init__.<locals>.ThisClassReturn'>, None, <pybindgen.typehandlers.ctypeparser.TypeTraits object at 0x7f5da8bca978>))
DEBUG:pybindgen.typehandlers:TypeMatcher.lookup('ns3::Ipv6Prefix const &')
DEBUG:pybindgen.typehandlers:try to lookup type handler for 'ns3::Ipv6Prefix const &' => success ((<class 'pybindgen.cppclass.CppClass.__init__.<locals>.ThisClassRefParameter'>, None, <pybindgen.typehandlers.ctypeparser.TypeTraits object at 0x7f5da8bcaa90>))
DEBUG:pybindgen.typehandlers:TypeMatcher.lookup('ns3::Ipv6Address')
DEBUG:pybindgen.typehandlers:try to lookup type handler for 'ns3::Ipv6Address' => success ((<class 'pybindgen.cppclass.CppClass.__init__.<locals>.ThisClassReturn'>, None, <pybindgen.typehandlers.ctypeparser.TypeTraits object at 0x7f5da8bc4fd0>))
DEBUG:pybindgen.typehandlers:TypeMatcher.lookup('ns3::Address const &')
DEBUG:pybindgen.typehandlers:try to lookup type handler for 'ns3::Address const &' => success ((<class 'pybindgen.cppclass.CppClass.__init__.<locals>.ThisClassRefParameter'>, None, <pybindgen.typehandlers.ctypeparser.TypeTraits object at 0x7f5da8bc4240>))
DEBUG:pybindgen.typehandlers:TypeMatcher.lookup('ns3::Ipv6Address')
DEBUG:pybindgen.typehandlers:try to lookup type handler for 'ns3::Ipv6Address' => success ((<class 'pybindgen.cppclass.CppClass.__init__.<locals>.ThisClassReturn'>, None, <pybindgen.typehandlers.ctypeparser.TypeTraits object at 0x7f5da8bcafd0>))
DEBUG:pybindgen.typehandlers:TypeMatcher.lookup('uint8_t const *')
DEBUG:pybindgen.typehandlers:try to lookup type handler for 'uint8_t const *' => success ((<class 'pybindgen.typehandlers.inttype.UInt8PtrParam'>, None, <pybindgen.typehandlers.ctypeparser.TypeTraits object at 0x7f5da8bd2128>))
/home/cs18/tarballs/ns-allinone-3.34/ns-3.34/src/fd-net-device/bindings/modulegen__gcc_LP64.py:1693: Warning: exception TypeConfigurationError('direction not given',) in wrapper public: retval? ???::Deserialize (params?);
  is_static=True)
DEBUG:pybindgen.typehandlers:TypeMatcher.lookup('ns3::Ipv6Address')
DEBUG:pybindgen.typehandlers:try to lookup type handler for 'ns3::Ipv6Address' => success ((<class 'pybindgen.cppclass.CppClass.__init__.<locals>.ThisClassReturn'>, None, <pybindgen.typehandlers.ctypeparser.TypeTraits object at 0x7f5da8bd2278>))
DEBUG:pybindgen.typehandlers:TypeMatcher.lookup('ns3::Ipv6Address')
DEBUG:pybindgen.typehandlers:try to lookup type handler for 'ns3::Ipv6Address' => success ((<class 'pybindgen.cppclass.CppClass.__init__.<locals>.ThisClassReturn'>, None, <pybindgen.typehandlers.ctypeparser.TypeTraits object at 0x7f5da8bd2668>))
DEBUG:pybindgen.typehandlers:TypeMatcher.lookup('ns3::Ipv6Address')
DEBUG:pybindgen.typehandlers:try to lookup type handler for 'ns3::Ipv6Address' => success ((<class 'pybindgen.cppclass.CppClass.__init__.<locals>.ThisClassReturn'>, None, <pybindgen.typehandlers.ctypeparser.TypeTraits object at 0x7f5da8bd29e8>))
DEBUG:pybindgen.typehandlers:TypeMatcher.lookup('ns3::Ipv6Address')
DEBUG:pybindgen.typehandlers:try to lookup type handler for 'ns3::Ipv6Address' => success ((<class 'pybindgen.cppclass.CppClass.__init__.<locals>.ThisClassReturn'>, None, <pybindgen.typehandlers.ctypeparser.TypeTraits object at 0x7f5da8bd2d68>))
DEBUG:pybindgen.typehandlers:TypeMatcher.lookup('void')
DEBUG:pybindgen.typehandlers:try to lookup type handler for 'void' => success ((<class 'pybindgen.typehandlers.voidtype.VoidReturn'>, None, <pybindgen.typehandlers.ctypeparser.TypeTraits object at 0x7f5da8bd7128>))
DEBUG:pybindgen.typehandlers:TypeMatcher.lookup('uint8_t *')
DEBUG:pybindgen.typehandlers:try to lookup type handler for 'uint8_t *' => success ((<class 'pybindgen.typehandlers.inttype.UInt8PtrParam'>, None, <pybindgen.typehandlers.ctypeparser.TypeTraits object at 0x7f5da8bd7278>))
/home/cs18/tarballs/ns-allinone-3.34/ns-3.34/src/fd-net-device/bindings/modulegen__gcc_LP64.py:1718: Warning: exception TypeConfigurationError('direction not given',) in wrapper public: retval? ???::GetBytes (params?) const;
  is_const=True)
DEBUG:pybindgen.typehandlers:TypeMatcher.lookup('ns3::Ipv4Address')
DEBUG:pybindgen.typehandlers:try to lookup type handler for 'ns3::Ipv4Address' => success ((<class 'pybindgen.cppclass.CppClass.__init__.<locals>.ThisClassReturn'>, None, <pybindgen.typehandlers.ctypeparser.TypeTraits object at 0x7f5da8bd7358>))
DEBUG:pybindgen.typehandlers:TypeMatcher.lookup('ns3::Ipv6Address')
DEBUG:pybindgen.typehandlers:try to lookup type handler for 'ns3::Ipv6Address' => success ((<class 'pybindgen.cppclass.CppClass.__init__.<locals>.ThisClassReturn'>, None, <pybindgen.typehandlers.ctypeparser.TypeTraits object at 0x7f5da8bd7748>))
DEBUG:pybindgen.typehandlers:TypeMatcher.lookup('ns3::Ipv6Address')
DEBUG:pybindgen.typehandlers:try to lookup type handler for 'ns3::Ipv6Address' => success ((<class 'pybindgen.cppclass.CppClass.__init__.<locals>.ThisClassReturn'>, None, <pybindgen.typehandlers.ctypeparser.TypeTraits object at 0x7f5da8bd7ac8>))
DEBUG:pybindgen.typehandlers:TypeMatcher.lookup('ns3::Ipv6Address')
DEBUG:pybindgen.typehandlers:try to lookup type handler for 'ns3::Ipv6Address' => success ((<class 'pybindgen.cppclass.CppClass.__init__.<locals>.ThisClassReturn'>, None, <pybindgen.typehandlers.ctypeparser.TypeTraits object at 0x7f5da8bd7e48>))
DEBUG:pybindgen.typehandlers:TypeMatcher.lookup('bool')
DEBUG:pybindgen.typehandlers:try to lookup type handler for 'bool' => success ((<class 'pybindgen.typehandlers.booltype.BoolReturn'>, None, <pybindgen.typehandlers.ctypeparser.TypeTraits object at 0x7f5da8b60208>))
DEBUG:pybindgen.typehandlers:TypeMatcher.lookup('ns3::Ipv6Prefix const &')
DEBUG:pybindgen.typehandlers:try to lookup type handler for 'ns3::Ipv6Prefix const &' => success ((<class 'pybindgen.cppclass.CppClass.__init__.<locals>.ThisClassRefParameter'>, None, <pybindgen.typehandlers.ctypeparser.TypeTraits object at 0x7f5da8bd7320>))
DEBUG:pybindgen.typehandlers:TypeMatcher.lookup('bool')
DEBUG:pybindgen.typehandlers:try to lookup type handler for 'bool' => success ((<class 'pybindgen.typehandlers.booltype.BoolReturn'>, None, <pybindgen.typehandlers.ctypeparser.TypeTraits object at 0x7f5da8bd20b8>))
DEBUG:pybindgen.typehandlers:TypeMatcher.lookup('bool')
DEBUG:pybindgen.typehandlers:try to lookup type handler for 'bool' => success ((<class 'pybindgen.typehandlers.booltype.BoolReturn'>, None, <pybindgen.typehandlers.ctypeparser.TypeTraits object at 0x7f5da8b60588>))
DEBUG:pybindgen.typehandlers:TypeMatcher.lookup('bool')
DEBUG:pybindgen.typehandlers:try to lookup type handler for 'bool' => success ((<class 'pybindgen.typehandlers.booltype.BoolReturn'>, None, <pybindgen.typehandlers.ctypeparser.TypeTraits object at 0x7f5da8b60940>))
DEBUG:pybindgen.typehandlers:TypeMatcher.lookup('bool')
DEBUG:pybindgen.typehandlers:try to lookup type handler for 'bool' => success ((<class 'pybindgen.typehandlers.booltype.BoolReturn'>, None, <pybindgen.typehandlers.ctypeparser.TypeTraits object at 0x7f5da8b60cf8>))
DEBUG:pybindgen.typehandlers:TypeMatcher.lookup('bool')
DEBUG:pybindgen.typehandlers:try to lookup type handler for 'bool' => success ((<class 'pybindgen.typehandlers.booltype.BoolReturn'>, None, <pybindgen.typehandlers.ctypeparser.TypeTraits object at 0x7f5da8b680f0>))
DEBUG:pybindgen.typehandlers:TypeMatcher.lookup('ns3::Ipv6Address const &')
DEBUG:pybindgen.typehandlers:try to lookup type handler for 'ns3::Ipv6Address const &' => success ((<class 'pybindgen.cppclass.CppClass.__init__.<locals>.ThisClassRefParameter'>, None, <pybindgen.typehandlers.ctypeparser.TypeTraits object at 0x7f5da8b68240>))
DEBUG:pybindgen.typehandlers:TypeMatcher.lookup('bool')
DEBUG:pybindgen.typehandlers:try to lookup type handler for 'bool' => success ((<class 'pybindgen.typehandlers.booltype.BoolReturn'>, None, <pybindgen.typehandlers.ctypeparser.TypeTraits object at 0x7f5da8b68630>))
DEBUG:pybindgen.typehandlers:TypeMatcher.lookup('bool')
DEBUG:pybindgen.typehandlers:try to lookup type handler for 'bool' => success ((<class 'pybindgen.typehandlers.booltype.BoolReturn'>, None, <pybindgen.typehandlers.ctypeparser.TypeTraits object at 0x7f5da8b689e8>))
DEBUG:pybindgen.typehandlers:TypeMatcher.lookup('bool')
DEBUG:pybindgen.typehandlers:try to lookup type handler for 'bool' => success ((<class 'pybindgen.typehandlers.booltype.BoolReturn'>, None, <pybindgen.typehandlers.ctypeparser.TypeTraits object at 0x7f5da8b68da0>))
DEBUG:pybindgen.typehandlers:TypeMatcher.lookup('bool')
DEBUG:pybindgen.typehandlers:try to lookup type handler for 'bool' => success ((<class 'pybindgen.typehandlers.booltype.BoolReturn'>, None, <pybindgen.typehandlers.ctypeparser.TypeTraits object at 0x7f5da8b6e198>))
DEBUG:pybindgen.typehandlers:TypeMatcher.lookup('bool')
DEBUG:pybindgen.typehandlers:try to lookup type handler for 'bool' => success ((<class 'pybindgen.typehandlers.booltype.BoolReturn'>, None, <pybindgen.typehandlers.ctypeparser.TypeTraits object at 0x7f5da8b6e550>))
DEBUG:pybindgen.typehandlers:TypeMatcher.lookup('bool')
DEBUG:pybindgen.typehandlers:try to lookup type handler for 'bool' => success ((<class 'pybindgen.typehandlers.booltype.BoolReturn'>, None, <pybindgen.typehandlers.ctypeparser.TypeTraits object at 0x7f5da8b6e908>))
DEBUG:pybindgen.typehandlers:TypeMatcher.lookup('ns3::Address const &')
DEBUG:pybindgen.typehandlers:try to lookup type handler for 'ns3::Address const &' => success ((<class 'pybindgen.cppclass.CppClass.__init__.<locals>.ThisClassRefParameter'>, None, <pybindgen.typehandlers.ctypeparser.TypeTraits object at 0x7f5da8b6ea58>))
DEBUG:pybindgen.typehandlers:TypeMatcher.lookup('bool')
DEBUG:pybindgen.typehandlers:try to lookup type handler for 'bool' => success ((<class 'pybindgen.typehandlers.booltype.BoolReturn'>, None, <pybindgen.typehandlers.ctypeparser.TypeTraits object at 0x7f5da8b6ee48>))
DEBUG:pybindgen.typehandlers:TypeMatcher.lookup('bool')
DEBUG:pybindgen.typehandlers:try to lookup type handler for 'bool' => success ((<class 'pybindgen.typehandlers.booltype.BoolReturn'>, None, <pybindgen.typehandlers.ctypeparser.TypeTraits object at 0x7f5da8b78240>))
DEBUG:pybindgen.typehandlers:TypeMatcher.lookup('ns3::Ipv6Address')
DEBUG:pybindgen.typehandlers:try to lookup type handler for 'ns3::Ipv6Address' => success ((<class 'pybindgen.cppclass.CppClass.__init__.<locals>.ThisClassReturn'>, None, <pybindgen.typehandlers.ctypeparser.TypeTraits object at 0x7f5da8b785f8>))
DEBUG:pybindgen.typehandlers:TypeMatcher.lookup('ns3::Address')
DEBUG:pybindgen.typehandlers:try to lookup type handler for 'ns3::Address' => success ((<class 'pybindgen.cppclass.CppClass.__init__.<locals>.ThisClassParameter'>, None, <pybindgen.typehandlers.ctypeparser.TypeTraits object at 0x7f5da8b78710>))
DEBUG:pybindgen.typehandlers:TypeMatcher.lookup('ns3::Ipv6Address')
DEBUG:pybindgen.typehandlers:try to lookup type handler for 'ns3::Ipv6Address' => success ((<class 'pybindgen.cppclass.CppClass.__init__.<locals>.ThisClassParameter'>, None, <pybindgen.typehandlers.ctypeparser.TypeTraits object at 0x7f5da8b787b8>))
DEBUG:pybindgen.typehandlers:TypeMatcher.lookup('ns3::Ipv6Address')
DEBUG:pybindgen.typehandlers:try to lookup type handler for 'ns3::Ipv6Address' => success ((<class 'pybindgen.cppclass.CppClass.__init__.<locals>.ThisClassReturn'>, None, <pybindgen.typehandlers.ctypeparser.TypeTraits object at 0x7f5da8b78b38>))
DEBUG:pybindgen.typehandlers:TypeMatcher.lookup('ns3::Address')
DEBUG:pybindgen.typehandlers:try to lookup type handler for 'ns3::Address' => success ((<class 'pybindgen.cppclass.CppClass.__init__.<locals>.ThisClassParameter'>, None, <pybindgen.typehandlers.ctypeparser.TypeTraits object at 0x7f5da8b78c50>))
DEBUG:pybindgen.typehandlers:TypeMatcher.lookup('ns3::Ipv6Prefix')
DEBUG:pybindgen.typehandlers:try to lookup type handler for 'ns3::Ipv6Prefix' => success ((<class 'pybindgen.cppclass.CppClass.__init__.<locals>.ThisClassParameter'>, None, <pybindgen.typehandlers.ctypeparser.TypeTraits object at 0x7f5da8b78cf8>))
DEBUG:pybindgen.typehandlers:TypeMatcher.lookup('ns3::Ipv6Address')
DEBUG:pybindgen.typehandlers:try to lookup type handler for 'ns3::Ipv6Address' => success ((<class 'pybindgen.cppclass.CppClass.__init__.<locals>.ThisClassReturn'>, None, <pybindgen.typehandlers.ctypeparser.TypeTraits object at 0x7f5da8b7d080>))
DEBUG:pybindgen.typehandlers:TypeMatcher.lookup('ns3::Mac16Address')
DEBUG:pybindgen.typehandlers:try to lookup type handler for 'ns3::Mac16Address' => failure
'ns3::Mac16Address' did not match
/home/cs18/tarballs/ns-allinone-3.34/ns-3.34/src/fd-net-device/bindings/modulegen__gcc_LP64.py:1823: Warning: exception TypeLookupError(['ns3::Mac16Address'],) in wrapper public: retval? ???::MakeAutoconfiguredAddress (params?);
  is_static=True)
DEBUG:pybindgen.typehandlers:TypeMatcher.lookup('ns3::Ipv6Address')
DEBUG:pybindgen.typehandlers:try to lookup type handler for 'ns3::Ipv6Address' => success ((<class 'pybindgen.cppclass.CppClass.__init__.<locals>.ThisClassReturn'>, None, <pybindgen.typehandlers.ctypeparser.TypeTraits object at 0x7f5da8b7d278>))
DEBUG:pybindgen.typehandlers:TypeMatcher.lookup('ns3::Mac48Address')
DEBUG:pybindgen.typehandlers:try to lookup type handler for 'ns3::Mac48Address' => success ((<class 'pybindgen.cppclass.CppClass.__init__.<locals>.ThisClassParameter'>, None, <pybindgen.typehandlers.ctypeparser.TypeTraits object at 0x7f5da8b7d358>))
DEBUG:pybindgen.typehandlers:TypeMatcher.lookup('ns3::Ipv6Address')
DEBUG:pybindgen.typehandlers:try to lookup type handler for 'ns3::Ipv6Address' => success ((<class 'pybindgen.cppclass.CppClass.__init__.<locals>.ThisClassParameter'>, None, <pybindgen.typehandlers.ctypeparser.TypeTraits object at 0x7f5da8b7d400>))
DEBUG:pybindgen.typehandlers:TypeMatcher.lookup('ns3::Ipv6Address')
DEBUG:pybindgen.typehandlers:try to lookup type handler for 'ns3::Ipv6Address' => success ((<class 'pybindgen.cppclass.CppClass.__init__.<locals>.ThisClassReturn'>, None, <pybindgen.typehandlers.ctypeparser.TypeTraits object at 0x7f5da8b7d748>))
DEBUG:pybindgen.typehandlers:TypeMatcher.lookup('ns3::Mac64Address')
DEBUG:pybindgen.typehandlers:try to lookup type handler for 'ns3::Mac64Address' => failure
'ns3::Mac64Address' did not match
/home/cs18/tarballs/ns-allinone-3.34/ns-3.34/src/fd-net-device/bindings/modulegen__gcc_LP64.py:1833: Warning: exception TypeLookupError(['ns3::Mac64Address'],) in wrapper public: retval? ???::MakeAutoconfiguredAddress (params?);
  is_static=True)
DEBUG:pybindgen.typehandlers:TypeMatcher.lookup('ns3::Ipv6Address')
DEBUG:pybindgen.typehandlers:try to lookup type handler for 'ns3::Ipv6Address' => success ((<class 'pybindgen.cppclass.CppClass.__init__.<locals>.ThisClassReturn'>, None, <pybindgen.typehandlers.ctypeparser.TypeTraits object at 0x7f5da8b7d940>))
DEBUG:pybindgen.typehandlers:TypeMatcher.lookup('ns3::Mac8Address')
DEBUG:pybindgen.typehandlers:try to lookup type handler for 'ns3::Mac8Address' => success ((<class 'pybindgen.cppclass.CppClass.__init__.<locals>.ThisClassParameter'>, None, <pybindgen.typehandlers.ctypeparser.TypeTraits object at 0x7f5da8b7da20>))
DEBUG:pybindgen.typehandlers:TypeMatcher.lookup('ns3::Ipv6Address')
DEBUG:pybindgen.typehandlers:try to lookup type handler for 'ns3::Ipv6Address' => success ((<class 'pybindgen.cppclass.CppClass.__init__.<locals>.ThisClassParameter'>, None, <pybindgen.typehandlers.ctypeparser.TypeTraits object at 0x7f5da8b7dac8>))
DEBUG:pybindgen.typehandlers:TypeMatcher.lookup('ns3::Ipv6Address')
DEBUG:pybindgen.typehandlers:try to lookup type handler for 'ns3::Ipv6Address' => success ((<class 'pybindgen.cppclass.CppClass.__init__.<locals>.ThisClassReturn'>, None, <pybindgen.typehandlers.ctypeparser.TypeTraits object at 0x7f5da8b7d8d0>))
DEBUG:pybindgen.typehandlers:TypeMatcher.lookup('ns3::Address')
DEBUG:pybindgen.typehandlers:try to lookup type handler for 'ns3::Address' => success ((<class 'pybindgen.cppclass.CppClass.__init__.<locals>.ThisClassParameter'>, None, <pybindgen.typehandlers.ctypeparser.TypeTraits object at 0x7f5da8b7d748>))
DEBUG:pybindgen.typehandlers:TypeMatcher.lookup('ns3::Ipv6Address')
DEBUG:pybindgen.typehandlers:try to lookup type handler for 'ns3::Ipv6Address' => success ((<class 'pybindgen.cppclass.CppClass.__init__.<locals>.ThisClassReturn'>, None, <pybindgen.typehandlers.ctypeparser.TypeTraits object at 0x7f5da8b7def0>))
DEBUG:pybindgen.typehandlers:TypeMatcher.lookup('ns3::Mac16Address')
DEBUG:pybindgen.typehandlers:try to lookup type handler for 'ns3::Mac16Address' => failure
'ns3::Mac16Address' did not match
/home/cs18/tarballs/ns-allinone-3.34/ns-3.34/src/fd-net-device/bindings/modulegen__gcc_LP64.py:1848: Warning: exception TypeLookupError(['ns3::Mac16Address'],) in wrapper public: retval? ???::MakeAutoconfiguredLinkLocalAddress (params?);
  is_static=True)
DEBUG:pybindgen.typehandlers:TypeMatcher.lookup('ns3::Ipv6Address')
DEBUG:pybindgen.typehandlers:try to lookup type handler for 'ns3::Ipv6Address' => success ((<class 'pybindgen.cppclass.CppClass.__init__.<locals>.ThisClassReturn'>, None, <pybindgen.typehandlers.ctypeparser.TypeTraits object at 0x7f5da8b88128>))
DEBUG:pybindgen.typehandlers:TypeMatcher.lookup('ns3::Mac48Address')
DEBUG:pybindgen.typehandlers:try to lookup type handler for 'ns3::Mac48Address' => success ((<class 'pybindgen.cppclass.CppClass.__init__.<locals>.ThisClassParameter'>, None, <pybindgen.typehandlers.ctypeparser.TypeTraits object at 0x7f5da8b88208>))
DEBUG:pybindgen.typehandlers:TypeMatcher.lookup('ns3::Ipv6Address')
DEBUG:pybindgen.typehandlers:try to lookup type handler for 'ns3::Ipv6Address' => success ((<class 'pybindgen.cppclass.CppClass.__init__.<locals>.ThisClassReturn'>, None, <pybindgen.typehandlers.ctypeparser.TypeTraits object at 0x7f5da8b88518>))
DEBUG:pybindgen.typehandlers:TypeMatcher.lookup('ns3::Mac64Address')
DEBUG:pybindgen.typehandlers:try to lookup type handler for 'ns3::Mac64Address' => failure
'ns3::Mac64Address' did not match
/home/cs18/tarballs/ns-allinone-3.34/ns-3.34/src/fd-net-device/bindings/modulegen__gcc_LP64.py:1858: Warning: exception TypeLookupError(['ns3::Mac64Address'],) in wrapper public: retval? ???::MakeAutoconfiguredLinkLocalAddress (params?);
  is_static=True)
DEBUG:pybindgen.typehandlers:TypeMatcher.lookup('ns3::Ipv6Address')
DEBUG:pybindgen.typehandlers:try to lookup type handler for 'ns3::Ipv6Address' => success ((<class 'pybindgen.cppclass.CppClass.__init__.<locals>.ThisClassReturn'>, None, <pybindgen.typehandlers.ctypeparser.TypeTraits object at 0x7f5da8b88710>))
DEBUG:pybindgen.typehandlers:TypeMatcher.lookup('ns3::Mac8Address')
DEBUG:pybindgen.typehandlers:try to lookup type handler for 'ns3::Mac8Address' => success ((<class 'pybindgen.cppclass.CppClass.__init__.<locals>.ThisClassParameter'>, None, <pybindgen.typehandlers.ctypeparser.TypeTraits object at 0x7f5da8b887f0>))
DEBUG:pybindgen.typehandlers:TypeMatcher.lookup('ns3::Ipv6Address')
DEBUG:pybindgen.typehandlers:try to lookup type handler for 'ns3::Ipv6Address' => success ((<class 'pybindgen.cppclass.CppClass.__init__.<locals>.ThisClassReturn'>, None, <pybindgen.typehandlers.ctypeparser.TypeTraits object at 0x7f5da8b88b00>))
DEBUG:pybindgen.typehandlers:TypeMatcher.lookup('ns3::Ipv4Address')
DEBUG:pybindgen.typehandlers:try to lookup type handler for 'ns3::Ipv4Address' => success ((<class 'pybindgen.cppclass.CppClass.__init__.<locals>.ThisClassParameter'>, None, <pybindgen.typehandlers.ctypeparser.TypeTraits object at 0x7f5da8b88c18>))
DEBUG:pybindgen.typehandlers:TypeMatcher.lookup('ns3::Ipv6Address')
DEBUG:pybindgen.typehandlers:try to lookup type handler for 'ns3::Ipv6Address' => success ((<class 'pybindgen.cppclass.CppClass.__init__.<locals>.ThisClassReturn'>, None, <pybindgen.typehandlers.ctypeparser.TypeTraits object at 0x7f5da8b88f60>))
DEBUG:pybindgen.typehandlers:TypeMatcher.lookup('ns3::Ipv6Address')
DEBUG:pybindgen.typehandlers:try to lookup type handler for 'ns3::Ipv6Address' => success ((<class 'pybindgen.cppclass.CppClass.__init__.<locals>.ThisClassParameter'>, None, <pybindgen.typehandlers.ctypeparser.TypeTraits object at 0x7f5da8b8e0b8>))
DEBUG:pybindgen.typehandlers:TypeMatcher.lookup('void')
DEBUG:pybindgen.typehandlers:try to lookup type handler for 'void' => success ((<class 'pybindgen.typehandlers.voidtype.VoidReturn'>, None, <pybindgen.typehandlers.ctypeparser.TypeTraits object at 0x7f5da8b8e400>))
DEBUG:pybindgen.typehandlers:TypeMatcher.lookup('std::ostream &')
DEBUG:pybindgen.typehandlers:try to lookup type handler for 'std::ostream &' => failure
'std::ostream &' did not match
/home/cs18/tarballs/ns-allinone-3.34/ns-3.34/src/fd-net-device/bindings/modulegen__gcc_LP64.py:1878: Warning: exception TypeLookupError(['std::ostream &'],) in wrapper public: retval? ???::Print (params?) const;
  is_const=True)
DEBUG:pybindgen.typehandlers:TypeMatcher.lookup('void')
DEBUG:pybindgen.typehandlers:try to lookup type handler for 'void' => success ((<class 'pybindgen.typehandlers.voidtype.VoidReturn'>, None, <pybindgen.typehandlers.ctypeparser.TypeTraits object at 0x7f5da8b8e668>))
DEBUG:pybindgen.typehandlers:TypeMatcher.lookup('uint8_t *')
DEBUG:pybindgen.typehandlers:try to lookup type handler for 'uint8_t *' => success ((<class 'pybindgen.typehandlers.inttype.UInt8PtrParam'>, None, <pybindgen.typehandlers.ctypeparser.TypeTraits object at 0x7f5da8b8e780>))
/home/cs18/tarballs/ns-allinone-3.34/ns-3.34/src/fd-net-device/bindings/modulegen__gcc_LP64.py:1883: Warning: exception TypeConfigurationError('direction not given',) in wrapper public: retval? ???::Serialize (params?) const;
  is_const=True)
DEBUG:pybindgen.typehandlers:TypeMatcher.lookup('void')
DEBUG:pybindgen.typehandlers:try to lookup type handler for 'void' => success ((<class 'pybindgen.typehandlers.voidtype.VoidReturn'>, None, <pybindgen.typehandlers.ctypeparser.TypeTraits object at 0x7f5da8b8e860>))
DEBUG:pybindgen.typehandlers:TypeMatcher.lookup('char const *')
DEBUG:pybindgen.typehandlers:try to lookup type handler for 'char const *' => success ((<class 'pybindgen.typehandlers.stringtype.CStringParam'>, None, <pybindgen.typehandlers.ctypeparser.TypeTraits object at 0x7f5da8b8ea20>))
DEBUG:pybindgen.typehandlers:TypeMatcher.lookup('void')
DEBUG:pybindgen.typehandlers:try to lookup type handler for 'void' => success ((<class 'pybindgen.typehandlers.voidtype.VoidReturn'>, None, <pybindgen.typehandlers.ctypeparser.TypeTraits object at 0x7f5da8b8ee48>))
DEBUG:pybindgen.typehandlers:TypeMatcher.lookup('uint8_t *')
DEBUG:pybindgen.typehandlers:try to lookup type handler for 'uint8_t *' => success ((<class 'pybindgen.typehandlers.inttype.UInt8PtrParam'>, None, <pybindgen.typehandlers.ctypeparser.TypeTraits object at 0x7f5da8b885c0>))
/home/cs18/tarballs/ns-allinone-3.34/ns-3.34/src/fd-net-device/bindings/modulegen__gcc_LP64.py:1891: Warning: exception TypeConfigurationError('direction not given',) in wrapper public: retval? ???::Set (params?);
  [param('uint8_t *', 'address')])
DEBUG:pybindgen.typehandlers:TypeMatcher.lookup('ns3::Ipv6AddressHash const &')
DEBUG:pybindgen.typehandlers:try to lookup type handler for 'ns3::Ipv6AddressHash const &' => success ((<class 'pybindgen.cppclass.CppClass.__init__.<locals>.ThisClassRefParameter'>, None, <pybindgen.typehandlers.ctypeparser.TypeTraits object at 0x7f5da8b8e898>))
DEBUG:pybindgen.typehandlers:TypeMatcher.lookup('size_t')
DEBUG:pybindgen.typehandlers:try to lookup type handler for 'size_t' => success ((<class 'pybindgen.typehandlers.inttype.SizeTReturn'>, None, <pybindgen.typehandlers.ctypeparser.TypeTraits object at 0x7f5da8b8e4a8>))
DEBUG:pybindgen.typehandlers:TypeMatcher.lookup('ns3::Ipv6Address const &')
DEBUG:pybindgen.typehandlers:try to lookup type handler for 'ns3::Ipv6Address const &' => success ((<class 'pybindgen.cppclass.CppClass.__init__.<locals>.ThisClassRefParameter'>, None, <pybindgen.typehandlers.ctypeparser.TypeTraits object at 0x7f5da8b97080>))
DEBUG:pybindgen.typehandlers:TypeMatcher.lookup('uint8_t *')
DEBUG:pybindgen.typehandlers:try to lookup type handler for 'uint8_t *' => success ((<class 'pybindgen.typehandlers.inttype.UInt8PtrParam'>, None, <pybindgen.typehandlers.ctypeparser.TypeTraits object at 0x7f5da8b97710>))
/home/cs18/tarballs/ns-allinone-3.34/ns-3.34/src/fd-net-device/bindings/modulegen__gcc_LP64.py:1913: Warning: exception TypeConfigurationError('direction not given',) in wrapper <pybindgen.cppmethod.CppConstructor object at 0x7f5da8b976a0>
  cls.add_constructor([param('uint8_t *', 'prefix')])
DEBUG:pybindgen.typehandlers:TypeMatcher.lookup('char const *')
DEBUG:pybindgen.typehandlers:try to lookup type handler for 'char const *' => success ((<class 'pybindgen.typehandlers.stringtype.CStringParam'>, None, <pybindgen.typehandlers.ctypeparser.TypeTraits object at 0x7f5da8b97898>))
DEBUG:pybindgen.typehandlers:TypeMatcher.lookup('uint8_t *')
DEBUG:pybindgen.typehandlers:try to lookup type handler for 'uint8_t *' => success ((<class 'pybindgen.typehandlers.inttype.UInt8PtrParam'>, None, <pybindgen.typehandlers.ctypeparser.TypeTraits object at 0x7f5da8b97cc0>))
/home/cs18/tarballs/ns-allinone-3.34/ns-3.34/src/fd-net-device/bindings/modulegen__gcc_LP64.py:1917: Warning: exception TypeConfigurationError('direction not given',) in wrapper <pybindgen.cppmethod.CppConstructor object at 0x7f5da8b97c50>
  cls.add_constructor([param('uint8_t *', 'prefix'), param('uint8_t', 'prefixLength')])
DEBUG:pybindgen.typehandlers:TypeMatcher.lookup('char const *')
DEBUG:pybindgen.typehandlers:try to lookup type handler for 'char const *' => success ((<class 'pybindgen.typehandlers.stringtype.CStringParam'>, None, <pybindgen.typehandlers.ctypeparser.TypeTraits object at 0x7f5da8b97e48>))
DEBUG:pybindgen.typehandlers:TypeMatcher.lookup('uint8_t')
DEBUG:pybindgen.typehandlers:try to lookup type handler for 'uint8_t' => success ((<class 'pybindgen.typehandlers.inttype.UInt8Param'>, None, <pybindgen.typehandlers.ctypeparser.TypeTraits object at 0x7f5da8b1c080>))
DEBUG:pybindgen.typehandlers:TypeMatcher.lookup('uint8_t')
DEBUG:pybindgen.typehandlers:try to lookup type handler for 'uint8_t' => success ((<class 'pybindgen.typehandlers.inttype.UInt8Param'>, None, <pybindgen.typehandlers.ctypeparser.TypeTraits object at 0x7f5da8b1c3c8>))
DEBUG:pybindgen.typehandlers:TypeMatcher.lookup('ns3::Ipv6Prefix const &')
DEBUG:pybindgen.typehandlers:try to lookup type handler for 'ns3::Ipv6Prefix const &' => success ((<class 'pybindgen.cppclass.CppClass.__init__.<locals>.ThisClassRefParameter'>, None, <pybindgen.typehandlers.ctypeparser.TypeTraits object at 0x7f5da8b1c748>))
DEBUG:pybindgen.typehandlers:TypeMatcher.lookup('ns3::Ipv6Prefix const *')
DEBUG:pybindgen.typehandlers:try to lookup type handler for 'ns3::Ipv6Prefix const *' => success ((<class 'pybindgen.cppclass.CppClass.__init__.<locals>.ThisClassPtrParameter'>, None, <pybindgen.typehandlers.ctypeparser.TypeTraits object at 0x7f5da8b1cb38>))
DEBUG:pybindgen.typehandlers:TypeMatcher.lookup('ns3::Ipv6Address')
DEBUG:pybindgen.typehandlers:try to lookup type handler for 'ns3::Ipv6Address' => success ((<class 'pybindgen.cppclass.CppClass.__init__.<locals>.ThisClassReturn'>, None, <pybindgen.typehandlers.ctypeparser.TypeTraits object at 0x7f5da8b1cef0>))
DEBUG:pybindgen.typehandlers:TypeMatcher.lookup('void')
DEBUG:pybindgen.typehandlers:try to lookup type handler for 'void' => success ((<class 'pybindgen.typehandlers.voidtype.VoidReturn'>, None, <pybindgen.typehandlers.ctypeparser.TypeTraits object at 0x7f5da8b97cc0>))
DEBUG:pybindgen.typehandlers:TypeMatcher.lookup('uint8_t *')
DEBUG:pybindgen.typehandlers:try to lookup type handler for 'uint8_t *' => success ((<class 'pybindgen.typehandlers.inttype.UInt8PtrParam'>, None, <pybindgen.typehandlers.ctypeparser.TypeTraits object at 0x7f5da8b97c88>))
/home/cs18/tarballs/ns-allinone-3.34/ns-3.34/src/fd-net-device/bindings/modulegen__gcc_LP64.py:1935: Warning: exception TypeConfigurationError('direction not given',) in wrapper public: retval? ???::GetBytes (params?) const;
  is_const=True)
DEBUG:pybindgen.typehandlers:TypeMatcher.lookup('ns3::Ipv6Prefix')
DEBUG:pybindgen.typehandlers:try to lookup type handler for 'ns3::Ipv6Prefix' => success ((<class 'pybindgen.cppclass.CppClass.__init__.<locals>.ThisClassReturn'>, None, <pybindgen.typehandlers.ctypeparser.TypeTraits object at 0x7f5da8b977b8>))
DEBUG:pybindgen.typehandlers:TypeMatcher.lookup('uint8_t')
DEBUG:pybindgen.typehandlers:try to lookup type handler for 'uint8_t' => success ((<class 'pybindgen.typehandlers.inttype.UInt8Return'>, None, <pybindgen.typehandlers.ctypeparser.TypeTraits object at 0x7f5da8b24320>))
DEBUG:pybindgen.typehandlers:TypeMatcher.lookup('ns3::Ipv6Prefix')
DEBUG:pybindgen.typehandlers:try to lookup type handler for 'ns3::Ipv6Prefix' => success ((<class 'pybindgen.cppclass.CppClass.__init__.<locals>.ThisClassReturn'>, None, <pybindgen.typehandlers.ctypeparser.TypeTraits object at 0x7f5da8b246d8>))
DEBUG:pybindgen.typehandlers:TypeMatcher.lookup('uint8_t')
DEBUG:pybindgen.typehandlers:try to lookup type handler for 'uint8_t' => success ((<class 'pybindgen.typehandlers.inttype.UInt8Return'>, None, <pybindgen.typehandlers.ctypeparser.TypeTraits object at 0x7f5da8b24a58>))
DEBUG:pybindgen.typehandlers:TypeMatcher.lookup('ns3::Ipv6Prefix')
DEBUG:pybindgen.typehandlers:try to lookup type handler for 'ns3::Ipv6Prefix' => success ((<class 'pybindgen.cppclass.CppClass.__init__.<locals>.ThisClassReturn'>, None, <pybindgen.typehandlers.ctypeparser.TypeTraits object at 0x7f5da8b24e10>))
DEBUG:pybindgen.typehandlers:TypeMatcher.lookup('bool')
DEBUG:pybindgen.typehandlers:try to lookup type handler for 'bool' => success ((<class 'pybindgen.typehandlers.booltype.BoolReturn'>, None, <pybindgen.typehandlers.ctypeparser.TypeTraits object at 0x7f5da8b2b1d0>))
DEBUG:pybindgen.typehandlers:TypeMatcher.lookup('ns3::Ipv6Prefix const &')
DEBUG:pybindgen.typehandlers:try to lookup type handler for 'ns3::Ipv6Prefix const &' => success ((<class 'pybindgen.cppclass.CppClass.__init__.<locals>.ThisClassRefParameter'>, None, <pybindgen.typehandlers.ctypeparser.TypeTraits object at 0x7f5da8b2b320>))
DEBUG:pybindgen.typehandlers:TypeMatcher.lookup('bool')
DEBUG:pybindgen.typehandlers:try to lookup type handler for 'bool' => success ((<class 'pybindgen.typehandlers.booltype.BoolReturn'>, None, <pybindgen.typehandlers.ctypeparser.TypeTraits object at 0x7f5da8b2b710>))
DEBUG:pybindgen.typehandlers:TypeMatcher.lookup('ns3::Ipv6Address')
DEBUG:pybindgen.typehandlers:try to lookup type handler for 'ns3::Ipv6Address' => success ((<class 'pybindgen.cppclass.CppClass.__init__.<locals>.ThisClassParameter'>, None, <pybindgen.typehandlers.ctypeparser.TypeTraits object at 0x7f5da8b2b860>))
DEBUG:pybindgen.typehandlers:TypeMatcher.lookup('ns3::Ipv6Address')
DEBUG:pybindgen.typehandlers:try to lookup type handler for 'ns3::Ipv6Address' => success ((<class 'pybindgen.cppclass.CppClass.__init__.<locals>.ThisClassParameter'>, None, <pybindgen.typehandlers.ctypeparser.TypeTraits object at 0x7f5da8b2b908>))
DEBUG:pybindgen.typehandlers:TypeMatcher.lookup('void')
DEBUG:pybindgen.typehandlers:try to lookup type handler for 'void' => success ((<class 'pybindgen.typehandlers.voidtype.VoidReturn'>, None, <pybindgen.typehandlers.ctypeparser.TypeTraits object at 0x7f5da8b2bc88>))
DEBUG:pybindgen.typehandlers:TypeMatcher.lookup('std::ostream &')
DEBUG:pybindgen.typehandlers:try to lookup type handler for 'std::ostream &' => failure
'std::ostream &' did not match
/home/cs18/tarballs/ns-allinone-3.34/ns-3.34/src/fd-net-device/bindings/modulegen__gcc_LP64.py:1975: Warning: exception TypeLookupError(['std::ostream &'],) in wrapper public: retval? ???::Print (params?) const;
  is_const=True)
DEBUG:pybindgen.typehandlers:TypeMatcher.lookup('void')
DEBUG:pybindgen.typehandlers:try to lookup type handler for 'void' => success ((<class 'pybindgen.typehandlers.voidtype.VoidReturn'>, None, <pybindgen.typehandlers.ctypeparser.TypeTraits object at 0x7f5da8b2bef0>))
DEBUG:pybindgen.typehandlers:TypeMatcher.lookup('uint8_t')
DEBUG:pybindgen.typehandlers:try to lookup type handler for 'uint8_t' => success ((<class 'pybindgen.typehandlers.inttype.UInt8Param'>, None, <pybindgen.typehandlers.ctypeparser.TypeTraits object at 0x7f5da8b35048>))
DEBUG:pybindgen.typehandlers:TypeMatcher.lookup('ns3::LogComponent const &')
DEBUG:pybindgen.typehandlers:try to lookup type handler for 'ns3::LogComponent const &' => success ((<class 'pybindgen.cppclass.CppClass.__init__.<locals>.ThisClassRefParameter'>, None, <pybindgen.typehandlers.ctypeparser.TypeTraits object at 0x7f5da8b35400>))
DEBUG:pybindgen.typehandlers:TypeMatcher.lookup('std::string const &')
DEBUG:pybindgen.typehandlers:try to lookup type handler for 'std::string const &' => success ((<class 'pybindgen.typehandlers.stringtype.StdStringRefParam'>, None, <pybindgen.typehandlers.ctypeparser.TypeTraits object at 0x7f5da8b2bda0>))
DEBUG:pybindgen.typehandlers:TypeMatcher.lookup('std::string const &')
DEBUG:pybindgen.typehandlers:try to lookup type handler for 'std::string const &' => success ((<class 'pybindgen.typehandlers.stringtype.StdStringRefParam'>, None, <pybindgen.typehandlers.ctypeparser.TypeTraits object at 0x7f5da8b97cc0>))
DEBUG:pybindgen.typehandlers:TypeMatcher.lookup('ns3::LogLevel const')
DEBUG:pybindgen.typehandlers:try to lookup type handler for 'ns3::LogLevel const' => success ((<class 'pybindgen.enum.Enum.set_module.<locals>.ThisEnumParameter'>, None, <pybindgen.typehandlers.ctypeparser.TypeTraits object at 0x7f5da8b97dd8>))
DEBUG:pybindgen.typehandlers:TypeMatcher.lookup('void')
DEBUG:pybindgen.typehandlers:try to lookup type handler for 'void' => success ((<class 'pybindgen.typehandlers.voidtype.VoidReturn'>, None, <pybindgen.typehandlers.ctypeparser.TypeTraits object at 0x7f5da8b35940>))
DEBUG:pybindgen.typehandlers:TypeMatcher.lookup('ns3::LogLevel const')
DEBUG:pybindgen.typehandlers:try to lookup type handler for 'ns3::LogLevel const' => success ((<class 'pybindgen.enum.Enum.set_module.<locals>.ThisEnumParameter'>, None, <pybindgen.typehandlers.ctypeparser.TypeTraits object at 0x7f5da8b35a90>))
DEBUG:pybindgen.typehandlers:TypeMatcher.lookup('void')
DEBUG:pybindgen.typehandlers:try to lookup type handler for 'void' => success ((<class 'pybindgen.typehandlers.voidtype.VoidReturn'>, None, <pybindgen.typehandlers.ctypeparser.TypeTraits object at 0x7f5da8b35dd8>))
DEBUG:pybindgen.typehandlers:TypeMatcher.lookup('ns3::LogLevel const')
DEBUG:pybindgen.typehandlers:try to lookup type handler for 'ns3::LogLevel const' => success ((<class 'pybindgen.enum.Enum.set_module.<locals>.ThisEnumParameter'>, None, <pybindgen.typehandlers.ctypeparser.TypeTraits object at 0x7f5da8b35f28>))
DEBUG:pybindgen.typehandlers:TypeMatcher.lookup('std::string')
DEBUG:pybindgen.typehandlers:try to lookup type handler for 'std::string' => success ((<class 'pybindgen.typehandlers.stringtype.StdStringReturn'>, None, <pybindgen.typehandlers.ctypeparser.TypeTraits object at 0x7f5da8b3b2b0>))
DEBUG:pybindgen.typehandlers:TypeMatcher.lookup('ns3::LogComponent::ComponentList *')
DEBUG:pybindgen.typehandlers:try to lookup type handler for 'ns3::LogComponent::ComponentList *' => failure
'ns3::LogComponent::ComponentList *' did not match
/home/cs18/tarballs/ns-allinone-3.34/ns-3.34/src/fd-net-device/bindings/modulegen__gcc_LP64.py:2004: Warning: exception TypeLookupError(['ns3::LogComponent::ComponentList *'],) in wrapper public: retval? ???::GetComponentList (params?);
  is_static=True)
DEBUG:pybindgen.typehandlers:TypeMatcher.lookup('std::string')
DEBUG:pybindgen.typehandlers:try to lookup type handler for 'std::string' => success ((<class 'pybindgen.typehandlers.stringtype.StdStringReturn'>, None, <pybindgen.typehandlers.ctypeparser.TypeTraits object at 0x7f5da8b3b748>))
DEBUG:pybindgen.typehandlers:TypeMatcher.lookup('ns3::LogLevel const')
DEBUG:pybindgen.typehandlers:try to lookup type handler for 'ns3::LogLevel const' => success ((<class 'pybindgen.enum.Enum.set_module.<locals>.ThisEnumParameter'>, None, <pybindgen.typehandlers.ctypeparser.TypeTraits object at 0x7f5da8b3b828>))
DEBUG:pybindgen.typehandlers:TypeMatcher.lookup('bool')
DEBUG:pybindgen.typehandlers:try to lookup type handler for 'bool' => success ((<class 'pybindgen.typehandlers.booltype.BoolReturn'>, None, <pybindgen.typehandlers.ctypeparser.TypeTraits object at 0x7f5da8b3bb70>))
DEBUG:pybindgen.typehandlers:TypeMatcher.lookup('ns3::LogLevel const')
DEBUG:pybindgen.typehandlers:try to lookup type handler for 'ns3::LogLevel const' => success ((<class 'pybindgen.enum.Enum.set_module.<locals>.ThisEnumParameter'>, None, <pybindgen.typehandlers.ctypeparser.TypeTraits object at 0x7f5da8b3bcc0>))
DEBUG:pybindgen.typehandlers:TypeMatcher.lookup('bool')
DEBUG:pybindgen.typehandlers:try to lookup type handler for 'bool' => success ((<class 'pybindgen.typehandlers.booltype.BoolReturn'>, None, <pybindgen.typehandlers.ctypeparser.TypeTraits object at 0x7f5da8b45048>))
DEBUG:pybindgen.typehandlers:TypeMatcher.lookup('char const *')
DEBUG:pybindgen.typehandlers:try to lookup type handler for 'char const *' => success ((<class 'pybindgen.typehandlers.stringtype.CStringReturn'>, None, <pybindgen.typehandlers.ctypeparser.TypeTraits object at 0x7f5da8b45400>))
DEBUG:pybindgen.typehandlers:TypeMatcher.lookup('void')
DEBUG:pybindgen.typehandlers:try to lookup type handler for 'void' => success ((<class 'pybindgen.typehandlers.voidtype.VoidReturn'>, None, <pybindgen.typehandlers.ctypeparser.TypeTraits object at 0x7f5da8b457f0>))
DEBUG:pybindgen.typehandlers:TypeMatcher.lookup('ns3::LogLevel const')
DEBUG:pybindgen.typehandlers:try to lookup type handler for 'ns3::LogLevel const' => success ((<class 'pybindgen.enum.Enum.set_module.<locals>.ThisEnumParameter'>, None, <pybindgen.typehandlers.ctypeparser.TypeTraits object at 0x7f5da8b459b0>))
DEBUG:pybindgen.typehandlers:TypeMatcher.lookup('ns3::Mac48Address const &')
DEBUG:pybindgen.typehandlers:try to lookup type handler for 'ns3::Mac48Address const &' => success ((<class 'pybindgen.cppclass.CppClass.__init__.<locals>.ThisClassRefParameter'>, None, <pybindgen.typehandlers.ctypeparser.TypeTraits object at 0x7f5da8b45c50>))
DEBUG:pybindgen.typehandlers:TypeMatcher.lookup('char const *')
DEBUG:pybindgen.typehandlers:try to lookup type handler for 'char const *' => success ((<class 'pybindgen.typehandlers.stringtype.CStringParam'>, None, <pybindgen.typehandlers.ctypeparser.TypeTraits object at 0x7f5da8b4a2e8>))
DEBUG:pybindgen.typehandlers:TypeMatcher.lookup('ns3::Mac48Address')
DEBUG:pybindgen.typehandlers:try to lookup type handler for 'ns3::Mac48Address' => success ((<class 'pybindgen.cppclass.CppClass.__init__.<locals>.ThisClassReturn'>, None, <pybindgen.typehandlers.ctypeparser.TypeTraits object at 0x7f5da8b4a6d8>))
DEBUG:pybindgen.typehandlers:TypeMatcher.lookup('ns3::Mac48Address')
DEBUG:pybindgen.typehandlers:try to lookup type handler for 'ns3::Mac48Address' => success ((<class 'pybindgen.cppclass.CppClass.__init__.<locals>.ThisClassReturn'>, None, <pybindgen.typehandlers.ctypeparser.TypeTraits object at 0x7f5da8b4aa58>))
DEBUG:pybindgen.typehandlers:TypeMatcher.lookup('ns3::Address const &')
DEBUG:pybindgen.typehandlers:try to lookup type handler for 'ns3::Address const &' => success ((<class 'pybindgen.cppclass.CppClass.__init__.<locals>.ThisClassRefParameter'>, None, <pybindgen.typehandlers.ctypeparser.TypeTraits object at 0x7f5da8b4ab70>))
DEBUG:pybindgen.typehandlers:TypeMatcher.lookup('void')
DEBUG:pybindgen.typehandlers:try to lookup type handler for 'void' => success ((<class 'pybindgen.typehandlers.voidtype.VoidReturn'>, None, <pybindgen.typehandlers.ctypeparser.TypeTraits object at 0x7f5da8b4af60>))
DEBUG:pybindgen.typehandlers:TypeMatcher.lookup('uint8_t const *')
DEBUG:pybindgen.typehandlers:try to lookup type handler for 'uint8_t const *' => success ((<class 'pybindgen.typehandlers.inttype.UInt8PtrParam'>, None, <pybindgen.typehandlers.ctypeparser.TypeTraits object at 0x7f5da8b540f0>))
/home/cs18/tarballs/ns-allinone-3.34/ns-3.34/src/fd-net-device/bindings/modulegen__gcc_LP64.py:2055: Warning: exception TypeConfigurationError('direction not given',) in wrapper public: retval? ???::CopyFrom (params?);
  [param('uint8_t const *', 'buffer')])
DEBUG:pybindgen.typehandlers:TypeMatcher.lookup('void')
DEBUG:pybindgen.typehandlers:try to lookup type handler for 'void' => success ((<class 'pybindgen.typehandlers.voidtype.VoidReturn'>, None, <pybindgen.typehandlers.ctypeparser.TypeTraits object at 0x7f5da8b54240>))
DEBUG:pybindgen.typehandlers:TypeMatcher.lookup('uint8_t *')
DEBUG:pybindgen.typehandlers:try to lookup type handler for 'uint8_t *' => success ((<class 'pybindgen.typehandlers.inttype.UInt8PtrParam'>, None, <pybindgen.typehandlers.ctypeparser.TypeTraits object at 0x7f5da8b54400>))
/home/cs18/tarballs/ns-allinone-3.34/ns-3.34/src/fd-net-device/bindings/modulegen__gcc_LP64.py:2060: Warning: exception TypeConfigurationError('direction not given',) in wrapper public: retval? ???::CopyTo (params?) const;
  is_const=True)
DEBUG:pybindgen.typehandlers:TypeMatcher.lookup('ns3::Mac48Address')
DEBUG:pybindgen.typehandlers:try to lookup type handler for 'ns3::Mac48Address' => success ((<class 'pybindgen.cppclass.CppClass.__init__.<locals>.ThisClassReturn'>, None, <pybindgen.typehandlers.ctypeparser.TypeTraits object at 0x7f5da8b544e0>))
DEBUG:pybindgen.typehandlers:TypeMatcher.lookup('ns3::Mac48Address')
DEBUG:pybindgen.typehandlers:try to lookup type handler for 'ns3::Mac48Address' => success ((<class 'pybindgen.cppclass.CppClass.__init__.<locals>.ThisClassReturn'>, None, <pybindgen.typehandlers.ctypeparser.TypeTraits object at 0x7f5da8b548d0>))
DEBUG:pybindgen.typehandlers:TypeMatcher.lookup('ns3::Ipv4Address')
DEBUG:pybindgen.typehandlers:try to lookup type handler for 'ns3::Ipv4Address' => success ((<class 'pybindgen.cppclass.CppClass.__init__.<locals>.ThisClassParameter'>, None, <pybindgen.typehandlers.ctypeparser.TypeTraits object at 0x7f5da8b549e8>))
DEBUG:pybindgen.typehandlers:TypeMatcher.lookup('ns3::Mac48Address')
DEBUG:pybindgen.typehandlers:try to lookup type handler for 'ns3::Mac48Address' => success ((<class 'pybindgen.cppclass.CppClass.__init__.<locals>.ThisClassReturn'>, None, <pybindgen.typehandlers.ctypeparser.TypeTraits object at 0x7f5da8b54d30>))
DEBUG:pybindgen.typehandlers:TypeMatcher.lookup('ns3::Ipv6Address')
DEBUG:pybindgen.typehandlers:try to lookup type handler for 'ns3::Ipv6Address' => success ((<class 'pybindgen.cppclass.CppClass.__init__.<locals>.ThisClassParameter'>, None, <pybindgen.typehandlers.ctypeparser.TypeTraits object at 0x7f5da8b54e48>))
DEBUG:pybindgen.typehandlers:TypeMatcher.lookup('ns3::Mac48Address')
DEBUG:pybindgen.typehandlers:try to lookup type handler for 'ns3::Mac48Address' => success ((<class 'pybindgen.cppclass.CppClass.__init__.<locals>.ThisClassReturn'>, None, <pybindgen.typehandlers.ctypeparser.TypeTraits object at 0x7f5da8b4afd0>))
DEBUG:pybindgen.typehandlers:TypeMatcher.lookup('ns3::Mac48Address')
DEBUG:pybindgen.typehandlers:try to lookup type handler for 'ns3::Mac48Address' => success ((<class 'pybindgen.cppclass.CppClass.__init__.<locals>.ThisClassReturn'>, None, <pybindgen.typehandlers.ctypeparser.TypeTraits object at 0x7f5da8b540f0>))
DEBUG:pybindgen.typehandlers:TypeMatcher.lookup('bool')
DEBUG:pybindgen.typehandlers:try to lookup type handler for 'bool' => success ((<class 'pybindgen.typehandlers.booltype.BoolReturn'>, None, <pybindgen.typehandlers.ctypeparser.TypeTraits object at 0x7f5da8b592e8>))
DEBUG:pybindgen.typehandlers:TypeMatcher.lookup('bool')
DEBUG:pybindgen.typehandlers:try to lookup type handler for 'bool' => success ((<class 'pybindgen.typehandlers.booltype.BoolReturn'>, None, <pybindgen.typehandlers.ctypeparser.TypeTraits object at 0x7f5da8b596a0>))
DEBUG:pybindgen.typehandlers:TypeMatcher.lookup('bool')
DEBUG:pybindgen.typehandlers:try to lookup type handler for 'bool' => success ((<class 'pybindgen.typehandlers.booltype.BoolReturn'>, None, <pybindgen.typehandlers.ctypeparser.TypeTraits object at 0x7f5da8b59a58>))
DEBUG:pybindgen.typehandlers:TypeMatcher.lookup('ns3::Address const &')
DEBUG:pybindgen.typehandlers:try to lookup type handler for 'ns3::Address const &' => success ((<class 'pybindgen.cppclass.CppClass.__init__.<locals>.ThisClassRefParameter'>, None, <pybindgen.typehandlers.ctypeparser.TypeTraits object at 0x7f5da8b59ba8>))
DEBUG:pybindgen.typehandlers:TypeMatcher.lookup('ns3::Mac8Address const &')
DEBUG:pybindgen.typehandlers:try to lookup type handler for 'ns3::Mac8Address const &' => success ((<class 'pybindgen.cppclass.CppClass.__init__.<locals>.ThisClassRefParameter'>, None, <pybindgen.typehandlers.ctypeparser.TypeTraits object at 0x7f5da8b59fd0>))
DEBUG:pybindgen.typehandlers:TypeMatcher.lookup('uint8_t')
DEBUG:pybindgen.typehandlers:try to lookup type handler for 'uint8_t' => success ((<class 'pybindgen.typehandlers.inttype.UInt8Param'>, None, <pybindgen.typehandlers.ctypeparser.TypeTraits object at 0x7f5da8ae3668>))
DEBUG:pybindgen.typehandlers:TypeMatcher.lookup('ns3::Mac8Address')
DEBUG:pybindgen.typehandlers:try to lookup type handler for 'ns3::Mac8Address' => success ((<class 'pybindgen.cppclass.CppClass.__init__.<locals>.ThisClassReturn'>, None, <pybindgen.typehandlers.ctypeparser.TypeTraits object at 0x7f5da8ae39b0>))
DEBUG:pybindgen.typehandlers:TypeMatcher.lookup('ns3::Mac8Address')
DEBUG:pybindgen.typehandlers:try to lookup type handler for 'ns3::Mac8Address' => success ((<class 'pybindgen.cppclass.CppClass.__init__.<locals>.ThisClassReturn'>, None, <pybindgen.typehandlers.ctypeparser.TypeTraits object at 0x7f5da8ae3d30>))
DEBUG:pybindgen.typehandlers:TypeMatcher.lookup('ns3::Address const &')
DEBUG:pybindgen.typehandlers:try to lookup type handler for 'ns3::Address const &' => success ((<class 'pybindgen.cppclass.CppClass.__init__.<locals>.ThisClassRefParameter'>, None, <pybindgen.typehandlers.ctypeparser.TypeTraits object at 0x7f5da8ae3e48>))
DEBUG:pybindgen.typehandlers:TypeMatcher.lookup('void')
DEBUG:pybindgen.typehandlers:try to lookup type handler for 'void' => success ((<class 'pybindgen.typehandlers.voidtype.VoidReturn'>, None, <pybindgen.typehandlers.ctypeparser.TypeTraits object at 0x7f5da8aea278>))
DEBUG:pybindgen.typehandlers:TypeMatcher.lookup('uint8_t const *')
DEBUG:pybindgen.typehandlers:try to lookup type handler for 'uint8_t const *' => success ((<class 'pybindgen.typehandlers.inttype.UInt8PtrParam'>, None, <pybindgen.typehandlers.ctypeparser.TypeTraits object at 0x7f5da8aea3c8>))
/home/cs18/tarballs/ns-allinone-3.34/ns-3.34/src/fd-net-device/bindings/modulegen__gcc_LP64.py:2127: Warning: exception TypeConfigurationError('direction not given',) in wrapper public: retval? ???::CopyFrom (params?);
  [param('uint8_t const *', 'pBuffer')])
DEBUG:pybindgen.typehandlers:TypeMatcher.lookup('void')
DEBUG:pybindgen.typehandlers:try to lookup type handler for 'void' => success ((<class 'pybindgen.typehandlers.voidtype.VoidReturn'>, None, <pybindgen.typehandlers.ctypeparser.TypeTraits object at 0x7f5da8aea518>))
DEBUG:pybindgen.typehandlers:TypeMatcher.lookup('uint8_t *')
DEBUG:pybindgen.typehandlers:try to lookup type handler for 'uint8_t *' => success ((<class 'pybindgen.typehandlers.inttype.UInt8PtrParam'>, None, <pybindgen.typehandlers.ctypeparser.TypeTraits object at 0x7f5da8aea4e0>))
/home/cs18/tarballs/ns-allinone-3.34/ns-3.34/src/fd-net-device/bindings/modulegen__gcc_LP64.py:2132: Warning: exception TypeConfigurationError('direction not given',) in wrapper public: retval? ???::CopyTo (params?) const;
  is_const=True)
DEBUG:pybindgen.typehandlers:TypeMatcher.lookup('ns3::Mac8Address')
DEBUG:pybindgen.typehandlers:try to lookup type handler for 'ns3::Mac8Address' => success ((<class 'pybindgen.cppclass.CppClass.__init__.<locals>.ThisClassReturn'>, None, <pybindgen.typehandlers.ctypeparser.TypeTraits object at 0x7f5da8aea2e8>))
DEBUG:pybindgen.typehandlers:TypeMatcher.lookup('bool')
DEBUG:pybindgen.typehandlers:try to lookup type handler for 'bool' => success ((<class 'pybindgen.typehandlers.booltype.BoolReturn'>, None, <pybindgen.typehandlers.ctypeparser.TypeTraits object at 0x7f5da8aea898>))
DEBUG:pybindgen.typehandlers:TypeMatcher.lookup('ns3::Address const &')
DEBUG:pybindgen.typehandlers:try to lookup type handler for 'ns3::Address const &' => success ((<class 'pybindgen.cppclass.CppClass.__init__.<locals>.ThisClassRefParameter'>, None, <pybindgen.typehandlers.ctypeparser.TypeTraits object at 0x7f5da8aea9e8>))
DEBUG:pybindgen.typehandlers:TypeMatcher.lookup('ns3::NetDeviceContainer const &')
DEBUG:pybindgen.typehandlers:try to lookup type handler for 'ns3::NetDeviceContainer const &' => success ((<class 'pybindgen.cppclass.CppClass.__init__.<locals>.ThisClassRefParameter'>, None, <pybindgen.typehandlers.ctypeparser.TypeTraits object at 0x7f5da8aeae10>))
DEBUG:pybindgen.typehandlers:TypeMatcher.lookup('ns3::Ptr< ns3::NetDevice >')
DEBUG:pybindgen.typehandlers:try to lookup type handler for 'ns3::Ptr< ns3::NetDevice >' => failure
DEBUG:pybindgen.typehandlers:try to lookup type handler for 'ns3::NetDevice *' => success ((<class 'pybindgen.cppclass.MemoryPolicy.register_ptr_parameter_and_return.<locals>.ThisClassPtrParameter'>, <ns3modulegen_core_customizations.SmartPointerTransformation object at 0x7f5da907ba90>, <pybindgen.typehandlers.ctypeparser.TypeTraits object at 0x7f5da8af06d8>))
DEBUG:pybindgen.typehandlers:TypeMatcher.lookup('std::string')
DEBUG:pybindgen.typehandlers:try to lookup type handler for 'std::string' => success ((<class 'pybindgen.typehandlers.stringtype.StdStringParam'>, None, <pybindgen.typehandlers.ctypeparser.TypeTraits object at 0x7f5da8af0908>))
DEBUG:pybindgen.typehandlers:TypeMatcher.lookup('ns3::NetDeviceContainer const &')
DEBUG:pybindgen.typehandlers:try to lookup type handler for 'ns3::NetDeviceContainer const &' => success ((<class 'pybindgen.cppclass.CppClass.__init__.<locals>.ThisClassRefParameter'>, None, <pybindgen.typehandlers.ctypeparser.TypeTraits object at 0x7f5da8af0c50>))
DEBUG:pybindgen.typehandlers:TypeMatcher.lookup('ns3::NetDeviceContainer const &')
DEBUG:pybindgen.typehandlers:try to lookup type handler for 'ns3::NetDeviceContainer const &' => success ((<class 'pybindgen.cppclass.CppClass.__init__.<locals>.ThisClassRefParameter'>, None, <pybindgen.typehandlers.ctypeparser.TypeTraits object at 0x7f5da8af0e10>))
DEBUG:pybindgen.typehandlers:TypeMatcher.lookup('void')
DEBUG:pybindgen.typehandlers:try to lookup type handler for 'void' => success ((<class 'pybindgen.typehandlers.voidtype.VoidReturn'>, None, <pybindgen.typehandlers.ctypeparser.TypeTraits object at 0x7f5da8af91d0>))
DEBUG:pybindgen.typehandlers:TypeMatcher.lookup('ns3::NetDeviceContainer')
DEBUG:pybindgen.typehandlers:try to lookup type handler for 'ns3::NetDeviceContainer' => success ((<class 'pybindgen.cppclass.CppClass.__init__.<locals>.ThisClassParameter'>, None, <pybindgen.typehandlers.ctypeparser.TypeTraits object at 0x7f5da8af9320>))
DEBUG:pybindgen.typehandlers:TypeMatcher.lookup('void')
DEBUG:pybindgen.typehandlers:try to lookup type handler for 'void' => success ((<class 'pybindgen.typehandlers.voidtype.VoidReturn'>, None, <pybindgen.typehandlers.ctypeparser.TypeTraits object at 0x7f5da8af9668>))
DEBUG:pybindgen.typehandlers:TypeMatcher.lookup('ns3::Ptr< ns3::NetDevice >')
DEBUG:pybindgen.typehandlers:try to lookup type handler for 'ns3::Ptr< ns3::NetDevice >' => failure
DEBUG:pybindgen.typehandlers:try to lookup type handler for 'ns3::NetDevice *' => success ((<class 'pybindgen.cppclass.MemoryPolicy.register_ptr_parameter_and_return.<locals>.ThisClassPtrParameter'>, <ns3modulegen_core_customizations.SmartPointerTransformation object at 0x7f5da907ba90>, <pybindgen.typehandlers.ctypeparser.TypeTraits object at 0x7f5da8af99e8>))
DEBUG:pybindgen.typehandlers:TypeMatcher.lookup('void')
DEBUG:pybindgen.typehandlers:try to lookup type handler for 'void' => success ((<class 'pybindgen.typehandlers.voidtype.VoidReturn'>, None, <pybindgen.typehandlers.ctypeparser.TypeTraits object at 0x7f5da8af9be0>))
DEBUG:pybindgen.typehandlers:TypeMatcher.lookup('std::string')
DEBUG:pybindgen.typehandlers:try to lookup type handler for 'std::string' => success ((<class 'pybindgen.typehandlers.stringtype.StdStringParam'>, None, <pybindgen.typehandlers.ctypeparser.TypeTraits object at 0x7f5da8aea3c8>))
DEBUG:pybindgen.typehandlers:TypeMatcher.lookup('ns3::NetDeviceContainer::Iterator')
DEBUG:pybindgen.typehandlers:try to lookup type handler for 'ns3::NetDeviceContainer::Iterator' => failure
'ns3::NetDeviceContainer::Iterator' did not match
/home/cs18/tarballs/ns-allinone-3.34/ns-3.34/src/fd-net-device/bindings/modulegen__gcc_LP64.py:2172: Warning: exception TypeLookupError(['ns3::NetDeviceContainer::Iterator'],) in wrapper public: retval? ???::Begin (params?) const;
  is_const=True)
DEBUG:pybindgen.typehandlers:TypeMatcher.lookup('ns3::NetDeviceContainer::Iterator')
DEBUG:pybindgen.typehandlers:try to lookup type handler for 'ns3::NetDeviceContainer::Iterator' => failure
'ns3::NetDeviceContainer::Iterator' did not match
/home/cs18/tarballs/ns-allinone-3.34/ns-3.34/src/fd-net-device/bindings/modulegen__gcc_LP64.py:2177: Warning: exception TypeLookupError(['ns3::NetDeviceContainer::Iterator'],) in wrapper public: retval? ???::End (params?) const;
  is_const=True)
DEBUG:pybindgen.typehandlers:TypeMatcher.lookup('ns3::Ptr< ns3::NetDevice >')
DEBUG:pybindgen.typehandlers:try to lookup type handler for 'ns3::Ptr< ns3::NetDevice >' => failure
DEBUG:pybindgen.typehandlers:try to lookup type handler for 'ns3::NetDevice *' => success ((<class 'pybindgen.cppclass.MemoryPolicy.register_ptr_parameter_and_return.<locals>.ThisClassPtrReturn'>, <ns3modulegen_core_customizations.SmartPointerTransformation object at 0x7f5da907ba90>, <pybindgen.typehandlers.ctypeparser.TypeTraits object at 0x7f5da8b00160>))
DEBUG:pybindgen.typehandlers:TypeMatcher.lookup('uint32_t')
DEBUG:pybindgen.typehandlers:try to lookup type handler for 'uint32_t' => success ((<class 'pybindgen.typehandlers.inttype.UnsignedIntParam'>, None, <pybindgen.typehandlers.ctypeparser.TypeTraits object at 0x7f5da8b000b8>))
DEBUG:pybindgen.typehandlers:TypeMatcher.lookup('uint32_t')
DEBUG:pybindgen.typehandlers:try to lookup type handler for 'uint32_t' => success ((<class 'pybindgen.typehandlers.inttype.UnsignedIntReturn'>, None, <pybindgen.typehandlers.ctypeparser.TypeTraits object at 0x7f5da8b004a8>))
DEBUG:pybindgen.typehandlers:TypeMatcher.lookup('ns3::NodeContainer const &')
DEBUG:pybindgen.typehandlers:try to lookup type handler for 'ns3::NodeContainer const &' => success ((<class 'pybindgen.cppclass.CppClass.__init__.<locals>.ThisClassRefParameter'>, None, <pybindgen.typehandlers.ctypeparser.TypeTraits object at 0x7f5da8b00860>))
DEBUG:pybindgen.typehandlers:TypeMatcher.lookup('ns3::Ptr< ns3::Node >')
DEBUG:pybindgen.typehandlers:try to lookup type handler for 'ns3::Ptr< ns3::Node >' => failure
DEBUG:pybindgen.typehandlers:try to lookup type handler for 'ns3::Node *' => success ((<class 'pybindgen.cppclass.MemoryPolicy.register_ptr_parameter_and_return.<locals>.ThisClassPtrParameter'>, <ns3modulegen_core_customizations.SmartPointerTransformation object at 0x7f5da907ba90>, <pybindgen.typehandlers.ctypeparser.TypeTraits object at 0x7f5da8b07128>))
DEBUG:pybindgen.typehandlers:TypeMatcher.lookup('std::string')
DEBUG:pybindgen.typehandlers:try to lookup type handler for 'std::string' => success ((<class 'pybindgen.typehandlers.stringtype.StdStringParam'>, None, <pybindgen.typehandlers.ctypeparser.TypeTraits object at 0x7f5da8b07358>))
DEBUG:pybindgen.typehandlers:TypeMatcher.lookup('uint32_t')
DEBUG:pybindgen.typehandlers:try to lookup type handler for 'uint32_t' => success ((<class 'pybindgen.typehandlers.inttype.UnsignedIntParam'>, None, <pybindgen.typehandlers.ctypeparser.TypeTraits object at 0x7f5da8b076a0>))
DEBUG:pybindgen.typehandlers:TypeMatcher.lookup('uint32_t')
DEBUG:pybindgen.typehandlers:try to lookup type handler for 'uint32_t' => success ((<class 'pybindgen.typehandlers.inttype.UnsignedIntParam'>, None, <pybindgen.typehandlers.ctypeparser.TypeTraits object at 0x7f5da8b07748>))
DEBUG:pybindgen.typehandlers:TypeMatcher.lookup('ns3::NodeContainer const &')
DEBUG:pybindgen.typehandlers:try to lookup type handler for 'ns3::NodeContainer const &' => success ((<class 'pybindgen.cppclass.CppClass.__init__.<locals>.ThisClassRefParameter'>, None, <pybindgen.typehandlers.ctypeparser.TypeTraits object at 0x7f5da8b07ac8>))
DEBUG:pybindgen.typehandlers:TypeMatcher.lookup('ns3::NodeContainer const &')
DEBUG:pybindgen.typehandlers:try to lookup type handler for 'ns3::NodeContainer const &' => success ((<class 'pybindgen.cppclass.CppClass.__init__.<locals>.ThisClassRefParameter'>, None, <pybindgen.typehandlers.ctypeparser.TypeTraits object at 0x7f5da8b07c88>))
DEBUG:pybindgen.typehandlers:TypeMatcher.lookup('ns3::NodeContainer const &')
DEBUG:pybindgen.typehandlers:try to lookup type handler for 'ns3::NodeContainer const &' => success ((<class 'pybindgen.cppclass.CppClass.__init__.<locals>.ThisClassRefParameter'>, None, <pybindgen.typehandlers.ctypeparser.TypeTraits object at 0x7f5da8af9eb8>))
DEBUG:pybindgen.typehandlers:TypeMatcher.lookup('ns3::NodeContainer const &')
DEBUG:pybindgen.typehandlers:try to lookup type handler for 'ns3::NodeContainer const &' => success ((<class 'pybindgen.cppclass.CppClass.__init__.<locals>.ThisClassRefParameter'>, None, <pybindgen.typehandlers.ctypeparser.TypeTraits object at 0x7f5da8b120f0>))
DEBUG:pybindgen.typehandlers:TypeMatcher.lookup('ns3::NodeContainer const &')
DEBUG:pybindgen.typehandlers:try to lookup type handler for 'ns3::NodeContainer const &' => success ((<class 'pybindgen.cppclass.CppClass.__init__.<locals>.ThisClassRefParameter'>, None, <pybindgen.typehandlers.ctypeparser.TypeTraits object at 0x7f5da8b12278>))
DEBUG:pybindgen.typehandlers:TypeMatcher.lookup('ns3::NodeContainer const &')
DEBUG:pybindgen.typehandlers:try to lookup type handler for 'ns3::NodeContainer const &' => success ((<class 'pybindgen.cppclass.CppClass.__init__.<locals>.ThisClassRefParameter'>, None, <pybindgen.typehandlers.ctypeparser.TypeTraits object at 0x7f5da8b12630>))
DEBUG:pybindgen.typehandlers:TypeMatcher.lookup('ns3::NodeContainer const &')
DEBUG:pybindgen.typehandlers:try to lookup type handler for 'ns3::NodeContainer const &' => success ((<class 'pybindgen.cppclass.CppClass.__init__.<locals>.ThisClassRefParameter'>, None, <pybindgen.typehandlers.ctypeparser.TypeTraits object at 0x7f5da8b127f0>))
DEBUG:pybindgen.typehandlers:TypeMatcher.lookup('ns3::NodeContainer const &')
DEBUG:pybindgen.typehandlers:try to lookup type handler for 'ns3::NodeContainer const &' => success ((<class 'pybindgen.cppclass.CppClass.__init__.<locals>.ThisClassRefParameter'>, None, <pybindgen.typehandlers.ctypeparser.TypeTraits object at 0x7f5da8b12978>))
DEBUG:pybindgen.typehandlers:TypeMatcher.lookup('ns3::NodeContainer const &')
DEBUG:pybindgen.typehandlers:try to lookup type handler for 'ns3::NodeContainer const &' => success ((<class 'pybindgen.cppclass.CppClass.__init__.<locals>.ThisClassRefParameter'>, None, <pybindgen.typehandlers.ctypeparser.TypeTraits object at 0x7f5da8b12b00>))
DEBUG:pybindgen.typehandlers:TypeMatcher.lookup('ns3::NodeContainer const &')
DEBUG:pybindgen.typehandlers:try to lookup type handler for 'ns3::NodeContainer const &' => success ((<class 'pybindgen.cppclass.CppClass.__init__.<locals>.ThisClassRefParameter'>, None, <pybindgen.typehandlers.ctypeparser.TypeTraits object at 0x7f5da8b12eb8>))
DEBUG:pybindgen.typehandlers:TypeMatcher.lookup('ns3::NodeContainer const &')
DEBUG:pybindgen.typehandlers:try to lookup type handler for 'ns3::NodeContainer const &' => success ((<class 'pybindgen.cppclass.CppClass.__init__.<locals>.ThisClassRefParameter'>, None, <pybindgen.typehandlers.ctypeparser.TypeTraits object at 0x7f5da8b140b8>))
DEBUG:pybindgen.typehandlers:TypeMatcher.lookup('ns3::NodeContainer const &')
DEBUG:pybindgen.typehandlers:try to lookup type handler for 'ns3::NodeContainer const &' => success ((<class 'pybindgen.cppclass.CppClass.__init__.<locals>.ThisClassRefParameter'>, None, <pybindgen.typehandlers.ctypeparser.TypeTraits object at 0x7f5da8b14240>))
DEBUG:pybindgen.typehandlers:TypeMatcher.lookup('ns3::NodeContainer const &')
DEBUG:pybindgen.typehandlers:try to lookup type handler for 'ns3::NodeContainer const &' => success ((<class 'pybindgen.cppclass.CppClass.__init__.<locals>.ThisClassRefParameter'>, None, <pybindgen.typehandlers.ctypeparser.TypeTraits object at 0x7f5da8b143c8>))
DEBUG:pybindgen.typehandlers:TypeMatcher.lookup('ns3::NodeContainer const &')
DEBUG:pybindgen.typehandlers:try to lookup type handler for 'ns3::NodeContainer const &' => success ((<class 'pybindgen.cppclass.CppClass.__init__.<locals>.ThisClassRefParameter'>, None, <pybindgen.typehandlers.ctypeparser.TypeTraits object at 0x7f5da8b14550>))
DEBUG:pybindgen.typehandlers:TypeMatcher.lookup('void')
DEBUG:pybindgen.typehandlers:try to lookup type handler for 'void' => success ((<class 'pybindgen.typehandlers.voidtype.VoidReturn'>, None, <pybindgen.typehandlers.ctypeparser.TypeTraits object at 0x7f5da8b148d0>))
DEBUG:pybindgen.typehandlers:TypeMatcher.lookup('ns3::NodeContainer')
DEBUG:pybindgen.typehandlers:try to lookup type handler for 'ns3::NodeContainer' => success ((<class 'pybindgen.cppclass.CppClass.__init__.<locals>.ThisClassParameter'>, None, <pybindgen.typehandlers.ctypeparser.TypeTraits object at 0x7f5da8b14a20>))
DEBUG:pybindgen.typehandlers:TypeMatcher.lookup('void')
DEBUG:pybindgen.typehandlers:try to lookup type handler for 'void' => success ((<class 'pybindgen.typehandlers.voidtype.VoidReturn'>, None, <pybindgen.typehandlers.ctypeparser.TypeTraits object at 0x7f5da8b14d68>))
DEBUG:pybindgen.typehandlers:TypeMatcher.lookup('ns3::Ptr< ns3::Node >')
DEBUG:pybindgen.typehandlers:try to lookup type handler for 'ns3::Ptr< ns3::Node >' => failure
DEBUG:pybindgen.typehandlers:try to lookup type handler for 'ns3::Node *' => success ((<class 'pybindgen.cppclass.MemoryPolicy.register_ptr_parameter_and_return.<locals>.ThisClassPtrParameter'>, <ns3modulegen_core_customizations.SmartPointerTransformation object at 0x7f5da907ba90>, <pybindgen.typehandlers.ctypeparser.TypeTraits object at 0x7f5da8b1a128>))
DEBUG:pybindgen.typehandlers:TypeMatcher.lookup('void')
DEBUG:pybindgen.typehandlers:try to lookup type handler for 'void' => success ((<class 'pybindgen.typehandlers.voidtype.VoidReturn'>, None, <pybindgen.typehandlers.ctypeparser.TypeTraits object at 0x7f5da8b1a320>))
DEBUG:pybindgen.typehandlers:TypeMatcher.lookup('std::string')
DEBUG:pybindgen.typehandlers:try to lookup type handler for 'std::string' => success ((<class 'pybindgen.typehandlers.stringtype.StdStringParam'>, None, <pybindgen.typehandlers.ctypeparser.TypeTraits object at 0x7f5da8b1a470>))
DEBUG:pybindgen.typehandlers:TypeMatcher.lookup('ns3::NodeContainer::Iterator')
DEBUG:pybindgen.typehandlers:try to lookup type handler for 'ns3::NodeContainer::Iterator' => failure
'ns3::NodeContainer::Iterator' did not match
/home/cs18/tarballs/ns-allinone-3.34/ns-3.34/src/fd-net-device/bindings/modulegen__gcc_LP64.py:2225: Warning: exception TypeLookupError(['ns3::NodeContainer::Iterator'],) in wrapper public: retval? ???::Begin (params?) const;
  is_const=True)
DEBUG:pybindgen.typehandlers:TypeMatcher.lookup('bool')
DEBUG:pybindgen.typehandlers:try to lookup type handler for 'bool' => success ((<class 'pybindgen.typehandlers.booltype.BoolReturn'>, None, <pybindgen.typehandlers.ctypeparser.TypeTraits object at 0x7f5da8b1a860>))
DEBUG:pybindgen.typehandlers:TypeMatcher.lookup('uint32_t')
DEBUG:pybindgen.typehandlers:try to lookup type handler for 'uint32_t' => success ((<class 'pybindgen.typehandlers.inttype.UnsignedIntParam'>, None, <pybindgen.typehandlers.ctypeparser.TypeTraits object at 0x7f5da8b1a978>))
DEBUG:pybindgen.typehandlers:TypeMatcher.lookup('void')
DEBUG:pybindgen.typehandlers:try to lookup type handler for 'void' => success ((<class 'pybindgen.typehandlers.voidtype.VoidReturn'>, None, <pybindgen.typehandlers.ctypeparser.TypeTraits object at 0x7f5da8b1ac18>))
DEBUG:pybindgen.typehandlers:TypeMatcher.lookup('uint32_t')
DEBUG:pybindgen.typehandlers:try to lookup type handler for 'uint32_t' => success ((<class 'pybindgen.typehandlers.inttype.UnsignedIntParam'>, None, <pybindgen.typehandlers.ctypeparser.TypeTraits object at 0x7f5da8b1ad68>))
DEBUG:pybindgen.typehandlers:TypeMatcher.lookup('void')
DEBUG:pybindgen.typehandlers:try to lookup type handler for 'void' => success ((<class 'pybindgen.typehandlers.voidtype.VoidReturn'>, None, <pybindgen.typehandlers.ctypeparser.TypeTraits object at 0x7f5da8aa20f0>))
DEBUG:pybindgen.typehandlers:TypeMatcher.lookup('uint32_t')
DEBUG:pybindgen.typehandlers:try to lookup type handler for 'uint32_t' => success ((<class 'pybindgen.typehandlers.inttype.UnsignedIntParam'>, None, <pybindgen.typehandlers.ctypeparser.TypeTraits object at 0x7f5da8aa2240>))
DEBUG:pybindgen.typehandlers:TypeMatcher.lookup('uint32_t')
DEBUG:pybindgen.typehandlers:try to lookup type handler for 'uint32_t' => success ((<class 'pybindgen.typehandlers.inttype.UnsignedIntParam'>, None, <pybindgen.typehandlers.ctypeparser.TypeTraits object at 0x7f5da8aa22e8>))
DEBUG:pybindgen.typehandlers:TypeMatcher.lookup('ns3::NodeContainer::Iterator')
DEBUG:pybindgen.typehandlers:try to lookup type handler for 'ns3::NodeContainer::Iterator' => failure
'ns3::NodeContainer::Iterator' did not match
/home/cs18/tarballs/ns-allinone-3.34/ns-3.34/src/fd-net-device/bindings/modulegen__gcc_LP64.py:2243: Warning: exception TypeLookupError(['ns3::NodeContainer::Iterator'],) in wrapper public: retval? ???::End (params?) const;
  is_const=True)
DEBUG:pybindgen.typehandlers:TypeMatcher.lookup('ns3::Ptr< ns3::Node >')
DEBUG:pybindgen.typehandlers:try to lookup type handler for 'ns3::Ptr< ns3::Node >' => failure
DEBUG:pybindgen.typehandlers:try to lookup type handler for 'ns3::Node *' => success ((<class 'pybindgen.cppclass.MemoryPolicy.register_ptr_parameter_and_return.<locals>.ThisClassPtrReturn'>, <ns3modulegen_core_customizations.SmartPointerTransformation object at 0x7f5da907ba90>, <pybindgen.typehandlers.ctypeparser.TypeTraits object at 0x7f5da8aa2908>))
DEBUG:pybindgen.typehandlers:TypeMatcher.lookup('uint32_t')
DEBUG:pybindgen.typehandlers:try to lookup type handler for 'uint32_t' => success ((<class 'pybindgen.typehandlers.inttype.UnsignedIntParam'>, None, <pybindgen.typehandlers.ctypeparser.TypeTraits object at 0x7f5da8aa2860>))
DEBUG:pybindgen.typehandlers:TypeMatcher.lookup('ns3::NodeContainer')
DEBUG:pybindgen.typehandlers:try to lookup type handler for 'ns3::NodeContainer' => success ((<class 'pybindgen.cppclass.CppClass.__init__.<locals>.ThisClassReturn'>, None, <pybindgen.typehandlers.ctypeparser.TypeTraits object at 0x7f5da8aa2c50>))
DEBUG:pybindgen.typehandlers:TypeMatcher.lookup('uint32_t')
DEBUG:pybindgen.typehandlers:try to lookup type handler for 'uint32_t' => success ((<class 'pybindgen.typehandlers.inttype.UnsignedIntReturn'>, None, <pybindgen.typehandlers.ctypeparser.TypeTraits object at 0x7f5da8aa2fd0>))
DEBUG:pybindgen.typehandlers:TypeMatcher.lookup('ns3::ObjectBase const &')
DEBUG:pybindgen.typehandlers:try to lookup type handler for 'ns3::ObjectBase const &' => success ((<class 'pybindgen.cppclass.CppClass.__init__.<locals>.ThisClassRefParameter'>, None, <pybindgen.typehandlers.ctypeparser.TypeTraits object at 0x7f5da8aac630>))
DEBUG:pybindgen.typehandlers:TypeMatcher.lookup('void')
DEBUG:pybindgen.typehandlers:try to lookup type handler for 'void' => success ((<class 'pybindgen.typehandlers.voidtype.VoidReturn'>, None, <pybindgen.typehandlers.ctypeparser.TypeTraits object at 0x7f5da8aac9e8>))
DEBUG:pybindgen.typehandlers:TypeMatcher.lookup('std::string')
DEBUG:pybindgen.typehandlers:try to lookup type handler for 'std::string' => success ((<class 'pybindgen.typehandlers.stringtype.StdStringParam'>, None, <pybindgen.typehandlers.ctypeparser.TypeTraits object at 0x7f5da8aacb38>))
DEBUG:pybindgen.typehandlers:TypeMatcher.lookup('ns3::AttributeValue &')
DEBUG:pybindgen.typehandlers:try to lookup type handler for 'ns3::AttributeValue &' => success ((<class 'pybindgen.cppclass.CppClass.__init__.<locals>.ThisClassRefParameter'>, None, <pybindgen.typehandlers.ctypeparser.TypeTraits object at 0x7f5da8aacbe0>))
DEBUG:pybindgen.typehandlers:TypeMatcher.lookup('bool')
DEBUG:pybindgen.typehandlers:try to lookup type handler for 'bool' => success ((<class 'pybindgen.typehandlers.booltype.BoolReturn'>, None, <pybindgen.typehandlers.ctypeparser.TypeTraits object at 0x7f5da8aacf98>))
DEBUG:pybindgen.typehandlers:TypeMatcher.lookup('std::string')
DEBUG:pybindgen.typehandlers:try to lookup type handler for 'std::string' => success ((<class 'pybindgen.typehandlers.stringtype.StdStringParam'>, None, <pybindgen.typehandlers.ctypeparser.TypeTraits object at 0x7f5da8ab2128>))
DEBUG:pybindgen.typehandlers:TypeMatcher.lookup('ns3::AttributeValue &')
DEBUG:pybindgen.typehandlers:try to lookup type handler for 'ns3::AttributeValue &' => success ((<class 'pybindgen.cppclass.CppClass.__init__.<locals>.ThisClassRefParameter'>, None, <pybindgen.typehandlers.ctypeparser.TypeTraits object at 0x7f5da8ab2198>))
DEBUG:pybindgen.typehandlers:TypeMatcher.lookup('ns3::TypeId')
DEBUG:pybindgen.typehandlers:try to lookup type handler for 'ns3::TypeId' => success ((<class 'pybindgen.cppclass.CppClass.__init__.<locals>.ThisClassReturn'>, None, <pybindgen.typehandlers.ctypeparser.TypeTraits object at 0x7f5da8ab24e0>))
DEBUG:pybindgen.typehandlers:TypeMatcher.lookup('ns3::TypeId')
DEBUG:pybindgen.typehandlers:try to lookup type handler for 'ns3::TypeId' => success ((<class 'pybindgen.cppclass.CppClass.__init__.<locals>.ThisClassReturn'>, None, <pybindgen.typehandlers.ctypeparser.TypeTraits object at 0x7f5da8ab2a90>))
DEBUG:pybindgen.typehandlers:TypeMatcher.lookup('void')
DEBUG:pybindgen.typehandlers:try to lookup type handler for 'void' => success ((<class 'pybindgen.typehandlers.voidtype.VoidReturn'>, None, <pybindgen.typehandlers.ctypeparser.TypeTraits object at 0x7f5da8ab2e10>))
DEBUG:pybindgen.typehandlers:TypeMatcher.lookup('std::string')
DEBUG:pybindgen.typehandlers:try to lookup type handler for 'std::string' => success ((<class 'pybindgen.typehandlers.stringtype.StdStringParam'>, None, <pybindgen.typehandlers.ctypeparser.TypeTraits object at 0x7f5da8ab2f60>))
DEBUG:pybindgen.typehandlers:TypeMatcher.lookup('ns3::AttributeValue const &')
DEBUG:pybindgen.typehandlers:try to lookup type handler for 'ns3::AttributeValue const &' => success ((<class 'pybindgen.cppclass.CppClass.__init__.<locals>.ThisClassRefParameter'>, None, <pybindgen.typehandlers.ctypeparser.TypeTraits object at 0x7f5da8ab6048>))
DEBUG:pybindgen.typehandlers:TypeMatcher.lookup('bool')
DEBUG:pybindgen.typehandlers:try to lookup type handler for 'bool' => success ((<class 'pybindgen.typehandlers.booltype.BoolReturn'>, None, <pybindgen.typehandlers.ctypeparser.TypeTraits object at 0x7f5da8ab6470>))
DEBUG:pybindgen.typehandlers:TypeMatcher.lookup('std::string')
DEBUG:pybindgen.typehandlers:try to lookup type handler for 'std::string' => success ((<class 'pybindgen.typehandlers.stringtype.StdStringParam'>, None, <pybindgen.typehandlers.ctypeparser.TypeTraits object at 0x7f5da8ab65c0>))
DEBUG:pybindgen.typehandlers:TypeMatcher.lookup('ns3::AttributeValue const &')
DEBUG:pybindgen.typehandlers:try to lookup type handler for 'ns3::AttributeValue const &' => success ((<class 'pybindgen.cppclass.CppClass.__init__.<locals>.ThisClassRefParameter'>, None, <pybindgen.typehandlers.ctypeparser.TypeTraits object at 0x7f5da8ab6668>))
DEBUG:pybindgen.typehandlers:TypeMatcher.lookup('bool')
DEBUG:pybindgen.typehandlers:try to lookup type handler for 'bool' => success ((<class 'pybindgen.typehandlers.booltype.BoolReturn'>, None, <pybindgen.typehandlers.ctypeparser.TypeTraits object at 0x7f5da8ab6a90>))
DEBUG:pybindgen.typehandlers:TypeMatcher.lookup('std::string')
DEBUG:pybindgen.typehandlers:try to lookup type handler for 'std::string' => success ((<class 'pybindgen.typehandlers.stringtype.StdStringParam'>, None, <pybindgen.typehandlers.ctypeparser.TypeTraits object at 0x7f5da8ab6be0>))
DEBUG:pybindgen.typehandlers:TypeMatcher.lookup('std::string')
DEBUG:pybindgen.typehandlers:try to lookup type handler for 'std::string' => success ((<class 'pybindgen.typehandlers.stringtype.StdStringParam'>, None, <pybindgen.typehandlers.ctypeparser.TypeTraits object at 0x7f5da8ab6c88>))
DEBUG:pybindgen.typehandlers:TypeMatcher.lookup('ns3::CallbackBase const &')
DEBUG:pybindgen.typehandlers:try to lookup type handler for 'ns3::CallbackBase const &' => success ((<class 'pybindgen.cppclass.CppClass.__init__.<locals>.ThisClassRefParameter'>, None, <pybindgen.typehandlers.ctypeparser.TypeTraits object at 0x7f5da8ab6d68>))
DEBUG:pybindgen.typehandlers:TypeMatcher.lookup('bool')
DEBUG:pybindgen.typehandlers:try to lookup type handler for 'bool' => success ((<class 'pybindgen.typehandlers.booltype.BoolReturn'>, None, <pybindgen.typehandlers.ctypeparser.TypeTraits object at 0x7f5da8abe1d0>))
DEBUG:pybindgen.typehandlers:TypeMatcher.lookup('std::string')
DEBUG:pybindgen.typehandlers:try to lookup type handler for 'std::string' => success ((<class 'pybindgen.typehandlers.stringtype.StdStringParam'>, None, <pybindgen.typehandlers.ctypeparser.TypeTraits object at 0x7f5da8abe320>))
DEBUG:pybindgen.typehandlers:TypeMatcher.lookup('ns3::CallbackBase const &')
DEBUG:pybindgen.typehandlers:try to lookup type handler for 'ns3::CallbackBase const &' => success ((<class 'pybindgen.cppclass.CppClass.__init__.<locals>.ThisClassRefParameter'>, None, <pybindgen.typehandlers.ctypeparser.TypeTraits object at 0x7f5da8abe3c8>))
DEBUG:pybindgen.typehandlers:TypeMatcher.lookup('bool')
DEBUG:pybindgen.typehandlers:try to lookup type handler for 'bool' => success ((<class 'pybindgen.typehandlers.booltype.BoolReturn'>, None, <pybindgen.typehandlers.ctypeparser.TypeTraits object at 0x7f5da8abe7f0>))
DEBUG:pybindgen.typehandlers:TypeMatcher.lookup('std::string')
DEBUG:pybindgen.typehandlers:try to lookup type handler for 'std::string' => success ((<class 'pybindgen.typehandlers.stringtype.StdStringParam'>, None, <pybindgen.typehandlers.ctypeparser.TypeTraits object at 0x7f5da8abe940>))
DEBUG:pybindgen.typehandlers:TypeMatcher.lookup('std::string')
DEBUG:pybindgen.typehandlers:try to lookup type handler for 'std::string' => success ((<class 'pybindgen.typehandlers.stringtype.StdStringParam'>, None, <pybindgen.typehandlers.ctypeparser.TypeTraits object at 0x7f5da8abe9e8>))
DEBUG:pybindgen.typehandlers:TypeMatcher.lookup('ns3::CallbackBase const &')
DEBUG:pybindgen.typehandlers:try to lookup type handler for 'ns3::CallbackBase const &' => success ((<class 'pybindgen.cppclass.CppClass.__init__.<locals>.ThisClassRefParameter'>, None, <pybindgen.typehandlers.ctypeparser.TypeTraits object at 0x7f5da8abeac8>))
DEBUG:pybindgen.typehandlers:TypeMatcher.lookup('bool')
DEBUG:pybindgen.typehandlers:try to lookup type handler for 'bool' => success ((<class 'pybindgen.typehandlers.booltype.BoolReturn'>, None, <pybindgen.typehandlers.ctypeparser.TypeTraits object at 0x7f5da8abeef0>))
DEBUG:pybindgen.typehandlers:TypeMatcher.lookup('std::string')
DEBUG:pybindgen.typehandlers:try to lookup type handler for 'std::string' => success ((<class 'pybindgen.typehandlers.stringtype.StdStringParam'>, None, <pybindgen.typehandlers.ctypeparser.TypeTraits object at 0x7f5da8ac5080>))
DEBUG:pybindgen.typehandlers:TypeMatcher.lookup('ns3::CallbackBase const &')
DEBUG:pybindgen.typehandlers:try to lookup type handler for 'ns3::CallbackBase const &' => success ((<class 'pybindgen.cppclass.CppClass.__init__.<locals>.ThisClassRefParameter'>, None, <pybindgen.typehandlers.ctypeparser.TypeTraits object at 0x7f5da8ac5128>))
DEBUG:pybindgen.typehandlers:TypeMatcher.lookup('void')
DEBUG:pybindgen.typehandlers:try to lookup type handler for 'void' => success ((<class 'pybindgen.typehandlers.voidtype.VoidReturn'>, None, <pybindgen.typehandlers.ctypeparser.TypeTraits object at 0x7f5da8ac5550>))
DEBUG:pybindgen.typehandlers:TypeMatcher.lookup('ns3::AttributeConstructionList const &')
DEBUG:pybindgen.typehandlers:try to lookup type handler for 'ns3::AttributeConstructionList const &' => success ((<class 'pybindgen.cppclass.CppClass.__init__.<locals>.ThisClassRefParameter'>, None, <pybindgen.typehandlers.ctypeparser.TypeTraits object at 0x7f5da8ac56a0>))
DEBUG:pybindgen.typehandlers:TypeMatcher.lookup('void')
DEBUG:pybindgen.typehandlers:try to lookup type handler for 'void' => success ((<class 'pybindgen.typehandlers.voidtype.VoidReturn'>, None, <pybindgen.typehandlers.ctypeparser.TypeTraits object at 0x7f5da8ac5cf8>))
DEBUG:pybindgen.typehandlers:TypeMatcher.lookup('ns3::ObjectDeleter const &')
DEBUG:pybindgen.typehandlers:try to lookup type handler for 'ns3::ObjectDeleter const &' => success ((<class 'pybindgen.cppclass.CppClass.__init__.<locals>.ThisClassRefParameter'>, None, <pybindgen.typehandlers.ctypeparser.TypeTraits object at 0x7f5da8acc7f0>))
DEBUG:pybindgen.typehandlers:TypeMatcher.lookup('void')
DEBUG:pybindgen.typehandlers:try to lookup type handler for 'void' => success ((<class 'pybindgen.typehandlers.voidtype.VoidReturn'>, None, <pybindgen.typehandlers.ctypeparser.TypeTraits object at 0x7f5da8accba8>))
DEBUG:pybindgen.typehandlers:TypeMatcher.lookup('ns3::Object *')
DEBUG:pybindgen.typehandlers:try to lookup type handler for 'ns3::Object *' => success ((<class 'pybindgen.cppclass.MemoryPolicy.register_ptr_parameter_and_return.<locals>.ThisClassPtrParameter'>, None, <pybindgen.typehandlers.ctypeparser.TypeTraits object at 0x7f5da8acccf8>))
/home/cs18/tarballs/ns-allinone-3.34/ns-3.34/src/fd-net-device/bindings/modulegen__gcc_LP64.py:2331: Warning: exception TypeConfigurationError('Missing transfer_ownership option',) in wrapper public: retval? ???::Delete (params?);
  is_static=True)
DEBUG:pybindgen.typehandlers:TypeMatcher.lookup('ns3::ObjectFactory const &')
DEBUG:pybindgen.typehandlers:try to lookup type handler for 'ns3::ObjectFactory const &' => success ((<class 'pybindgen.cppclass.CppClass.__init__.<locals>.ThisClassRefParameter'>, None, <pybindgen.typehandlers.ctypeparser.TypeTraits object at 0x7f5da8acce80>))
DEBUG:pybindgen.typehandlers:TypeMatcher.lookup('ns3::Ptr< ns3::Object >')
DEBUG:pybindgen.typehandlers:try to lookup type handler for 'ns3::Ptr< ns3::Object >' => failure
DEBUG:pybindgen.typehandlers:try to lookup type handler for 'ns3::Object *' => success ((<class 'pybindgen.cppclass.MemoryPolicy.register_ptr_parameter_and_return.<locals>.ThisClassPtrReturn'>, <ns3modulegen_core_customizations.SmartPointerTransformation object at 0x7f5da907ba90>, <pybindgen.typehandlers.ctypeparser.TypeTraits object at 0x7f5da8ad7470>))
DEBUG:pybindgen.typehandlers:TypeMatcher.lookup('ns3::TypeId')
DEBUG:pybindgen.typehandlers:try to lookup type handler for 'ns3::TypeId' => success ((<class 'pybindgen.cppclass.CppClass.__init__.<locals>.ThisClassReturn'>, None, <pybindgen.typehandlers.ctypeparser.TypeTraits object at 0x7f5da8ad76d8>))
DEBUG:pybindgen.typehandlers:TypeMatcher.lookup('bool')
DEBUG:pybindgen.typehandlers:try to lookup type handler for 'bool' => success ((<class 'pybindgen.typehandlers.booltype.BoolReturn'>, None, <pybindgen.typehandlers.ctypeparser.TypeTraits object at 0x7f5da8ad7a58>))
DEBUG:pybindgen.typehandlers:TypeMatcher.lookup('void')
DEBUG:pybindgen.typehandlers:try to lookup type handler for 'void' => success ((<class 'pybindgen.typehandlers.voidtype.VoidReturn'>, None, <pybindgen.typehandlers.ctypeparser.TypeTraits object at 0x7f5da8ad7e10>))
DEBUG:pybindgen.typehandlers:TypeMatcher.lookup('void')
DEBUG:pybindgen.typehandlers:try to lookup type handler for 'void' => success ((<class 'pybindgen.typehandlers.voidtype.VoidReturn'>, None, <pybindgen.typehandlers.ctypeparser.TypeTraits object at 0x7f5da8a60240>))
DEBUG:pybindgen.typehandlers:TypeMatcher.lookup('ns3::TypeId')
DEBUG:pybindgen.typehandlers:try to lookup type handler for 'ns3::TypeId' => success ((<class 'pybindgen.cppclass.CppClass.__init__.<locals>.ThisClassParameter'>, None, <pybindgen.typehandlers.ctypeparser.TypeTraits object at 0x7f5da8a60390>))
DEBUG:pybindgen.typehandlers:TypeMatcher.lookup('void')
DEBUG:pybindgen.typehandlers:try to lookup type handler for 'void' => success ((<class 'pybindgen.typehandlers.voidtype.VoidReturn'>, None, <pybindgen.typehandlers.ctypeparser.TypeTraits object at 0x7f5da8a606d8>))
DEBUG:pybindgen.typehandlers:TypeMatcher.lookup('char const *')
DEBUG:pybindgen.typehandlers:try to lookup type handler for 'char const *' => success ((<class 'pybindgen.typehandlers.stringtype.CStringParam'>, None, <pybindgen.typehandlers.ctypeparser.TypeTraits object at 0x7f5da8a60828>))
DEBUG:pybindgen.typehandlers:TypeMatcher.lookup('void')
DEBUG:pybindgen.typehandlers:try to lookup type handler for 'void' => success ((<class 'pybindgen.typehandlers.voidtype.VoidReturn'>, None, <pybindgen.typehandlers.ctypeparser.TypeTraits object at 0x7f5da8a60c18>))
DEBUG:pybindgen.typehandlers:TypeMatcher.lookup('std::string')
DEBUG:pybindgen.typehandlers:try to lookup type handler for 'std::string' => success ((<class 'pybindgen.typehandlers.stringtype.StdStringParam'>, None, <pybindgen.typehandlers.ctypeparser.TypeTraits object at 0x7f5da8a60d68>))
DEBUG:pybindgen.typehandlers:TypeMatcher.lookup('uint64_t')
DEBUG:pybindgen.typehandlers:try to lookup type handler for 'uint64_t' => success ((<class 'pybindgen.typehandlers.inttype.UnsignedLongLongParam'>, None, <pybindgen.typehandlers.ctypeparser.TypeTraits object at 0x7f5da8a660f0>))
DEBUG:pybindgen.typehandlers:TypeMatcher.lookup('uint32_t')
DEBUG:pybindgen.typehandlers:try to lookup type handler for 'uint32_t' => success ((<class 'pybindgen.typehandlers.inttype.UnsignedIntParam'>, None, <pybindgen.typehandlers.ctypeparser.TypeTraits object at 0x7f5da8a66198>))
DEBUG:pybindgen.typehandlers:TypeMatcher.lookup('ns3::PacketMetadata const &')
DEBUG:pybindgen.typehandlers:try to lookup type handler for 'ns3::PacketMetadata const &' => success ((<class 'pybindgen.cppclass.CppClass.__init__.<locals>.ThisClassRefParameter'>, None, <pybindgen.typehandlers.ctypeparser.TypeTraits object at 0x7f5da8a66518>))
DEBUG:pybindgen.typehandlers:TypeMatcher.lookup('void')
DEBUG:pybindgen.typehandlers:try to lookup type handler for 'void' => success ((<class 'pybindgen.typehandlers.voidtype.VoidReturn'>, None, <pybindgen.typehandlers.ctypeparser.TypeTraits object at 0x7f5da8a668d0>))
DEBUG:pybindgen.typehandlers:TypeMatcher.lookup('ns3::PacketMetadata const &')
DEBUG:pybindgen.typehandlers:try to lookup type handler for 'ns3::PacketMetadata const &' => success ((<class 'pybindgen.cppclass.CppClass.__init__.<locals>.ThisClassRefParameter'>, None, <pybindgen.typehandlers.ctypeparser.TypeTraits object at 0x7f5da8a66a20>))
DEBUG:pybindgen.typehandlers:TypeMatcher.lookup('void')
DEBUG:pybindgen.typehandlers:try to lookup type handler for 'void' => success ((<class 'pybindgen.typehandlers.voidtype.VoidReturn'>, None, <pybindgen.typehandlers.ctypeparser.TypeTraits object at 0x7f5da8a66e10>))
DEBUG:pybindgen.typehandlers:TypeMatcher.lookup('ns3::Header const &')
DEBUG:pybindgen.typehandlers:try to lookup type handler for 'ns3::Header const &' => success ((<class 'pybindgen.cppclass.CppClass.__init__.<locals>.ThisClassRefParameter'>, None, <pybindgen.typehandlers.ctypeparser.TypeTraits object at 0x7f5da8a66f60>))
DEBUG:pybindgen.typehandlers:TypeMatcher.lookup('uint32_t')
DEBUG:pybindgen.typehandlers:try to lookup type handler for 'uint32_t' => success ((<class 'pybindgen.typehandlers.inttype.UnsignedIntParam'>, None, <pybindgen.typehandlers.ctypeparser.TypeTraits object at 0x7f5da8a6d160>))
DEBUG:pybindgen.typehandlers:TypeMatcher.lookup('void')
DEBUG:pybindgen.typehandlers:try to lookup type handler for 'void' => success ((<class 'pybindgen.typehandlers.voidtype.VoidReturn'>, None, <pybindgen.typehandlers.ctypeparser.TypeTraits object at 0x7f5da8a6d470>))
DEBUG:pybindgen.typehandlers:TypeMatcher.lookup('uint32_t')
DEBUG:pybindgen.typehandlers:try to lookup type handler for 'uint32_t' => success ((<class 'pybindgen.typehandlers.inttype.UnsignedIntParam'>, None, <pybindgen.typehandlers.ctypeparser.TypeTraits object at 0x7f5da8a6d5c0>))
DEBUG:pybindgen.typehandlers:TypeMatcher.lookup('void')
DEBUG:pybindgen.typehandlers:try to lookup type handler for 'void' => success ((<class 'pybindgen.typehandlers.voidtype.VoidReturn'>, None, <pybindgen.typehandlers.ctypeparser.TypeTraits object at 0x7f5da8a6d908>))
DEBUG:pybindgen.typehandlers:TypeMatcher.lookup('ns3::Trailer const &')
DEBUG:pybindgen.typehandlers:try to lookup type handler for 'ns3::Trailer const &' => success ((<class 'pybindgen.cppclass.CppClass.__init__.<locals>.ThisClassRefParameter'>, None, <pybindgen.typehandlers.ctypeparser.TypeTraits object at 0x7f5da8a6da58>))
DEBUG:pybindgen.typehandlers:TypeMatcher.lookup('uint32_t')
DEBUG:pybindgen.typehandlers:try to lookup type handler for 'uint32_t' => success ((<class 'pybindgen.typehandlers.inttype.UnsignedIntParam'>, None, <pybindgen.typehandlers.ctypeparser.TypeTraits object at 0x7f5da8a6dc18>))
DEBUG:pybindgen.typehandlers:TypeMatcher.lookup('ns3::PacketMetadata::ItemIterator')
DEBUG:pybindgen.typehandlers:try to lookup type handler for 'ns3::PacketMetadata::ItemIterator' => success ((<class 'pybindgen.cppclass.CppClass.__init__.<locals>.ThisClassReturn'>, None, <pybindgen.typehandlers.ctypeparser.TypeTraits object at 0x7f5da8a6df28>))
DEBUG:pybindgen.typehandlers:TypeMatcher.lookup('ns3::Buffer')
DEBUG:pybindgen.typehandlers:try to lookup type handler for 'ns3::Buffer' => success ((<class 'pybindgen.cppclass.CppClass.__init__.<locals>.ThisClassParameter'>, None, <pybindgen.typehandlers.ctypeparser.TypeTraits object at 0x7f5da8a74080>))
DEBUG:pybindgen.typehandlers:TypeMatcher.lookup('ns3::PacketMetadata')
DEBUG:pybindgen.typehandlers:try to lookup type handler for 'ns3::PacketMetadata' => success ((<class 'pybindgen.cppclass.CppClass.__init__.<locals>.ThisClassReturn'>, None, <pybindgen.typehandlers.ctypeparser.TypeTraits object at 0x7f5da8a743c8>))
DEBUG:pybindgen.typehandlers:TypeMatcher.lookup('uint32_t')
DEBUG:pybindgen.typehandlers:try to lookup type handler for 'uint32_t' => success ((<class 'pybindgen.typehandlers.inttype.UnsignedIntParam'>, None, <pybindgen.typehandlers.ctypeparser.TypeTraits object at 0x7f5da8a744e0>))
DEBUG:pybindgen.typehandlers:TypeMatcher.lookup('uint32_t')
DEBUG:pybindgen.typehandlers:try to lookup type handler for 'uint32_t' => success ((<class 'pybindgen.typehandlers.inttype.UnsignedIntParam'>, None, <pybindgen.typehandlers.ctypeparser.TypeTraits object at 0x7f5da8a74588>))
DEBUG:pybindgen.typehandlers:TypeMatcher.lookup('uint32_t')
DEBUG:pybindgen.typehandlers:try to lookup type handler for 'uint32_t' => success ((<class 'pybindgen.typehandlers.inttype.UnsignedIntReturn'>, None, <pybindgen.typehandlers.ctypeparser.TypeTraits object at 0x7f5da8a74908>))
DEBUG:pybindgen.typehandlers:TypeMatcher.lookup('uint8_t const *')
DEBUG:pybindgen.typehandlers:try to lookup type handler for 'uint8_t const *' => success ((<class 'pybindgen.typehandlers.inttype.UInt8PtrParam'>, None, <pybindgen.typehandlers.ctypeparser.TypeTraits object at 0x7f5da8a74a20>))
/home/cs18/tarballs/ns-allinone-3.34/ns-3.34/src/fd-net-device/bindings/modulegen__gcc_LP64.py:2407: Warning: exception TypeConfigurationError('direction not given',) in wrapper public: retval? ???::Deserialize (params?);
  [param('uint8_t const *', 'buffer'), param('uint32_t', 'size')])
DEBUG:pybindgen.typehandlers:TypeMatcher.lookup('void')
DEBUG:pybindgen.typehandlers:try to lookup type handler for 'void' => success ((<class 'pybindgen.typehandlers.voidtype.VoidReturn'>, None, <pybindgen.typehandlers.ctypeparser.TypeTraits object at 0x7f5da8a74b70>))
DEBUG:pybindgen.typehandlers:TypeMatcher.lookup('void')
DEBUG:pybindgen.typehandlers:try to lookup type handler for 'void' => success ((<class 'pybindgen.typehandlers.voidtype.VoidReturn'>, None, <pybindgen.typehandlers.ctypeparser.TypeTraits object at 0x7f5da8a74f98>))
DEBUG:pybindgen.typehandlers:TypeMatcher.lookup('uint32_t')
DEBUG:pybindgen.typehandlers:try to lookup type handler for 'uint32_t' => success ((<class 'pybindgen.typehandlers.inttype.UnsignedIntReturn'>, None, <pybindgen.typehandlers.ctypeparser.TypeTraits object at 0x7f5da8a74b38>))
DEBUG:pybindgen.typehandlers:TypeMatcher.lookup('uint64_t')
DEBUG:pybindgen.typehandlers:try to lookup type handler for 'uint64_t' => success ((<class 'pybindgen.typehandlers.inttype.UnsignedLongLongReturn'>, None, <pybindgen.typehandlers.ctypeparser.TypeTraits object at 0x7f5da8a7b438>))
DEBUG:pybindgen.typehandlers:TypeMatcher.lookup('void')
DEBUG:pybindgen.typehandlers:try to lookup type handler for 'void' => success ((<class 'pybindgen.typehandlers.voidtype.VoidReturn'>, None, <pybindgen.typehandlers.ctypeparser.TypeTraits object at 0x7f5da8a7b7b8>))
DEBUG:pybindgen.typehandlers:TypeMatcher.lookup('uint32_t')
DEBUG:pybindgen.typehandlers:try to lookup type handler for 'uint32_t' => success ((<class 'pybindgen.typehandlers.inttype.UnsignedIntParam'>, None, <pybindgen.typehandlers.ctypeparser.TypeTraits object at 0x7f5da8a7b908>))
DEBUG:pybindgen.typehandlers:TypeMatcher.lookup('void')
DEBUG:pybindgen.typehandlers:try to lookup type handler for 'void' => success ((<class 'pybindgen.typehandlers.voidtype.VoidReturn'>, None, <pybindgen.typehandlers.ctypeparser.TypeTraits object at 0x7f5da8a7bc50>))
DEBUG:pybindgen.typehandlers:TypeMatcher.lookup('uint32_t')
DEBUG:pybindgen.typehandlers:try to lookup type handler for 'uint32_t' => success ((<class 'pybindgen.typehandlers.inttype.UnsignedIntParam'>, None, <pybindgen.typehandlers.ctypeparser.TypeTraits object at 0x7f5da8a7bda0>))
DEBUG:pybindgen.typehandlers:TypeMatcher.lookup('void')
DEBUG:pybindgen.typehandlers:try to lookup type handler for 'void' => success ((<class 'pybindgen.typehandlers.voidtype.VoidReturn'>, None, <pybindgen.typehandlers.ctypeparser.TypeTraits object at 0x7f5da8a81128>))
DEBUG:pybindgen.typehandlers:TypeMatcher.lookup('ns3::Header const &')
DEBUG:pybindgen.typehandlers:try to lookup type handler for 'ns3::Header const &' => success ((<class 'pybindgen.cppclass.CppClass.__init__.<locals>.ThisClassRefParameter'>, None, <pybindgen.typehandlers.ctypeparser.TypeTraits object at 0x7f5da8a81278>))
DEBUG:pybindgen.typehandlers:TypeMatcher.lookup('uint32_t')
DEBUG:pybindgen.typehandlers:try to lookup type handler for 'uint32_t' => success ((<class 'pybindgen.typehandlers.inttype.UnsignedIntParam'>, None, <pybindgen.typehandlers.ctypeparser.TypeTraits object at 0x7f5da8a81438>))
DEBUG:pybindgen.typehandlers:TypeMatcher.lookup('void')
DEBUG:pybindgen.typehandlers:try to lookup type handler for 'void' => success ((<class 'pybindgen.typehandlers.voidtype.VoidReturn'>, None, <pybindgen.typehandlers.ctypeparser.TypeTraits object at 0x7f5da8a81748>))
DEBUG:pybindgen.typehandlers:TypeMatcher.lookup('ns3::Trailer const &')
DEBUG:pybindgen.typehandlers:try to lookup type handler for 'ns3::Trailer const &' => success ((<class 'pybindgen.cppclass.CppClass.__init__.<locals>.ThisClassRefParameter'>, None, <pybindgen.typehandlers.ctypeparser.TypeTraits object at 0x7f5da8a81898>))
DEBUG:pybindgen.typehandlers:TypeMatcher.lookup('uint32_t')
DEBUG:pybindgen.typehandlers:try to lookup type handler for 'uint32_t' => success ((<class 'pybindgen.typehandlers.inttype.UnsignedIntParam'>, None, <pybindgen.typehandlers.ctypeparser.TypeTraits object at 0x7f5da8a81a58>))
DEBUG:pybindgen.typehandlers:TypeMatcher.lookup('uint32_t')
DEBUG:pybindgen.typehandlers:try to lookup type handler for 'uint32_t' => success ((<class 'pybindgen.typehandlers.inttype.UnsignedIntReturn'>, None, <pybindgen.typehandlers.ctypeparser.TypeTraits object at 0x7f5da8a81d68>))
DEBUG:pybindgen.typehandlers:TypeMatcher.lookup('uint8_t *')
DEBUG:pybindgen.typehandlers:try to lookup type handler for 'uint8_t *' => success ((<class 'pybindgen.typehandlers.inttype.UInt8PtrParam'>, None, <pybindgen.typehandlers.ctypeparser.TypeTraits object at 0x7f5da8a81e80>))
/home/cs18/tarballs/ns-allinone-3.34/ns-3.34/src/fd-net-device/bindings/modulegen__gcc_LP64.py:2448: Warning: exception TypeConfigurationError('direction not given',) in wrapper public: retval? ???::Serialize (params?) const;
  is_const=True)
DEBUG:pybindgen.typehandlers:TypeMatcher.lookup('ns3::PacketMetadata::Item const &')
DEBUG:pybindgen.typehandlers:try to lookup type handler for 'ns3::PacketMetadata::Item const &' => success ((<class 'pybindgen.cppclass.CppClass.__init__.<locals>.ThisClassRefParameter'>, None, <pybindgen.typehandlers.ctypeparser.TypeTraits object at 0x7f5da8a8a2b0>))
DEBUG:pybindgen.typehandlers:TypeMatcher.lookup('ns3::Buffer::Iterator')
DEBUG:pybindgen.typehandlers:try to lookup type handler for 'ns3::Buffer::Iterator' => success ((<class 'pybindgen.cppclass.CppClass.__init__.<locals>.ThisClassReturn'>, None, <pybindgen.typehandlers.ctypeparser.TypeTraits object at 0x7f5da8a8a630>))
DEBUG:pybindgen.typehandlers:TypeMatcher.lookup('uint32_t')
DEBUG:pybindgen.typehandlers:try to lookup type handler for 'uint32_t' => success ((<class 'pybindgen.typehandlers.inttype.UnsignedIntReturn'>, None, <pybindgen.typehandlers.ctypeparser.TypeTraits object at 0x7f5da8a8a908>))
DEBUG:pybindgen.typehandlers:TypeMatcher.lookup('uint32_t')
DEBUG:pybindgen.typehandlers:try to lookup type handler for 'uint32_t' => success ((<class 'pybindgen.typehandlers.inttype.UnsignedIntReturn'>, None, <pybindgen.typehandlers.ctypeparser.TypeTraits object at 0x7f5da8a8ae48>))
DEBUG:pybindgen.typehandlers:TypeMatcher.lookup('uint32_t')
DEBUG:pybindgen.typehandlers:try to lookup type handler for 'uint32_t' => success ((<class 'pybindgen.typehandlers.inttype.UnsignedIntReturn'>, None, <pybindgen.typehandlers.ctypeparser.TypeTraits object at 0x7f5da8a913c8>))
DEBUG:pybindgen.typehandlers:TypeMatcher.lookup('bool')
DEBUG:pybindgen.typehandlers:try to lookup type handler for 'bool' => success ((<class 'pybindgen.typehandlers.booltype.BoolReturn'>, None, <pybindgen.typehandlers.ctypeparser.TypeTraits object at 0x7f5da8a91908>))
DEBUG:pybindgen.typehandlers:TypeMatcher.lookup('ns3::TypeId')
DEBUG:pybindgen.typehandlers:try to lookup type handler for 'ns3::TypeId' => success ((<class 'pybindgen.cppclass.CppClass.__init__.<locals>.ThisClassReturn'>, None, <pybindgen.typehandlers.ctypeparser.TypeTraits object at 0x7f5da8a91e80>))
DEBUG:pybindgen.typehandlers:TypeMatcher.lookup('ns3::PacketMetadata::Item::ItemType')
DEBUG:pybindgen.typehandlers:try to lookup type handler for 'ns3::PacketMetadata::Item::ItemType' => success ((<class 'pybindgen.enum.Enum.set_module.<locals>.ThisEnumReturn'>, None, <pybindgen.typehandlers.ctypeparser.TypeTraits object at 0x7f5da8a9a400>))
DEBUG:pybindgen.typehandlers:TypeMatcher.lookup('ns3::PacketMetadata::ItemIterator const &')
DEBUG:pybindgen.typehandlers:try to lookup type handler for 'ns3::PacketMetadata::ItemIterator const &' => success ((<class 'pybindgen.cppclass.CppClass.__init__.<locals>.ThisClassRefParameter'>, None, <pybindgen.typehandlers.ctypeparser.TypeTraits object at 0x7f5da8a9a9b0>))
DEBUG:pybindgen.typehandlers:TypeMatcher.lookup('ns3::PacketMetadata const *')
DEBUG:pybindgen.typehandlers:try to lookup type handler for 'ns3::PacketMetadata const *' => success ((<class 'pybindgen.cppclass.CppClass.__init__.<locals>.ThisClassPtrParameter'>, None, <pybindgen.typehandlers.ctypeparser.TypeTraits object at 0x7f5da8a9ada0>))
DEBUG:pybindgen.typehandlers:TypeMatcher.lookup('ns3::Buffer')
DEBUG:pybindgen.typehandlers:try to lookup type handler for 'ns3::Buffer' => success ((<class 'pybindgen.cppclass.CppClass.__init__.<locals>.ThisClassParameter'>, None, <pybindgen.typehandlers.ctypeparser.TypeTraits object at 0x7f5da8a9af60>))
DEBUG:pybindgen.typehandlers:TypeMatcher.lookup('bool')
DEBUG:pybindgen.typehandlers:try to lookup type handler for 'bool' => success ((<class 'pybindgen.typehandlers.booltype.BoolReturn'>, None, <pybindgen.typehandlers.ctypeparser.TypeTraits object at 0x7f5da8a22278>))
DEBUG:pybindgen.typehandlers:TypeMatcher.lookup('ns3::PacketMetadata::Item')
DEBUG:pybindgen.typehandlers:try to lookup type handler for 'ns3::PacketMetadata::Item' => success ((<class 'pybindgen.cppclass.CppClass.__init__.<locals>.ThisClassReturn'>, None, <pybindgen.typehandlers.ctypeparser.TypeTraits object at 0x7f5da8a22630>))
DEBUG:pybindgen.typehandlers:TypeMatcher.lookup('ns3::PacketTagIterator const &')
DEBUG:pybindgen.typehandlers:try to lookup type handler for 'ns3::PacketTagIterator const &' => success ((<class 'pybindgen.cppclass.CppClass.__init__.<locals>.ThisClassRefParameter'>, None, <pybindgen.typehandlers.ctypeparser.TypeTraits object at 0x7f5da8a22a20>))
DEBUG:pybindgen.typehandlers:TypeMatcher.lookup('bool')
DEBUG:pybindgen.typehandlers:try to lookup type handler for 'bool' => success ((<class 'pybindgen.typehandlers.booltype.BoolReturn'>, None, <pybindgen.typehandlers.ctypeparser.TypeTraits object at 0x7f5da8a22dd8>))
DEBUG:pybindgen.typehandlers:TypeMatcher.lookup('ns3::PacketTagIterator::Item')
DEBUG:pybindgen.typehandlers:try to lookup type handler for 'ns3::PacketTagIterator::Item' => success ((<class 'pybindgen.cppclass.CppClass.__init__.<locals>.ThisClassReturn'>, None, <pybindgen.typehandlers.ctypeparser.TypeTraits object at 0x7f5da8a271d0>))
DEBUG:pybindgen.typehandlers:TypeMatcher.lookup('ns3::PacketTagIterator::Item const &')
DEBUG:pybindgen.typehandlers:try to lookup type handler for 'ns3::PacketTagIterator::Item const &' => success ((<class 'pybindgen.cppclass.CppClass.__init__.<locals>.ThisClassRefParameter'>, None, <pybindgen.typehandlers.ctypeparser.TypeTraits object at 0x7f5da8a275c0>))
DEBUG:pybindgen.typehandlers:TypeMatcher.lookup('void')
DEBUG:pybindgen.typehandlers:try to lookup type handler for 'void' => success ((<class 'pybindgen.typehandlers.voidtype.VoidReturn'>, None, <pybindgen.typehandlers.ctypeparser.TypeTraits object at 0x7f5da8a27978>))
DEBUG:pybindgen.typehandlers:TypeMatcher.lookup('ns3::Tag &')
DEBUG:pybindgen.typehandlers:try to lookup type handler for 'ns3::Tag &' => success ((<class 'pybindgen.cppclass.CppClass.__init__.<locals>.ThisClassRefParameter'>, None, <pybindgen.typehandlers.ctypeparser.TypeTraits object at 0x7f5da8a27ac8>))
DEBUG:pybindgen.typehandlers:TypeMatcher.lookup('ns3::TypeId')
DEBUG:pybindgen.typehandlers:try to lookup type handler for 'ns3::TypeId' => success ((<class 'pybindgen.cppclass.CppClass.__init__.<locals>.ThisClassReturn'>, None, <pybindgen.typehandlers.ctypeparser.TypeTraits object at 0x7f5da8a27e48>))
DEBUG:pybindgen.typehandlers:TypeMatcher.lookup('ns3::PacketTagList const &')
DEBUG:pybindgen.typehandlers:try to lookup type handler for 'ns3::PacketTagList const &' => success ((<class 'pybindgen.cppclass.CppClass.__init__.<locals>.ThisClassRefParameter'>, None, <pybindgen.typehandlers.ctypeparser.TypeTraits object at 0x7f5da8a2f4a8>))
DEBUG:pybindgen.typehandlers:TypeMatcher.lookup('void')
DEBUG:pybindgen.typehandlers:try to lookup type handler for 'void' => success ((<class 'pybindgen.typehandlers.voidtype.VoidReturn'>, None, <pybindgen.typehandlers.ctypeparser.TypeTraits object at 0x7f5da8a2f860>))
DEBUG:pybindgen.typehandlers:TypeMatcher.lookup('ns3::Tag const &')
DEBUG:pybindgen.typehandlers:try to lookup type handler for 'ns3::Tag const &' => success ((<class 'pybindgen.cppclass.CppClass.__init__.<locals>.ThisClassRefParameter'>, None, <pybindgen.typehandlers.ctypeparser.TypeTraits object at 0x7f5da8a2f9b0>))
DEBUG:pybindgen.typehandlers:TypeMatcher.lookup('uint32_t')
DEBUG:pybindgen.typehandlers:try to lookup type handler for 'uint32_t' => success ((<class 'pybindgen.typehandlers.inttype.UnsignedIntReturn'>, None, <pybindgen.typehandlers.ctypeparser.TypeTraits object at 0x7f5da8a2fda0>))
DEBUG:pybindgen.typehandlers:TypeMatcher.lookup('uint32_t const *')
DEBUG:pybindgen.typehandlers:try to lookup type handler for 'uint32_t const *' => success ((<class 'pybindgen.typehandlers.inttype.UnsignedIntPtrParam'>, None, <pybindgen.typehandlers.ctypeparser.TypeTraits object at 0x7f5da8a2feb8>))
DEBUG:pybindgen.typehandlers:TypeMatcher.lookup('uint32_t')
DEBUG:pybindgen.typehandlers:try to lookup type handler for 'uint32_t' => success ((<class 'pybindgen.typehandlers.inttype.UnsignedIntParam'>, None, <pybindgen.typehandlers.ctypeparser.TypeTraits object at 0x7f5da8a370b8>))
DEBUG:pybindgen.typehandlers:TypeMatcher.lookup('uint32_t')
DEBUG:pybindgen.typehandlers:try to lookup type handler for 'uint32_t' => success ((<class 'pybindgen.typehandlers.inttype.UnsignedIntReturn'>, None, <pybindgen.typehandlers.ctypeparser.TypeTraits object at 0x7f5da8a373c8>))
DEBUG:pybindgen.typehandlers:TypeMatcher.lookup('ns3::PacketTagList::TagData const *')
DEBUG:pybindgen.typehandlers:try to lookup type handler for 'ns3::PacketTagList::TagData const *' => success ((<class 'pybindgen.cppclass.CppClass.__init__.<locals>.ThisClassPtrReturn'>, None, <pybindgen.typehandlers.ctypeparser.TypeTraits object at 0x7f5da8a37748>))
DEBUG:pybindgen.typehandlers:TypeMatcher.lookup('bool')
DEBUG:pybindgen.typehandlers:try to lookup type handler for 'bool' => success ((<class 'pybindgen.typehandlers.booltype.BoolReturn'>, None, <pybindgen.typehandlers.ctypeparser.TypeTraits object at 0x7f5da8a37b00>))
DEBUG:pybindgen.typehandlers:TypeMatcher.lookup('ns3::Tag &')
DEBUG:pybindgen.typehandlers:try to lookup type handler for 'ns3::Tag &' => success ((<class 'pybindgen.cppclass.CppClass.__init__.<locals>.ThisClassRefParameter'>, None, <pybindgen.typehandlers.ctypeparser.TypeTraits object at 0x7f5da8a37cc0>))
DEBUG:pybindgen.typehandlers:TypeMatcher.lookup('bool')
DEBUG:pybindgen.typehandlers:try to lookup type handler for 'bool' => success ((<class 'pybindgen.typehandlers.booltype.BoolReturn'>, None, <pybindgen.typehandlers.ctypeparser.TypeTraits object at 0x7f5da8a3d080>))
DEBUG:pybindgen.typehandlers:TypeMatcher.lookup('ns3::Tag &')
DEBUG:pybindgen.typehandlers:try to lookup type handler for 'ns3::Tag &' => success ((<class 'pybindgen.cppclass.CppClass.__init__.<locals>.ThisClassRefParameter'>, None, <pybindgen.typehandlers.ctypeparser.TypeTraits object at 0x7f5da8a3d1d0>))
DEBUG:pybindgen.typehandlers:TypeMatcher.lookup('void')
DEBUG:pybindgen.typehandlers:try to lookup type handler for 'void' => success ((<class 'pybindgen.typehandlers.voidtype.VoidReturn'>, None, <pybindgen.typehandlers.ctypeparser.TypeTraits object at 0x7f5da8a3d550>))
DEBUG:pybindgen.typehandlers:TypeMatcher.lookup('bool')
DEBUG:pybindgen.typehandlers:try to lookup type handler for 'bool' => success ((<class 'pybindgen.typehandlers.booltype.BoolReturn'>, None, <pybindgen.typehandlers.ctypeparser.TypeTraits object at 0x7f5da8a3d940>))
DEBUG:pybindgen.typehandlers:TypeMatcher.lookup('ns3::Tag &')
DEBUG:pybindgen.typehandlers:try to lookup type handler for 'ns3::Tag &' => success ((<class 'pybindgen.cppclass.CppClass.__init__.<locals>.ThisClassRefParameter'>, None, <pybindgen.typehandlers.ctypeparser.TypeTraits object at 0x7f5da8a3da90>))
DEBUG:pybindgen.typehandlers:TypeMatcher.lookup('uint32_t')
DEBUG:pybindgen.typehandlers:try to lookup type handler for 'uint32_t' => success ((<class 'pybindgen.typehandlers.inttype.UnsignedIntReturn'>, None, <pybindgen.typehandlers.ctypeparser.TypeTraits object at 0x7f5da8a3de10>))
DEBUG:pybindgen.typehandlers:TypeMatcher.lookup('uint32_t *')
DEBUG:pybindgen.typehandlers:try to lookup type handler for 'uint32_t *' => success ((<class 'pybindgen.typehandlers.inttype.UnsignedIntPtrParam'>, None, <pybindgen.typehandlers.ctypeparser.TypeTraits object at 0x7f5da8a3df28>))
DEBUG:pybindgen.typehandlers:TypeMatcher.lookup('uint32_t')
DEBUG:pybindgen.typehandlers:try to lookup type handler for 'uint32_t' => success ((<class 'pybindgen.typehandlers.inttype.UnsignedIntParam'>, None, <pybindgen.typehandlers.ctypeparser.TypeTraits object at 0x7f5da8a46080>))
DEBUG:pybindgen.typehandlers:TypeMatcher.lookup('ns3::PacketTagList::TagData const &')
DEBUG:pybindgen.typehandlers:try to lookup type handler for 'ns3::PacketTagList::TagData const &' => success ((<class 'pybindgen.cppclass.CppClass.__init__.<locals>.ThisClassRefParameter'>, None, <pybindgen.typehandlers.ctypeparser.TypeTraits object at 0x7f5da8a46668>))
DEBUG:pybindgen.typehandlers:TypeMatcher.lookup('uint32_t')
DEBUG:pybindgen.typehandlers:try to lookup type handler for 'uint32_t' => success ((<class 'pybindgen.typehandlers.inttype.UnsignedIntReturn'>, None, <pybindgen.typehandlers.ctypeparser.TypeTraits object at 0x7f5da8a469e8>))
DEBUG:pybindgen.typehandlers:TypeMatcher.lookup('uint8_t [ 1 ]')
DEBUG:pybindgen.typehandlers:try to lookup type handler for 'uint8_t [ 1 ]' => failure
'uint8_t [ 1 ]' did not match
bindings/python/ns3modulegen-modular.py:30: UserWarning: exception TypeLookupError(['uint8_t [ 1 ]'],) in wrapper None
  warnings.warn("exception %r in wrapper %s" % (exception, wrapper))
DEBUG:pybindgen.typehandlers:TypeMatcher.lookup('ns3::PacketTagList::TagData *')
DEBUG:pybindgen.typehandlers:try to lookup type handler for 'ns3::PacketTagList::TagData *' => success ((<class 'pybindgen.cppclass.CppClass.__init__.<locals>.ThisClassPtrReturn'>, None, <pybindgen.typehandlers.ctypeparser.TypeTraits object at 0x7f5da8a4d198>))
DEBUG:pybindgen.typehandlers:TypeMatcher.lookup('uint32_t')
DEBUG:pybindgen.typehandlers:try to lookup type handler for 'uint32_t' => success ((<class 'pybindgen.typehandlers.inttype.UnsignedIntReturn'>, None, <pybindgen.typehandlers.ctypeparser.TypeTraits object at 0x7f5da8a4d6d8>))
DEBUG:pybindgen.typehandlers:TypeMatcher.lookup('ns3::TypeId')
DEBUG:pybindgen.typehandlers:try to lookup type handler for 'ns3::TypeId' => success ((<class 'pybindgen.cppclass.CppClass.__init__.<locals>.ThisClassReturn'>, None, <pybindgen.typehandlers.ctypeparser.TypeTraits object at 0x7f5da8a4dc18>))
DEBUG:pybindgen.typehandlers:TypeMatcher.lookup('ns3::ParameterLogger const &')
DEBUG:pybindgen.typehandlers:try to lookup type handler for 'ns3::ParameterLogger const &' => success ((<class 'pybindgen.cppclass.CppClass.__init__.<locals>.ThisClassRefParameter'>, None, <pybindgen.typehandlers.ctypeparser.TypeTraits object at 0x7f5da8a54208>))
DEBUG:pybindgen.typehandlers:TypeMatcher.lookup('std::ostream &')
DEBUG:pybindgen.typehandlers:try to lookup type handler for 'std::ostream &' => failure
'std::ostream &' did not match
/home/cs18/tarballs/ns-allinone-3.34/ns-3.34/src/fd-net-device/bindings/modulegen__gcc_LP64.py:2586: Warning: exception TypeLookupError(['std::ostream &'],) in wrapper <pybindgen.cppmethod.CppConstructor object at 0x7f5da8a46f28>
  cls.add_constructor([param('std::ostream &', 'os')])
DEBUG:pybindgen.typehandlers:TypeMatcher.lookup('void')
DEBUG:pybindgen.typehandlers:try to lookup type handler for 'void' => success ((<class 'pybindgen.typehandlers.voidtype.VoidReturn'>, None, <pybindgen.typehandlers.ctypeparser.TypeTraits object at 0x7f5da8a54748>))
DEBUG:pybindgen.typehandlers:TypeMatcher.lookup('void')
DEBUG:pybindgen.typehandlers:try to lookup type handler for 'void' => success ((<class 'pybindgen.typehandlers.voidtype.VoidReturn'>, None, <pybindgen.typehandlers.ctypeparser.TypeTraits object at 0x7f5da8a54b38>))
DEBUG:pybindgen.typehandlers:TypeMatcher.lookup('bool')
DEBUG:pybindgen.typehandlers:try to lookup type handler for 'bool' => success ((<class 'pybindgen.typehandlers.booltype.BoolReturn'>, None, <pybindgen.typehandlers.ctypeparser.TypeTraits object at 0x7f5da8a54f28>))
DEBUG:pybindgen.typehandlers:TypeMatcher.lookup('std::string const &')
DEBUG:pybindgen.typehandlers:try to lookup type handler for 'std::string const &' => success ((<class 'pybindgen.typehandlers.stringtype.StdStringRefParam'>, None, <pybindgen.typehandlers.ctypeparser.TypeTraits object at 0x7f5da89e00b8>))
DEBUG:pybindgen.typehandlers:TypeMatcher.lookup('std::string const &')
DEBUG:pybindgen.typehandlers:try to lookup type handler for 'std::string const &' => success ((<class 'pybindgen.typehandlers.stringtype.StdStringRefParam'>, None, <pybindgen.typehandlers.ctypeparser.TypeTraits object at 0x7f5da89e0278>))
DEBUG:pybindgen.typehandlers:TypeMatcher.lookup('uint32_t &')
DEBUG:pybindgen.typehandlers:try to lookup type handler for 'uint32_t &' => failure
'uint32_t &' did not match
/home/cs18/tarballs/ns-allinone-3.34/ns-3.34/src/fd-net-device/bindings/modulegen__gcc_LP64.py:2604: Warning: exception TypeLookupError(['uint32_t &'],) in wrapper public: retval? ???::Diff (params?);
  is_static=True)
DEBUG:pybindgen.typehandlers:TypeMatcher.lookup('bool')
DEBUG:pybindgen.typehandlers:try to lookup type handler for 'bool' => success ((<class 'pybindgen.typehandlers.booltype.BoolReturn'>, None, <pybindgen.typehandlers.ctypeparser.TypeTraits object at 0x7f5da89e01d0>))
DEBUG:pybindgen.typehandlers:TypeMatcher.lookup('bool')
DEBUG:pybindgen.typehandlers:try to lookup type handler for 'bool' => success ((<class 'pybindgen.typehandlers.booltype.BoolReturn'>, None, <pybindgen.typehandlers.ctypeparser.TypeTraits object at 0x7f5da89e0550>))
DEBUG:pybindgen.typehandlers:TypeMatcher.lookup('uint32_t')
DEBUG:pybindgen.typehandlers:try to lookup type handler for 'uint32_t' => success ((<class 'pybindgen.typehandlers.inttype.UnsignedIntReturn'>, None, <pybindgen.typehandlers.ctypeparser.TypeTraits object at 0x7f5da89e0908>))
DEBUG:pybindgen.typehandlers:TypeMatcher.lookup('uint32_t')
DEBUG:pybindgen.typehandlers:try to lookup type handler for 'uint32_t' => success ((<class 'pybindgen.typehandlers.inttype.UnsignedIntReturn'>, None, <pybindgen.typehandlers.ctypeparser.TypeTraits object at 0x7f5da89e0cc0>))
DEBUG:pybindgen.typehandlers:TypeMatcher.lookup('uint32_t')
DEBUG:pybindgen.typehandlers:try to lookup type handler for 'uint32_t' => success ((<class 'pybindgen.typehandlers.inttype.UnsignedIntReturn'>, None, <pybindgen.typehandlers.ctypeparser.TypeTraits object at 0x7f5da89e70b8>))
DEBUG:pybindgen.typehandlers:TypeMatcher.lookup('uint32_t')
DEBUG:pybindgen.typehandlers:try to lookup type handler for 'uint32_t' => success ((<class 'pybindgen.typehandlers.inttype.UnsignedIntReturn'>, None, <pybindgen.typehandlers.ctypeparser.TypeTraits object at 0x7f5da89e7470>))
DEBUG:pybindgen.typehandlers:TypeMatcher.lookup('bool')
DEBUG:pybindgen.typehandlers:try to lookup type handler for 'bool' => success ((<class 'pybindgen.typehandlers.booltype.BoolReturn'>, None, <pybindgen.typehandlers.ctypeparser.TypeTraits object at 0x7f5da89e0400>))
DEBUG:pybindgen.typehandlers:TypeMatcher.lookup('int32_t')
DEBUG:pybindgen.typehandlers:try to lookup type handler for 'int32_t' => success ((<class 'pybindgen.typehandlers.inttype.IntReturn'>, None, <pybindgen.typehandlers.ctypeparser.TypeTraits object at 0x7f5da89e78d0>))
DEBUG:pybindgen.typehandlers:TypeMatcher.lookup('uint16_t')
DEBUG:pybindgen.typehandlers:try to lookup type handler for 'uint16_t' => success ((<class 'pybindgen.typehandlers.inttype.UInt16Return'>, None, <pybindgen.typehandlers.ctypeparser.TypeTraits object at 0x7f5da89e7cc0>))
DEBUG:pybindgen.typehandlers:TypeMatcher.lookup('uint16_t')
DEBUG:pybindgen.typehandlers:try to lookup type handler for 'uint16_t' => success ((<class 'pybindgen.typehandlers.inttype.UInt16Return'>, None, <pybindgen.typehandlers.ctypeparser.TypeTraits object at 0x7f5da89ed0b8>))
DEBUG:pybindgen.typehandlers:TypeMatcher.lookup('void')
DEBUG:pybindgen.typehandlers:try to lookup type handler for 'void' => success ((<class 'pybindgen.typehandlers.voidtype.VoidReturn'>, None, <pybindgen.typehandlers.ctypeparser.TypeTraits object at 0x7f5da89ed470>))
DEBUG:pybindgen.typehandlers:TypeMatcher.lookup('uint32_t')
DEBUG:pybindgen.typehandlers:try to lookup type handler for 'uint32_t' => success ((<class 'pybindgen.typehandlers.inttype.UnsignedIntParam'>, None, <pybindgen.typehandlers.ctypeparser.TypeTraits object at 0x7f5da89ed5c0>))
DEBUG:pybindgen.typehandlers:TypeMatcher.lookup('uint32_t')
DEBUG:pybindgen.typehandlers:try to lookup type handler for 'uint32_t' => success ((<class 'pybindgen.typehandlers.inttype.UnsignedIntParam'>, None, <pybindgen.typehandlers.ctypeparser.TypeTraits object at 0x7f5da89ed668>))
DEBUG:pybindgen.typehandlers:TypeMatcher.lookup('int32_t')
DEBUG:pybindgen.typehandlers:try to lookup type handler for 'int32_t' => success ((<class 'pybindgen.typehandlers.inttype.IntParam'>, None, <pybindgen.typehandlers.ctypeparser.TypeTraits object at 0x7f5da89ed748>))
DEBUG:pybindgen.typehandlers:TypeMatcher.lookup('bool')
DEBUG:pybindgen.typehandlers:try to lookup type handler for 'bool' => success ((<class 'pybindgen.typehandlers.booltype.BoolParam'>, None, <pybindgen.typehandlers.ctypeparser.TypeTraits object at 0x7f5da89ed860>))
DEBUG:pybindgen.typehandlers:TypeMatcher.lookup('bool')
DEBUG:pybindgen.typehandlers:try to lookup type handler for 'bool' => success ((<class 'pybindgen.typehandlers.booltype.BoolParam'>, None, <pybindgen.typehandlers.ctypeparser.TypeTraits object at 0x7f5da89ed978>))
DEBUG:pybindgen.typehandlers:TypeMatcher.lookup('bool')
DEBUG:pybindgen.typehandlers:try to lookup type handler for 'bool' => success ((<class 'pybindgen.typehandlers.booltype.BoolReturn'>, None, <pybindgen.typehandlers.ctypeparser.TypeTraits object at 0x7f5da89edd30>))
DEBUG:pybindgen.typehandlers:TypeMatcher.lookup('void')
DEBUG:pybindgen.typehandlers:try to lookup type handler for 'void' => success ((<class 'pybindgen.typehandlers.voidtype.VoidReturn'>, None, <pybindgen.typehandlers.ctypeparser.TypeTraits object at 0x7f5da89f4160>))
DEBUG:pybindgen.typehandlers:TypeMatcher.lookup('std::string const &')
DEBUG:pybindgen.typehandlers:try to lookup type handler for 'std::string const &' => success ((<class 'pybindgen.typehandlers.stringtype.StdStringRefParam'>, None, <pybindgen.typehandlers.ctypeparser.TypeTraits object at 0x7f5da89f42b0>))
DEBUG:pybindgen.typehandlers:TypeMatcher.lookup('std::ios_base::openmode')
DEBUG:pybindgen.typehandlers:try to lookup type handler for 'std::ios_base::openmode' => success ((<class 'ns3modulegen_core_customizations.IosOpenmodeParam'>, None, <pybindgen.typehandlers.ctypeparser.TypeTraits object at 0x7f5da89f4470>))
DEBUG:pybindgen.typehandlers:TypeMatcher.lookup('void')
DEBUG:pybindgen.typehandlers:try to lookup type handler for 'void' => success ((<class 'pybindgen.typehandlers.voidtype.VoidReturn'>, None, <pybindgen.typehandlers.ctypeparser.TypeTraits object at 0x7f5da89f47b8>))
DEBUG:pybindgen.typehandlers:TypeMatcher.lookup('uint8_t * const')
DEBUG:pybindgen.typehandlers:try to lookup type handler for 'uint8_t * const' => success ((<class 'pybindgen.typehandlers.inttype.UInt8PtrParam'>, None, <pybindgen.typehandlers.ctypeparser.TypeTraits object at 0x7f5da89f4908>))
/home/cs18/tarballs/ns-allinone-3.34/ns-3.34/src/fd-net-device/bindings/modulegen__gcc_LP64.py:2662: Warning: exception TypeConfigurationError('direction not given',) in wrapper public: retval? ???::Read (params?);
  [param('uint8_t * const', 'data'), param('uint32_t', 'maxBytes'), param('uint32_t &', 'tsSec'), param('uint32_t &', 'tsUsec'), param('uint32_t &', 'inclLen'), param('uint32_t &', 'origLen'), param('uint32_t &', 'readLen')])
DEBUG:pybindgen.typehandlers:TypeMatcher.lookup('void')
DEBUG:pybindgen.typehandlers:try to lookup type handler for 'void' => success ((<class 'pybindgen.typehandlers.voidtype.VoidReturn'>, None, <pybindgen.typehandlers.ctypeparser.TypeTraits object at 0x7f5da89f4a58>))
DEBUG:pybindgen.typehandlers:TypeMatcher.lookup('uint32_t')
DEBUG:pybindgen.typehandlers:try to lookup type handler for 'uint32_t' => success ((<class 'pybindgen.typehandlers.inttype.UnsignedIntParam'>, None, <pybindgen.typehandlers.ctypeparser.TypeTraits object at 0x7f5da89f4c18>))
DEBUG:pybindgen.typehandlers:TypeMatcher.lookup('uint32_t')
DEBUG:pybindgen.typehandlers:try to lookup type handler for 'uint32_t' => success ((<class 'pybindgen.typehandlers.inttype.UnsignedIntParam'>, None, <pybindgen.typehandlers.ctypeparser.TypeTraits object at 0x7f5da89f4cc0>))
DEBUG:pybindgen.typehandlers:TypeMatcher.lookup('uint8_t const * const')
DEBUG:pybindgen.typehandlers:try to lookup type handler for 'uint8_t const * const' => success ((<class 'pybindgen.typehandlers.inttype.UInt8PtrParam'>, None, <pybindgen.typehandlers.ctypeparser.TypeTraits object at 0x7f5da89f4da0>))
/home/cs18/tarballs/ns-allinone-3.34/ns-3.34/src/fd-net-device/bindings/modulegen__gcc_LP64.py:2666: Warning: exception TypeConfigurationError('direction not given',) in wrapper public: retval? ???::Write (params?);
  [param('uint32_t', 'tsSec'), param('uint32_t', 'tsUsec'), param('uint8_t const * const', 'data'), param('uint32_t', 'totalLen')])
DEBUG:pybindgen.typehandlers:TypeMatcher.lookup('void')
DEBUG:pybindgen.typehandlers:try to lookup type handler for 'void' => success ((<class 'pybindgen.typehandlers.voidtype.VoidReturn'>, None, <pybindgen.typehandlers.ctypeparser.TypeTraits object at 0x7f5da89f4cf8>))
DEBUG:pybindgen.typehandlers:TypeMatcher.lookup('uint32_t')
DEBUG:pybindgen.typehandlers:try to lookup type handler for 'uint32_t' => success ((<class 'pybindgen.typehandlers.inttype.UnsignedIntParam'>, None, <pybindgen.typehandlers.ctypeparser.TypeTraits object at 0x7f5da89f4d68>))
DEBUG:pybindgen.typehandlers:TypeMatcher.lookup('uint32_t')
DEBUG:pybindgen.typehandlers:try to lookup type handler for 'uint32_t' => success ((<class 'pybindgen.typehandlers.inttype.UnsignedIntParam'>, None, <pybindgen.typehandlers.ctypeparser.TypeTraits object at 0x7f5da89f4e10>))
DEBUG:pybindgen.typehandlers:TypeMatcher.lookup('ns3::Ptr< ns3::Packet const >')
DEBUG:pybindgen.typehandlers:try to lookup type handler for 'ns3::Ptr< ns3::Packet const >' => failure
DEBUG:pybindgen.typehandlers:try to lookup type handler for 'ns3::Packet *' => success ((<class 'pybindgen.cppclass.MemoryPolicy.register_ptr_parameter_and_return.<locals>.ThisClassPtrParameter'>, <ns3modulegen_core_customizations.SmartPointerTransformation object at 0x7f5da907ba90>, <pybindgen.typehandlers.ctypeparser.TypeTraits object at 0x7f5da89f4908>))
DEBUG:pybindgen.typehandlers:TypeMatcher.lookup('void')
DEBUG:pybindgen.typehandlers:try to lookup type handler for 'void' => success ((<class 'pybindgen.typehandlers.voidtype.VoidReturn'>, None, <pybindgen.typehandlers.ctypeparser.TypeTraits object at 0x7f5da89f47f0>))
DEBUG:pybindgen.typehandlers:TypeMatcher.lookup('uint32_t')
DEBUG:pybindgen.typehandlers:try to lookup type handler for 'uint32_t' => success ((<class 'pybindgen.typehandlers.inttype.UnsignedIntParam'>, None, <pybindgen.typehandlers.ctypeparser.TypeTraits object at 0x7f5da89fd0f0>))
DEBUG:pybindgen.typehandlers:TypeMatcher.lookup('uint32_t')
DEBUG:pybindgen.typehandlers:try to lookup type handler for 'uint32_t' => success ((<class 'pybindgen.typehandlers.inttype.UnsignedIntParam'>, None, <pybindgen.typehandlers.ctypeparser.TypeTraits object at 0x7f5da89fd198>))
DEBUG:pybindgen.typehandlers:TypeMatcher.lookup('ns3::Header const &')
DEBUG:pybindgen.typehandlers:try to lookup type handler for 'ns3::Header const &' => success ((<class 'pybindgen.cppclass.CppClass.__init__.<locals>.ThisClassRefParameter'>, None, <pybindgen.typehandlers.ctypeparser.TypeTraits object at 0x7f5da89fd278>))
DEBUG:pybindgen.typehandlers:TypeMatcher.lookup('ns3::Ptr< ns3::Packet const >')
DEBUG:pybindgen.typehandlers:try to lookup type handler for 'ns3::Ptr< ns3::Packet const >' => failure
DEBUG:pybindgen.typehandlers:try to lookup type handler for 'ns3::Packet *' => success ((<class 'pybindgen.cppclass.MemoryPolicy.register_ptr_parameter_and_return.<locals>.ThisClassPtrParameter'>, <ns3modulegen_core_customizations.SmartPointerTransformation object at 0x7f5da907ba90>, <pybindgen.typehandlers.ctypeparser.TypeTraits object at 0x7f5da89fd6a0>))
DEBUG:pybindgen.typehandlers:TypeMatcher.lookup('uint32_t const')
DEBUG:pybindgen.typehandlers:try to lookup type handler for 'uint32_t const' => success ((<class 'pybindgen.typehandlers.inttype.UnsignedIntReturn'>, None, <pybindgen.typehandlers.ctypeparser.TypeTraits object at 0x7f5da89fd898>))
DEBUG:pybindgen.typehandlers:TypeMatcher.lookup('int32_t const')
DEBUG:pybindgen.typehandlers:try to lookup type handler for 'int32_t const' => success ((<class 'pybindgen.typehandlers.inttype.IntReturn'>, None, <pybindgen.typehandlers.ctypeparser.TypeTraits object at 0x7f5da89fdc50>))
DEBUG:pybindgen.typehandlers:TypeMatcher.lookup('ns3::PcapHelper const &')
DEBUG:pybindgen.typehandlers:try to lookup type handler for 'ns3::PcapHelper const &' => success ((<class 'pybindgen.cppclass.CppClass.__init__.<locals>.ThisClassRefParameter'>, None, <pybindgen.typehandlers.ctypeparser.TypeTraits object at 0x7f5da8a000f0>))
DEBUG:pybindgen.typehandlers:TypeMatcher.lookup('ns3::Ptr< ns3::PcapFileWrapper >')
DEBUG:pybindgen.typehandlers:try to lookup type handler for 'ns3::Ptr< ns3::PcapFileWrapper >' => failure
DEBUG:pybindgen.typehandlers:try to lookup type handler for 'ns3::PcapFileWrapper *' => success ((<class 'pybindgen.cppclass.MemoryPolicy.register_ptr_parameter_and_return.<locals>.ThisClassPtrReturn'>, <ns3modulegen_core_customizations.SmartPointerTransformation object at 0x7f5da907ba90>, <pybindgen.typehandlers.ctypeparser.TypeTraits object at 0x7f5da8a00940>))
DEBUG:pybindgen.typehandlers:TypeMatcher.lookup('std::string')
DEBUG:pybindgen.typehandlers:try to lookup type handler for 'std::string' => success ((<class 'pybindgen.typehandlers.stringtype.StdStringParam'>, None, <pybindgen.typehandlers.ctypeparser.TypeTraits object at 0x7f5da8a00898>))
DEBUG:pybindgen.typehandlers:TypeMatcher.lookup('std::ios_base::openmode')
DEBUG:pybindgen.typehandlers:try to lookup type handler for 'std::ios_base::openmode' => success ((<class 'ns3modulegen_core_customizations.IosOpenmodeParam'>, None, <pybindgen.typehandlers.ctypeparser.TypeTraits object at 0x7f5da8a00908>))
DEBUG:pybindgen.typehandlers:TypeMatcher.lookup('ns3::PcapHelper::DataLinkType')
DEBUG:pybindgen.typehandlers:try to lookup type handler for 'ns3::PcapHelper::DataLinkType' => success ((<class 'pybindgen.enum.Enum.set_module.<locals>.ThisEnumParameter'>, None, <pybindgen.typehandlers.ctypeparser.TypeTraits object at 0x7f5da8a00ac8>))
DEBUG:pybindgen.typehandlers:TypeMatcher.lookup('uint32_t')
DEBUG:pybindgen.typehandlers:try to lookup type handler for 'uint32_t' => success ((<class 'pybindgen.typehandlers.inttype.UnsignedIntParam'>, None, <pybindgen.typehandlers.ctypeparser.TypeTraits object at 0x7f5da8a00ac8>))
DEBUG:pybindgen.typehandlers:TypeMatcher.lookup('int32_t')
DEBUG:pybindgen.typehandlers:try to lookup type handler for 'int32_t' => success ((<class 'pybindgen.typehandlers.inttype.IntParam'>, None, <pybindgen.typehandlers.ctypeparser.TypeTraits object at 0x7f5da8a00c88>))
DEBUG:pybindgen.typehandlers:TypeMatcher.lookup('std::string')
DEBUG:pybindgen.typehandlers:try to lookup type handler for 'std::string' => success ((<class 'pybindgen.typehandlers.stringtype.StdStringReturn'>, None, <pybindgen.typehandlers.ctypeparser.TypeTraits object at 0x7f5da8a0a080>))
DEBUG:pybindgen.typehandlers:TypeMatcher.lookup('std::string')
DEBUG:pybindgen.typehandlers:try to lookup type handler for 'std::string' => success ((<class 'pybindgen.typehandlers.stringtype.StdStringParam'>, None, <pybindgen.typehandlers.ctypeparser.TypeTraits object at 0x7f5da8a0a198>))
DEBUG:pybindgen.typehandlers:TypeMatcher.lookup('ns3::Ptr< ns3::NetDevice >')
DEBUG:pybindgen.typehandlers:try to lookup type handler for 'ns3::Ptr< ns3::NetDevice >' => failure
DEBUG:pybindgen.typehandlers:try to lookup type handler for 'ns3::NetDevice *' => success ((<class 'pybindgen.cppclass.MemoryPolicy.register_ptr_parameter_and_return.<locals>.ThisClassPtrParameter'>, <ns3modulegen_core_customizations.SmartPointerTransformation object at 0x7f5da907ba90>, <pybindgen.typehandlers.ctypeparser.TypeTraits object at 0x7f5da8a0a4a8>))
DEBUG:pybindgen.typehandlers:TypeMatcher.lookup('bool')
DEBUG:pybindgen.typehandlers:try to lookup type handler for 'bool' => success ((<class 'pybindgen.typehandlers.booltype.BoolParam'>, None, <pybindgen.typehandlers.ctypeparser.TypeTraits object at 0x7f5da8a0a4a8>))
DEBUG:pybindgen.typehandlers:TypeMatcher.lookup('std::string')
DEBUG:pybindgen.typehandlers:try to lookup type handler for 'std::string' => success ((<class 'pybindgen.typehandlers.stringtype.StdStringReturn'>, None, <pybindgen.typehandlers.ctypeparser.TypeTraits object at 0x7f5da8a0a7f0>))
DEBUG:pybindgen.typehandlers:TypeMatcher.lookup('std::string')
DEBUG:pybindgen.typehandlers:try to lookup type handler for 'std::string' => success ((<class 'pybindgen.typehandlers.stringtype.StdStringParam'>, None, <pybindgen.typehandlers.ctypeparser.TypeTraits object at 0x7f5da8a0a908>))
DEBUG:pybindgen.typehandlers:TypeMatcher.lookup('ns3::Ptr< ns3::Object >')
DEBUG:pybindgen.typehandlers:try to lookup type handler for 'ns3::Ptr< ns3::Object >' => failure
DEBUG:pybindgen.typehandlers:try to lookup type handler for 'ns3::Object *' => success ((<class 'pybindgen.cppclass.MemoryPolicy.register_ptr_parameter_and_return.<locals>.ThisClassPtrParameter'>, <ns3modulegen_core_customizations.SmartPointerTransformation object at 0x7f5da907ba90>, <pybindgen.typehandlers.ctypeparser.TypeTraits object at 0x7f5da8a0ac18>))
DEBUG:pybindgen.typehandlers:TypeMatcher.lookup('uint32_t')
DEBUG:pybindgen.typehandlers:try to lookup type handler for 'uint32_t' => success ((<class 'pybindgen.typehandlers.inttype.UnsignedIntParam'>, None, <pybindgen.typehandlers.ctypeparser.TypeTraits object at 0x7f5da8a0ac18>))
DEBUG:pybindgen.typehandlers:TypeMatcher.lookup('bool')
DEBUG:pybindgen.typehandlers:try to lookup type handler for 'bool' => success ((<class 'pybindgen.typehandlers.booltype.BoolParam'>, None, <pybindgen.typehandlers.ctypeparser.TypeTraits object at 0x7f5da8a0acf8>))
DEBUG:pybindgen.typehandlers:TypeMatcher.lookup('ns3::PcapHelperForDevice const &')
DEBUG:pybindgen.typehandlers:try to lookup type handler for 'ns3::PcapHelperForDevice const &' => success ((<class 'pybindgen.cppclass.CppClass.__init__.<locals>.ThisClassRefParameter'>, None, <pybindgen.typehandlers.ctypeparser.TypeTraits object at 0x7f5da8a0f0b8>))
DEBUG:pybindgen.typehandlers:TypeMatcher.lookup('void')
DEBUG:pybindgen.typehandlers:try to lookup type handler for 'void' => success ((<class 'pybindgen.typehandlers.voidtype.VoidReturn'>, None, <pybindgen.typehandlers.ctypeparser.TypeTraits object at 0x7f5da8a0f6d8>))
DEBUG:pybindgen.typehandlers:TypeMatcher.lookup('std::string')
DEBUG:pybindgen.typehandlers:try to lookup type handler for 'std::string' => success ((<class 'pybindgen.typehandlers.stringtype.StdStringParam'>, None, <pybindgen.typehandlers.ctypeparser.TypeTraits object at 0x7f5da8a0f828>))
DEBUG:pybindgen.typehandlers:TypeMatcher.lookup('ns3::Ptr< ns3::NetDevice >')
DEBUG:pybindgen.typehandlers:try to lookup type handler for 'ns3::Ptr< ns3::NetDevice >' => failure
DEBUG:pybindgen.typehandlers:try to lookup type handler for 'ns3::NetDevice *' => success ((<class 'pybindgen.cppclass.MemoryPolicy.register_ptr_parameter_and_return.<locals>.ThisClassPtrParameter'>, <ns3modulegen_core_customizations.SmartPointerTransformation object at 0x7f5da907ba90>, <pybindgen.typehandlers.ctypeparser.TypeTraits object at 0x7f5da8a0fb38>))
DEBUG:pybindgen.typehandlers:TypeMatcher.lookup('bool')
DEBUG:pybindgen.typehandlers:try to lookup type handler for 'bool' => success ((<class 'pybindgen.typehandlers.booltype.BoolParam'>, None, <pybindgen.typehandlers.ctypeparser.TypeTraits object at 0x7f5da8a0fb38>))
DEBUG:pybindgen.typehandlers:TypeMatcher.lookup('bool')
DEBUG:pybindgen.typehandlers:try to lookup type handler for 'bool' => success ((<class 'pybindgen.typehandlers.booltype.BoolParam'>, None, <pybindgen.typehandlers.ctypeparser.TypeTraits object at 0x7f5da8a0fb00>))
DEBUG:pybindgen.typehandlers:TypeMatcher.lookup('void')
DEBUG:pybindgen.typehandlers:try to lookup type handler for 'void' => success ((<class 'pybindgen.typehandlers.voidtype.VoidReturn'>, None, <pybindgen.typehandlers.ctypeparser.TypeTraits object at 0x7f5da8a0ff98>))
DEBUG:pybindgen.typehandlers:TypeMatcher.lookup('std::string')
DEBUG:pybindgen.typehandlers:try to lookup type handler for 'std::string' => success ((<class 'pybindgen.typehandlers.stringtype.StdStringParam'>, None, <pybindgen.typehandlers.ctypeparser.TypeTraits object at 0x7f5da8a18128>))
DEBUG:pybindgen.typehandlers:TypeMatcher.lookup('std::string')
DEBUG:pybindgen.typehandlers:try to lookup type handler for 'std::string' => success ((<class 'pybindgen.typehandlers.stringtype.StdStringParam'>, None, <pybindgen.typehandlers.ctypeparser.TypeTraits object at 0x7f5da8a181d0>))
DEBUG:pybindgen.typehandlers:TypeMatcher.lookup('bool')
DEBUG:pybindgen.typehandlers:try to lookup type handler for 'bool' => success ((<class 'pybindgen.typehandlers.booltype.BoolParam'>, None, <pybindgen.typehandlers.ctypeparser.TypeTraits object at 0x7f5da8a182b0>))
DEBUG:pybindgen.typehandlers:TypeMatcher.lookup('bool')
DEBUG:pybindgen.typehandlers:try to lookup type handler for 'bool' => success ((<class 'pybindgen.typehandlers.booltype.BoolParam'>, None, <pybindgen.typehandlers.ctypeparser.TypeTraits object at 0x7f5da8a183c8>))
DEBUG:pybindgen.typehandlers:TypeMatcher.lookup('void')
DEBUG:pybindgen.typehandlers:try to lookup type handler for 'void' => success ((<class 'pybindgen.typehandlers.voidtype.VoidReturn'>, None, <pybindgen.typehandlers.ctypeparser.TypeTraits object at 0x7f5da8a18748>))
DEBUG:pybindgen.typehandlers:TypeMatcher.lookup('std::string')
DEBUG:pybindgen.typehandlers:try to lookup type handler for 'std::string' => success ((<class 'pybindgen.typehandlers.stringtype.StdStringParam'>, None, <pybindgen.typehandlers.ctypeparser.TypeTraits object at 0x7f5da8a18898>))
DEBUG:pybindgen.typehandlers:TypeMatcher.lookup('ns3::NetDeviceContainer')
DEBUG:pybindgen.typehandlers:try to lookup type handler for 'ns3::NetDeviceContainer' => success ((<class 'pybindgen.cppclass.CppClass.__init__.<locals>.ThisClassParameter'>, None, <pybindgen.typehandlers.ctypeparser.TypeTraits object at 0x7f5da8a18940>))
DEBUG:pybindgen.typehandlers:TypeMatcher.lookup('bool')
DEBUG:pybindgen.typehandlers:try to lookup type handler for 'bool' => success ((<class 'pybindgen.typehandlers.booltype.BoolParam'>, None, <pybindgen.typehandlers.ctypeparser.TypeTraits object at 0x7f5da8a18a20>))
DEBUG:pybindgen.typehandlers:TypeMatcher.lookup('void')
DEBUG:pybindgen.typehandlers:try to lookup type handler for 'void' => success ((<class 'pybindgen.typehandlers.voidtype.VoidReturn'>, None, <pybindgen.typehandlers.ctypeparser.TypeTraits object at 0x7f5da8a18da0>))
DEBUG:pybindgen.typehandlers:TypeMatcher.lookup('std::string')
DEBUG:pybindgen.typehandlers:try to lookup type handler for 'std::string' => success ((<class 'pybindgen.typehandlers.stringtype.StdStringParam'>, None, <pybindgen.typehandlers.ctypeparser.TypeTraits object at 0x7f5da8a18ef0>))
DEBUG:pybindgen.typehandlers:TypeMatcher.lookup('ns3::NodeContainer')
DEBUG:pybindgen.typehandlers:try to lookup type handler for 'ns3::NodeContainer' => success ((<class 'pybindgen.cppclass.CppClass.__init__.<locals>.ThisClassParameter'>, None, <pybindgen.typehandlers.ctypeparser.TypeTraits object at 0x7f5da8a18f98>))
DEBUG:pybindgen.typehandlers:TypeMatcher.lookup('bool')
DEBUG:pybindgen.typehandlers:try to lookup type handler for 'bool' => success ((<class 'pybindgen.typehandlers.booltype.BoolParam'>, None, <pybindgen.typehandlers.ctypeparser.TypeTraits object at 0x7f5da899c0b8>))
DEBUG:pybindgen.typehandlers:TypeMatcher.lookup('void')
DEBUG:pybindgen.typehandlers:try to lookup type handler for 'void' => success ((<class 'pybindgen.typehandlers.voidtype.VoidReturn'>, None, <pybindgen.typehandlers.ctypeparser.TypeTraits object at 0x7f5da899c438>))
DEBUG:pybindgen.typehandlers:TypeMatcher.lookup('std::string')
DEBUG:pybindgen.typehandlers:try to lookup type handler for 'std::string' => success ((<class 'pybindgen.typehandlers.stringtype.StdStringParam'>, None, <pybindgen.typehandlers.ctypeparser.TypeTraits object at 0x7f5da899c588>))
DEBUG:pybindgen.typehandlers:TypeMatcher.lookup('uint32_t')
DEBUG:pybindgen.typehandlers:try to lookup type handler for 'uint32_t' => success ((<class 'pybindgen.typehandlers.inttype.UnsignedIntParam'>, None, <pybindgen.typehandlers.ctypeparser.TypeTraits object at 0x7f5da899c630>))
DEBUG:pybindgen.typehandlers:TypeMatcher.lookup('uint32_t')
DEBUG:pybindgen.typehandlers:try to lookup type handler for 'uint32_t' => success ((<class 'pybindgen.typehandlers.inttype.UnsignedIntParam'>, None, <pybindgen.typehandlers.ctypeparser.TypeTraits object at 0x7f5da899c710>))
DEBUG:pybindgen.typehandlers:TypeMatcher.lookup('bool')
DEBUG:pybindgen.typehandlers:try to lookup type handler for 'bool' => success ((<class 'pybindgen.typehandlers.booltype.BoolParam'>, None, <pybindgen.typehandlers.ctypeparser.TypeTraits object at 0x7f5da899c7f0>))
DEBUG:pybindgen.typehandlers:TypeMatcher.lookup('void')
DEBUG:pybindgen.typehandlers:try to lookup type handler for 'void' => success ((<class 'pybindgen.typehandlers.voidtype.VoidReturn'>, None, <pybindgen.typehandlers.ctypeparser.TypeTraits object at 0x7f5da899cb70>))
DEBUG:pybindgen.typehandlers:TypeMatcher.lookup('std::string')
DEBUG:pybindgen.typehandlers:try to lookup type handler for 'std::string' => success ((<class 'pybindgen.typehandlers.stringtype.StdStringParam'>, None, <pybindgen.typehandlers.ctypeparser.TypeTraits object at 0x7f5da899ccc0>))
DEBUG:pybindgen.typehandlers:TypeMatcher.lookup('bool')
DEBUG:pybindgen.typehandlers:try to lookup type handler for 'bool' => success ((<class 'pybindgen.typehandlers.booltype.BoolParam'>, None, <pybindgen.typehandlers.ctypeparser.TypeTraits object at 0x7f5da899cd68>))
DEBUG:pybindgen.typehandlers:TypeMatcher.lookup('void')
DEBUG:pybindgen.typehandlers:try to lookup type handler for 'void' => success ((<class 'pybindgen.typehandlers.voidtype.VoidReturn'>, None, <pybindgen.typehandlers.ctypeparser.TypeTraits object at 0x7f5da89a2160>))
DEBUG:pybindgen.typehandlers:TypeMatcher.lookup('std::string')
DEBUG:pybindgen.typehandlers:try to lookup type handler for 'std::string' => success ((<class 'pybindgen.typehandlers.stringtype.StdStringParam'>, None, <pybindgen.typehandlers.ctypeparser.TypeTraits object at 0x7f5da89a22b0>))
DEBUG:pybindgen.typehandlers:TypeMatcher.lookup('ns3::Ptr< ns3::NetDevice >')
DEBUG:pybindgen.typehandlers:try to lookup type handler for 'ns3::Ptr< ns3::NetDevice >' => failure
DEBUG:pybindgen.typehandlers:try to lookup type handler for 'ns3::NetDevice *' => success ((<class 'pybindgen.cppclass.MemoryPolicy.register_ptr_parameter_and_return.<locals>.ThisClassPtrParameter'>, <ns3modulegen_core_customizations.SmartPointerTransformation object at 0x7f5da907ba90>, <pybindgen.typehandlers.ctypeparser.TypeTraits object at 0x7f5da89a25c0>))
DEBUG:pybindgen.typehandlers:TypeMatcher.lookup('bool')
DEBUG:pybindgen.typehandlers:try to lookup type handler for 'bool' => success ((<class 'pybindgen.typehandlers.booltype.BoolParam'>, None, <pybindgen.typehandlers.ctypeparser.TypeTraits object at 0x7f5da89a25c0>))
DEBUG:pybindgen.typehandlers:TypeMatcher.lookup('bool')
DEBUG:pybindgen.typehandlers:try to lookup type handler for 'bool' => success ((<class 'pybindgen.typehandlers.booltype.BoolParam'>, None, <pybindgen.typehandlers.ctypeparser.TypeTraits object at 0x7f5da89a2588>))
DEBUG:pybindgen.typehandlers:TypeMatcher.lookup('ns3::SimpleRefCount< ns3::Object, ns3::ObjectBase, ns3::ObjectDeleter > const &')
DEBUG:pybindgen.typehandlers:try to lookup type handler for 'ns3::SimpleRefCount< ns3::Object, ns3::ObjectBase, ns3::ObjectDeleter > const &' => success ((<class 'pybindgen.cppclass.CppClass.__init__.<locals>.ThisClassRefParameter'>, None, <pybindgen.typehandlers.ctypeparser.TypeTraits object at 0x7f5da89a2ef0>))
DEBUG:pybindgen.typehandlers:TypeMatcher.lookup('ns3::Simulator const &')
DEBUG:pybindgen.typehandlers:try to lookup type handler for 'ns3::Simulator const &' => success ((<class 'pybindgen.cppclass.CppClass.__init__.<locals>.ThisClassRefParameter'>, None, <pybindgen.typehandlers.ctypeparser.TypeTraits object at 0x7f5da89aa4a8>))
DEBUG:pybindgen.typehandlers:TypeMatcher.lookup('void')
DEBUG:pybindgen.typehandlers:try to lookup type handler for 'void' => success ((<class 'pybindgen.typehandlers.voidtype.VoidReturn'>, None, <pybindgen.typehandlers.ctypeparser.TypeTraits object at 0x7f5da89aa860>))
DEBUG:pybindgen.typehandlers:TypeMatcher.lookup('ns3::EventId const &')
DEBUG:pybindgen.typehandlers:try to lookup type handler for 'ns3::EventId const &' => success ((<class 'pybindgen.cppclass.CppClass.__init__.<locals>.ThisClassRefParameter'>, None, <pybindgen.typehandlers.ctypeparser.TypeTraits object at 0x7f5da89aa9b0>))
DEBUG:pybindgen.typehandlers:TypeMatcher.lookup('void')
DEBUG:pybindgen.typehandlers:try to lookup type handler for 'void' => success ((<class 'pybindgen.typehandlers.voidtype.VoidReturn'>, None, <pybindgen.typehandlers.ctypeparser.TypeTraits object at 0x7f5da89aada0>))
DEBUG:pybindgen.typehandlers:TypeMatcher.lookup('uint32_t')
DEBUG:pybindgen.typehandlers:try to lookup type handler for 'uint32_t' => success ((<class 'pybindgen.typehandlers.inttype.UnsignedIntReturn'>, None, <pybindgen.typehandlers.ctypeparser.TypeTraits object at 0x7f5da89b0198>))
DEBUG:pybindgen.typehandlers:TypeMatcher.lookup('ns3::Time')
DEBUG:pybindgen.typehandlers:try to lookup type handler for 'ns3::Time' => success ((<class 'pybindgen.cppclass.CppClass.__init__.<locals>.ThisClassReturn'>, None, <pybindgen.typehandlers.ctypeparser.TypeTraits object at 0x7f5da89b0518>))
DEBUG:pybindgen.typehandlers:TypeMatcher.lookup('ns3::EventId const &')
DEBUG:pybindgen.typehandlers:try to lookup type handler for 'ns3::EventId const &' => success ((<class 'pybindgen.cppclass.CppClass.__init__.<locals>.ThisClassRefParameter'>, None, <pybindgen.typehandlers.ctypeparser.TypeTraits object at 0x7f5da89b0630>))
DEBUG:pybindgen.typehandlers:TypeMatcher.lookup('uint64_t')
DEBUG:pybindgen.typehandlers:try to lookup type handler for 'uint64_t' => success ((<class 'pybindgen.typehandlers.inttype.UnsignedLongLongReturn'>, None, <pybindgen.typehandlers.ctypeparser.TypeTraits object at 0x7f5da89b0a20>))
DEBUG:pybindgen.typehandlers:TypeMatcher.lookup('ns3::Ptr< ns3::SimulatorImpl >')
DEBUG:pybindgen.typehandlers:try to lookup type handler for 'ns3::Ptr< ns3::SimulatorImpl >' => failure
DEBUG:pybindgen.typehandlers:try to lookup type handler for 'ns3::SimulatorImpl *' => failure ('')
/home/cs18/tarballs/ns-allinone-3.34/ns-3.34/src/fd-net-device/bindings/modulegen__gcc_LP64.py:2775: Warning: exception TypeLookupError(['ns3::Ptr< ns3::SimulatorImpl >', 'ns3::SimulatorImpl *'],) in wrapper public: retval? ???::GetImplementation (params?);
  is_static=True)
DEBUG:pybindgen.typehandlers:TypeMatcher.lookup('ns3::Time')
DEBUG:pybindgen.typehandlers:try to lookup type handler for 'ns3::Time' => success ((<class 'pybindgen.cppclass.CppClass.__init__.<locals>.ThisClassReturn'>, None, <pybindgen.typehandlers.ctypeparser.TypeTraits object at 0x7f5da89bb0b8>))
DEBUG:pybindgen.typehandlers:TypeMatcher.lookup('uint32_t')
DEBUG:pybindgen.typehandlers:try to lookup type handler for 'uint32_t' => success ((<class 'pybindgen.typehandlers.inttype.UnsignedIntReturn'>, None, <pybindgen.typehandlers.ctypeparser.TypeTraits object at 0x7f5da89bb400>))
DEBUG:pybindgen.typehandlers:TypeMatcher.lookup('bool')
DEBUG:pybindgen.typehandlers:try to lookup type handler for 'bool' => success ((<class 'pybindgen.typehandlers.booltype.BoolReturn'>, None, <pybindgen.typehandlers.ctypeparser.TypeTraits object at 0x7f5da89bb780>))
DEBUG:pybindgen.typehandlers:TypeMatcher.lookup('ns3::EventId const &')
DEBUG:pybindgen.typehandlers:try to lookup type handler for 'ns3::EventId const &' => success ((<class 'pybindgen.cppclass.CppClass.__init__.<locals>.ThisClassRefParameter'>, None, <pybindgen.typehandlers.ctypeparser.TypeTraits object at 0x7f5da89bb8d0>))
DEBUG:pybindgen.typehandlers:TypeMatcher.lookup('bool')
DEBUG:pybindgen.typehandlers:try to lookup type handler for 'bool' => success ((<class 'pybindgen.typehandlers.booltype.BoolReturn'>, None, <pybindgen.typehandlers.ctypeparser.TypeTraits object at 0x7f5da89bbcc0>))
DEBUG:pybindgen.typehandlers:TypeMatcher.lookup('ns3::Time')
DEBUG:pybindgen.typehandlers:try to lookup type handler for 'ns3::Time' => success ((<class 'pybindgen.cppclass.CppClass.__init__.<locals>.ThisClassReturn'>, None, <pybindgen.typehandlers.ctypeparser.TypeTraits object at 0x7f5da89c30b8>))
DEBUG:pybindgen.typehandlers:TypeMatcher.lookup('void')
DEBUG:pybindgen.typehandlers:try to lookup type handler for 'void' => success ((<class 'pybindgen.typehandlers.voidtype.VoidReturn'>, None, <pybindgen.typehandlers.ctypeparser.TypeTraits object at 0x7f5da89c3438>))
DEBUG:pybindgen.typehandlers:TypeMatcher.lookup('ns3::EventId const &')
DEBUG:pybindgen.typehandlers:try to lookup type handler for 'ns3::EventId const &' => success ((<class 'pybindgen.cppclass.CppClass.__init__.<locals>.ThisClassRefParameter'>, None, <pybindgen.typehandlers.ctypeparser.TypeTraits object at 0x7f5da89b0da0>))
DEBUG:pybindgen.typehandlers:TypeMatcher.lookup('void')
DEBUG:pybindgen.typehandlers:try to lookup type handler for 'void' => success ((<class 'pybindgen.typehandlers.voidtype.VoidReturn'>, None, <pybindgen.typehandlers.ctypeparser.TypeTraits object at 0x7f5da89c36d8>))
DEBUG:pybindgen.typehandlers:TypeMatcher.lookup('ns3::Ptr< ns3::SimulatorImpl >')
DEBUG:pybindgen.typehandlers:try to lookup type handler for 'ns3::Ptr< ns3::SimulatorImpl >' => failure
DEBUG:pybindgen.typehandlers:try to lookup type handler for 'ns3::SimulatorImpl *' => failure ('')
/home/cs18/tarballs/ns-allinone-3.34/ns-3.34/src/fd-net-device/bindings/modulegen__gcc_LP64.py:2810: Warning: exception TypeLookupError(['ns3::Ptr< ns3::SimulatorImpl >', 'ns3::SimulatorImpl *'],) in wrapper public: retval? ???::SetImplementation (params?);
  is_static=True)
DEBUG:pybindgen.typehandlers:TypeMatcher.lookup('void')
DEBUG:pybindgen.typehandlers:try to lookup type handler for 'void' => success ((<class 'pybindgen.typehandlers.voidtype.VoidReturn'>, None, <pybindgen.typehandlers.ctypeparser.TypeTraits object at 0x7f5da89c3b00>))
DEBUG:pybindgen.typehandlers:TypeMatcher.lookup('ns3::ObjectFactory')
DEBUG:pybindgen.typehandlers:try to lookup type handler for 'ns3::ObjectFactory' => success ((<class 'pybindgen.cppclass.CppClass.__init__.<locals>.ThisClassParameter'>, None, <pybindgen.typehandlers.ctypeparser.TypeTraits object at 0x7f5da89c3c18>))
DEBUG:pybindgen.typehandlers:TypeMatcher.lookup('void')
DEBUG:pybindgen.typehandlers:try to lookup type handler for 'void' => success ((<class 'pybindgen.typehandlers.voidtype.VoidReturn'>, None, <pybindgen.typehandlers.ctypeparser.TypeTraits object at 0x7f5da89c3f60>))
DEBUG:pybindgen.typehandlers:TypeMatcher.lookup('void')
DEBUG:pybindgen.typehandlers:try to lookup type handler for 'void' => success ((<class 'pybindgen.typehandlers.voidtype.VoidReturn'>, None, <pybindgen.typehandlers.ctypeparser.TypeTraits object at 0x7f5da89ca358>))
DEBUG:pybindgen.typehandlers:TypeMatcher.lookup('ns3::Time const &')
DEBUG:pybindgen.typehandlers:try to lookup type handler for 'ns3::Time const &' => success ((<class 'pybindgen.cppclass.CppClass.__init__.<locals>.ThisClassRefParameter'>, None, <pybindgen.typehandlers.ctypeparser.TypeTraits object at 0x7f5da89ca4a8>))
DEBUG:pybindgen.typehandlers:TypeMatcher.lookup('ns3::SystemCondition const &')
DEBUG:pybindgen.typehandlers:try to lookup type handler for 'ns3::SystemCondition const &' => success ((<class 'pybindgen.cppclass.CppClass.__init__.<locals>.ThisClassRefParameter'>, None, <pybindgen.typehandlers.ctypeparser.TypeTraits object at 0x7f5da89ca898>))
DEBUG:pybindgen.typehandlers:TypeMatcher.lookup('void')
DEBUG:pybindgen.typehandlers:try to lookup type handler for 'void' => success ((<class 'pybindgen.typehandlers.voidtype.VoidReturn'>, None, <pybindgen.typehandlers.ctypeparser.TypeTraits object at 0x7f5da89caeb8>))
DEBUG:pybindgen.typehandlers:TypeMatcher.lookup('bool')
DEBUG:pybindgen.typehandlers:try to lookup type handler for 'bool' => success ((<class 'pybindgen.typehandlers.booltype.BoolReturn'>, None, <pybindgen.typehandlers.ctypeparser.TypeTraits object at 0x7f5da89d32e8>))
DEBUG:pybindgen.typehandlers:TypeMatcher.lookup('void')
DEBUG:pybindgen.typehandlers:try to lookup type handler for 'void' => success ((<class 'pybindgen.typehandlers.voidtype.VoidReturn'>, None, <pybindgen.typehandlers.ctypeparser.TypeTraits object at 0x7f5da89d36d8>))
DEBUG:pybindgen.typehandlers:TypeMatcher.lookup('bool')
DEBUG:pybindgen.typehandlers:try to lookup type handler for 'bool' => success ((<class 'pybindgen.typehandlers.booltype.BoolParam'>, None, <pybindgen.typehandlers.ctypeparser.TypeTraits object at 0x7f5da89d3828>))
DEBUG:pybindgen.typehandlers:TypeMatcher.lookup('void')
DEBUG:pybindgen.typehandlers:try to lookup type handler for 'void' => success ((<class 'pybindgen.typehandlers.voidtype.VoidReturn'>, None, <pybindgen.typehandlers.ctypeparser.TypeTraits object at 0x7f5da89d3ba8>))
DEBUG:pybindgen.typehandlers:TypeMatcher.lookup('bool')
DEBUG:pybindgen.typehandlers:try to lookup type handler for 'bool' => success ((<class 'pybindgen.typehandlers.booltype.BoolReturn'>, None, <pybindgen.typehandlers.ctypeparser.TypeTraits object at 0x7f5da89c37f0>))
DEBUG:pybindgen.typehandlers:TypeMatcher.lookup('uint64_t')
DEBUG:pybindgen.typehandlers:try to lookup type handler for 'uint64_t' => success ((<class 'pybindgen.typehandlers.inttype.UnsignedLongLongParam'>, None, <pybindgen.typehandlers.ctypeparser.TypeTraits object at 0x7f5da89d3cf8>))
DEBUG:pybindgen.typehandlers:TypeMatcher.lookup('void')
DEBUG:pybindgen.typehandlers:try to lookup type handler for 'void' => success ((<class 'pybindgen.typehandlers.voidtype.VoidReturn'>, None, <pybindgen.typehandlers.ctypeparser.TypeTraits object at 0x7f5da89d7080>))
DEBUG:pybindgen.typehandlers:TypeMatcher.lookup('ns3::SystemMutex const &')
DEBUG:pybindgen.typehandlers:try to lookup type handler for 'ns3::SystemMutex const &' => success ((<class 'pybindgen.cppclass.CppClass.__init__.<locals>.ThisClassRefParameter'>, None, <pybindgen.typehandlers.ctypeparser.TypeTraits object at 0x7f5da89d74a8>))
DEBUG:pybindgen.typehandlers:TypeMatcher.lookup('void')
DEBUG:pybindgen.typehandlers:try to lookup type handler for 'void' => success ((<class 'pybindgen.typehandlers.voidtype.VoidReturn'>, None, <pybindgen.typehandlers.ctypeparser.TypeTraits object at 0x7f5da89d7ac8>))
DEBUG:pybindgen.typehandlers:TypeMatcher.lookup('void')
DEBUG:pybindgen.typehandlers:try to lookup type handler for 'void' => success ((<class 'pybindgen.typehandlers.voidtype.VoidReturn'>, None, <pybindgen.typehandlers.ctypeparser.TypeTraits object at 0x7f5da89d7eb8>))
DEBUG:pybindgen.typehandlers:TypeMatcher.lookup('ns3::Tag const &')
DEBUG:pybindgen.typehandlers:try to lookup type handler for 'ns3::Tag const &' => success ((<class 'pybindgen.cppclass.CppClass.__init__.<locals>.ThisClassRefParameter'>, None, <pybindgen.typehandlers.ctypeparser.TypeTraits object at 0x7f5da8960588>))
DEBUG:pybindgen.typehandlers:TypeMatcher.lookup('void')
DEBUG:pybindgen.typehandlers:try to lookup type handler for 'void' => success ((<class 'pybindgen.typehandlers.voidtype.VoidReturn'>, None, <pybindgen.typehandlers.ctypeparser.TypeTraits object at 0x7f5da8960940>))
DEBUG:pybindgen.typehandlers:TypeMatcher.lookup('ns3::TagBuffer')
DEBUG:pybindgen.typehandlers:try to lookup type handler for 'ns3::TagBuffer' => success ((<class 'pybindgen.cppclass.CppClass.__init__.<locals>.ThisClassParameter'>, None, <pybindgen.typehandlers.ctypeparser.TypeTraits object at 0x7f5da8960a90>))
DEBUG:pybindgen.typehandlers:TypeMatcher.lookup('uint32_t')
DEBUG:pybindgen.typehandlers:try to lookup type handler for 'uint32_t' => success ((<class 'pybindgen.typehandlers.inttype.UnsignedIntReturn'>, None, <pybindgen.typehandlers.ctypeparser.TypeTraits object at 0x7f5da8966048>))
DEBUG:pybindgen.typehandlers:TypeMatcher.lookup('ns3::TypeId')
DEBUG:pybindgen.typehandlers:try to lookup type handler for 'ns3::TypeId' => success ((<class 'pybindgen.cppclass.CppClass.__init__.<locals>.ThisClassReturn'>, None, <pybindgen.typehandlers.ctypeparser.TypeTraits object at 0x7f5da89665c0>))
DEBUG:pybindgen.typehandlers:TypeMatcher.lookup('void')
DEBUG:pybindgen.typehandlers:try to lookup type handler for 'void' => success ((<class 'pybindgen.typehandlers.voidtype.VoidReturn'>, None, <pybindgen.typehandlers.ctypeparser.TypeTraits object at 0x7f5da8966940>))
DEBUG:pybindgen.typehandlers:TypeMatcher.lookup('std::ostream &')
DEBUG:pybindgen.typehandlers:try to lookup type handler for 'std::ostream &' => failure
'std::ostream &' did not match
/home/cs18/tarballs/ns-allinone-3.34/ns-3.34/src/fd-net-device/bindings/modulegen__gcc_LP64.py:2898: Warning: exception TypeLookupError(['std::ostream &'],) in wrapper public: virtual retval? ???::Print (params?) const = 0;
  is_const=True, is_pure_virtual=True, is_virtual=True)
DEBUG:pybindgen.typehandlers:TypeMatcher.lookup('void')
DEBUG:pybindgen.typehandlers:try to lookup type handler for 'void' => success ((<class 'pybindgen.typehandlers.voidtype.VoidReturn'>, None, <pybindgen.typehandlers.ctypeparser.TypeTraits object at 0x7f5da896e048>))
DEBUG:pybindgen.typehandlers:TypeMatcher.lookup('ns3::TagBuffer')
DEBUG:pybindgen.typehandlers:try to lookup type handler for 'ns3::TagBuffer' => success ((<class 'pybindgen.cppclass.CppClass.__init__.<locals>.ThisClassParameter'>, None, <pybindgen.typehandlers.ctypeparser.TypeTraits object at 0x7f5da896e198>))
DEBUG:pybindgen.typehandlers:TypeMatcher.lookup('ns3::TagBuffer const &')
DEBUG:pybindgen.typehandlers:try to lookup type handler for 'ns3::TagBuffer const &' => success ((<class 'pybindgen.cppclass.CppClass.__init__.<locals>.ThisClassRefParameter'>, None, <pybindgen.typehandlers.ctypeparser.TypeTraits object at 0x7f5da896e518>))
DEBUG:pybindgen.typehandlers:TypeMatcher.lookup('uint8_t *')
DEBUG:pybindgen.typehandlers:try to lookup type handler for 'uint8_t *' => success ((<class 'pybindgen.typehandlers.inttype.UInt8PtrParam'>, None, <pybindgen.typehandlers.ctypeparser.TypeTraits object at 0x7f5da896e908>))
/home/cs18/tarballs/ns-allinone-3.34/ns-3.34/src/fd-net-device/bindings/modulegen__gcc_LP64.py:2910: Warning: exception TypeConfigurationError('direction not given',) in wrapper <pybindgen.cppmethod.CppConstructor object at 0x7f5da896e898>
  cls.add_constructor([param('uint8_t *', 'start'), param('uint8_t *', 'end')])
DEBUG:pybindgen.typehandlers:TypeMatcher.lookup('void')
DEBUG:pybindgen.typehandlers:try to lookup type handler for 'void' => success ((<class 'pybindgen.typehandlers.voidtype.VoidReturn'>, None, <pybindgen.typehandlers.ctypeparser.TypeTraits object at 0x7f5da896e9e8>))
DEBUG:pybindgen.typehandlers:TypeMatcher.lookup('ns3::TagBuffer')
DEBUG:pybindgen.typehandlers:try to lookup type handler for 'ns3::TagBuffer' => success ((<class 'pybindgen.cppclass.CppClass.__init__.<locals>.ThisClassParameter'>, None, <pybindgen.typehandlers.ctypeparser.TypeTraits object at 0x7f5da896eba8>))
DEBUG:pybindgen.typehandlers:TypeMatcher.lookup('void')
DEBUG:pybindgen.typehandlers:try to lookup type handler for 'void' => success ((<class 'pybindgen.typehandlers.voidtype.VoidReturn'>, None, <pybindgen.typehandlers.ctypeparser.TypeTraits object at 0x7f5da896eef0>))
DEBUG:pybindgen.typehandlers:TypeMatcher.lookup('uint8_t *')
DEBUG:pybindgen.typehandlers:try to lookup type handler for 'uint8_t *' => success ((<class 'pybindgen.typehandlers.inttype.UInt8PtrParam'>, None, <pybindgen.typehandlers.ctypeparser.TypeTraits object at 0x7f5da8978080>))
/home/cs18/tarballs/ns-allinone-3.34/ns-3.34/src/fd-net-device/bindings/modulegen__gcc_LP64.py:2918: Warning: exception TypeConfigurationError('direction not given',) in wrapper public: retval? ???::Read (params?);
  [param('uint8_t *', 'buffer'), param('uint32_t', 'size')])
DEBUG:pybindgen.typehandlers:TypeMatcher.lookup('double')
DEBUG:pybindgen.typehandlers:try to lookup type handler for 'double' => success ((<class 'pybindgen.typehandlers.doubletype.DoubleReturn'>, None, <pybindgen.typehandlers.ctypeparser.TypeTraits object at 0x7f5da8978160>))
DEBUG:pybindgen.typehandlers:TypeMatcher.lookup('uint16_t')
DEBUG:pybindgen.typehandlers:try to lookup type handler for 'uint16_t' => success ((<class 'pybindgen.typehandlers.inttype.UInt16Return'>, None, <pybindgen.typehandlers.ctypeparser.TypeTraits object at 0x7f5da89785c0>))
DEBUG:pybindgen.typehandlers:TypeMatcher.lookup('uint32_t')
DEBUG:pybindgen.typehandlers:try to lookup type handler for 'uint32_t' => success ((<class 'pybindgen.typehandlers.inttype.UnsignedIntReturn'>, None, <pybindgen.typehandlers.ctypeparser.TypeTraits object at 0x7f5da896e908>))
DEBUG:pybindgen.typehandlers:TypeMatcher.lookup('uint64_t')
DEBUG:pybindgen.typehandlers:try to lookup type handler for 'uint64_t' => success ((<class 'pybindgen.typehandlers.inttype.UnsignedLongLongReturn'>, None, <pybindgen.typehandlers.ctypeparser.TypeTraits object at 0x7f5da8966a90>))
DEBUG:pybindgen.typehandlers:TypeMatcher.lookup('uint8_t')
DEBUG:pybindgen.typehandlers:try to lookup type handler for 'uint8_t' => success ((<class 'pybindgen.typehandlers.inttype.UInt8Return'>, None, <pybindgen.typehandlers.ctypeparser.TypeTraits object at 0x7f5da8966470>))
DEBUG:pybindgen.typehandlers:TypeMatcher.lookup('void')
DEBUG:pybindgen.typehandlers:try to lookup type handler for 'void' => success ((<class 'pybindgen.typehandlers.voidtype.VoidReturn'>, None, <pybindgen.typehandlers.ctypeparser.TypeTraits object at 0x7f5da8978a58>))
DEBUG:pybindgen.typehandlers:TypeMatcher.lookup('uint32_t')
DEBUG:pybindgen.typehandlers:try to lookup type handler for 'uint32_t' => success ((<class 'pybindgen.typehandlers.inttype.UnsignedIntParam'>, None, <pybindgen.typehandlers.ctypeparser.TypeTraits object at 0x7f5da8978ba8>))
DEBUG:pybindgen.typehandlers:TypeMatcher.lookup('void')
DEBUG:pybindgen.typehandlers:try to lookup type handler for 'void' => success ((<class 'pybindgen.typehandlers.voidtype.VoidReturn'>, None, <pybindgen.typehandlers.ctypeparser.TypeTraits object at 0x7f5da8978ef0>))
DEBUG:pybindgen.typehandlers:TypeMatcher.lookup('uint8_t const *')
DEBUG:pybindgen.typehandlers:try to lookup type handler for 'uint8_t const *' => success ((<class 'pybindgen.typehandlers.inttype.UInt8PtrParam'>, None, <pybindgen.typehandlers.ctypeparser.TypeTraits object at 0x7f5da897f080>))
/home/cs18/tarballs/ns-allinone-3.34/ns-3.34/src/fd-net-device/bindings/modulegen__gcc_LP64.py:2946: Warning: exception TypeConfigurationError('direction not given',) in wrapper public: retval? ???::Write (params?);
  [param('uint8_t const *', 'buffer'), param('uint32_t', 'size')])
DEBUG:pybindgen.typehandlers:TypeMatcher.lookup('void')
DEBUG:pybindgen.typehandlers:try to lookup type handler for 'void' => success ((<class 'pybindgen.typehandlers.voidtype.VoidReturn'>, None, <pybindgen.typehandlers.ctypeparser.TypeTraits object at 0x7f5da897f1d0>))
DEBUG:pybindgen.typehandlers:TypeMatcher.lookup('double')
DEBUG:pybindgen.typehandlers:try to lookup type handler for 'double' => success ((<class 'pybindgen.typehandlers.doubletype.DoubleParam'>, None, <pybindgen.typehandlers.ctypeparser.TypeTraits object at 0x7f5da897f390>))
DEBUG:pybindgen.typehandlers:TypeMatcher.lookup('void')
DEBUG:pybindgen.typehandlers:try to lookup type handler for 'void' => success ((<class 'pybindgen.typehandlers.voidtype.VoidReturn'>, None, <pybindgen.typehandlers.ctypeparser.TypeTraits object at 0x7f5da897f710>))
DEBUG:pybindgen.typehandlers:TypeMatcher.lookup('uint16_t')
DEBUG:pybindgen.typehandlers:try to lookup type handler for 'uint16_t' => success ((<class 'pybindgen.typehandlers.inttype.UInt16Param'>, None, <pybindgen.typehandlers.ctypeparser.TypeTraits object at 0x7f5da897f860>))
DEBUG:pybindgen.typehandlers:TypeMatcher.lookup('void')
DEBUG:pybindgen.typehandlers:try to lookup type handler for 'void' => success ((<class 'pybindgen.typehandlers.voidtype.VoidReturn'>, None, <pybindgen.typehandlers.ctypeparser.TypeTraits object at 0x7f5da897fba8>))
DEBUG:pybindgen.typehandlers:TypeMatcher.lookup('uint32_t')
DEBUG:pybindgen.typehandlers:try to lookup type handler for 'uint32_t' => success ((<class 'pybindgen.typehandlers.inttype.UnsignedIntParam'>, None, <pybindgen.typehandlers.ctypeparser.TypeTraits object at 0x7f5da897fcf8>))
DEBUG:pybindgen.typehandlers:TypeMatcher.lookup('void')
DEBUG:pybindgen.typehandlers:try to lookup type handler for 'void' => success ((<class 'pybindgen.typehandlers.voidtype.VoidReturn'>, None, <pybindgen.typehandlers.ctypeparser.TypeTraits object at 0x7f5da8982080>))
DEBUG:pybindgen.typehandlers:TypeMatcher.lookup('uint64_t')
DEBUG:pybindgen.typehandlers:try to lookup type handler for 'uint64_t' => success ((<class 'pybindgen.typehandlers.inttype.UnsignedLongLongParam'>, None, <pybindgen.typehandlers.ctypeparser.TypeTraits object at 0x7f5da89821d0>))
DEBUG:pybindgen.typehandlers:TypeMatcher.lookup('void')
DEBUG:pybindgen.typehandlers:try to lookup type handler for 'void' => success ((<class 'pybindgen.typehandlers.voidtype.VoidReturn'>, None, <pybindgen.typehandlers.ctypeparser.TypeTraits object at 0x7f5da8982518>))
DEBUG:pybindgen.typehandlers:TypeMatcher.lookup('uint8_t')
DEBUG:pybindgen.typehandlers:try to lookup type handler for 'uint8_t' => success ((<class 'pybindgen.typehandlers.inttype.UInt8Param'>, None, <pybindgen.typehandlers.ctypeparser.TypeTraits object at 0x7f5da8982668>))
DEBUG:pybindgen.typehandlers:TypeMatcher.lookup('ns3::Time const &')
DEBUG:pybindgen.typehandlers:try to lookup type handler for 'ns3::Time const &' => success ((<class 'pybindgen.cppclass.CppClass.__init__.<locals>.ThisClassRefParameter'>, None, <pybindgen.typehandlers.ctypeparser.TypeTraits object at 0x7f5da89829b0>))
DEBUG:pybindgen.typehandlers:TypeMatcher.lookup('ns3::Time const &')
DEBUG:pybindgen.typehandlers:try to lookup type handler for 'ns3::Time const &' => success ((<class 'pybindgen.cppclass.CppClass.__init__.<locals>.ThisClassRefParameter'>, None, <pybindgen.typehandlers.ctypeparser.TypeTraits object at 0x7f5da8982b70>))
DEBUG:pybindgen.typehandlers:TypeMatcher.lookup('ns3::int64x64_t const &')
DEBUG:pybindgen.typehandlers:try to lookup type handler for 'ns3::int64x64_t const &' => success ((<class 'pybindgen.cppclass.CppClass.__init__.<locals>.ThisClassRefParameter'>, None, <pybindgen.typehandlers.ctypeparser.TypeTraits object at 0x7f5da897f160>))
DEBUG:pybindgen.typehandlers:TypeMatcher.lookup('ns3::Time const &')
DEBUG:pybindgen.typehandlers:try to lookup type handler for 'ns3::Time const &' => success ((<class 'pybindgen.cppclass.CppClass.__init__.<locals>.ThisClassRefParameter'>, None, <pybindgen.typehandlers.ctypeparser.TypeTraits object at 0x7f5da8978fd0>))
DEBUG:pybindgen.typehandlers:TypeMatcher.lookup('ns3::int64x64_t const &')
DEBUG:pybindgen.typehandlers:try to lookup type handler for 'ns3::int64x64_t const &' => success ((<class 'pybindgen.cppclass.CppClass.__init__.<locals>.ThisClassRefParameter'>, None, <pybindgen.typehandlers.ctypeparser.TypeTraits object at 0x7f5da8982cf8>))
DEBUG:pybindgen.typehandlers:TypeMatcher.lookup('ns3::Time const &')
DEBUG:pybindgen.typehandlers:try to lookup type handler for 'ns3::Time const &' => success ((<class 'pybindgen.cppclass.CppClass.__init__.<locals>.ThisClassRefParameter'>, None, <pybindgen.typehandlers.ctypeparser.TypeTraits object at 0x7f5da8982e80>))
DEBUG:pybindgen.typehandlers:TypeMatcher.lookup('ns3::Time const &')
DEBUG:pybindgen.typehandlers:try to lookup type handler for 'ns3::Time const &' => success ((<class 'pybindgen.cppclass.CppClass.__init__.<locals>.ThisClassRefParameter'>, None, <pybindgen.typehandlers.ctypeparser.TypeTraits object at 0x7f5da8982fd0>))
DEBUG:pybindgen.typehandlers:TypeMatcher.lookup('ns3::Time const &')
DEBUG:pybindgen.typehandlers:try to lookup type handler for 'ns3::Time const &' => success ((<class 'pybindgen.cppclass.CppClass.__init__.<locals>.ThisClassRefParameter'>, None, <pybindgen.typehandlers.ctypeparser.TypeTraits object at 0x7f5da898d470>))
DEBUG:pybindgen.typehandlers:TypeMatcher.lookup('double')
DEBUG:pybindgen.typehandlers:try to lookup type handler for 'double' => success ((<class 'pybindgen.typehandlers.doubletype.DoubleParam'>, None, <pybindgen.typehandlers.ctypeparser.TypeTraits object at 0x7f5da898d860>))
DEBUG:pybindgen.typehandlers:TypeMatcher.lookup('int')
DEBUG:pybindgen.typehandlers:try to lookup type handler for 'int' => success ((<class 'pybindgen.typehandlers.inttype.IntParam'>, None, <pybindgen.typehandlers.ctypeparser.TypeTraits object at 0x7f5da898dbe0>))
DEBUG:pybindgen.typehandlers:TypeMatcher.lookup('long int')
DEBUG:pybindgen.typehandlers:try to lookup type handler for 'long int' => success ((<class 'pybindgen.typehandlers.inttype.LongParam'>, None, <pybindgen.typehandlers.ctypeparser.TypeTraits object at 0x7f5da898df60>))
DEBUG:pybindgen.typehandlers:TypeMatcher.lookup('long long int')
DEBUG:pybindgen.typehandlers:try to lookup type handler for 'long long int' => success ((<class 'pybindgen.typehandlers.inttype.LongLongParam'>, None, <pybindgen.typehandlers.ctypeparser.TypeTraits object at 0x7f5da8991390>))
DEBUG:pybindgen.typehandlers:TypeMatcher.lookup('unsigned int')
DEBUG:pybindgen.typehandlers:try to lookup type handler for 'unsigned int' => success ((<class 'pybindgen.typehandlers.inttype.UnsignedIntParam'>, None, <pybindgen.typehandlers.ctypeparser.TypeTraits object at 0x7f5da89917f0>))
DEBUG:pybindgen.typehandlers:TypeMatcher.lookup('long unsigned int')
DEBUG:pybindgen.typehandlers:try to lookup type handler for 'long unsigned int' => success ((<class 'pybindgen.typehandlers.inttype.UnsignedLongParam'>, None, <pybindgen.typehandlers.ctypeparser.TypeTraits object at 0x7f5da8991ba8>))
DEBUG:pybindgen.typehandlers:TypeMatcher.lookup('long long unsigned int')
DEBUG:pybindgen.typehandlers:try to lookup type handler for 'long long unsigned int' => success ((<class 'pybindgen.typehandlers.inttype.UnsignedLongLongParam'>, None, <pybindgen.typehandlers.ctypeparser.TypeTraits object at 0x7f5da8991fd0>))
DEBUG:pybindgen.typehandlers:TypeMatcher.lookup('ns3::int64x64_t const &')
DEBUG:pybindgen.typehandlers:try to lookup type handler for 'ns3::int64x64_t const &' => success ((<class 'pybindgen.cppclass.CppClass.__init__.<locals>.ThisClassRefParameter'>, None, <pybindgen.typehandlers.ctypeparser.TypeTraits object at 0x7f5da8998550>))
DEBUG:pybindgen.typehandlers:TypeMatcher.lookup('std::string const &')
DEBUG:pybindgen.typehandlers:try to lookup type handler for 'std::string const &' => success ((<class 'pybindgen.typehandlers.stringtype.StdStringRefParam'>, None, <pybindgen.typehandlers.ctypeparser.TypeTraits object at 0x7f5da8998940>))
DEBUG:pybindgen.typehandlers:TypeMatcher.lookup('ns3::TimeWithUnit')
DEBUG:pybindgen.typehandlers:try to lookup type handler for 'ns3::TimeWithUnit' => success ((<class 'pybindgen.cppclass.CppClass.__init__.<locals>.ThisClassReturn'>, None, <pybindgen.typehandlers.ctypeparser.TypeTraits object at 0x7f5da8998cf8>))
DEBUG:pybindgen.typehandlers:TypeMatcher.lookup('ns3::Time::Unit const')
DEBUG:pybindgen.typehandlers:try to lookup type handler for 'ns3::Time::Unit const' => success ((<class 'pybindgen.enum.Enum.set_module.<locals>.ThisEnumParameter'>, None, <pybindgen.typehandlers.ctypeparser.TypeTraits object at 0x7f5da8998e10>))
DEBUG:pybindgen.typehandlers:TypeMatcher.lookup('int')
DEBUG:pybindgen.typehandlers:try to lookup type handler for 'int' => success ((<class 'pybindgen.typehandlers.inttype.IntReturn'>, None, <pybindgen.typehandlers.ctypeparser.TypeTraits object at 0x7f5da891e198>))
DEBUG:pybindgen.typehandlers:TypeMatcher.lookup('ns3::Time const &')
DEBUG:pybindgen.typehandlers:try to lookup type handler for 'ns3::Time const &' => success ((<class 'pybindgen.cppclass.CppClass.__init__.<locals>.ThisClassRefParameter'>, None, <pybindgen.typehandlers.ctypeparser.TypeTraits object at 0x7f5da891e2e8>))
DEBUG:pybindgen.typehandlers:TypeMatcher.lookup('ns3::Time')
DEBUG:pybindgen.typehandlers:try to lookup type handler for 'ns3::Time' => success ((<class 'pybindgen.cppclass.CppClass.__init__.<locals>.ThisClassReturn'>, None, <pybindgen.typehandlers.ctypeparser.TypeTraits object at 0x7f5da891e6d8>))
DEBUG:pybindgen.typehandlers:TypeMatcher.lookup('ns3::int64x64_t const &')
DEBUG:pybindgen.typehandlers:try to lookup type handler for 'ns3::int64x64_t const &' => success ((<class 'pybindgen.cppclass.CppClass.__init__.<locals>.ThisClassRefParameter'>, None, <pybindgen.typehandlers.ctypeparser.TypeTraits object at 0x7f5da891e7f0>))
DEBUG:pybindgen.typehandlers:TypeMatcher.lookup('ns3::Time')
DEBUG:pybindgen.typehandlers:try to lookup type handler for 'ns3::Time' => success ((<class 'pybindgen.cppclass.CppClass.__init__.<locals>.ThisClassReturn'>, None, <pybindgen.typehandlers.ctypeparser.TypeTraits object at 0x7f5da891ebe0>))
DEBUG:pybindgen.typehandlers:TypeMatcher.lookup('ns3::int64x64_t const &')
DEBUG:pybindgen.typehandlers:try to lookup type handler for 'ns3::int64x64_t const &' => success ((<class 'pybindgen.cppclass.CppClass.__init__.<locals>.ThisClassRefParameter'>, None, <pybindgen.typehandlers.ctypeparser.TypeTraits object at 0x7f5da891ecf8>))
DEBUG:pybindgen.typehandlers:TypeMatcher.lookup('ns3::Time::Unit')
DEBUG:pybindgen.typehandlers:try to lookup type handler for 'ns3::Time::Unit' => success ((<class 'pybindgen.enum.Enum.set_module.<locals>.ThisEnumParameter'>, None, <pybindgen.typehandlers.ctypeparser.TypeTraits object at 0x7f5da891eeb8>))
DEBUG:pybindgen.typehandlers:TypeMatcher.lookup('ns3::Time')
DEBUG:pybindgen.typehandlers:try to lookup type handler for 'ns3::Time' => success ((<class 'pybindgen.cppclass.CppClass.__init__.<locals>.ThisClassReturn'>, None, <pybindgen.typehandlers.ctypeparser.TypeTraits object at 0x7f5da89251d0>))
DEBUG:pybindgen.typehandlers:TypeMatcher.lookup('double')
DEBUG:pybindgen.typehandlers:try to lookup type handler for 'double' => success ((<class 'pybindgen.typehandlers.doubletype.DoubleParam'>, None, <pybindgen.typehandlers.ctypeparser.TypeTraits object at 0x7f5da89252e8>))
DEBUG:pybindgen.typehandlers:TypeMatcher.lookup('ns3::Time::Unit')
DEBUG:pybindgen.typehandlers:try to lookup type handler for 'ns3::Time::Unit' => success ((<class 'pybindgen.enum.Enum.set_module.<locals>.ThisEnumParameter'>, None, <pybindgen.typehandlers.ctypeparser.TypeTraits object at 0x7f5da89253c8>))
DEBUG:pybindgen.typehandlers:TypeMatcher.lookup('ns3::Time')
DEBUG:pybindgen.typehandlers:try to lookup type handler for 'ns3::Time' => success ((<class 'pybindgen.cppclass.CppClass.__init__.<locals>.ThisClassReturn'>, None, <pybindgen.typehandlers.ctypeparser.TypeTraits object at 0x7f5da8925748>))
DEBUG:pybindgen.typehandlers:TypeMatcher.lookup('uint64_t')
DEBUG:pybindgen.typehandlers:try to lookup type handler for 'uint64_t' => success ((<class 'pybindgen.typehandlers.inttype.UnsignedLongLongParam'>, None, <pybindgen.typehandlers.ctypeparser.TypeTraits object at 0x7f5da8925860>))
DEBUG:pybindgen.typehandlers:TypeMatcher.lookup('ns3::Time::Unit')
DEBUG:pybindgen.typehandlers:try to lookup type handler for 'ns3::Time::Unit' => success ((<class 'pybindgen.enum.Enum.set_module.<locals>.ThisEnumParameter'>, None, <pybindgen.typehandlers.ctypeparser.TypeTraits object at 0x7f5da8925908>))
DEBUG:pybindgen.typehandlers:TypeMatcher.lookup('double')
DEBUG:pybindgen.typehandlers:try to lookup type handler for 'double' => success ((<class 'pybindgen.typehandlers.doubletype.DoubleReturn'>, None, <pybindgen.typehandlers.ctypeparser.TypeTraits object at 0x7f5da8925c88>))
DEBUG:pybindgen.typehandlers:TypeMatcher.lookup('double')
DEBUG:pybindgen.typehandlers:try to lookup type handler for 'double' => success ((<class 'pybindgen.typehandlers.doubletype.DoubleReturn'>, None, <pybindgen.typehandlers.ctypeparser.TypeTraits object at 0x7f5da892e080>))
DEBUG:pybindgen.typehandlers:TypeMatcher.lookup('int64_t')
DEBUG:pybindgen.typehandlers:try to lookup type handler for 'int64_t' => success ((<class 'pybindgen.typehandlers.inttype.LongLongReturn'>, None, <pybindgen.typehandlers.ctypeparser.TypeTraits object at 0x7f5da892e438>))
DEBUG:pybindgen.typehandlers:TypeMatcher.lookup('double')
DEBUG:pybindgen.typehandlers:try to lookup type handler for 'double' => success ((<class 'pybindgen.typehandlers.doubletype.DoubleReturn'>, None, <pybindgen.typehandlers.ctypeparser.TypeTraits object at 0x7f5da892e7f0>))
DEBUG:pybindgen.typehandlers:TypeMatcher.lookup('int64_t')
DEBUG:pybindgen.typehandlers:try to lookup type handler for 'int64_t' => success ((<class 'pybindgen.typehandlers.inttype.LongLongReturn'>, None, <pybindgen.typehandlers.ctypeparser.TypeTraits object at 0x7f5da892eba8>))
DEBUG:pybindgen.typehandlers:TypeMatcher.lookup('int64_t')
DEBUG:pybindgen.typehandlers:try to lookup type handler for 'int64_t' => success ((<class 'pybindgen.typehandlers.inttype.LongLongReturn'>, None, <pybindgen.typehandlers.ctypeparser.TypeTraits object at 0x7f5da892ef60>))
DEBUG:pybindgen.typehandlers:TypeMatcher.lookup('int64_t')
DEBUG:pybindgen.typehandlers:try to lookup type handler for 'int64_t' => success ((<class 'pybindgen.typehandlers.inttype.LongLongReturn'>, None, <pybindgen.typehandlers.ctypeparser.TypeTraits object at 0x7f5da8935358>))
DEBUG:pybindgen.typehandlers:TypeMatcher.lookup('double')
DEBUG:pybindgen.typehandlers:try to lookup type handler for 'double' => success ((<class 'pybindgen.typehandlers.doubletype.DoubleReturn'>, None, <pybindgen.typehandlers.ctypeparser.TypeTraits object at 0x7f5da8935710>))
DEBUG:pybindgen.typehandlers:TypeMatcher.lookup('int64_t')
DEBUG:pybindgen.typehandlers:try to lookup type handler for 'int64_t' => success ((<class 'pybindgen.typehandlers.inttype.LongLongReturn'>, None, <pybindgen.typehandlers.ctypeparser.TypeTraits object at 0x7f5da8935ac8>))
DEBUG:pybindgen.typehandlers:TypeMatcher.lookup('int64_t')
DEBUG:pybindgen.typehandlers:try to lookup type handler for 'int64_t' => success ((<class 'pybindgen.typehandlers.inttype.LongLongReturn'>, None, <pybindgen.typehandlers.ctypeparser.TypeTraits object at 0x7f5da8935e80>))
DEBUG:pybindgen.typehandlers:TypeMatcher.lookup('ns3::Time::Unit')
DEBUG:pybindgen.typehandlers:try to lookup type handler for 'ns3::Time::Unit' => success ((<class 'pybindgen.enum.Enum.set_module.<locals>.ThisEnumReturn'>, None, <pybindgen.typehandlers.ctypeparser.TypeTraits object at 0x7f5da893d278>))
DEBUG:pybindgen.typehandlers:TypeMatcher.lookup('double')
DEBUG:pybindgen.typehandlers:try to lookup type handler for 'double' => success ((<class 'pybindgen.typehandlers.doubletype.DoubleReturn'>, None, <pybindgen.typehandlers.ctypeparser.TypeTraits object at 0x7f5da893d5f8>))
DEBUG:pybindgen.typehandlers:TypeMatcher.lookup('int64_t')
DEBUG:pybindgen.typehandlers:try to lookup type handler for 'int64_t' => success ((<class 'pybindgen.typehandlers.inttype.LongLongReturn'>, None, <pybindgen.typehandlers.ctypeparser.TypeTraits object at 0x7f5da893d9b0>))
DEBUG:pybindgen.typehandlers:TypeMatcher.lookup('double')
DEBUG:pybindgen.typehandlers:try to lookup type handler for 'double' => success ((<class 'pybindgen.typehandlers.doubletype.DoubleReturn'>, None, <pybindgen.typehandlers.ctypeparser.TypeTraits object at 0x7f5da893dd68>))
DEBUG:pybindgen.typehandlers:TypeMatcher.lookup('bool')
DEBUG:pybindgen.typehandlers:try to lookup type handler for 'bool' => success ((<class 'pybindgen.typehandlers.booltype.BoolReturn'>, None, <pybindgen.typehandlers.ctypeparser.TypeTraits object at 0x7f5da8944160>))
DEBUG:pybindgen.typehandlers:TypeMatcher.lookup('bool')
DEBUG:pybindgen.typehandlers:try to lookup type handler for 'bool' => success ((<class 'pybindgen.typehandlers.booltype.BoolReturn'>, None, <pybindgen.typehandlers.ctypeparser.TypeTraits object at 0x7f5da8944518>))
DEBUG:pybindgen.typehandlers:TypeMatcher.lookup('bool')
DEBUG:pybindgen.typehandlers:try to lookup type handler for 'bool' => success ((<class 'pybindgen.typehandlers.booltype.BoolReturn'>, None, <pybindgen.typehandlers.ctypeparser.TypeTraits object at 0x7f5da89448d0>))
DEBUG:pybindgen.typehandlers:TypeMatcher.lookup('bool')
DEBUG:pybindgen.typehandlers:try to lookup type handler for 'bool' => success ((<class 'pybindgen.typehandlers.booltype.BoolReturn'>, None, <pybindgen.typehandlers.ctypeparser.TypeTraits object at 0x7f5da8944c88>))
DEBUG:pybindgen.typehandlers:TypeMatcher.lookup('bool')
DEBUG:pybindgen.typehandlers:try to lookup type handler for 'bool' => success ((<class 'pybindgen.typehandlers.booltype.BoolReturn'>, None, <pybindgen.typehandlers.ctypeparser.TypeTraits object at 0x7f5da894b080>))
DEBUG:pybindgen.typehandlers:TypeMatcher.lookup('ns3::Time')
DEBUG:pybindgen.typehandlers:try to lookup type handler for 'ns3::Time' => success ((<class 'pybindgen.cppclass.CppClass.__init__.<locals>.ThisClassReturn'>, None, <pybindgen.typehandlers.ctypeparser.TypeTraits object at 0x7f5da894b438>))
DEBUG:pybindgen.typehandlers:TypeMatcher.lookup('ns3::Time')
DEBUG:pybindgen.typehandlers:try to lookup type handler for 'ns3::Time' => success ((<class 'pybindgen.cppclass.CppClass.__init__.<locals>.ThisClassReturn'>, None, <pybindgen.typehandlers.ctypeparser.TypeTraits object at 0x7f5da894b7b8>))
DEBUG:pybindgen.typehandlers:TypeMatcher.lookup('ns3::Time')
DEBUG:pybindgen.typehandlers:try to lookup type handler for 'ns3::Time' => success ((<class 'pybindgen.cppclass.CppClass.__init__.<locals>.ThisClassReturn'>, None, <pybindgen.typehandlers.ctypeparser.TypeTraits object at 0x7f5da894bb38>))
DEBUG:pybindgen.typehandlers:TypeMatcher.lookup('ns3::Time::Unit')
DEBUG:pybindgen.typehandlers:try to lookup type handler for 'ns3::Time::Unit' => success ((<class 'pybindgen.enum.Enum.set_module.<locals>.ThisEnumParameter'>, None, <pybindgen.typehandlers.ctypeparser.TypeTraits object at 0x7f5da894bc50>))
DEBUG:pybindgen.typehandlers:TypeMatcher.lookup('void')
DEBUG:pybindgen.typehandlers:try to lookup type handler for 'void' => success ((<class 'pybindgen.typehandlers.voidtype.VoidReturn'>, None, <pybindgen.typehandlers.ctypeparser.TypeTraits object at 0x7f5da894bf98>))
DEBUG:pybindgen.typehandlers:TypeMatcher.lookup('ns3::Time::Unit')
DEBUG:pybindgen.typehandlers:try to lookup type handler for 'ns3::Time::Unit' => success ((<class 'pybindgen.enum.Enum.set_module.<locals>.ThisEnumParameter'>, None, <pybindgen.typehandlers.ctypeparser.TypeTraits object at 0x7f5da8955128>))
DEBUG:pybindgen.typehandlers:TypeMatcher.lookup('bool')
DEBUG:pybindgen.typehandlers:try to lookup type handler for 'bool' => success ((<class 'pybindgen.typehandlers.booltype.BoolReturn'>, None, <pybindgen.typehandlers.ctypeparser.TypeTraits object at 0x7f5da8955470>))
DEBUG:pybindgen.typehandlers:TypeMatcher.lookup('ns3::int64x64_t')
DEBUG:pybindgen.typehandlers:try to lookup type handler for 'ns3::int64x64_t' => success ((<class 'pybindgen.cppclass.CppClass.__init__.<locals>.ThisClassReturn'>, None, <pybindgen.typehandlers.ctypeparser.TypeTraits object at 0x7f5da8955828>))
DEBUG:pybindgen.typehandlers:TypeMatcher.lookup('ns3::Time::Unit')
DEBUG:pybindgen.typehandlers:try to lookup type handler for 'ns3::Time::Unit' => success ((<class 'pybindgen.enum.Enum.set_module.<locals>.ThisEnumParameter'>, None, <pybindgen.typehandlers.ctypeparser.TypeTraits object at 0x7f5da8955940>))
DEBUG:pybindgen.typehandlers:TypeMatcher.lookup('double')
DEBUG:pybindgen.typehandlers:try to lookup type handler for 'double' => success ((<class 'pybindgen.typehandlers.doubletype.DoubleReturn'>, None, <pybindgen.typehandlers.ctypeparser.TypeTraits object at 0x7f5da8955c88>))
DEBUG:pybindgen.typehandlers:TypeMatcher.lookup('ns3::Time::Unit')
DEBUG:pybindgen.typehandlers:try to lookup type handler for 'ns3::Time::Unit' => success ((<class 'pybindgen.enum.Enum.set_module.<locals>.ThisEnumParameter'>, None, <pybindgen.typehandlers.ctypeparser.TypeTraits object at 0x7f5da8955dd8>))
DEBUG:pybindgen.typehandlers:TypeMatcher.lookup('int64_t')
DEBUG:pybindgen.typehandlers:try to lookup type handler for 'int64_t' => success ((<class 'pybindgen.typehandlers.inttype.LongLongReturn'>, None, <pybindgen.typehandlers.ctypeparser.TypeTraits object at 0x7f5da895a160>))
DEBUG:pybindgen.typehandlers:TypeMatcher.lookup('ns3::Time::Unit')
DEBUG:pybindgen.typehandlers:try to lookup type handler for 'ns3::Time::Unit' => success ((<class 'pybindgen.enum.Enum.set_module.<locals>.ThisEnumParameter'>, None, <pybindgen.typehandlers.ctypeparser.TypeTraits object at 0x7f5da895a2b0>))
DEBUG:pybindgen.typehandlers:TypeMatcher.lookup('ns3::TimeWithUnit const &')
DEBUG:pybindgen.typehandlers:try to lookup type handler for 'ns3::TimeWithUnit const &' => success ((<class 'pybindgen.cppclass.CppClass.__init__.<locals>.ThisClassRefParameter'>, None, <pybindgen.typehandlers.ctypeparser.TypeTraits object at 0x7f5da895a630>))
DEBUG:pybindgen.typehandlers:TypeMatcher.lookup('ns3::Time const')
DEBUG:pybindgen.typehandlers:try to lookup type handler for 'ns3::Time const' => success ((<class 'pybindgen.cppclass.CppClass.__init__.<locals>.ThisClassParameter'>, None, <pybindgen.typehandlers.ctypeparser.TypeTraits object at 0x7f5da895aa20>))
DEBUG:pybindgen.typehandlers:TypeMatcher.lookup('ns3::Time::Unit const')
DEBUG:pybindgen.typehandlers:try to lookup type handler for 'ns3::Time::Unit const' => success ((<class 'pybindgen.enum.Enum.set_module.<locals>.ThisEnumParameter'>, None, <pybindgen.typehandlers.ctypeparser.TypeTraits object at 0x7f5da895ab70>))
DEBUG:pybindgen.typehandlers:TypeMatcher.lookup('char const *')
DEBUG:pybindgen.typehandlers:try to lookup type handler for 'char const *' => success ((<class 'pybindgen.typehandlers.stringtype.CStringParam'>, None, <pybindgen.typehandlers.ctypeparser.TypeTraits object at 0x7f5da895aeb8>))
DEBUG:pybindgen.typehandlers:TypeMatcher.lookup('ns3::TypeId const &')
DEBUG:pybindgen.typehandlers:try to lookup type handler for 'ns3::TypeId const &' => success ((<class 'pybindgen.cppclass.CppClass.__init__.<locals>.ThisClassRefParameter'>, None, <pybindgen.typehandlers.ctypeparser.TypeTraits object at 0x7f5da88e2588>))
DEBUG:pybindgen.typehandlers:TypeMatcher.lookup('ns3::TypeId')
DEBUG:pybindgen.typehandlers:try to lookup type handler for 'ns3::TypeId' => success ((<class 'pybindgen.cppclass.CppClass.__init__.<locals>.ThisClassReturn'>, None, <pybindgen.typehandlers.ctypeparser.TypeTraits object at 0x7f5da88e2978>))
DEBUG:pybindgen.typehandlers:TypeMatcher.lookup('std::string')
DEBUG:pybindgen.typehandlers:try to lookup type handler for 'std::string' => success ((<class 'pybindgen.typehandlers.stringtype.StdStringParam'>, None, <pybindgen.typehandlers.ctypeparser.TypeTraits object at 0x7f5da88e2a90>))
DEBUG:pybindgen.typehandlers:TypeMatcher.lookup('std::string')
DEBUG:pybindgen.typehandlers:try to lookup type handler for 'std::string' => success ((<class 'pybindgen.typehandlers.stringtype.StdStringParam'>, None, <pybindgen.typehandlers.ctypeparser.TypeTraits object at 0x7f5da88e2b38>))
DEBUG:pybindgen.typehandlers:TypeMatcher.lookup('ns3::AttributeValue const &')
DEBUG:pybindgen.typehandlers:try to lookup type handler for 'ns3::AttributeValue const &' => success ((<class 'pybindgen.cppclass.CppClass.__init__.<locals>.ThisClassRefParameter'>, None, <pybindgen.typehandlers.ctypeparser.TypeTraits object at 0x7f5da88e2c18>))
DEBUG:pybindgen.typehandlers:TypeMatcher.lookup('ns3::Ptr< ns3::AttributeAccessor const >')
DEBUG:pybindgen.typehandlers:try to lookup type handler for 'ns3::Ptr< ns3::AttributeAccessor const >' => failure
DEBUG:pybindgen.typehandlers:try to lookup type handler for 'ns3::AttributeAccessor *' => success ((<class 'pybindgen.cppclass.MemoryPolicy.register_ptr_parameter_and_return.<locals>.ThisClassPtrParameter'>, <ns3modulegen_core_customizations.SmartPointerTransformation object at 0x7f5da907ba90>, <pybindgen.typehandlers.ctypeparser.TypeTraits object at 0x7f5da88e8080>))
DEBUG:pybindgen.typehandlers:TypeMatcher.lookup('ns3::Ptr< ns3::AttributeChecker const >')
DEBUG:pybindgen.typehandlers:try to lookup type handler for 'ns3::Ptr< ns3::AttributeChecker const >' => failure
DEBUG:pybindgen.typehandlers:try to lookup type handler for 'ns3::AttributeChecker *' => success ((<class 'pybindgen.cppclass.MemoryPolicy.register_ptr_parameter_and_return.<locals>.ThisClassPtrParameter'>, <ns3modulegen_core_customizations.SmartPointerTransformation object at 0x7f5da907ba90>, <pybindgen.typehandlers.ctypeparser.TypeTraits object at 0x7f5da88e82e8>))
DEBUG:pybindgen.typehandlers:TypeMatcher.lookup('ns3::TypeId::SupportLevel')
DEBUG:pybindgen.typehandlers:try to lookup type handler for 'ns3::TypeId::SupportLevel' => success ((<class 'pybindgen.enum.Enum.set_module.<locals>.ThisEnumParameter'>, None, <pybindgen.typehandlers.ctypeparser.TypeTraits object at 0x7f5da88e82e8>))
DEBUG:pybindgen.typehandlers:TypeMatcher.lookup('std::string const &')
DEBUG:pybindgen.typehandlers:try to lookup type handler for 'std::string const &' => success ((<class 'pybindgen.typehandlers.stringtype.StdStringRefParam'>, None, <pybindgen.typehandlers.ctypeparser.TypeTraits object at 0x7f5da88e82e8>))
DEBUG:pybindgen.typehandlers:TypeMatcher.lookup('ns3::TypeId')
DEBUG:pybindgen.typehandlers:try to lookup type handler for 'ns3::TypeId' => success ((<class 'pybindgen.cppclass.CppClass.__init__.<locals>.ThisClassReturn'>, None, <pybindgen.typehandlers.ctypeparser.TypeTraits object at 0x7f5da88e8780>))
DEBUG:pybindgen.typehandlers:TypeMatcher.lookup('std::string')
DEBUG:pybindgen.typehandlers:try to lookup type handler for 'std::string' => success ((<class 'pybindgen.typehandlers.stringtype.StdStringParam'>, None, <pybindgen.typehandlers.ctypeparser.TypeTraits object at 0x7f5da88e8898>))
DEBUG:pybindgen.typehandlers:TypeMatcher.lookup('std::string')
DEBUG:pybindgen.typehandlers:try to lookup type handler for 'std::string' => success ((<class 'pybindgen.typehandlers.stringtype.StdStringParam'>, None, <pybindgen.typehandlers.ctypeparser.TypeTraits object at 0x7f5da88e8940>))
DEBUG:pybindgen.typehandlers:TypeMatcher.lookup('uint32_t')
DEBUG:pybindgen.typehandlers:try to lookup type handler for 'uint32_t' => success ((<class 'pybindgen.typehandlers.inttype.UnsignedIntParam'>, None, <pybindgen.typehandlers.ctypeparser.TypeTraits object at 0x7f5da88e8a20>))
DEBUG:pybindgen.typehandlers:TypeMatcher.lookup('ns3::AttributeValue const &')
DEBUG:pybindgen.typehandlers:try to lookup type handler for 'ns3::AttributeValue const &' => success ((<class 'pybindgen.cppclass.CppClass.__init__.<locals>.ThisClassRefParameter'>, None, <pybindgen.typehandlers.ctypeparser.TypeTraits object at 0x7f5da88e8b00>))
DEBUG:pybindgen.typehandlers:TypeMatcher.lookup('ns3::Ptr< ns3::AttributeAccessor const >')
DEBUG:pybindgen.typehandlers:try to lookup type handler for 'ns3::Ptr< ns3::AttributeAccessor const >' => failure
DEBUG:pybindgen.typehandlers:try to lookup type handler for 'ns3::AttributeAccessor *' => success ((<class 'pybindgen.cppclass.MemoryPolicy.register_ptr_parameter_and_return.<locals>.ThisClassPtrParameter'>, <ns3modulegen_core_customizations.SmartPointerTransformation object at 0x7f5da907ba90>, <pybindgen.typehandlers.ctypeparser.TypeTraits object at 0x7f5da88e8f28>))
DEBUG:pybindgen.typehandlers:TypeMatcher.lookup('ns3::Ptr< ns3::AttributeChecker const >')
DEBUG:pybindgen.typehandlers:try to lookup type handler for 'ns3::Ptr< ns3::AttributeChecker const >' => failure
DEBUG:pybindgen.typehandlers:try to lookup type handler for 'ns3::AttributeChecker *' => success ((<class 'pybindgen.cppclass.MemoryPolicy.register_ptr_parameter_and_return.<locals>.ThisClassPtrParameter'>, <ns3modulegen_core_customizations.SmartPointerTransformation object at 0x7f5da907ba90>, <pybindgen.typehandlers.ctypeparser.TypeTraits object at 0x7f5da88f01d0>))
DEBUG:pybindgen.typehandlers:TypeMatcher.lookup('ns3::TypeId::SupportLevel')
DEBUG:pybindgen.typehandlers:try to lookup type handler for 'ns3::TypeId::SupportLevel' => success ((<class 'pybindgen.enum.Enum.set_module.<locals>.ThisEnumParameter'>, None, <pybindgen.typehandlers.ctypeparser.TypeTraits object at 0x7f5da88f01d0>))
DEBUG:pybindgen.typehandlers:TypeMatcher.lookup('std::string const &')
DEBUG:pybindgen.typehandlers:try to lookup type handler for 'std::string const &' => success ((<class 'pybindgen.typehandlers.stringtype.StdStringRefParam'>, None, <pybindgen.typehandlers.ctypeparser.TypeTraits object at 0x7f5da88f01d0>))
DEBUG:pybindgen.typehandlers:TypeMatcher.lookup('ns3::TypeId')
DEBUG:pybindgen.typehandlers:try to lookup type handler for 'ns3::TypeId' => success ((<class 'pybindgen.cppclass.CppClass.__init__.<locals>.ThisClassReturn'>, None, <pybindgen.typehandlers.ctypeparser.TypeTraits object at 0x7f5da88f0668>))
DEBUG:pybindgen.typehandlers:TypeMatcher.lookup('std::string')
DEBUG:pybindgen.typehandlers:try to lookup type handler for 'std::string' => success ((<class 'pybindgen.typehandlers.stringtype.StdStringParam'>, None, <pybindgen.typehandlers.ctypeparser.TypeTraits object at 0x7f5da88f0780>))
DEBUG:pybindgen.typehandlers:TypeMatcher.lookup('std::string')
DEBUG:pybindgen.typehandlers:try to lookup type handler for 'std::string' => success ((<class 'pybindgen.typehandlers.stringtype.StdStringParam'>, None, <pybindgen.typehandlers.ctypeparser.TypeTraits object at 0x7f5da88f0828>))
DEBUG:pybindgen.typehandlers:TypeMatcher.lookup('ns3::Ptr< ns3::TraceSourceAccessor const >')
DEBUG:pybindgen.typehandlers:try to lookup type handler for 'ns3::Ptr< ns3::TraceSourceAccessor const >' => failure
DEBUG:pybindgen.typehandlers:try to lookup type handler for 'ns3::TraceSourceAccessor *' => success ((<class 'pybindgen.cppclass.MemoryPolicy.register_ptr_parameter_and_return.<locals>.ThisClassPtrParameter'>, <ns3modulegen_core_customizations.SmartPointerTransformation object at 0x7f5da907ba90>, <pybindgen.typehandlers.ctypeparser.TypeTraits object at 0x7f5da88f0ba8>))
DEBUG:pybindgen.typehandlers:TypeMatcher.lookup('std::string')
DEBUG:pybindgen.typehandlers:try to lookup type handler for 'std::string' => success ((<class 'pybindgen.typehandlers.stringtype.StdStringParam'>, None, <pybindgen.typehandlers.ctypeparser.TypeTraits object at 0x7f5da88f0ba8>))
DEBUG:pybindgen.typehandlers:TypeMatcher.lookup('ns3::TypeId::SupportLevel')
DEBUG:pybindgen.typehandlers:try to lookup type handler for 'ns3::TypeId::SupportLevel' => success ((<class 'pybindgen.enum.Enum.set_module.<locals>.ThisEnumParameter'>, None, <pybindgen.typehandlers.ctypeparser.TypeTraits object at 0x7f5da88f0c50>))
DEBUG:pybindgen.typehandlers:TypeMatcher.lookup('std::string const &')
DEBUG:pybindgen.typehandlers:try to lookup type handler for 'std::string const &' => success ((<class 'pybindgen.typehandlers.stringtype.StdStringRefParam'>, None, <pybindgen.typehandlers.ctypeparser.TypeTraits object at 0x7f5da88f0c50>))
DEBUG:pybindgen.typehandlers:TypeMatcher.lookup('ns3::TypeId::AttributeInformation')
DEBUG:pybindgen.typehandlers:try to lookup type handler for 'ns3::TypeId::AttributeInformation' => success ((<class 'pybindgen.cppclass.CppClass.__init__.<locals>.ThisClassReturn'>, None, <pybindgen.typehandlers.ctypeparser.TypeTraits object at 0x7f5da88f4198>))
DEBUG:pybindgen.typehandlers:TypeMatcher.lookup('std::size_t')
DEBUG:pybindgen.typehandlers:try to lookup type handler for 'std::size_t' => success ((<class 'pybindgen.typehandlers.inttype.SizeTParam'>, None, <pybindgen.typehandlers.ctypeparser.TypeTraits object at 0x7f5da88f42b0>))
DEBUG:pybindgen.typehandlers:TypeMatcher.lookup('std::string')
DEBUG:pybindgen.typehandlers:try to lookup type handler for 'std::string' => success ((<class 'pybindgen.typehandlers.stringtype.StdStringReturn'>, None, <pybindgen.typehandlers.ctypeparser.TypeTraits object at 0x7f5da88f45f8>))
DEBUG:pybindgen.typehandlers:TypeMatcher.lookup('std::size_t')
DEBUG:pybindgen.typehandlers:try to lookup type handler for 'std::size_t' => success ((<class 'pybindgen.typehandlers.inttype.SizeTParam'>, None, <pybindgen.typehandlers.ctypeparser.TypeTraits object at 0x7f5da88f4710>))
DEBUG:pybindgen.typehandlers:TypeMatcher.lookup('std::size_t')
DEBUG:pybindgen.typehandlers:try to lookup type handler for 'std::size_t' => success ((<class 'pybindgen.typehandlers.inttype.SizeTReturn'>, None, <pybindgen.typehandlers.ctypeparser.TypeTraits object at 0x7f5da88f4a58>))
DEBUG:pybindgen.typehandlers:TypeMatcher.lookup('ns3::Callback< ns3::ObjectBase *, ns3::empty, ns3::empty, ns3::empty, ns3::empty, ns3::empty, ns3::empty, ns3::empty, ns3::empty, ns3::empty >')
DEBUG:pybindgen.typehandlers:try to lookup type handler for 'ns3::Callback< ns3::ObjectBase *, ns3::empty, ns3::empty, ns3::empty, ns3::empty, ns3::empty, ns3::empty, ns3::empty, ns3::empty, ns3::empty >' => failure
'ns3::Callback< ns3::ObjectBase *, ns3::empty, ns3::empty, ns3::empty, ns3::empty, ns3::empty, ns3::empty, ns3::empty, ns3::empty, ns3::empty >' did not match
/home/cs18/tarballs/ns-allinone-3.34/ns-3.34/src/fd-net-device/bindings/modulegen__gcc_LP64.py:3223: Warning: exception TypeLookupError(['ns3::Callback< ns3::ObjectBase *, ns3::empty, ns3::empty, ns3::empty, ns3::empty, ns3::empty, ns3::empty, ns3::empty, ns3::empty, ns3::empty >'],) in wrapper public: retval? ???::GetConstructor (params?) const;
  is_const=True)
DEBUG:pybindgen.typehandlers:TypeMatcher.lookup('std::string')
DEBUG:pybindgen.typehandlers:try to lookup type handler for 'std::string' => success ((<class 'pybindgen.typehandlers.stringtype.StdStringReturn'>, None, <pybindgen.typehandlers.ctypeparser.TypeTraits object at 0x7f5da88fd390>))
DEBUG:pybindgen.typehandlers:TypeMatcher.lookup('ns3::TypeId::hash_t')
DEBUG:pybindgen.typehandlers:try to lookup type handler for 'ns3::TypeId::hash_t' => success ((<class 'pybindgen.typehandlers.inttype.UnsignedIntReturn'>, None, <pybindgen.typehandlers.ctypeparser.TypeTraits object at 0x7f5da88fd710>))
DEBUG:pybindgen.typehandlers:TypeMatcher.lookup('std::string')
DEBUG:pybindgen.typehandlers:try to lookup type handler for 'std::string' => success ((<class 'pybindgen.typehandlers.stringtype.StdStringReturn'>, None, <pybindgen.typehandlers.ctypeparser.TypeTraits object at 0x7f5da88fda90>))
DEBUG:pybindgen.typehandlers:TypeMatcher.lookup('ns3::TypeId')
DEBUG:pybindgen.typehandlers:try to lookup type handler for 'ns3::TypeId' => success ((<class 'pybindgen.cppclass.CppClass.__init__.<locals>.ThisClassReturn'>, None, <pybindgen.typehandlers.ctypeparser.TypeTraits object at 0x7f5da88fde10>))
DEBUG:pybindgen.typehandlers:TypeMatcher.lookup('ns3::TypeId')
DEBUG:pybindgen.typehandlers:try to lookup type handler for 'ns3::TypeId' => success ((<class 'pybindgen.cppclass.CppClass.__init__.<locals>.ThisClassReturn'>, None, <pybindgen.typehandlers.ctypeparser.TypeTraits object at 0x7f5da89061d0>))
DEBUG:pybindgen.typehandlers:TypeMatcher.lookup('uint16_t')
DEBUG:pybindgen.typehandlers:try to lookup type handler for 'uint16_t' => success ((<class 'pybindgen.typehandlers.inttype.UInt16Param'>, None, <pybindgen.typehandlers.ctypeparser.TypeTraits object at 0x7f5da89062e8>))
DEBUG:pybindgen.typehandlers:TypeMatcher.lookup('uint16_t')
DEBUG:pybindgen.typehandlers:try to lookup type handler for 'uint16_t' => success ((<class 'pybindgen.typehandlers.inttype.UInt16Return'>, None, <pybindgen.typehandlers.ctypeparser.TypeTraits object at 0x7f5da8906630>))
DEBUG:pybindgen.typehandlers:TypeMatcher.lookup('std::size_t')
DEBUG:pybindgen.typehandlers:try to lookup type handler for 'std::size_t' => success ((<class 'pybindgen.typehandlers.inttype.SizeTReturn'>, None, <pybindgen.typehandlers.ctypeparser.TypeTraits object at 0x7f5da89069b0>))
DEBUG:pybindgen.typehandlers:TypeMatcher.lookup('ns3::TypeId::TraceSourceInformation')
DEBUG:pybindgen.typehandlers:try to lookup type handler for 'ns3::TypeId::TraceSourceInformation' => success ((<class 'pybindgen.cppclass.CppClass.__init__.<locals>.ThisClassReturn'>, None, <pybindgen.typehandlers.ctypeparser.TypeTraits object at 0x7f5da88fd240>))
DEBUG:pybindgen.typehandlers:TypeMatcher.lookup('std::size_t')
DEBUG:pybindgen.typehandlers:try to lookup type handler for 'std::size_t' => success ((<class 'pybindgen.typehandlers.inttype.SizeTParam'>, None, <pybindgen.typehandlers.ctypeparser.TypeTraits object at 0x7f5da88f4dd8>))
DEBUG:pybindgen.typehandlers:TypeMatcher.lookup('std::size_t')
DEBUG:pybindgen.typehandlers:try to lookup type handler for 'std::size_t' => success ((<class 'pybindgen.typehandlers.inttype.SizeTReturn'>, None, <pybindgen.typehandlers.ctypeparser.TypeTraits object at 0x7f5da8906c18>))
DEBUG:pybindgen.typehandlers:TypeMatcher.lookup('uint16_t')
DEBUG:pybindgen.typehandlers:try to lookup type handler for 'uint16_t' => success ((<class 'pybindgen.typehandlers.inttype.UInt16Return'>, None, <pybindgen.typehandlers.ctypeparser.TypeTraits object at 0x7f5da8906f98>))
DEBUG:pybindgen.typehandlers:TypeMatcher.lookup('bool')
DEBUG:pybindgen.typehandlers:try to lookup type handler for 'bool' => success ((<class 'pybindgen.typehandlers.booltype.BoolReturn'>, None, <pybindgen.typehandlers.ctypeparser.TypeTraits object at 0x7f5da890d358>))
DEBUG:pybindgen.typehandlers:TypeMatcher.lookup('bool')
DEBUG:pybindgen.typehandlers:try to lookup type handler for 'bool' => success ((<class 'pybindgen.typehandlers.booltype.BoolReturn'>, None, <pybindgen.typehandlers.ctypeparser.TypeTraits object at 0x7f5da890d710>))
DEBUG:pybindgen.typehandlers:TypeMatcher.lookup('ns3::TypeId')
DEBUG:pybindgen.typehandlers:try to lookup type handler for 'ns3::TypeId' => success ((<class 'pybindgen.cppclass.CppClass.__init__.<locals>.ThisClassReturn'>, None, <pybindgen.typehandlers.ctypeparser.TypeTraits object at 0x7f5da890dac8>))
DEBUG:pybindgen.typehandlers:TypeMatcher.lookup('bool')
DEBUG:pybindgen.typehandlers:try to lookup type handler for 'bool' => success ((<class 'pybindgen.typehandlers.booltype.BoolReturn'>, None, <pybindgen.typehandlers.ctypeparser.TypeTraits object at 0x7f5da890de80>))
DEBUG:pybindgen.typehandlers:TypeMatcher.lookup('ns3::TypeId')
DEBUG:pybindgen.typehandlers:try to lookup type handler for 'ns3::TypeId' => success ((<class 'pybindgen.cppclass.CppClass.__init__.<locals>.ThisClassParameter'>, None, <pybindgen.typehandlers.ctypeparser.TypeTraits object at 0x7f5da890dfd0>))
DEBUG:pybindgen.typehandlers:TypeMatcher.lookup('bool')
DEBUG:pybindgen.typehandlers:try to lookup type handler for 'bool' => success ((<class 'pybindgen.typehandlers.booltype.BoolReturn'>, None, <pybindgen.typehandlers.ctypeparser.TypeTraits object at 0x7f5da8915358>))
DEBUG:pybindgen.typehandlers:TypeMatcher.lookup('std::string')
DEBUG:pybindgen.typehandlers:try to lookup type handler for 'std::string' => success ((<class 'pybindgen.typehandlers.stringtype.StdStringParam'>, None, <pybindgen.typehandlers.ctypeparser.TypeTraits object at 0x7f5da89154a8>))
DEBUG:pybindgen.typehandlers:TypeMatcher.lookup('ns3::TypeId::AttributeInformation *')
DEBUG:pybindgen.typehandlers:try to lookup type handler for 'ns3::TypeId::AttributeInformation *' => success ((<class 'pybindgen.cppclass.CppClass.__init__.<locals>.ThisClassPtrParameter'>, None, <pybindgen.typehandlers.ctypeparser.TypeTraits object at 0x7f5da8915550>))
DEBUG:pybindgen.typehandlers:TypeMatcher.lookup('ns3::TypeId')
DEBUG:pybindgen.typehandlers:try to lookup type handler for 'ns3::TypeId' => success ((<class 'pybindgen.cppclass.CppClass.__init__.<locals>.ThisClassReturn'>, None, <pybindgen.typehandlers.ctypeparser.TypeTraits object at 0x7f5da8915908>))
DEBUG:pybindgen.typehandlers:TypeMatcher.lookup('uint32_t')
DEBUG:pybindgen.typehandlers:try to lookup type handler for 'uint32_t' => success ((<class 'pybindgen.typehandlers.inttype.UnsignedIntParam'>, None, <pybindgen.typehandlers.ctypeparser.TypeTraits object at 0x7f5da8915a20>))
DEBUG:pybindgen.typehandlers:TypeMatcher.lookup('bool')
DEBUG:pybindgen.typehandlers:try to lookup type handler for 'bool' => success ((<class 'pybindgen.typehandlers.booltype.BoolReturn'>, None, <pybindgen.typehandlers.ctypeparser.TypeTraits object at 0x7f5da8915d68>))
DEBUG:pybindgen.typehandlers:TypeMatcher.lookup('uint32_t')
DEBUG:pybindgen.typehandlers:try to lookup type handler for 'uint32_t' => success ((<class 'pybindgen.typehandlers.inttype.UnsignedIntParam'>, None, <pybindgen.typehandlers.ctypeparser.TypeTraits object at 0x7f5da8915eb8>))
DEBUG:pybindgen.typehandlers:TypeMatcher.lookup('ns3::TypeId *')
DEBUG:pybindgen.typehandlers:try to lookup type handler for 'ns3::TypeId *' => success ((<class 'pybindgen.cppclass.CppClass.__init__.<locals>.ThisClassPtrParameter'>, None, <pybindgen.typehandlers.ctypeparser.TypeTraits object at 0x7f5da8915f60>))
/home/cs18/tarballs/ns-allinone-3.34/ns-3.34/src/fd-net-device/bindings/modulegen__gcc_LP64.py:3307: Warning: exception TypeConfigurationError('Missing transfer_ownership option',) in wrapper public: retval? ???::LookupByHashFailSafe (params?);
  is_static=True)
DEBUG:pybindgen.typehandlers:TypeMatcher.lookup('ns3::TypeId')
DEBUG:pybindgen.typehandlers:try to lookup type handler for 'ns3::TypeId' => success ((<class 'pybindgen.cppclass.CppClass.__init__.<locals>.ThisClassReturn'>, None, <pybindgen.typehandlers.ctypeparser.TypeTraits object at 0x7f5da8915f98>))
DEBUG:pybindgen.typehandlers:TypeMatcher.lookup('std::string')
DEBUG:pybindgen.typehandlers:try to lookup type handler for 'std::string' => success ((<class 'pybindgen.typehandlers.stringtype.StdStringParam'>, None, <pybindgen.typehandlers.ctypeparser.TypeTraits object at 0x7f5da885c160>))
DEBUG:pybindgen.typehandlers:TypeMatcher.lookup('ns3::Ptr< ns3::TraceSourceAccessor const >')
DEBUG:pybindgen.typehandlers:try to lookup type handler for 'ns3::Ptr< ns3::TraceSourceAccessor const >' => failure
DEBUG:pybindgen.typehandlers:try to lookup type handler for 'ns3::TraceSourceAccessor *' => success ((<class 'pybindgen.cppclass.MemoryPolicy.register_ptr_parameter_and_return.<locals>.ThisClassPtrReturn'>, <ns3modulegen_core_customizations.SmartPointerTransformation object at 0x7f5da907ba90>, <pybindgen.typehandlers.ctypeparser.TypeTraits object at 0x7f5da885c710>))
DEBUG:pybindgen.typehandlers:TypeMatcher.lookup('std::string')
DEBUG:pybindgen.typehandlers:try to lookup type handler for 'std::string' => success ((<class 'pybindgen.typehandlers.stringtype.StdStringParam'>, None, <pybindgen.typehandlers.ctypeparser.TypeTraits object at 0x7f5da885c6a0>))
DEBUG:pybindgen.typehandlers:TypeMatcher.lookup('ns3::Ptr< ns3::TraceSourceAccessor const >')
DEBUG:pybindgen.typehandlers:try to lookup type handler for 'ns3::Ptr< ns3::TraceSourceAccessor const >' => failure
DEBUG:pybindgen.typehandlers:try to lookup type handler for 'ns3::TraceSourceAccessor *' => success ((<class 'pybindgen.cppclass.MemoryPolicy.register_ptr_parameter_and_return.<locals>.ThisClassPtrReturn'>, <ns3modulegen_core_customizations.SmartPointerTransformation object at 0x7f5da907ba90>, <pybindgen.typehandlers.ctypeparser.TypeTraits object at 0x7f5da885ccf8>))
DEBUG:pybindgen.typehandlers:TypeMatcher.lookup('std::string')
DEBUG:pybindgen.typehandlers:try to lookup type handler for 'std::string' => success ((<class 'pybindgen.typehandlers.stringtype.StdStringParam'>, None, <pybindgen.typehandlers.ctypeparser.TypeTraits object at 0x7f5da885cc88>))
DEBUG:pybindgen.typehandlers:TypeMatcher.lookup('ns3::TypeId::TraceSourceInformation *')
DEBUG:pybindgen.typehandlers:try to lookup type handler for 'ns3::TypeId::TraceSourceInformation *' => success ((<class 'pybindgen.cppclass.CppClass.__init__.<locals>.ThisClassPtrParameter'>, None, <pybindgen.typehandlers.ctypeparser.TypeTraits object at 0x7f5da885cd30>))
/home/cs18/tarballs/ns-allinone-3.34/ns-3.34/src/fd-net-device/bindings/modulegen__gcc_LP64.py:3322: Warning: exception TypeConfigurationError('Missing transfer_ownership option',) in wrapper public: retval? ???::LookupTraceSourceByName (params?) const;
  is_const=True)
DEBUG:pybindgen.typehandlers:TypeMatcher.lookup('bool')
DEBUG:pybindgen.typehandlers:try to lookup type handler for 'bool' => success ((<class 'pybindgen.typehandlers.booltype.BoolReturn'>, None, <pybindgen.typehandlers.ctypeparser.TypeTraits object at 0x7f5da885ce10>))
DEBUG:pybindgen.typehandlers:TypeMatcher.lookup('bool')
DEBUG:pybindgen.typehandlers:try to lookup type handler for 'bool' => success ((<class 'pybindgen.typehandlers.booltype.BoolReturn'>, None, <pybindgen.typehandlers.ctypeparser.TypeTraits object at 0x7f5da8863278>))
DEBUG:pybindgen.typehandlers:TypeMatcher.lookup('std::size_t')
DEBUG:pybindgen.typehandlers:try to lookup type handler for 'std::size_t' => success ((<class 'pybindgen.typehandlers.inttype.SizeTParam'>, None, <pybindgen.typehandlers.ctypeparser.TypeTraits object at 0x7f5da88633c8>))
DEBUG:pybindgen.typehandlers:TypeMatcher.lookup('ns3::Ptr< ns3::AttributeValue const >')
DEBUG:pybindgen.typehandlers:try to lookup type handler for 'ns3::Ptr< ns3::AttributeValue const >' => failure
DEBUG:pybindgen.typehandlers:try to lookup type handler for 'ns3::AttributeValue *' => success ((<class 'pybindgen.cppclass.MemoryPolicy.register_ptr_parameter_and_return.<locals>.ThisClassPtrParameter'>, <ns3modulegen_core_customizations.SmartPointerTransformation object at 0x7f5da907ba90>, <pybindgen.typehandlers.ctypeparser.TypeTraits object at 0x7f5da8863710>))
DEBUG:pybindgen.typehandlers:TypeMatcher.lookup('ns3::TypeId')
DEBUG:pybindgen.typehandlers:try to lookup type handler for 'ns3::TypeId' => success ((<class 'pybindgen.cppclass.CppClass.__init__.<locals>.ThisClassReturn'>, None, <pybindgen.typehandlers.ctypeparser.TypeTraits object at 0x7f5da8863978>))
DEBUG:pybindgen.typehandlers:TypeMatcher.lookup('std::string')
DEBUG:pybindgen.typehandlers:try to lookup type handler for 'std::string' => success ((<class 'pybindgen.typehandlers.stringtype.StdStringParam'>, None, <pybindgen.typehandlers.ctypeparser.TypeTraits object at 0x7f5da8863a90>))
DEBUG:pybindgen.typehandlers:TypeMatcher.lookup('ns3::TypeId')
DEBUG:pybindgen.typehandlers:try to lookup type handler for 'ns3::TypeId' => success ((<class 'pybindgen.cppclass.CppClass.__init__.<locals>.ThisClassReturn'>, None, <pybindgen.typehandlers.ctypeparser.TypeTraits object at 0x7f5da8863dd8>))
DEBUG:pybindgen.typehandlers:TypeMatcher.lookup('ns3::TypeId')
DEBUG:pybindgen.typehandlers:try to lookup type handler for 'ns3::TypeId' => success ((<class 'pybindgen.cppclass.CppClass.__init__.<locals>.ThisClassParameter'>, None, <pybindgen.typehandlers.ctypeparser.TypeTraits object at 0x7f5da8863ef0>))
DEBUG:pybindgen.typehandlers:TypeMatcher.lookup('ns3::TypeId')
DEBUG:pybindgen.typehandlers:try to lookup type handler for 'ns3::TypeId' => success ((<class 'pybindgen.cppclass.CppClass.__init__.<locals>.ThisClassReturn'>, None, <pybindgen.typehandlers.ctypeparser.TypeTraits object at 0x7f5da8868278>))
DEBUG:pybindgen.typehandlers:TypeMatcher.lookup('std::size_t')
DEBUG:pybindgen.typehandlers:try to lookup type handler for 'std::size_t' => success ((<class 'pybindgen.typehandlers.inttype.SizeTParam'>, None, <pybindgen.typehandlers.ctypeparser.TypeTraits object at 0x7f5da8868390>))
DEBUG:pybindgen.typehandlers:TypeMatcher.lookup('void')
DEBUG:pybindgen.typehandlers:try to lookup type handler for 'void' => success ((<class 'pybindgen.typehandlers.voidtype.VoidReturn'>, None, <pybindgen.typehandlers.ctypeparser.TypeTraits object at 0x7f5da88686d8>))
DEBUG:pybindgen.typehandlers:TypeMatcher.lookup('uint16_t')
DEBUG:pybindgen.typehandlers:try to lookup type handler for 'uint16_t' => success ((<class 'pybindgen.typehandlers.inttype.UInt16Param'>, None, <pybindgen.typehandlers.ctypeparser.TypeTraits object at 0x7f5da8915d30>))
DEBUG:pybindgen.typehandlers:TypeMatcher.lookup('ns3::TypeId::AttributeInformation const &')
DEBUG:pybindgen.typehandlers:try to lookup type handler for 'ns3::TypeId::AttributeInformation const &' => success ((<class 'pybindgen.cppclass.CppClass.__init__.<locals>.ThisClassRefParameter'>, None, <pybindgen.typehandlers.ctypeparser.TypeTraits object at 0x7f5da885c0b8>))
DEBUG:pybindgen.typehandlers:TypeMatcher.lookup('ns3::Ptr< ns3::AttributeAccessor const >')
DEBUG:pybindgen.typehandlers:try to lookup type handler for 'ns3::Ptr< ns3::AttributeAccessor const >' => failure
DEBUG:pybindgen.typehandlers:try to lookup type handler for 'ns3::AttributeAccessor *' => success ((<class 'pybindgen.cppclass.MemoryPolicy.register_ptr_parameter_and_return.<locals>.ThisClassPtrReturn'>, <ns3modulegen_core_customizations.SmartPointerTransformation object at 0x7f5da907ba90>, <pybindgen.typehandlers.ctypeparser.TypeTraits object at 0x7f5da8868d68>))
DEBUG:pybindgen.typehandlers:TypeMatcher.lookup('ns3::Ptr< ns3::AttributeChecker const >')
DEBUG:pybindgen.typehandlers:try to lookup type handler for 'ns3::Ptr< ns3::AttributeChecker const >' => failure
DEBUG:pybindgen.typehandlers:try to lookup type handler for 'ns3::AttributeChecker *' => success ((<class 'pybindgen.cppclass.MemoryPolicy.register_ptr_parameter_and_return.<locals>.ThisClassPtrReturn'>, <ns3modulegen_core_customizations.SmartPointerTransformation object at 0x7f5da907ba90>, <pybindgen.typehandlers.ctypeparser.TypeTraits object at 0x7f5da886f470>))
DEBUG:pybindgen.typehandlers:TypeMatcher.lookup('uint32_t')
DEBUG:pybindgen.typehandlers:try to lookup type handler for 'uint32_t' => success ((<class 'pybindgen.typehandlers.inttype.UnsignedIntReturn'>, None, <pybindgen.typehandlers.ctypeparser.TypeTraits object at 0x7f5da886f8d0>))
DEBUG:pybindgen.typehandlers:TypeMatcher.lookup('std::string')
DEBUG:pybindgen.typehandlers:try to lookup type handler for 'std::string' => success ((<class 'pybindgen.typehandlers.stringtype.StdStringReturn'>, None, <pybindgen.typehandlers.ctypeparser.TypeTraits object at 0x7f5da886fe10>))
DEBUG:pybindgen.typehandlers:TypeMatcher.lookup('ns3::Ptr< ns3::AttributeValue const >')
DEBUG:pybindgen.typehandlers:try to lookup type handler for 'ns3::Ptr< ns3::AttributeValue const >' => failure
DEBUG:pybindgen.typehandlers:try to lookup type handler for 'ns3::AttributeValue *' => success ((<class 'pybindgen.cppclass.MemoryPolicy.register_ptr_parameter_and_return.<locals>.ThisClassPtrReturn'>, <ns3modulegen_core_customizations.SmartPointerTransformation object at 0x7f5da907ba90>, <pybindgen.typehandlers.ctypeparser.TypeTraits object at 0x7f5da88765f8>))
DEBUG:pybindgen.typehandlers:TypeMatcher.lookup('std::string')
DEBUG:pybindgen.typehandlers:try to lookup type handler for 'std::string' => success ((<class 'pybindgen.typehandlers.stringtype.StdStringReturn'>, None, <pybindgen.typehandlers.ctypeparser.TypeTraits object at 0x7f5da8876a58>))
DEBUG:pybindgen.typehandlers:TypeMatcher.lookup('ns3::Ptr< ns3::AttributeValue const >')
DEBUG:pybindgen.typehandlers:try to lookup type handler for 'ns3::Ptr< ns3::AttributeValue const >' => failure
DEBUG:pybindgen.typehandlers:try to lookup type handler for 'ns3::AttributeValue *' => success ((<class 'pybindgen.cppclass.MemoryPolicy.register_ptr_parameter_and_return.<locals>.ThisClassPtrReturn'>, <ns3modulegen_core_customizations.SmartPointerTransformation object at 0x7f5da907ba90>, <pybindgen.typehandlers.ctypeparser.TypeTraits object at 0x7f5da8881240>))
DEBUG:pybindgen.typehandlers:TypeMatcher.lookup('ns3::TypeId::SupportLevel')
DEBUG:pybindgen.typehandlers:try to lookup type handler for 'ns3::TypeId::SupportLevel' => success ((<class 'pybindgen.enum.Enum.set_module.<locals>.ThisEnumReturn'>, None, <pybindgen.typehandlers.ctypeparser.TypeTraits object at 0x7f5da88816a0>))
DEBUG:pybindgen.typehandlers:TypeMatcher.lookup('std::string')
DEBUG:pybindgen.typehandlers:try to lookup type handler for 'std::string' => success ((<class 'pybindgen.typehandlers.stringtype.StdStringReturn'>, None, <pybindgen.typehandlers.ctypeparser.TypeTraits object at 0x7f5da8881be0>))
DEBUG:pybindgen.typehandlers:TypeMatcher.lookup('ns3::TypeId::TraceSourceInformation const &')
DEBUG:pybindgen.typehandlers:try to lookup type handler for 'ns3::TypeId::TraceSourceInformation const &' => success ((<class 'pybindgen.cppclass.CppClass.__init__.<locals>.ThisClassRefParameter'>, None, <pybindgen.typehandlers.ctypeparser.TypeTraits object at 0x7f5da8889438>))
DEBUG:pybindgen.typehandlers:TypeMatcher.lookup('ns3::Ptr< ns3::TraceSourceAccessor const >')
DEBUG:pybindgen.typehandlers:try to lookup type handler for 'ns3::Ptr< ns3::TraceSourceAccessor const >' => failure
DEBUG:pybindgen.typehandlers:try to lookup type handler for 'ns3::TraceSourceAccessor *' => success ((<class 'pybindgen.cppclass.MemoryPolicy.register_ptr_parameter_and_return.<locals>.ThisClassPtrReturn'>, <ns3modulegen_core_customizations.SmartPointerTransformation object at 0x7f5da907ba90>, <pybindgen.typehandlers.ctypeparser.TypeTraits object at 0x7f5da8889a20>))
DEBUG:pybindgen.typehandlers:TypeMatcher.lookup('std::string')
DEBUG:pybindgen.typehandlers:try to lookup type handler for 'std::string' => success ((<class 'pybindgen.typehandlers.stringtype.StdStringReturn'>, None, <pybindgen.typehandlers.ctypeparser.TypeTraits object at 0x7f5da8889e80>))
DEBUG:pybindgen.typehandlers:TypeMatcher.lookup('std::string')
DEBUG:pybindgen.typehandlers:try to lookup type handler for 'std::string' => success ((<class 'pybindgen.typehandlers.stringtype.StdStringReturn'>, None, <pybindgen.typehandlers.ctypeparser.TypeTraits object at 0x7f5da8890400>))
DEBUG:pybindgen.typehandlers:TypeMatcher.lookup('std::string')
DEBUG:pybindgen.typehandlers:try to lookup type handler for 'std::string' => success ((<class 'pybindgen.typehandlers.stringtype.StdStringReturn'>, None, <pybindgen.typehandlers.ctypeparser.TypeTraits object at 0x7f5da8890940>))
DEBUG:pybindgen.typehandlers:TypeMatcher.lookup('ns3::TypeId::SupportLevel')
DEBUG:pybindgen.typehandlers:try to lookup type handler for 'ns3::TypeId::SupportLevel' => success ((<class 'pybindgen.enum.Enum.set_module.<locals>.ThisEnumReturn'>, None, <pybindgen.typehandlers.ctypeparser.TypeTraits object at 0x7f5da8890e80>))
DEBUG:pybindgen.typehandlers:TypeMatcher.lookup('std::string')
DEBUG:pybindgen.typehandlers:try to lookup type handler for 'std::string' => success ((<class 'pybindgen.typehandlers.stringtype.StdStringReturn'>, None, <pybindgen.typehandlers.ctypeparser.TypeTraits object at 0x7f5da8898400>))
DEBUG:pybindgen.typehandlers:TypeMatcher.lookup('ns3::empty const &')
DEBUG:pybindgen.typehandlers:try to lookup type handler for 'ns3::empty const &' => success ((<class 'pybindgen.cppclass.CppClass.__init__.<locals>.ThisClassRefParameter'>, None, <pybindgen.typehandlers.ctypeparser.TypeTraits object at 0x7f5da8898c18>))
DEBUG:pybindgen.typehandlers:TypeMatcher.lookup('ns3::Time const &')
DEBUG:pybindgen.typehandlers:try to lookup type handler for 'ns3::Time const &' => success ((<class 'pybindgen.cppclass.CppClass.__init__.<locals>.ThisClassRefParameter'>, None, <pybindgen.typehandlers.ctypeparser.TypeTraits object at 0x7f5da8898f98>))
DEBUG:pybindgen.typehandlers:TypeMatcher.lookup('ns3::int64x64_t const &')
DEBUG:pybindgen.typehandlers:try to lookup type handler for 'ns3::int64x64_t const &' => success ((<class 'pybindgen.cppclass.CppClass.__init__.<locals>.ThisClassRefParameter'>, None, <pybindgen.typehandlers.ctypeparser.TypeTraits object at 0x7f5da8823198>))
DEBUG:pybindgen.typehandlers:TypeMatcher.lookup('ns3::int64x64_t const &')
DEBUG:pybindgen.typehandlers:try to lookup type handler for 'ns3::int64x64_t const &' => success ((<class 'pybindgen.cppclass.CppClass.__init__.<locals>.ThisClassRefParameter'>, None, <pybindgen.typehandlers.ctypeparser.TypeTraits object at 0x7f5da8823320>))
DEBUG:pybindgen.typehandlers:TypeMatcher.lookup('ns3::int64x64_t const &')
DEBUG:pybindgen.typehandlers:try to lookup type handler for 'ns3::int64x64_t const &' => success ((<class 'pybindgen.cppclass.CppClass.__init__.<locals>.ThisClassRefParameter'>, None, <pybindgen.typehandlers.ctypeparser.TypeTraits object at 0x7f5da88234a8>))
DEBUG:pybindgen.typehandlers:TypeMatcher.lookup('ns3::int64x64_t const &')
DEBUG:pybindgen.typehandlers:try to lookup type handler for 'ns3::int64x64_t const &' => success ((<class 'pybindgen.cppclass.CppClass.__init__.<locals>.ThisClassRefParameter'>, None, <pybindgen.typehandlers.ctypeparser.TypeTraits object at 0x7f5da8823630>))
DEBUG:pybindgen.typehandlers:TypeMatcher.lookup('ns3::int64x64_t const &')
DEBUG:pybindgen.typehandlers:try to lookup type handler for 'ns3::int64x64_t const &' => success ((<class 'pybindgen.cppclass.CppClass.__init__.<locals>.ThisClassRefParameter'>, None, <pybindgen.typehandlers.ctypeparser.TypeTraits object at 0x7f5da88237b8>))
DEBUG:pybindgen.typehandlers:TypeMatcher.lookup('ns3::int64x64_t const &')
DEBUG:pybindgen.typehandlers:try to lookup type handler for 'ns3::int64x64_t const &' => success ((<class 'pybindgen.cppclass.CppClass.__init__.<locals>.ThisClassRefParameter'>, None, <pybindgen.typehandlers.ctypeparser.TypeTraits object at 0x7f5da8823940>))
DEBUG:pybindgen.typehandlers:TypeMatcher.lookup('ns3::int64x64_t const &')
DEBUG:pybindgen.typehandlers:try to lookup type handler for 'ns3::int64x64_t const &' => success ((<class 'pybindgen.cppclass.CppClass.__init__.<locals>.ThisClassRefParameter'>, None, <pybindgen.typehandlers.ctypeparser.TypeTraits object at 0x7f5da8823ac8>))
DEBUG:pybindgen.typehandlers:TypeMatcher.lookup('ns3::int64x64_t const &')
DEBUG:pybindgen.typehandlers:try to lookup type handler for 'ns3::int64x64_t const &' => success ((<class 'pybindgen.cppclass.CppClass.__init__.<locals>.ThisClassRefParameter'>, None, <pybindgen.typehandlers.ctypeparser.TypeTraits object at 0x7f5da8823c50>))
DEBUG:pybindgen.typehandlers:TypeMatcher.lookup('double const')
DEBUG:pybindgen.typehandlers:try to lookup type handler for 'double const' => success ((<class 'pybindgen.typehandlers.doubletype.DoubleParam'>, None, <pybindgen.typehandlers.ctypeparser.TypeTraits object at 0x7f5da88290b8>))
DEBUG:pybindgen.typehandlers:TypeMatcher.lookup('long double const')
DEBUG:pybindgen.typehandlers:try to lookup type handler for 'long double const' => failure
'long double const' did not match
/home/cs18/tarballs/ns-allinone-3.34/ns-3.34/src/fd-net-device/bindings/modulegen__gcc_LP64.py:3423: Warning: exception TypeLookupError(['long double'],) in wrapper <pybindgen.cppmethod.CppConstructor object at 0x7f5da8829438>
  cls.add_constructor([param('long double const', 'value')])
DEBUG:pybindgen.typehandlers:TypeMatcher.lookup('int const')
DEBUG:pybindgen.typehandlers:try to lookup type handler for 'int const' => success ((<class 'pybindgen.typehandlers.inttype.IntParam'>, None, <pybindgen.typehandlers.ctypeparser.TypeTraits object at 0x7f5da8829630>))
DEBUG:pybindgen.typehandlers:TypeMatcher.lookup('long int const')
DEBUG:pybindgen.typehandlers:try to lookup type handler for 'long int const' => success ((<class 'pybindgen.typehandlers.inttype.LongParam'>, None, <pybindgen.typehandlers.ctypeparser.TypeTraits object at 0x7f5da8829a90>))
DEBUG:pybindgen.typehandlers:TypeMatcher.lookup('long long int const')
DEBUG:pybindgen.typehandlers:try to lookup type handler for 'long long int const' => success ((<class 'pybindgen.typehandlers.inttype.LongLongParam'>, None, <pybindgen.typehandlers.ctypeparser.TypeTraits object at 0x7f5da8829ef0>))
DEBUG:pybindgen.typehandlers:TypeMatcher.lookup('unsigned int const')
DEBUG:pybindgen.typehandlers:try to lookup type handler for 'unsigned int const' => success ((<class 'pybindgen.typehandlers.inttype.UnsignedIntParam'>, None, <pybindgen.typehandlers.ctypeparser.TypeTraits object at 0x7f5da882f470>))
DEBUG:pybindgen.typehandlers:TypeMatcher.lookup('long unsigned int const')
DEBUG:pybindgen.typehandlers:try to lookup type handler for 'long unsigned int const' => success ((<class 'pybindgen.typehandlers.inttype.UnsignedLongParam'>, None, <pybindgen.typehandlers.ctypeparser.TypeTraits object at 0x7f5da882f898>))
DEBUG:pybindgen.typehandlers:TypeMatcher.lookup('long long unsigned int const')
DEBUG:pybindgen.typehandlers:try to lookup type handler for 'long long unsigned int const' => success ((<class 'pybindgen.typehandlers.inttype.UnsignedLongLongParam'>, None, <pybindgen.typehandlers.ctypeparser.TypeTraits object at 0x7f5da882fda0>))
DEBUG:pybindgen.typehandlers:TypeMatcher.lookup('int64_t const')
DEBUG:pybindgen.typehandlers:try to lookup type handler for 'int64_t const' => success ((<class 'pybindgen.typehandlers.inttype.LongLongParam'>, None, <pybindgen.typehandlers.ctypeparser.TypeTraits object at 0x7f5da8833320>))
DEBUG:pybindgen.typehandlers:TypeMatcher.lookup('uint64_t const')
DEBUG:pybindgen.typehandlers:try to lookup type handler for 'uint64_t const' => success ((<class 'pybindgen.typehandlers.inttype.UnsignedLongLongParam'>, None, <pybindgen.typehandlers.ctypeparser.TypeTraits object at 0x7f5da88334a8>))
DEBUG:pybindgen.typehandlers:TypeMatcher.lookup('ns3::int64x64_t const &')
DEBUG:pybindgen.typehandlers:try to lookup type handler for 'ns3::int64x64_t const &' => success ((<class 'pybindgen.cppclass.CppClass.__init__.<locals>.ThisClassRefParameter'>, None, <pybindgen.typehandlers.ctypeparser.TypeTraits object at 0x7f5da8833860>))
DEBUG:pybindgen.typehandlers:TypeMatcher.lookup('double')
DEBUG:pybindgen.typehandlers:try to lookup type handler for 'double' => success ((<class 'pybindgen.typehandlers.doubletype.DoubleReturn'>, None, <pybindgen.typehandlers.ctypeparser.TypeTraits object at 0x7f5da8833c18>))
DEBUG:pybindgen.typehandlers:TypeMatcher.lookup('int64_t')
DEBUG:pybindgen.typehandlers:try to lookup type handler for 'int64_t' => success ((<class 'pybindgen.typehandlers.inttype.LongLongReturn'>, None, <pybindgen.typehandlers.ctypeparser.TypeTraits object at 0x7f5da8829438>))
DEBUG:pybindgen.typehandlers:TypeMatcher.lookup('int64_t')
DEBUG:pybindgen.typehandlers:try to lookup type handler for 'int64_t' => success ((<class 'pybindgen.typehandlers.inttype.LongLongReturn'>, None, <pybindgen.typehandlers.ctypeparser.TypeTraits object at 0x7f5da883b1d0>))
DEBUG:pybindgen.typehandlers:TypeMatcher.lookup('uint64_t')
DEBUG:pybindgen.typehandlers:try to lookup type handler for 'uint64_t' => success ((<class 'pybindgen.typehandlers.inttype.UnsignedLongLongReturn'>, None, <pybindgen.typehandlers.ctypeparser.TypeTraits object at 0x7f5da883b588>))
DEBUG:pybindgen.typehandlers:TypeMatcher.lookup('ns3::int64x64_t')
DEBUG:pybindgen.typehandlers:try to lookup type handler for 'ns3::int64x64_t' => success ((<class 'pybindgen.cppclass.CppClass.__init__.<locals>.ThisClassReturn'>, None, <pybindgen.typehandlers.ctypeparser.TypeTraits object at 0x7f5da883b908>))
DEBUG:pybindgen.typehandlers:TypeMatcher.lookup('uint64_t const')
DEBUG:pybindgen.typehandlers:try to lookup type handler for 'uint64_t const' => success ((<class 'pybindgen.typehandlers.inttype.UnsignedLongLongParam'>, None, <pybindgen.typehandlers.ctypeparser.TypeTraits object at 0x7f5da883ba20>))
DEBUG:pybindgen.typehandlers:TypeMatcher.lookup('void')
DEBUG:pybindgen.typehandlers:try to lookup type handler for 'void' => success ((<class 'pybindgen.typehandlers.voidtype.VoidReturn'>, None, <pybindgen.typehandlers.ctypeparser.TypeTraits object at 0x7f5da883bdd8>))
DEBUG:pybindgen.typehandlers:TypeMatcher.lookup('ns3::int64x64_t const &')
DEBUG:pybindgen.typehandlers:try to lookup type handler for 'ns3::int64x64_t const &' => success ((<class 'pybindgen.cppclass.CppClass.__init__.<locals>.ThisClassRefParameter'>, None, <pybindgen.typehandlers.ctypeparser.TypeTraits object at 0x7f5da883bf28>))
DEBUG:pybindgen.typehandlers:TypeMatcher.lookup('int64_t')
DEBUG:pybindgen.typehandlers:try to lookup type handler for 'int64_t' => success ((<class 'pybindgen.typehandlers.inttype.LongLongReturn'>, None, <pybindgen.typehandlers.ctypeparser.TypeTraits object at 0x7f5da8844358>))
DEBUG:pybindgen.typehandlers:TypeMatcher.lookup('ns3::int64x64_t::impl_type const')
DEBUG:pybindgen.typehandlers:try to lookup type handler for 'ns3::int64x64_t::impl_type const' => success ((<class 'pybindgen.enum.Enum.set_module.<locals>.ThisEnumReturn'>, None, <pybindgen.typehandlers.ctypeparser.TypeTraits object at 0x7f5da88446d8>))
DEBUG:pybindgen.typehandlers:TypeMatcher.lookup('ns3::Chunk const &')
DEBUG:pybindgen.typehandlers:try to lookup type handler for 'ns3::Chunk const &' => success ((<class 'pybindgen.cppclass.CppClass.__init__.<locals>.ThisClassRefParameter'>, None, <pybindgen.typehandlers.ctypeparser.TypeTraits object at 0x7f5da8844cf8>))
DEBUG:pybindgen.typehandlers:TypeMatcher.lookup('uint32_t')
DEBUG:pybindgen.typehandlers:try to lookup type handler for 'uint32_t' => success ((<class 'pybindgen.typehandlers.inttype.UnsignedIntReturn'>, None, <pybindgen.typehandlers.ctypeparser.TypeTraits object at 0x7f5da884d0f0>))
DEBUG:pybindgen.typehandlers:TypeMatcher.lookup('ns3::Buffer::Iterator')
DEBUG:pybindgen.typehandlers:try to lookup type handler for 'ns3::Buffer::Iterator' => success ((<class 'pybindgen.cppclass.CppClass.__init__.<locals>.ThisClassParameter'>, None, <pybindgen.typehandlers.ctypeparser.TypeTraits object at 0x7f5da884d208>))
DEBUG:pybindgen.typehandlers:TypeMatcher.lookup('uint32_t')
DEBUG:pybindgen.typehandlers:try to lookup type handler for 'uint32_t' => success ((<class 'pybindgen.typehandlers.inttype.UnsignedIntReturn'>, None, <pybindgen.typehandlers.ctypeparser.TypeTraits object at 0x7f5da884d780>))
DEBUG:pybindgen.typehandlers:TypeMatcher.lookup('ns3::Buffer::Iterator')
DEBUG:pybindgen.typehandlers:try to lookup type handler for 'ns3::Buffer::Iterator' => success ((<class 'pybindgen.cppclass.CppClass.__init__.<locals>.ThisClassParameter'>, None, <pybindgen.typehandlers.ctypeparser.TypeTraits object at 0x7f5da884d898>))
DEBUG:pybindgen.typehandlers:TypeMatcher.lookup('ns3::Buffer::Iterator')
DEBUG:pybindgen.typehandlers:try to lookup type handler for 'ns3::Buffer::Iterator' => success ((<class 'pybindgen.cppclass.CppClass.__init__.<locals>.ThisClassParameter'>, None, <pybindgen.typehandlers.ctypeparser.TypeTraits object at 0x7f5da884d940>))
DEBUG:pybindgen.typehandlers:TypeMatcher.lookup('ns3::TypeId')
DEBUG:pybindgen.typehandlers:try to lookup type handler for 'ns3::TypeId' => success ((<class 'pybindgen.cppclass.CppClass.__init__.<locals>.ThisClassReturn'>, None, <pybindgen.typehandlers.ctypeparser.TypeTraits object at 0x7f5da884de80>))
DEBUG:pybindgen.typehandlers:TypeMatcher.lookup('void')
DEBUG:pybindgen.typehandlers:try to lookup type handler for 'void' => success ((<class 'pybindgen.typehandlers.voidtype.VoidReturn'>, None, <pybindgen.typehandlers.ctypeparser.TypeTraits object at 0x7f5da8853240>))
DEBUG:pybindgen.typehandlers:TypeMatcher.lookup('std::ostream &')
DEBUG:pybindgen.typehandlers:try to lookup type handler for 'std::ostream &' => failure
'std::ostream &' did not match
/home/cs18/tarballs/ns-allinone-3.34/ns-3.34/src/fd-net-device/bindings/modulegen__gcc_LP64.py:3502: Warning: exception TypeLookupError(['std::ostream &'],) in wrapper public: virtual retval? ???::Print (params?) const = 0;
  is_const=True, is_pure_virtual=True, is_virtual=True)
DEBUG:pybindgen.typehandlers:TypeMatcher.lookup('ns3::FdNetDeviceHelper const &')
DEBUG:pybindgen.typehandlers:try to lookup type handler for 'ns3::FdNetDeviceHelper const &' => success ((<class 'pybindgen.cppclass.CppClass.__init__.<locals>.ThisClassRefParameter'>, None, <pybindgen.typehandlers.ctypeparser.TypeTraits object at 0x7f5da8853940>))
DEBUG:pybindgen.typehandlers:TypeMatcher.lookup('ns3::NetDeviceContainer')
DEBUG:pybindgen.typehandlers:try to lookup type handler for 'ns3::NetDeviceContainer' => success ((<class 'pybindgen.cppclass.CppClass.__init__.<locals>.ThisClassReturn'>, None, <pybindgen.typehandlers.ctypeparser.TypeTraits object at 0x7f5da8853f60>))
DEBUG:pybindgen.typehandlers:TypeMatcher.lookup('ns3::Ptr< ns3::Node >')
DEBUG:pybindgen.typehandlers:try to lookup type handler for 'ns3::Ptr< ns3::Node >' => failure
DEBUG:pybindgen.typehandlers:try to lookup type handler for 'ns3::Node *' => success ((<class 'pybindgen.cppclass.MemoryPolicy.register_ptr_parameter_and_return.<locals>.ThisClassPtrParameter'>, <ns3modulegen_core_customizations.SmartPointerTransformation object at 0x7f5da907ba90>, <pybindgen.typehandlers.ctypeparser.TypeTraits object at 0x7f5da87e02e8>))
DEBUG:pybindgen.typehandlers:TypeMatcher.lookup('ns3::NetDeviceContainer')
DEBUG:pybindgen.typehandlers:try to lookup type handler for 'ns3::NetDeviceContainer' => success ((<class 'pybindgen.cppclass.CppClass.__init__.<locals>.ThisClassReturn'>, None, <pybindgen.typehandlers.ctypeparser.TypeTraits object at 0x7f5da87e0748>))
DEBUG:pybindgen.typehandlers:TypeMatcher.lookup('std::string')
DEBUG:pybindgen.typehandlers:try to lookup type handler for 'std::string' => success ((<class 'pybindgen.typehandlers.stringtype.StdStringParam'>, None, <pybindgen.typehandlers.ctypeparser.TypeTraits object at 0x7f5da87e0860>))
DEBUG:pybindgen.typehandlers:TypeMatcher.lookup('ns3::NetDeviceContainer')
DEBUG:pybindgen.typehandlers:try to lookup type handler for 'ns3::NetDeviceContainer' => success ((<class 'pybindgen.cppclass.CppClass.__init__.<locals>.ThisClassReturn'>, None, <pybindgen.typehandlers.ctypeparser.TypeTraits object at 0x7f5da884d668>))
DEBUG:pybindgen.typehandlers:TypeMatcher.lookup('ns3::NodeContainer const &')
DEBUG:pybindgen.typehandlers:try to lookup type handler for 'ns3::NodeContainer const &' => success ((<class 'pybindgen.cppclass.CppClass.__init__.<locals>.ThisClassRefParameter'>, None, <pybindgen.typehandlers.ctypeparser.TypeTraits object at 0x7f5da884d6a0>))
DEBUG:pybindgen.typehandlers:TypeMatcher.lookup('void')
DEBUG:pybindgen.typehandlers:try to lookup type handler for 'void' => success ((<class 'pybindgen.typehandlers.voidtype.VoidReturn'>, None, <pybindgen.typehandlers.ctypeparser.TypeTraits object at 0x7f5da87e0dd8>))
DEBUG:pybindgen.typehandlers:TypeMatcher.lookup('std::string')
DEBUG:pybindgen.typehandlers:try to lookup type handler for 'std::string' => success ((<class 'pybindgen.typehandlers.stringtype.StdStringParam'>, None, <pybindgen.typehandlers.ctypeparser.TypeTraits object at 0x7f5da87e0f28>))
DEBUG:pybindgen.typehandlers:TypeMatcher.lookup('ns3::AttributeValue const &')
DEBUG:pybindgen.typehandlers:try to lookup type handler for 'ns3::AttributeValue const &' => success ((<class 'pybindgen.cppclass.CppClass.__init__.<locals>.ThisClassRefParameter'>, None, <pybindgen.typehandlers.ctypeparser.TypeTraits object at 0x7f5da87e4048>))
DEBUG:pybindgen.typehandlers:TypeMatcher.lookup('void')
DEBUG:pybindgen.typehandlers:try to lookup type handler for 'void' => success ((<class 'pybindgen.typehandlers.voidtype.VoidReturn'>, None, <pybindgen.typehandlers.ctypeparser.TypeTraits object at 0x7f5da87e4438>))
DEBUG:pybindgen.typehandlers:TypeMatcher.lookup('std::string')
DEBUG:pybindgen.typehandlers:try to lookup type handler for 'std::string' => success ((<class 'pybindgen.typehandlers.stringtype.StdStringParam'>, None, <pybindgen.typehandlers.ctypeparser.TypeTraits object at 0x7f5da87e4588>))
DEBUG:pybindgen.typehandlers:TypeMatcher.lookup('ns3::Ptr< ns3::NetDevice >')
DEBUG:pybindgen.typehandlers:try to lookup type handler for 'ns3::Ptr< ns3::NetDevice >' => failure
DEBUG:pybindgen.typehandlers:try to lookup type handler for 'ns3::NetDevice *' => success ((<class 'pybindgen.cppclass.MemoryPolicy.register_ptr_parameter_and_return.<locals>.ThisClassPtrReturn'>, <ns3modulegen_core_customizations.SmartPointerTransformation object at 0x7f5da907ba90>, <pybindgen.typehandlers.ctypeparser.TypeTraits object at 0x7f5da87e4b00>))
DEBUG:pybindgen.typehandlers:TypeMatcher.lookup('ns3::Ptr< ns3::Node >')
DEBUG:pybindgen.typehandlers:try to lookup type handler for 'ns3::Ptr< ns3::Node >' => failure
DEBUG:pybindgen.typehandlers:try to lookup type handler for 'ns3::Node *' => success ((<class 'pybindgen.cppclass.MemoryPolicy.register_ptr_parameter_and_return.<locals>.ThisClassPtrParameter'>, <ns3modulegen_core_customizations.SmartPointerTransformation object at 0x7f5da907ba90>, <pybindgen.typehandlers.ctypeparser.TypeTraits object at 0x7f5da87e4d30>))
DEBUG:pybindgen.typehandlers:TypeMatcher.lookup('void')
DEBUG:pybindgen.typehandlers:try to lookup type handler for 'void' => success ((<class 'pybindgen.typehandlers.voidtype.VoidReturn'>, None, <pybindgen.typehandlers.ctypeparser.TypeTraits object at 0x7f5da87ea400>))
DEBUG:pybindgen.typehandlers:TypeMatcher.lookup('ns3::Ptr< ns3::OutputStreamWrapper >')
DEBUG:pybindgen.typehandlers:try to lookup type handler for 'ns3::Ptr< ns3::OutputStreamWrapper >' => failure
DEBUG:pybindgen.typehandlers:try to lookup type handler for 'ns3::OutputStreamWrapper *' => success ((<class 'pybindgen.cppclass.MemoryPolicy.register_ptr_parameter_and_return.<locals>.ThisClassPtrParameter'>, <ns3modulegen_core_customizations.SmartPointerTransformation object at 0x7f5da907ba90>, <pybindgen.typehandlers.ctypeparser.TypeTraits object at 0x7f5da87ea780>))
DEBUG:pybindgen.typehandlers:TypeMatcher.lookup('std::string')
DEBUG:pybindgen.typehandlers:try to lookup type handler for 'std::string' => success ((<class 'pybindgen.typehandlers.stringtype.StdStringParam'>, None, <pybindgen.typehandlers.ctypeparser.TypeTraits object at 0x7f5da87ea780>))
DEBUG:pybindgen.typehandlers:TypeMatcher.lookup('ns3::Ptr< ns3::NetDevice >')
DEBUG:pybindgen.typehandlers:try to lookup type handler for 'ns3::Ptr< ns3::NetDevice >' => failure
DEBUG:pybindgen.typehandlers:try to lookup type handler for 'ns3::NetDevice *' => success ((<class 'pybindgen.cppclass.MemoryPolicy.register_ptr_parameter_and_return.<locals>.ThisClassPtrParameter'>, <ns3modulegen_core_customizations.SmartPointerTransformation object at 0x7f5da907ba90>, <pybindgen.typehandlers.ctypeparser.TypeTraits object at 0x7f5da87eaa58>))
DEBUG:pybindgen.typehandlers:TypeMatcher.lookup('bool')
DEBUG:pybindgen.typehandlers:try to lookup type handler for 'bool' => success ((<class 'pybindgen.typehandlers.booltype.BoolParam'>, None, <pybindgen.typehandlers.ctypeparser.TypeTraits object at 0x7f5da87eaa58>))
DEBUG:pybindgen.typehandlers:TypeMatcher.lookup('void')
DEBUG:pybindgen.typehandlers:try to lookup type handler for 'void' => success ((<class 'pybindgen.typehandlers.voidtype.VoidReturn'>, None, <pybindgen.typehandlers.ctypeparser.TypeTraits object at 0x7f5da87eaf60>))
DEBUG:pybindgen.typehandlers:TypeMatcher.lookup('std::string')
DEBUG:pybindgen.typehandlers:try to lookup type handler for 'std::string' => success ((<class 'pybindgen.typehandlers.stringtype.StdStringParam'>, None, <pybindgen.typehandlers.ctypeparser.TypeTraits object at 0x7f5da87f70f0>))
DEBUG:pybindgen.typehandlers:TypeMatcher.lookup('ns3::Ptr< ns3::NetDevice >')
DEBUG:pybindgen.typehandlers:try to lookup type handler for 'ns3::Ptr< ns3::NetDevice >' => failure
DEBUG:pybindgen.typehandlers:try to lookup type handler for 'ns3::NetDevice *' => success ((<class 'pybindgen.cppclass.MemoryPolicy.register_ptr_parameter_and_return.<locals>.ThisClassPtrParameter'>, <ns3modulegen_core_customizations.SmartPointerTransformation object at 0x7f5da907ba90>, <pybindgen.typehandlers.ctypeparser.TypeTraits object at 0x7f5da87f7400>))
DEBUG:pybindgen.typehandlers:TypeMatcher.lookup('bool')
DEBUG:pybindgen.typehandlers:try to lookup type handler for 'bool' => success ((<class 'pybindgen.typehandlers.booltype.BoolParam'>, None, <pybindgen.typehandlers.ctypeparser.TypeTraits object at 0x7f5da87f7400>))
DEBUG:pybindgen.typehandlers:TypeMatcher.lookup('bool')
DEBUG:pybindgen.typehandlers:try to lookup type handler for 'bool' => success ((<class 'pybindgen.typehandlers.booltype.BoolParam'>, None, <pybindgen.typehandlers.ctypeparser.TypeTraits object at 0x7f5da87f73c8>))
DEBUG:pybindgen.typehandlers:TypeMatcher.lookup('ns3::Header const &')
DEBUG:pybindgen.typehandlers:try to lookup type handler for 'ns3::Header const &' => success ((<class 'pybindgen.cppclass.CppClass.__init__.<locals>.ThisClassRefParameter'>, None, <pybindgen.typehandlers.ctypeparser.TypeTraits object at 0x7f5da87f7cc0>))
DEBUG:pybindgen.typehandlers:TypeMatcher.lookup('uint32_t')
DEBUG:pybindgen.typehandlers:try to lookup type handler for 'uint32_t' => success ((<class 'pybindgen.typehandlers.inttype.UnsignedIntReturn'>, None, <pybindgen.typehandlers.ctypeparser.TypeTraits object at 0x7f5da87f90b8>))
DEBUG:pybindgen.typehandlers:TypeMatcher.lookup('ns3::Buffer::Iterator')
DEBUG:pybindgen.typehandlers:try to lookup type handler for 'ns3::Buffer::Iterator' => success ((<class 'pybindgen.cppclass.CppClass.__init__.<locals>.ThisClassParameter'>, None, <pybindgen.typehandlers.ctypeparser.TypeTraits object at 0x7f5da87f91d0>))
DEBUG:pybindgen.typehandlers:TypeMatcher.lookup('uint32_t')
DEBUG:pybindgen.typehandlers:try to lookup type handler for 'uint32_t' => success ((<class 'pybindgen.typehandlers.inttype.UnsignedIntReturn'>, None, <pybindgen.typehandlers.ctypeparser.TypeTraits object at 0x7f5da87f9518>))
DEBUG:pybindgen.typehandlers:TypeMatcher.lookup('ns3::TypeId')
DEBUG:pybindgen.typehandlers:try to lookup type handler for 'ns3::TypeId' => success ((<class 'pybindgen.cppclass.CppClass.__init__.<locals>.ThisClassReturn'>, None, <pybindgen.typehandlers.ctypeparser.TypeTraits object at 0x7f5da87f9898>))
DEBUG:pybindgen.typehandlers:TypeMatcher.lookup('void')
DEBUG:pybindgen.typehandlers:try to lookup type handler for 'void' => success ((<class 'pybindgen.typehandlers.voidtype.VoidReturn'>, None, <pybindgen.typehandlers.ctypeparser.TypeTraits object at 0x7f5da87f9c18>))
DEBUG:pybindgen.typehandlers:TypeMatcher.lookup('std::ostream &')
DEBUG:pybindgen.typehandlers:try to lookup type handler for 'std::ostream &' => failure
'std::ostream &' did not match
/home/cs18/tarballs/ns-allinone-3.34/ns-3.34/src/fd-net-device/bindings/modulegen__gcc_LP64.py:3575: Warning: exception TypeLookupError(['std::ostream &'],) in wrapper public: virtual retval? ???::Print (params?) const = 0;
  is_const=True, is_pure_virtual=True, is_virtual=True)
DEBUG:pybindgen.typehandlers:TypeMatcher.lookup('void')
DEBUG:pybindgen.typehandlers:try to lookup type handler for 'void' => success ((<class 'pybindgen.typehandlers.voidtype.VoidReturn'>, None, <pybindgen.typehandlers.ctypeparser.TypeTraits object at 0x7f5da8801320>))
DEBUG:pybindgen.typehandlers:TypeMatcher.lookup('ns3::Buffer::Iterator')
DEBUG:pybindgen.typehandlers:try to lookup type handler for 'ns3::Buffer::Iterator' => success ((<class 'pybindgen.cppclass.CppClass.__init__.<locals>.ThisClassParameter'>, None, <pybindgen.typehandlers.ctypeparser.TypeTraits object at 0x7f5da8801470>))
DEBUG:pybindgen.typehandlers:TypeMatcher.lookup('void')
DEBUG:pybindgen.typehandlers:try to lookup type handler for 'void' => success ((<class 'pybindgen.typehandlers.voidtype.VoidReturn'>, None, <pybindgen.typehandlers.ctypeparser.TypeTraits object at 0x7f5da87f9c88>))
DEBUG:pybindgen.typehandlers:TypeMatcher.lookup('ns3::Ptr< ns3::Object >')
DEBUG:pybindgen.typehandlers:try to lookup type handler for 'ns3::Ptr< ns3::Object >' => failure
DEBUG:pybindgen.typehandlers:try to lookup type handler for 'ns3::Object *' => success ((<class 'pybindgen.cppclass.MemoryPolicy.register_ptr_parameter_and_return.<locals>.ThisClassPtrParameter'>, <ns3modulegen_core_customizations.SmartPointerTransformation object at 0x7f5da907ba90>, <pybindgen.typehandlers.ctypeparser.TypeTraits object at 0x7f5da8801b70>))
DEBUG:pybindgen.typehandlers:TypeMatcher.lookup('void')
DEBUG:pybindgen.typehandlers:try to lookup type handler for 'void' => success ((<class 'pybindgen.typehandlers.voidtype.VoidReturn'>, None, <pybindgen.typehandlers.ctypeparser.TypeTraits object at 0x7f5da8801da0>))
DEBUG:pybindgen.typehandlers:TypeMatcher.lookup('ns3::Object::AggregateIterator')
DEBUG:pybindgen.typehandlers:try to lookup type handler for 'ns3::Object::AggregateIterator' => success ((<class 'pybindgen.cppclass.CppClass.__init__.<locals>.ThisClassReturn'>, None, <pybindgen.typehandlers.ctypeparser.TypeTraits object at 0x7f5da88091d0>))
DEBUG:pybindgen.typehandlers:TypeMatcher.lookup('ns3::TypeId')
DEBUG:pybindgen.typehandlers:try to lookup type handler for 'ns3::TypeId' => success ((<class 'pybindgen.cppclass.CppClass.__init__.<locals>.ThisClassReturn'>, None, <pybindgen.typehandlers.ctypeparser.TypeTraits object at 0x7f5da8809550>))
DEBUG:pybindgen.typehandlers:TypeMatcher.lookup('ns3::Ptr< ns3::Object >')
DEBUG:pybindgen.typehandlers:try to lookup type handler for 'ns3::Ptr< ns3::Object >' => failure
DEBUG:pybindgen.typehandlers:try to lookup type handler for 'ns3::Object *' => success ((<class 'pybindgen.cppclass.MemoryPolicy.register_ptr_parameter_and_return.<locals>.ThisClassPtrReturn'>, <ns3modulegen_core_customizations.SmartPointerTransformation object at 0x7f5da907ba90>, <pybindgen.typehandlers.ctypeparser.TypeTraits object at 0x7f5da8809d30>))
DEBUG:pybindgen.typehandlers:TypeMatcher.lookup('ns3::Ptr< ns3::Object >')
DEBUG:pybindgen.typehandlers:try to lookup type handler for 'ns3::Ptr< ns3::Object >' => failure
DEBUG:pybindgen.typehandlers:try to lookup type handler for 'ns3::Object *' => success ((<class 'pybindgen.cppclass.MemoryPolicy.register_ptr_parameter_and_return.<locals>.ThisClassPtrReturn'>, <ns3modulegen_core_customizations.SmartPointerTransformation object at 0x7f5da907ba90>, <pybindgen.typehandlers.ctypeparser.TypeTraits object at 0x7f5da8812208>))
DEBUG:pybindgen.typehandlers:TypeMatcher.lookup('ns3::TypeId')
DEBUG:pybindgen.typehandlers:try to lookup type handler for 'ns3::TypeId' => success ((<class 'pybindgen.cppclass.CppClass.__init__.<locals>.ThisClassParameter'>, None, <pybindgen.typehandlers.ctypeparser.TypeTraits object at 0x7f5da8812160>))
DEBUG:pybindgen.typehandlers:TypeMatcher.lookup('ns3::TypeId')
DEBUG:pybindgen.typehandlers:try to lookup type handler for 'ns3::TypeId' => success ((<class 'pybindgen.cppclass.CppClass.__init__.<locals>.ThisClassReturn'>, None, <pybindgen.typehandlers.ctypeparser.TypeTraits object at 0x7f5da88124e0>))
DEBUG:pybindgen.typehandlers:TypeMatcher.lookup('void')
DEBUG:pybindgen.typehandlers:try to lookup type handler for 'void' => success ((<class 'pybindgen.typehandlers.voidtype.VoidReturn'>, None, <pybindgen.typehandlers.ctypeparser.TypeTraits object at 0x7f5da8812898>))
DEBUG:pybindgen.typehandlers:TypeMatcher.lookup('bool')
DEBUG:pybindgen.typehandlers:try to lookup type handler for 'bool' => success ((<class 'pybindgen.typehandlers.booltype.BoolReturn'>, None, <pybindgen.typehandlers.ctypeparser.TypeTraits object at 0x7f5da8812c88>))
DEBUG:pybindgen.typehandlers:TypeMatcher.lookup('ns3::Object const &')
DEBUG:pybindgen.typehandlers:try to lookup type handler for 'ns3::Object const &' => success ((<class 'pybindgen.cppclass.CppClass.__init__.<locals>.ThisClassRefParameter'>, None, <pybindgen.typehandlers.ctypeparser.TypeTraits object at 0x7f5da88180b8>))
DEBUG:pybindgen.typehandlers:TypeMatcher.lookup('void')
DEBUG:pybindgen.typehandlers:try to lookup type handler for 'void' => success ((<class 'pybindgen.typehandlers.voidtype.VoidReturn'>, None, <pybindgen.typehandlers.ctypeparser.TypeTraits object at 0x7f5da8818470>))
DEBUG:pybindgen.typehandlers:TypeMatcher.lookup('void')
DEBUG:pybindgen.typehandlers:try to lookup type handler for 'void' => success ((<class 'pybindgen.typehandlers.voidtype.VoidReturn'>, None, <pybindgen.typehandlers.ctypeparser.TypeTraits object at 0x7f5da8818c88>))
DEBUG:pybindgen.typehandlers:TypeMatcher.lookup('void')
DEBUG:pybindgen.typehandlers:try to lookup type handler for 'void' => success ((<class 'pybindgen.typehandlers.voidtype.VoidReturn'>, None, <pybindgen.typehandlers.ctypeparser.TypeTraits object at 0x7f5da87a24e0>))
DEBUG:pybindgen.typehandlers:TypeMatcher.lookup('ns3::Object::AggregateIterator const &')
DEBUG:pybindgen.typehandlers:try to lookup type handler for 'ns3::Object::AggregateIterator const &' => success ((<class 'pybindgen.cppclass.CppClass.__init__.<locals>.ThisClassRefParameter'>, None, <pybindgen.typehandlers.ctypeparser.TypeTraits object at 0x7f5da87a2d30>))
DEBUG:pybindgen.typehandlers:TypeMatcher.lookup('bool')
DEBUG:pybindgen.typehandlers:try to lookup type handler for 'bool' => success ((<class 'pybindgen.typehandlers.booltype.BoolReturn'>, None, <pybindgen.typehandlers.ctypeparser.TypeTraits object at 0x7f5da87a9390>))
DEBUG:pybindgen.typehandlers:TypeMatcher.lookup('ns3::Ptr< ns3::Object const >')
DEBUG:pybindgen.typehandlers:try to lookup type handler for 'ns3::Ptr< ns3::Object const >' => failure
DEBUG:pybindgen.typehandlers:try to lookup type handler for 'ns3::Object *' => success ((<class 'pybindgen.cppclass.MemoryPolicy.register_ptr_parameter_and_return.<locals>.ThisClassPtrReturn'>, <ns3modulegen_core_customizations.SmartPointerTransformation object at 0x7f5da907ba90>, <pybindgen.typehandlers.ctypeparser.TypeTraits object at 0x7f5da87a99e8>))
DEBUG:pybindgen.typehandlers:TypeMatcher.lookup('ns3::TypeId')
DEBUG:pybindgen.typehandlers:try to lookup type handler for 'ns3::TypeId' => success ((<class 'pybindgen.cppclass.CppClass.__init__.<locals>.ThisClassReturn'>, None, <pybindgen.typehandlers.ctypeparser.TypeTraits object at 0x7f5da87a9c50>))
DEBUG:pybindgen.typehandlers:TypeMatcher.lookup('bool')
DEBUG:pybindgen.typehandlers:try to lookup type handler for 'bool' => success ((<class 'pybindgen.typehandlers.booltype.BoolReturn'>, None, <pybindgen.typehandlers.ctypeparser.TypeTraits object at 0x7f5da87b22b0>))
DEBUG:pybindgen.typehandlers:TypeMatcher.lookup('bool')
DEBUG:pybindgen.typehandlers:try to lookup type handler for 'bool' => success ((<class 'pybindgen.typehandlers.booltype.BoolReturn'>, None, <pybindgen.typehandlers.ctypeparser.TypeTraits object at 0x7f5da87b2668>))
DEBUG:pybindgen.typehandlers:TypeMatcher.lookup('void')
DEBUG:pybindgen.typehandlers:try to lookup type handler for 'void' => success ((<class 'pybindgen.typehandlers.voidtype.VoidReturn'>, None, <pybindgen.typehandlers.ctypeparser.TypeTraits object at 0x7f5da87b2a20>))
DEBUG:pybindgen.typehandlers:TypeMatcher.lookup('void')
DEBUG:pybindgen.typehandlers:try to lookup type handler for 'void' => success ((<class 'pybindgen.typehandlers.voidtype.VoidReturn'>, None, <pybindgen.typehandlers.ctypeparser.TypeTraits object at 0x7f5da87b2e10>))
DEBUG:pybindgen.typehandlers:TypeMatcher.lookup('std::string const &')
DEBUG:pybindgen.typehandlers:try to lookup type handler for 'std::string const &' => success ((<class 'pybindgen.typehandlers.stringtype.StdStringRefParam'>, None, <pybindgen.typehandlers.ctypeparser.TypeTraits object at 0x7f5da87b2f60>))
DEBUG:pybindgen.typehandlers:TypeMatcher.lookup('std::ios_base::openmode')
DEBUG:pybindgen.typehandlers:try to lookup type handler for 'std::ios_base::openmode' => success ((<class 'ns3modulegen_core_customizations.IosOpenmodeParam'>, None, <pybindgen.typehandlers.ctypeparser.TypeTraits object at 0x7f5da87ba160>))
DEBUG:pybindgen.typehandlers:TypeMatcher.lookup('void')
DEBUG:pybindgen.typehandlers:try to lookup type handler for 'void' => success ((<class 'pybindgen.typehandlers.voidtype.VoidReturn'>, None, <pybindgen.typehandlers.ctypeparser.TypeTraits object at 0x7f5da87ba470>))
DEBUG:pybindgen.typehandlers:TypeMatcher.lookup('void')
DEBUG:pybindgen.typehandlers:try to lookup type handler for 'void' => success ((<class 'pybindgen.typehandlers.voidtype.VoidReturn'>, None, <pybindgen.typehandlers.ctypeparser.TypeTraits object at 0x7f5da87ba860>))
DEBUG:pybindgen.typehandlers:TypeMatcher.lookup('uint32_t')
DEBUG:pybindgen.typehandlers:try to lookup type handler for 'uint32_t' => success ((<class 'pybindgen.typehandlers.inttype.UnsignedIntParam'>, None, <pybindgen.typehandlers.ctypeparser.TypeTraits object at 0x7f5da87ba9b0>))
DEBUG:pybindgen.typehandlers:TypeMatcher.lookup('uint32_t')
DEBUG:pybindgen.typehandlers:try to lookup type handler for 'uint32_t' => success ((<class 'pybindgen.typehandlers.inttype.UnsignedIntParam'>, None, <pybindgen.typehandlers.ctypeparser.TypeTraits object at 0x7f5da87baa58>))
DEBUG:pybindgen.typehandlers:TypeMatcher.lookup('int32_t')
DEBUG:pybindgen.typehandlers:try to lookup type handler for 'int32_t' => success ((<class 'pybindgen.typehandlers.inttype.IntParam'>, None, <pybindgen.typehandlers.ctypeparser.TypeTraits object at 0x7f5da87bab38>))
DEBUG:pybindgen.typehandlers:TypeMatcher.lookup('void')
DEBUG:pybindgen.typehandlers:try to lookup type handler for 'void' => success ((<class 'pybindgen.typehandlers.voidtype.VoidReturn'>, None, <pybindgen.typehandlers.ctypeparser.TypeTraits object at 0x7f5da87baef0>))
DEBUG:pybindgen.typehandlers:TypeMatcher.lookup('ns3::Time')
DEBUG:pybindgen.typehandlers:try to lookup type handler for 'ns3::Time' => success ((<class 'pybindgen.cppclass.CppClass.__init__.<locals>.ThisClassParameter'>, None, <pybindgen.typehandlers.ctypeparser.TypeTraits object at 0x7f5da87c2080>))
DEBUG:pybindgen.typehandlers:TypeMatcher.lookup('ns3::Ptr< ns3::Packet const >')
DEBUG:pybindgen.typehandlers:try to lookup type handler for 'ns3::Ptr< ns3::Packet const >' => failure
DEBUG:pybindgen.typehandlers:try to lookup type handler for 'ns3::Packet *' => success ((<class 'pybindgen.cppclass.MemoryPolicy.register_ptr_parameter_and_return.<locals>.ThisClassPtrParameter'>, <ns3modulegen_core_customizations.SmartPointerTransformation object at 0x7f5da907ba90>, <pybindgen.typehandlers.ctypeparser.TypeTraits object at 0x7f5da87c23c8>))
DEBUG:pybindgen.typehandlers:TypeMatcher.lookup('void')
DEBUG:pybindgen.typehandlers:try to lookup type handler for 'void' => success ((<class 'pybindgen.typehandlers.voidtype.VoidReturn'>, None, <pybindgen.typehandlers.ctypeparser.TypeTraits object at 0x7f5da87c2630>))
DEBUG:pybindgen.typehandlers:TypeMatcher.lookup('ns3::Time')
DEBUG:pybindgen.typehandlers:try to lookup type handler for 'ns3::Time' => success ((<class 'pybindgen.cppclass.CppClass.__init__.<locals>.ThisClassParameter'>, None, <pybindgen.typehandlers.ctypeparser.TypeTraits object at 0x7f5da87c2780>))
DEBUG:pybindgen.typehandlers:TypeMatcher.lookup('ns3::Header const &')
DEBUG:pybindgen.typehandlers:try to lookup type handler for 'ns3::Header const &' => success ((<class 'pybindgen.cppclass.CppClass.__init__.<locals>.ThisClassRefParameter'>, None, <pybindgen.typehandlers.ctypeparser.TypeTraits object at 0x7f5da87c2828>))
DEBUG:pybindgen.typehandlers:TypeMatcher.lookup('ns3::Ptr< ns3::Packet const >')
DEBUG:pybindgen.typehandlers:try to lookup type handler for 'ns3::Ptr< ns3::Packet const >' => failure
DEBUG:pybindgen.typehandlers:try to lookup type handler for 'ns3::Packet *' => success ((<class 'pybindgen.cppclass.MemoryPolicy.register_ptr_parameter_and_return.<locals>.ThisClassPtrParameter'>, <ns3modulegen_core_customizations.SmartPointerTransformation object at 0x7f5da907ba90>, <pybindgen.typehandlers.ctypeparser.TypeTraits object at 0x7f5da87c2c50>))
DEBUG:pybindgen.typehandlers:TypeMatcher.lookup('void')
DEBUG:pybindgen.typehandlers:try to lookup type handler for 'void' => success ((<class 'pybindgen.typehandlers.voidtype.VoidReturn'>, None, <pybindgen.typehandlers.ctypeparser.TypeTraits object at 0x7f5da87c2e80>))
DEBUG:pybindgen.typehandlers:TypeMatcher.lookup('ns3::Time')
DEBUG:pybindgen.typehandlers:try to lookup type handler for 'ns3::Time' => success ((<class 'pybindgen.cppclass.CppClass.__init__.<locals>.ThisClassParameter'>, None, <pybindgen.typehandlers.ctypeparser.TypeTraits object at 0x7f5da87c2fd0>))
DEBUG:pybindgen.typehandlers:TypeMatcher.lookup('uint8_t const *')
DEBUG:pybindgen.typehandlers:try to lookup type handler for 'uint8_t const *' => success ((<class 'pybindgen.typehandlers.inttype.UInt8PtrParam'>, None, <pybindgen.typehandlers.ctypeparser.TypeTraits object at 0x7f5da87c70b8>))
/home/cs18/tarballs/ns-allinone-3.34/ns-3.34/src/fd-net-device/bindings/modulegen__gcc_LP64.py:3709: Warning: exception TypeConfigurationError('direction not given',) in wrapper public: retval? ???::Write (params?);
  [param('ns3::Time', 't'), param('uint8_t const *', 'buffer'), param('uint32_t', 'length')])
DEBUG:pybindgen.typehandlers:TypeMatcher.lookup('ns3::Ptr< ns3::Packet >')
DEBUG:pybindgen.typehandlers:try to lookup type handler for 'ns3::Ptr< ns3::Packet >' => failure
DEBUG:pybindgen.typehandlers:try to lookup type handler for 'ns3::Packet *' => success ((<class 'pybindgen.cppclass.MemoryPolicy.register_ptr_parameter_and_return.<locals>.ThisClassPtrReturn'>, <ns3modulegen_core_customizations.SmartPointerTransformation object at 0x7f5da907ba90>, <pybindgen.typehandlers.ctypeparser.TypeTraits object at 0x7f5da87c7400>))
DEBUG:pybindgen.typehandlers:TypeMatcher.lookup('ns3::Time &')
DEBUG:pybindgen.typehandlers:try to lookup type handler for 'ns3::Time &' => success ((<class 'pybindgen.cppclass.CppClass.__init__.<locals>.ThisClassRefParameter'>, None, <pybindgen.typehandlers.ctypeparser.TypeTraits object at 0x7f5da87c7358>))
DEBUG:pybindgen.typehandlers:TypeMatcher.lookup('uint32_t')
DEBUG:pybindgen.typehandlers:try to lookup type handler for 'uint32_t' => success ((<class 'pybindgen.typehandlers.inttype.UnsignedIntReturn'>, None, <pybindgen.typehandlers.ctypeparser.TypeTraits object at 0x7f5da87c7780>))
DEBUG:pybindgen.typehandlers:TypeMatcher.lookup('uint16_t')
DEBUG:pybindgen.typehandlers:try to lookup type handler for 'uint16_t' => success ((<class 'pybindgen.typehandlers.inttype.UInt16Return'>, None, <pybindgen.typehandlers.ctypeparser.TypeTraits object at 0x7f5da87c7b38>))
DEBUG:pybindgen.typehandlers:TypeMatcher.lookup('uint16_t')
DEBUG:pybindgen.typehandlers:try to lookup type handler for 'uint16_t' => success ((<class 'pybindgen.typehandlers.inttype.UInt16Return'>, None, <pybindgen.typehandlers.ctypeparser.TypeTraits object at 0x7f5da87c7ef0>))
DEBUG:pybindgen.typehandlers:TypeMatcher.lookup('int32_t')
DEBUG:pybindgen.typehandlers:try to lookup type handler for 'int32_t' => success ((<class 'pybindgen.typehandlers.inttype.IntReturn'>, None, <pybindgen.typehandlers.ctypeparser.TypeTraits object at 0x7f5da87ce2e8>))
DEBUG:pybindgen.typehandlers:TypeMatcher.lookup('uint32_t')
DEBUG:pybindgen.typehandlers:try to lookup type handler for 'uint32_t' => success ((<class 'pybindgen.typehandlers.inttype.UnsignedIntReturn'>, None, <pybindgen.typehandlers.ctypeparser.TypeTraits object at 0x7f5da87ce6d8>))
DEBUG:pybindgen.typehandlers:TypeMatcher.lookup('uint32_t')
DEBUG:pybindgen.typehandlers:try to lookup type handler for 'uint32_t' => success ((<class 'pybindgen.typehandlers.inttype.UnsignedIntReturn'>, None, <pybindgen.typehandlers.ctypeparser.TypeTraits object at 0x7f5da87cea90>))
DEBUG:pybindgen.typehandlers:TypeMatcher.lookup('uint32_t')
DEBUG:pybindgen.typehandlers:try to lookup type handler for 'uint32_t' => success ((<class 'pybindgen.typehandlers.inttype.UnsignedIntReturn'>, None, <pybindgen.typehandlers.ctypeparser.TypeTraits object at 0x7f5da87ceb00>))
DEBUG:pybindgen.typehandlers:TypeMatcher.lookup('ns3::SimpleRefCount< ns3::AttributeAccessor, ns3::empty, ns3::DefaultDeleter< ns3::AttributeAccessor > > const &')
DEBUG:pybindgen.typehandlers:try to lookup type handler for 'ns3::SimpleRefCount< ns3::AttributeAccessor, ns3::empty, ns3::DefaultDeleter< ns3::AttributeAccessor > > const &' => success ((<class 'pybindgen.cppclass.CppClass.__init__.<locals>.ThisClassRefParameter'>, None, <pybindgen.typehandlers.ctypeparser.TypeTraits object at 0x7f5da87d51d0>))
DEBUG:pybindgen.typehandlers:TypeMatcher.lookup('ns3::SimpleRefCount< ns3::AttributeChecker, ns3::empty, ns3::DefaultDeleter< ns3::AttributeChecker > > const &')
DEBUG:pybindgen.typehandlers:try to lookup type handler for 'ns3::SimpleRefCount< ns3::AttributeChecker, ns3::empty, ns3::DefaultDeleter< ns3::AttributeChecker > > const &' => success ((<class 'pybindgen.cppclass.CppClass.__init__.<locals>.ThisClassRefParameter'>, None, <pybindgen.typehandlers.ctypeparser.TypeTraits object at 0x7f5da87d5a58>))
DEBUG:pybindgen.typehandlers:TypeMatcher.lookup('ns3::SimpleRefCount< ns3::AttributeValue, ns3::empty, ns3::DefaultDeleter< ns3::AttributeValue > > const &')
DEBUG:pybindgen.typehandlers:try to lookup type handler for 'ns3::SimpleRefCount< ns3::AttributeValue, ns3::empty, ns3::DefaultDeleter< ns3::AttributeValue > > const &' => success ((<class 'pybindgen.cppclass.CppClass.__init__.<locals>.ThisClassRefParameter'>, None, <pybindgen.typehandlers.ctypeparser.TypeTraits object at 0x7f5da875d320>))
DEBUG:pybindgen.typehandlers:TypeMatcher.lookup('ns3::SimpleRefCount< ns3::CallbackImplBase, ns3::empty, ns3::DefaultDeleter< ns3::CallbackImplBase > > const &')
DEBUG:pybindgen.typehandlers:try to lookup type handler for 'ns3::SimpleRefCount< ns3::CallbackImplBase, ns3::empty, ns3::DefaultDeleter< ns3::CallbackImplBase > > const &' => success ((<class 'pybindgen.cppclass.CppClass.__init__.<locals>.ThisClassRefParameter'>, None, <pybindgen.typehandlers.ctypeparser.TypeTraits object at 0x7f5da875dba8>))
DEBUG:pybindgen.typehandlers:TypeMatcher.lookup('ns3::SimpleRefCount< ns3::EventImpl, ns3::empty, ns3::DefaultDeleter< ns3::EventImpl > > const &')
DEBUG:pybindgen.typehandlers:try to lookup type handler for 'ns3::SimpleRefCount< ns3::EventImpl, ns3::empty, ns3::DefaultDeleter< ns3::EventImpl > > const &' => success ((<class 'pybindgen.cppclass.CppClass.__init__.<locals>.ThisClassRefParameter'>, None, <pybindgen.typehandlers.ctypeparser.TypeTraits object at 0x7f5da8763470>))
DEBUG:pybindgen.typehandlers:TypeMatcher.lookup('ns3::SimpleRefCount< ns3::FdReader, ns3::empty, ns3::DefaultDeleter< ns3::FdReader > > const &')
DEBUG:pybindgen.typehandlers:try to lookup type handler for 'ns3::SimpleRefCount< ns3::FdReader, ns3::empty, ns3::DefaultDeleter< ns3::FdReader > > const &' => success ((<class 'pybindgen.cppclass.CppClass.__init__.<locals>.ThisClassRefParameter'>, None, <pybindgen.typehandlers.ctypeparser.TypeTraits object at 0x7f5da8763cf8>))
DEBUG:pybindgen.typehandlers:TypeMatcher.lookup('ns3::SimpleRefCount< ns3::Hash::Implementation, ns3::empty, ns3::DefaultDeleter< ns3::Hash::Implementation > > const &')
DEBUG:pybindgen.typehandlers:try to lookup type handler for 'ns3::SimpleRefCount< ns3::Hash::Implementation, ns3::empty, ns3::DefaultDeleter< ns3::Hash::Implementation > > const &' => success ((<class 'pybindgen.cppclass.CppClass.__init__.<locals>.ThisClassRefParameter'>, None, <pybindgen.typehandlers.ctypeparser.TypeTraits object at 0x7f5da876c5c0>))
DEBUG:pybindgen.typehandlers:TypeMatcher.lookup('ns3::SimpleRefCount< ns3::NixVector, ns3::empty, ns3::DefaultDeleter< ns3::NixVector > > const &')
DEBUG:pybindgen.typehandlers:try to lookup type handler for 'ns3::SimpleRefCount< ns3::NixVector, ns3::empty, ns3::DefaultDeleter< ns3::NixVector > > const &' => success ((<class 'pybindgen.cppclass.CppClass.__init__.<locals>.ThisClassRefParameter'>, None, <pybindgen.typehandlers.ctypeparser.TypeTraits object at 0x7f5da876ce48>))
DEBUG:pybindgen.typehandlers:TypeMatcher.lookup('ns3::SimpleRefCount< ns3::OutputStreamWrapper, ns3::empty, ns3::DefaultDeleter< ns3::OutputStreamWrapper > > const &')
DEBUG:pybindgen.typehandlers:try to lookup type handler for 'ns3::SimpleRefCount< ns3::OutputStreamWrapper, ns3::empty, ns3::DefaultDeleter< ns3::OutputStreamWrapper > > const &' => success ((<class 'pybindgen.cppclass.CppClass.__init__.<locals>.ThisClassRefParameter'>, None, <pybindgen.typehandlers.ctypeparser.TypeTraits object at 0x7f5da8775710>))
DEBUG:pybindgen.typehandlers:TypeMatcher.lookup('ns3::SimpleRefCount< ns3::Packet, ns3::empty, ns3::DefaultDeleter< ns3::Packet > > const &')
DEBUG:pybindgen.typehandlers:try to lookup type handler for 'ns3::SimpleRefCount< ns3::Packet, ns3::empty, ns3::DefaultDeleter< ns3::Packet > > const &' => success ((<class 'pybindgen.cppclass.CppClass.__init__.<locals>.ThisClassRefParameter'>, None, <pybindgen.typehandlers.ctypeparser.TypeTraits object at 0x7f5da8775f98>))
DEBUG:pybindgen.typehandlers:TypeMatcher.lookup('ns3::SimpleRefCount< ns3::SystemThread, ns3::empty, ns3::DefaultDeleter< ns3::SystemThread > > const &')
DEBUG:pybindgen.typehandlers:try to lookup type handler for 'ns3::SimpleRefCount< ns3::SystemThread, ns3::empty, ns3::DefaultDeleter< ns3::SystemThread > > const &' => success ((<class 'pybindgen.cppclass.CppClass.__init__.<locals>.ThisClassRefParameter'>, None, <pybindgen.typehandlers.ctypeparser.TypeTraits object at 0x7f5da877d860>))
DEBUG:pybindgen.typehandlers:TypeMatcher.lookup('ns3::SimpleRefCount< ns3::TraceSourceAccessor, ns3::empty, ns3::DefaultDeleter< ns3::TraceSourceAccessor > > const &')
DEBUG:pybindgen.typehandlers:try to lookup type handler for 'ns3::SimpleRefCount< ns3::TraceSourceAccessor, ns3::empty, ns3::DefaultDeleter< ns3::TraceSourceAccessor > > const &' => success ((<class 'pybindgen.cppclass.CppClass.__init__.<locals>.ThisClassRefParameter'>, None, <pybindgen.typehandlers.ctypeparser.TypeTraits object at 0x7f5da8783128>))
DEBUG:pybindgen.typehandlers:TypeMatcher.lookup('ns3::SystemThread const &')
DEBUG:pybindgen.typehandlers:try to lookup type handler for 'ns3::SystemThread const &' => success ((<class 'pybindgen.cppclass.CppClass.__init__.<locals>.ThisClassRefParameter'>, None, <pybindgen.typehandlers.ctypeparser.TypeTraits object at 0x7f5da8783748>))
DEBUG:pybindgen.typehandlers:TypeMatcher.lookup('ns3::Callback< void, ns3::empty, ns3::empty, ns3::empty, ns3::empty, ns3::empty, ns3::empty, ns3::empty, ns3::empty, ns3::empty >')
DEBUG:pybindgen.typehandlers:try to lookup type handler for 'ns3::Callback< void, ns3::empty, ns3::empty, ns3::empty, ns3::empty, ns3::empty, ns3::empty, ns3::empty, ns3::empty, ns3::empty >' => success ((<class 'ns3modulegen_core_customizations.register_callback_classes.<locals>.PythonCallbackParameter'>, None, <pybindgen.typehandlers.ctypeparser.TypeTraits object at 0x7f5da8783b38>))
DEBUG:pybindgen.typehandlers:TypeMatcher.lookup('bool')
DEBUG:pybindgen.typehandlers:try to lookup type handler for 'bool' => success ((<class 'pybindgen.typehandlers.booltype.BoolReturn'>, None, <pybindgen.typehandlers.ctypeparser.TypeTraits object at 0x7f5da878b358>))
DEBUG:pybindgen.typehandlers:TypeMatcher.lookup('pthread_t')
DEBUG:pybindgen.typehandlers:try to lookup type handler for 'pthread_t' => failure
'pthread_t' did not match
/home/cs18/tarballs/ns-allinone-3.34/ns-3.34/src/fd-net-device/bindings/modulegen__gcc_LP64.py:3837: Warning: exception TypeLookupError(['pthread_t'],) in wrapper public: retval? ???::Equals (params?);
  is_static=True)
DEBUG:pybindgen.typehandlers:TypeMatcher.lookup('void')
DEBUG:pybindgen.typehandlers:try to lookup type handler for 'void' => success ((<class 'pybindgen.typehandlers.voidtype.VoidReturn'>, None, <pybindgen.typehandlers.ctypeparser.TypeTraits object at 0x7f5da878b4a8>))
DEBUG:pybindgen.typehandlers:TypeMatcher.lookup('ns3::SystemThread::ThreadId')
DEBUG:pybindgen.typehandlers:try to lookup type handler for 'ns3::SystemThread::ThreadId' => failure
'ns3::SystemThread::ThreadId' did not match
/home/cs18/tarballs/ns-allinone-3.34/ns-3.34/src/fd-net-device/bindings/modulegen__gcc_LP64.py:3846: Warning: exception TypeLookupError(['ns3::SystemThread::ThreadId'],) in wrapper public: retval? ???::Self (params?);
  is_static=True)
DEBUG:pybindgen.typehandlers:TypeMatcher.lookup('void')
DEBUG:pybindgen.typehandlers:try to lookup type handler for 'void' => success ((<class 'pybindgen.typehandlers.voidtype.VoidReturn'>, None, <pybindgen.typehandlers.ctypeparser.TypeTraits object at 0x7f5da878b828>))
DEBUG:pybindgen.typehandlers:TypeMatcher.lookup('ns3::TraceSourceAccessor const &')
DEBUG:pybindgen.typehandlers:try to lookup type handler for 'ns3::TraceSourceAccessor const &' => success ((<class 'pybindgen.cppclass.CppClass.__init__.<locals>.ThisClassRefParameter'>, None, <pybindgen.typehandlers.ctypeparser.TypeTraits object at 0x7f5da878bc18>))
DEBUG:pybindgen.typehandlers:TypeMatcher.lookup('bool')
DEBUG:pybindgen.typehandlers:try to lookup type handler for 'bool' => success ((<class 'pybindgen.typehandlers.booltype.BoolReturn'>, None, <pybindgen.typehandlers.ctypeparser.TypeTraits object at 0x7f5da8795278>))
DEBUG:pybindgen.typehandlers:TypeMatcher.lookup('ns3::ObjectBase *')
DEBUG:pybindgen.typehandlers:try to lookup type handler for 'ns3::ObjectBase *' => success ((<class 'pybindgen.cppclass.CppClass.__init__.<locals>.ThisClassPtrParameter'>, None, <pybindgen.typehandlers.ctypeparser.TypeTraits object at 0x7f5da87953c8>))
DEBUG:pybindgen.typehandlers:TypeMatcher.lookup('std::string')
DEBUG:pybindgen.typehandlers:try to lookup type handler for 'std::string' => success ((<class 'pybindgen.typehandlers.stringtype.StdStringParam'>, None, <pybindgen.typehandlers.ctypeparser.TypeTraits object at 0x7f5da87954e0>))
DEBUG:pybindgen.typehandlers:TypeMatcher.lookup('ns3::CallbackBase const &')
DEBUG:pybindgen.typehandlers:try to lookup type handler for 'ns3::CallbackBase const &' => success ((<class 'pybindgen.cppclass.CppClass.__init__.<locals>.ThisClassRefParameter'>, None, <pybindgen.typehandlers.ctypeparser.TypeTraits object at 0x7f5da8795588>))
DEBUG:pybindgen.typehandlers:TypeMatcher.lookup('bool')
DEBUG:pybindgen.typehandlers:try to lookup type handler for 'bool' => success ((<class 'pybindgen.typehandlers.booltype.BoolReturn'>, None, <pybindgen.typehandlers.ctypeparser.TypeTraits object at 0x7f5da87959b0>))
DEBUG:pybindgen.typehandlers:TypeMatcher.lookup('ns3::ObjectBase *')
DEBUG:pybindgen.typehandlers:try to lookup type handler for 'ns3::ObjectBase *' => success ((<class 'pybindgen.cppclass.CppClass.__init__.<locals>.ThisClassPtrParameter'>, None, <pybindgen.typehandlers.ctypeparser.TypeTraits object at 0x7f5da8795b00>))
DEBUG:pybindgen.typehandlers:TypeMatcher.lookup('ns3::CallbackBase const &')
DEBUG:pybindgen.typehandlers:try to lookup type handler for 'ns3::CallbackBase const &' => success ((<class 'pybindgen.cppclass.CppClass.__init__.<locals>.ThisClassRefParameter'>, None, <pybindgen.typehandlers.ctypeparser.TypeTraits object at 0x7f5da8795c18>))
DEBUG:pybindgen.typehandlers:TypeMatcher.lookup('bool')
DEBUG:pybindgen.typehandlers:try to lookup type handler for 'bool' => success ((<class 'pybindgen.typehandlers.booltype.BoolReturn'>, None, <pybindgen.typehandlers.ctypeparser.TypeTraits object at 0x7f5da871b048>))
DEBUG:pybindgen.typehandlers:TypeMatcher.lookup('ns3::ObjectBase *')
DEBUG:pybindgen.typehandlers:try to lookup type handler for 'ns3::ObjectBase *' => success ((<class 'pybindgen.cppclass.CppClass.__init__.<locals>.ThisClassPtrParameter'>, None, <pybindgen.typehandlers.ctypeparser.TypeTraits object at 0x7f5da871b198>))
DEBUG:pybindgen.typehandlers:TypeMatcher.lookup('std::string')
DEBUG:pybindgen.typehandlers:try to lookup type handler for 'std::string' => success ((<class 'pybindgen.typehandlers.stringtype.StdStringParam'>, None, <pybindgen.typehandlers.ctypeparser.TypeTraits object at 0x7f5da871b2b0>))
DEBUG:pybindgen.typehandlers:TypeMatcher.lookup('ns3::CallbackBase const &')
DEBUG:pybindgen.typehandlers:try to lookup type handler for 'ns3::CallbackBase const &' => success ((<class 'pybindgen.cppclass.CppClass.__init__.<locals>.ThisClassRefParameter'>, None, <pybindgen.typehandlers.ctypeparser.TypeTraits object at 0x7f5da871b358>))
DEBUG:pybindgen.typehandlers:TypeMatcher.lookup('bool')
DEBUG:pybindgen.typehandlers:try to lookup type handler for 'bool' => success ((<class 'pybindgen.typehandlers.booltype.BoolReturn'>, None, <pybindgen.typehandlers.ctypeparser.TypeTraits object at 0x7f5da871b780>))
DEBUG:pybindgen.typehandlers:TypeMatcher.lookup('ns3::ObjectBase *')
DEBUG:pybindgen.typehandlers:try to lookup type handler for 'ns3::ObjectBase *' => success ((<class 'pybindgen.cppclass.CppClass.__init__.<locals>.ThisClassPtrParameter'>, None, <pybindgen.typehandlers.ctypeparser.TypeTraits object at 0x7f5da871b8d0>))
DEBUG:pybindgen.typehandlers:TypeMatcher.lookup('ns3::CallbackBase const &')
DEBUG:pybindgen.typehandlers:try to lookup type handler for 'ns3::CallbackBase const &' => success ((<class 'pybindgen.cppclass.CppClass.__init__.<locals>.ThisClassRefParameter'>, None, <pybindgen.typehandlers.ctypeparser.TypeTraits object at 0x7f5da871b9e8>))
DEBUG:pybindgen.typehandlers:TypeMatcher.lookup('ns3::Trailer const &')
DEBUG:pybindgen.typehandlers:try to lookup type handler for 'ns3::Trailer const &' => success ((<class 'pybindgen.cppclass.CppClass.__init__.<locals>.ThisClassRefParameter'>, None, <pybindgen.typehandlers.ctypeparser.TypeTraits object at 0x7f5da871bfd0>))
DEBUG:pybindgen.typehandlers:TypeMatcher.lookup('uint32_t')
DEBUG:pybindgen.typehandlers:try to lookup type handler for 'uint32_t' => success ((<class 'pybindgen.typehandlers.inttype.UnsignedIntReturn'>, None, <pybindgen.typehandlers.ctypeparser.TypeTraits object at 0x7f5da87223c8>))
DEBUG:pybindgen.typehandlers:TypeMatcher.lookup('ns3::Buffer::Iterator')
DEBUG:pybindgen.typehandlers:try to lookup type handler for 'ns3::Buffer::Iterator' => success ((<class 'pybindgen.cppclass.CppClass.__init__.<locals>.ThisClassParameter'>, None, <pybindgen.typehandlers.ctypeparser.TypeTraits object at 0x7f5da87224e0>))
DEBUG:pybindgen.typehandlers:TypeMatcher.lookup('uint32_t')
DEBUG:pybindgen.typehandlers:try to lookup type handler for 'uint32_t' => success ((<class 'pybindgen.typehandlers.inttype.UnsignedIntReturn'>, None, <pybindgen.typehandlers.ctypeparser.TypeTraits object at 0x7f5da8722828>))
DEBUG:pybindgen.typehandlers:TypeMatcher.lookup('ns3::Buffer::Iterator')
DEBUG:pybindgen.typehandlers:try to lookup type handler for 'ns3::Buffer::Iterator' => success ((<class 'pybindgen.cppclass.CppClass.__init__.<locals>.ThisClassParameter'>, None, <pybindgen.typehandlers.ctypeparser.TypeTraits object at 0x7f5da8722940>))
DEBUG:pybindgen.typehandlers:TypeMatcher.lookup('ns3::Buffer::Iterator')
DEBUG:pybindgen.typehandlers:try to lookup type handler for 'ns3::Buffer::Iterator' => success ((<class 'pybindgen.cppclass.CppClass.__init__.<locals>.ThisClassParameter'>, None, <pybindgen.typehandlers.ctypeparser.TypeTraits object at 0x7f5da87229e8>))
DEBUG:pybindgen.typehandlers:TypeMatcher.lookup('uint32_t')
DEBUG:pybindgen.typehandlers:try to lookup type handler for 'uint32_t' => success ((<class 'pybindgen.typehandlers.inttype.UnsignedIntReturn'>, None, <pybindgen.typehandlers.ctypeparser.TypeTraits object at 0x7f5da8722d30>))
DEBUG:pybindgen.typehandlers:TypeMatcher.lookup('ns3::TypeId')
DEBUG:pybindgen.typehandlers:try to lookup type handler for 'ns3::TypeId' => success ((<class 'pybindgen.cppclass.CppClass.__init__.<locals>.ThisClassReturn'>, None, <pybindgen.typehandlers.ctypeparser.TypeTraits object at 0x7f5da87290f0>))
DEBUG:pybindgen.typehandlers:TypeMatcher.lookup('void')
DEBUG:pybindgen.typehandlers:try to lookup type handler for 'void' => success ((<class 'pybindgen.typehandlers.voidtype.VoidReturn'>, None, <pybindgen.typehandlers.ctypeparser.TypeTraits object at 0x7f5da8729470>))
DEBUG:pybindgen.typehandlers:TypeMatcher.lookup('std::ostream &')
DEBUG:pybindgen.typehandlers:try to lookup type handler for 'std::ostream &' => failure
'std::ostream &' did not match
/home/cs18/tarballs/ns-allinone-3.34/ns-3.34/src/fd-net-device/bindings/modulegen__gcc_LP64.py:3910: Warning: exception TypeLookupError(['std::ostream &'],) in wrapper public: virtual retval? ???::Print (params?) const = 0;
  is_const=True, is_pure_virtual=True, is_virtual=True)
DEBUG:pybindgen.typehandlers:TypeMatcher.lookup('void')
DEBUG:pybindgen.typehandlers:try to lookup type handler for 'void' => success ((<class 'pybindgen.typehandlers.voidtype.VoidReturn'>, None, <pybindgen.typehandlers.ctypeparser.TypeTraits object at 0x7f5da8729b38>))
DEBUG:pybindgen.typehandlers:TypeMatcher.lookup('ns3::Buffer::Iterator')
DEBUG:pybindgen.typehandlers:try to lookup type handler for 'ns3::Buffer::Iterator' => success ((<class 'pybindgen.cppclass.CppClass.__init__.<locals>.ThisClassParameter'>, None, <pybindgen.typehandlers.ctypeparser.TypeTraits object at 0x7f5da8729c88>))
DEBUG:pybindgen.typehandlers:TypeMatcher.lookup('ns3::AttributeAccessor const &')
DEBUG:pybindgen.typehandlers:try to lookup type handler for 'ns3::AttributeAccessor const &' => success ((<class 'pybindgen.cppclass.CppClass.__init__.<locals>.ThisClassRefParameter'>, None, <pybindgen.typehandlers.ctypeparser.TypeTraits object at 0x7f5da8733048>))
DEBUG:pybindgen.typehandlers:TypeMatcher.lookup('bool')
DEBUG:pybindgen.typehandlers:try to lookup type handler for 'bool' => success ((<class 'pybindgen.typehandlers.booltype.BoolReturn'>, None, <pybindgen.typehandlers.ctypeparser.TypeTraits object at 0x7f5da8733438>))
DEBUG:pybindgen.typehandlers:TypeMatcher.lookup('ns3::ObjectBase const *')
DEBUG:pybindgen.typehandlers:try to lookup type handler for 'ns3::ObjectBase const *' => success ((<class 'pybindgen.cppclass.CppClass.__init__.<locals>.ThisClassPtrParameter'>, None, <pybindgen.typehandlers.ctypeparser.TypeTraits object at 0x7f5da8733588>))
DEBUG:pybindgen.typehandlers:TypeMatcher.lookup('ns3::AttributeValue &')
DEBUG:pybindgen.typehandlers:try to lookup type handler for 'ns3::AttributeValue &' => success ((<class 'pybindgen.cppclass.CppClass.__init__.<locals>.ThisClassRefParameter'>, None, <pybindgen.typehandlers.ctypeparser.TypeTraits object at 0x7f5da8733748>))
DEBUG:pybindgen.typehandlers:TypeMatcher.lookup('bool')
DEBUG:pybindgen.typehandlers:try to lookup type handler for 'bool' => success ((<class 'pybindgen.typehandlers.booltype.BoolReturn'>, None, <pybindgen.typehandlers.ctypeparser.TypeTraits object at 0x7f5da8733a90>))
DEBUG:pybindgen.typehandlers:TypeMatcher.lookup('bool')
DEBUG:pybindgen.typehandlers:try to lookup type handler for 'bool' => success ((<class 'pybindgen.typehandlers.booltype.BoolReturn'>, None, <pybindgen.typehandlers.ctypeparser.TypeTraits object at 0x7f5da8733e48>))
DEBUG:pybindgen.typehandlers:TypeMatcher.lookup('bool')
DEBUG:pybindgen.typehandlers:try to lookup type handler for 'bool' => success ((<class 'pybindgen.typehandlers.booltype.BoolReturn'>, None, <pybindgen.typehandlers.ctypeparser.TypeTraits object at 0x7f5da873a240>))
DEBUG:pybindgen.typehandlers:TypeMatcher.lookup('ns3::ObjectBase *')
DEBUG:pybindgen.typehandlers:try to lookup type handler for 'ns3::ObjectBase *' => success ((<class 'pybindgen.cppclass.CppClass.__init__.<locals>.ThisClassPtrParameter'>, None, <pybindgen.typehandlers.ctypeparser.TypeTraits object at 0x7f5da873a390>))
DEBUG:pybindgen.typehandlers:TypeMatcher.lookup('ns3::AttributeValue const &')
DEBUG:pybindgen.typehandlers:try to lookup type handler for 'ns3::AttributeValue const &' => success ((<class 'pybindgen.cppclass.CppClass.__init__.<locals>.ThisClassRefParameter'>, None, <pybindgen.typehandlers.ctypeparser.TypeTraits object at 0x7f5da873a4a8>))
DEBUG:pybindgen.typehandlers:TypeMatcher.lookup('ns3::AttributeChecker const &')
DEBUG:pybindgen.typehandlers:try to lookup type handler for 'ns3::AttributeChecker const &' => success ((<class 'pybindgen.cppclass.CppClass.__init__.<locals>.ThisClassRefParameter'>, None, <pybindgen.typehandlers.ctypeparser.TypeTraits object at 0x7f5da873a8d0>))
DEBUG:pybindgen.typehandlers:TypeMatcher.lookup('bool')
DEBUG:pybindgen.typehandlers:try to lookup type handler for 'bool' => success ((<class 'pybindgen.typehandlers.booltype.BoolReturn'>, None, <pybindgen.typehandlers.ctypeparser.TypeTraits object at 0x7f5da873aef0>))
DEBUG:pybindgen.typehandlers:TypeMatcher.lookup('ns3::AttributeValue const &')
DEBUG:pybindgen.typehandlers:try to lookup type handler for 'ns3::AttributeValue const &' => success ((<class 'pybindgen.cppclass.CppClass.__init__.<locals>.ThisClassRefParameter'>, None, <pybindgen.typehandlers.ctypeparser.TypeTraits object at 0x7f5da8740080>))
DEBUG:pybindgen.typehandlers:TypeMatcher.lookup('bool')
DEBUG:pybindgen.typehandlers:try to lookup type handler for 'bool' => success ((<class 'pybindgen.typehandlers.booltype.BoolReturn'>, None, <pybindgen.typehandlers.ctypeparser.TypeTraits object at 0x7f5da8740470>))
DEBUG:pybindgen.typehandlers:TypeMatcher.lookup('ns3::AttributeValue const &')
DEBUG:pybindgen.typehandlers:try to lookup type handler for 'ns3::AttributeValue const &' => success ((<class 'pybindgen.cppclass.CppClass.__init__.<locals>.ThisClassRefParameter'>, None, <pybindgen.typehandlers.ctypeparser.TypeTraits object at 0x7f5da87405c0>))
DEBUG:pybindgen.typehandlers:TypeMatcher.lookup('ns3::AttributeValue &')
DEBUG:pybindgen.typehandlers:try to lookup type handler for 'ns3::AttributeValue &' => success ((<class 'pybindgen.cppclass.CppClass.__init__.<locals>.ThisClassRefParameter'>, None, <pybindgen.typehandlers.ctypeparser.TypeTraits object at 0x7f5da8740780>))
DEBUG:pybindgen.typehandlers:TypeMatcher.lookup('ns3::Ptr< ns3::AttributeValue >')
DEBUG:pybindgen.typehandlers:try to lookup type handler for 'ns3::Ptr< ns3::AttributeValue >' => failure
DEBUG:pybindgen.typehandlers:try to lookup type handler for 'ns3::AttributeValue *' => success ((<class 'pybindgen.cppclass.MemoryPolicy.register_ptr_parameter_and_return.<locals>.ThisClassPtrReturn'>, <ns3modulegen_core_customizations.SmartPointerTransformation object at 0x7f5da907ba90>, <pybindgen.typehandlers.ctypeparser.TypeTraits object at 0x7f5da8740cf8>))
DEBUG:pybindgen.typehandlers:TypeMatcher.lookup('ns3::Ptr< ns3::AttributeValue >')
DEBUG:pybindgen.typehandlers:try to lookup type handler for 'ns3::Ptr< ns3::AttributeValue >' => failure
DEBUG:pybindgen.typehandlers:try to lookup type handler for 'ns3::AttributeValue *' => success ((<class 'pybindgen.cppclass.MemoryPolicy.register_ptr_parameter_and_return.<locals>.ThisClassPtrReturn'>, <ns3modulegen_core_customizations.SmartPointerTransformation object at 0x7f5da907ba90>, <pybindgen.typehandlers.ctypeparser.TypeTraits object at 0x7f5da87481d0>))
DEBUG:pybindgen.typehandlers:TypeMatcher.lookup('ns3::AttributeValue const &')
DEBUG:pybindgen.typehandlers:try to lookup type handler for 'ns3::AttributeValue const &' => success ((<class 'pybindgen.cppclass.CppClass.__init__.<locals>.ThisClassRefParameter'>, None, <pybindgen.typehandlers.ctypeparser.TypeTraits object at 0x7f5da8748128>))
DEBUG:pybindgen.typehandlers:TypeMatcher.lookup('std::string')
DEBUG:pybindgen.typehandlers:try to lookup type handler for 'std::string' => success ((<class 'pybindgen.typehandlers.stringtype.StdStringReturn'>, None, <pybindgen.typehandlers.ctypeparser.TypeTraits object at 0x7f5da87485c0>))
DEBUG:pybindgen.typehandlers:TypeMatcher.lookup('std::string')
DEBUG:pybindgen.typehandlers:try to lookup type handler for 'std::string' => success ((<class 'pybindgen.typehandlers.stringtype.StdStringReturn'>, None, <pybindgen.typehandlers.ctypeparser.TypeTraits object at 0x7f5da8748940>))
DEBUG:pybindgen.typehandlers:TypeMatcher.lookup('bool')
DEBUG:pybindgen.typehandlers:try to lookup type handler for 'bool' => success ((<class 'pybindgen.typehandlers.booltype.BoolReturn'>, None, <pybindgen.typehandlers.ctypeparser.TypeTraits object at 0x7f5da8748cc0>))
DEBUG:pybindgen.typehandlers:TypeMatcher.lookup('ns3::AttributeValue const &')
DEBUG:pybindgen.typehandlers:try to lookup type handler for 'ns3::AttributeValue const &' => success ((<class 'pybindgen.cppclass.CppClass.__init__.<locals>.ThisClassRefParameter'>, None, <pybindgen.typehandlers.ctypeparser.TypeTraits object at 0x7f5da87500f0>))
DEBUG:pybindgen.typehandlers:TypeMatcher.lookup('ns3::Ptr< ns3::AttributeValue >')
DEBUG:pybindgen.typehandlers:try to lookup type handler for 'ns3::Ptr< ns3::AttributeValue >' => failure
DEBUG:pybindgen.typehandlers:try to lookup type handler for 'ns3::AttributeValue *' => success ((<class 'pybindgen.cppclass.MemoryPolicy.register_ptr_parameter_and_return.<locals>.ThisClassPtrReturn'>, <ns3modulegen_core_customizations.SmartPointerTransformation object at 0x7f5da907ba90>, <pybindgen.typehandlers.ctypeparser.TypeTraits object at 0x7f5da8750940>))
DEBUG:pybindgen.typehandlers:TypeMatcher.lookup('bool')
DEBUG:pybindgen.typehandlers:try to lookup type handler for 'bool' => success ((<class 'pybindgen.typehandlers.booltype.BoolReturn'>, None, <pybindgen.typehandlers.ctypeparser.TypeTraits object at 0x7f5da8750ba8>))
DEBUG:pybindgen.typehandlers:TypeMatcher.lookup('std::string')
DEBUG:pybindgen.typehandlers:try to lookup type handler for 'std::string' => success ((<class 'pybindgen.typehandlers.stringtype.StdStringParam'>, None, <pybindgen.typehandlers.ctypeparser.TypeTraits object at 0x7f5da8750cf8>))
DEBUG:pybindgen.typehandlers:TypeMatcher.lookup('ns3::Ptr< ns3::AttributeChecker const >')
DEBUG:pybindgen.typehandlers:try to lookup type handler for 'ns3::Ptr< ns3::AttributeChecker const >' => failure
DEBUG:pybindgen.typehandlers:try to lookup type handler for 'ns3::AttributeChecker *' => success ((<class 'pybindgen.cppclass.MemoryPolicy.register_ptr_parameter_and_return.<locals>.ThisClassPtrParameter'>, <ns3modulegen_core_customizations.SmartPointerTransformation object at 0x7f5da907ba90>, <pybindgen.typehandlers.ctypeparser.TypeTraits object at 0x7f5da8755080>))
DEBUG:pybindgen.typehandlers:TypeMatcher.lookup('std::string')
DEBUG:pybindgen.typehandlers:try to lookup type handler for 'std::string' => success ((<class 'pybindgen.typehandlers.stringtype.StdStringReturn'>, None, <pybindgen.typehandlers.ctypeparser.TypeTraits object at 0x7f5da87552e8>))
DEBUG:pybindgen.typehandlers:TypeMatcher.lookup('ns3::Ptr< ns3::AttributeChecker const >')
DEBUG:pybindgen.typehandlers:try to lookup type handler for 'ns3::Ptr< ns3::AttributeChecker const >' => failure
DEBUG:pybindgen.typehandlers:try to lookup type handler for 'ns3::AttributeChecker *' => success ((<class 'pybindgen.cppclass.MemoryPolicy.register_ptr_parameter_and_return.<locals>.ThisClassPtrParameter'>, <ns3modulegen_core_customizations.SmartPointerTransformation object at 0x7f5da907ba90>, <pybindgen.typehandlers.ctypeparser.TypeTraits object at 0x7f5da8755668>))
DEBUG:pybindgen.typehandlers:TypeMatcher.lookup('ns3::CallbackChecker const &')
DEBUG:pybindgen.typehandlers:try to lookup type handler for 'ns3::CallbackChecker const &' => success ((<class 'pybindgen.cppclass.CppClass.__init__.<locals>.ThisClassRefParameter'>, None, <pybindgen.typehandlers.ctypeparser.TypeTraits object at 0x7f5da8755b70>))
DEBUG:pybindgen.typehandlers:TypeMatcher.lookup('ns3::CallbackImplBase const &')
DEBUG:pybindgen.typehandlers:try to lookup type handler for 'ns3::CallbackImplBase const &' => success ((<class 'pybindgen.cppclass.CppClass.__init__.<locals>.ThisClassRefParameter'>, None, <pybindgen.typehandlers.ctypeparser.TypeTraits object at 0x7f5da86dd208>))
DEBUG:pybindgen.typehandlers:TypeMatcher.lookup('std::string')
DEBUG:pybindgen.typehandlers:try to lookup type handler for 'std::string' => success ((<class 'pybindgen.typehandlers.stringtype.StdStringReturn'>, None, <pybindgen.typehandlers.ctypeparser.TypeTraits object at 0x7f5da86dd5c0>))
DEBUG:pybindgen.typehandlers:TypeMatcher.lookup('bool')
DEBUG:pybindgen.typehandlers:try to lookup type handler for 'bool' => success ((<class 'pybindgen.typehandlers.booltype.BoolReturn'>, None, <pybindgen.typehandlers.ctypeparser.TypeTraits object at 0x7f5da86dd940>))
DEBUG:pybindgen.typehandlers:TypeMatcher.lookup('ns3::Ptr< ns3::CallbackImplBase const >')
DEBUG:pybindgen.typehandlers:try to lookup type handler for 'ns3::Ptr< ns3::CallbackImplBase const >' => failure
DEBUG:pybindgen.typehandlers:try to lookup type handler for 'ns3::CallbackImplBase *' => success ((<class 'pybindgen.cppclass.MemoryPolicy.register_ptr_parameter_and_return.<locals>.ThisClassPtrParameter'>, <ns3modulegen_core_customizations.SmartPointerTransformation object at 0x7f5da907ba90>, <pybindgen.typehandlers.ctypeparser.TypeTraits object at 0x7f5da86ddcf8>))
DEBUG:pybindgen.typehandlers:TypeMatcher.lookup('std::string')
DEBUG:pybindgen.typehandlers:try to lookup type handler for 'std::string' => success ((<class 'pybindgen.typehandlers.stringtype.StdStringReturn'>, None, <pybindgen.typehandlers.ctypeparser.TypeTraits object at 0x7f5da86ddf60>))
DEBUG:pybindgen.typehandlers:TypeMatcher.lookup('std::string const &')
DEBUG:pybindgen.typehandlers:try to lookup type handler for 'std::string const &' => success ((<class 'pybindgen.typehandlers.stringtype.StdStringRefParam'>, None, <pybindgen.typehandlers.ctypeparser.TypeTraits object at 0x7f5da86e50b8>))
DEBUG:pybindgen.typehandlers:TypeMatcher.lookup('std::string')
DEBUG:pybindgen.typehandlers:try to lookup type handler for 'std::string' => success ((<class 'pybindgen.typehandlers.stringtype.StdStringReturn'>, None, <pybindgen.typehandlers.ctypeparser.TypeTraits object at 0x7f5da86ddf98>))
DEBUG:pybindgen.typehandlers:TypeMatcher.lookup('std::string')
DEBUG:pybindgen.typehandlers:try to lookup type handler for 'std::string' => success ((<class 'pybindgen.typehandlers.stringtype.StdStringReturn'>, None, <pybindgen.typehandlers.ctypeparser.TypeTraits object at 0x7f5da86ddf60>))
DEBUG:pybindgen.typehandlers:TypeMatcher.lookup('std::string')
DEBUG:pybindgen.typehandlers:try to lookup type handler for 'std::string' => success ((<class 'pybindgen.typehandlers.stringtype.StdStringReturn'>, None, <pybindgen.typehandlers.ctypeparser.TypeTraits object at 0x7f5da86ddf98>))
DEBUG:pybindgen.typehandlers:TypeMatcher.lookup('std::string')
DEBUG:pybindgen.typehandlers:try to lookup type handler for 'std::string' => success ((<class 'pybindgen.typehandlers.stringtype.StdStringReturn'>, None, <pybindgen.typehandlers.ctypeparser.TypeTraits object at 0x7f5da86ddf60>))
DEBUG:pybindgen.typehandlers:TypeMatcher.lookup('std::string')
DEBUG:pybindgen.typehandlers:try to lookup type handler for 'std::string' => success ((<class 'pybindgen.typehandlers.stringtype.StdStringReturn'>, None, <pybindgen.typehandlers.ctypeparser.TypeTraits object at 0x7f5da86ddf98>))
DEBUG:pybindgen.typehandlers:TypeMatcher.lookup('std::string')
DEBUG:pybindgen.typehandlers:try to lookup type handler for 'std::string' => success ((<class 'pybindgen.typehandlers.stringtype.StdStringReturn'>, None, <pybindgen.typehandlers.ctypeparser.TypeTraits object at 0x7f5da86ddf60>))
DEBUG:pybindgen.typehandlers:TypeMatcher.lookup('std::string')
DEBUG:pybindgen.typehandlers:try to lookup type handler for 'std::string' => success ((<class 'pybindgen.typehandlers.stringtype.StdStringReturn'>, None, <pybindgen.typehandlers.ctypeparser.TypeTraits object at 0x7f5da86ddf98>))
DEBUG:pybindgen.typehandlers:TypeMatcher.lookup('std::string')
DEBUG:pybindgen.typehandlers:try to lookup type handler for 'std::string' => success ((<class 'pybindgen.typehandlers.stringtype.StdStringReturn'>, None, <pybindgen.typehandlers.ctypeparser.TypeTraits object at 0x7f5da86ddf60>))
DEBUG:pybindgen.typehandlers:TypeMatcher.lookup('std::string')
DEBUG:pybindgen.typehandlers:try to lookup type handler for 'std::string' => success ((<class 'pybindgen.typehandlers.stringtype.StdStringReturn'>, None, <pybindgen.typehandlers.ctypeparser.TypeTraits object at 0x7f5da86ddf98>))
DEBUG:pybindgen.typehandlers:TypeMatcher.lookup('ns3::CallbackValue const &')
DEBUG:pybindgen.typehandlers:try to lookup type handler for 'ns3::CallbackValue const &' => success ((<class 'pybindgen.cppclass.CppClass.__init__.<locals>.ThisClassRefParameter'>, None, <pybindgen.typehandlers.ctypeparser.TypeTraits object at 0x7f5da86ddf98>))
DEBUG:pybindgen.typehandlers:TypeMatcher.lookup('ns3::CallbackBase const &')
DEBUG:pybindgen.typehandlers:try to lookup type handler for 'ns3::CallbackBase const &' => success ((<class 'pybindgen.cppclass.CppClass.__init__.<locals>.ThisClassRefParameter'>, None, <pybindgen.typehandlers.ctypeparser.TypeTraits object at 0x7f5da86e8630>))
DEBUG:pybindgen.typehandlers:TypeMatcher.lookup('ns3::Ptr< ns3::AttributeValue >')
DEBUG:pybindgen.typehandlers:try to lookup type handler for 'ns3::Ptr< ns3::AttributeValue >' => failure
DEBUG:pybindgen.typehandlers:try to lookup type handler for 'ns3::AttributeValue *' => success ((<class 'pybindgen.cppclass.MemoryPolicy.register_ptr_parameter_and_return.<locals>.ThisClassPtrReturn'>, <ns3modulegen_core_customizations.SmartPointerTransformation object at 0x7f5da907ba90>, <pybindgen.typehandlers.ctypeparser.TypeTraits object at 0x7f5da8d52e48>))
DEBUG:pybindgen.typehandlers:TypeMatcher.lookup('bool')
DEBUG:pybindgen.typehandlers:try to lookup type handler for 'bool' => success ((<class 'pybindgen.typehandlers.booltype.BoolReturn'>, None, <pybindgen.typehandlers.ctypeparser.TypeTraits object at 0x7f5da86e8c50>))
DEBUG:pybindgen.typehandlers:TypeMatcher.lookup('std::string')
DEBUG:pybindgen.typehandlers:try to lookup type handler for 'std::string' => success ((<class 'pybindgen.typehandlers.stringtype.StdStringParam'>, None, <pybindgen.typehandlers.ctypeparser.TypeTraits object at 0x7f5da86e8da0>))
DEBUG:pybindgen.typehandlers:TypeMatcher.lookup('ns3::Ptr< ns3::AttributeChecker const >')
DEBUG:pybindgen.typehandlers:try to lookup type handler for 'ns3::Ptr< ns3::AttributeChecker const >' => failure
DEBUG:pybindgen.typehandlers:try to lookup type handler for 'ns3::AttributeChecker *' => success ((<class 'pybindgen.cppclass.MemoryPolicy.register_ptr_parameter_and_return.<locals>.ThisClassPtrParameter'>, <ns3modulegen_core_customizations.SmartPointerTransformation object at 0x7f5da907ba90>, <pybindgen.typehandlers.ctypeparser.TypeTraits object at 0x7f5da86ee128>))
DEBUG:pybindgen.typehandlers:TypeMatcher.lookup('std::string')
DEBUG:pybindgen.typehandlers:try to lookup type handler for 'std::string' => success ((<class 'pybindgen.typehandlers.stringtype.StdStringReturn'>, None, <pybindgen.typehandlers.ctypeparser.TypeTraits object at 0x7f5da86ee390>))
DEBUG:pybindgen.typehandlers:TypeMatcher.lookup('ns3::Ptr< ns3::AttributeChecker const >')
DEBUG:pybindgen.typehandlers:try to lookup type handler for 'ns3::Ptr< ns3::AttributeChecker const >' => failure
DEBUG:pybindgen.typehandlers:try to lookup type handler for 'ns3::AttributeChecker *' => success ((<class 'pybindgen.cppclass.MemoryPolicy.register_ptr_parameter_and_return.<locals>.ThisClassPtrParameter'>, <ns3modulegen_core_customizations.SmartPointerTransformation object at 0x7f5da907ba90>, <pybindgen.typehandlers.ctypeparser.TypeTraits object at 0x7f5da86ee710>))
DEBUG:pybindgen.typehandlers:TypeMatcher.lookup('void')
DEBUG:pybindgen.typehandlers:try to lookup type handler for 'void' => success ((<class 'pybindgen.typehandlers.voidtype.VoidReturn'>, None, <pybindgen.typehandlers.ctypeparser.TypeTraits object at 0x7f5da86ee978>))
DEBUG:pybindgen.typehandlers:TypeMatcher.lookup('ns3::CallbackBase')
DEBUG:pybindgen.typehandlers:try to lookup type handler for 'ns3::CallbackBase' => success ((<class 'pybindgen.cppclass.CppClass.__init__.<locals>.ThisClassParameter'>, None, <pybindgen.typehandlers.ctypeparser.TypeTraits object at 0x7f5da86eeac8>))
DEBUG:pybindgen.typehandlers:TypeMatcher.lookup('ns3::DataRateChecker const &')
DEBUG:pybindgen.typehandlers:try to lookup type handler for 'ns3::DataRateChecker const &' => success ((<class 'pybindgen.cppclass.CppClass.__init__.<locals>.ThisClassRefParameter'>, None, <pybindgen.typehandlers.ctypeparser.TypeTraits object at 0x7f5da86f10f0>))
DEBUG:pybindgen.typehandlers:TypeMatcher.lookup('ns3::DataRate const &')
DEBUG:pybindgen.typehandlers:try to lookup type handler for 'ns3::DataRate const &' => success ((<class 'pybindgen.cppclass.CppClass.__init__.<locals>.ThisClassRefParameter'>, None, <pybindgen.typehandlers.ctypeparser.TypeTraits object at 0x7f5da86f1748>))
DEBUG:pybindgen.typehandlers:TypeMatcher.lookup('ns3::DataRateValue const &')
DEBUG:pybindgen.typehandlers:try to lookup type handler for 'ns3::DataRateValue const &' => success ((<class 'pybindgen.cppclass.CppClass.__init__.<locals>.ThisClassRefParameter'>, None, <pybindgen.typehandlers.ctypeparser.TypeTraits object at 0x7f5da86f1b38>))
DEBUG:pybindgen.typehandlers:TypeMatcher.lookup('ns3::Ptr< ns3::AttributeValue >')
DEBUG:pybindgen.typehandlers:try to lookup type handler for 'ns3::Ptr< ns3::AttributeValue >' => failure
DEBUG:pybindgen.typehandlers:try to lookup type handler for 'ns3::AttributeValue *' => success ((<class 'pybindgen.cppclass.MemoryPolicy.register_ptr_parameter_and_return.<locals>.ThisClassPtrReturn'>, <ns3modulegen_core_customizations.SmartPointerTransformation object at 0x7f5da907ba90>, <pybindgen.typehandlers.ctypeparser.TypeTraits object at 0x7f5da86f9160>))
DEBUG:pybindgen.typehandlers:TypeMatcher.lookup('bool')
DEBUG:pybindgen.typehandlers:try to lookup type handler for 'bool' => success ((<class 'pybindgen.typehandlers.booltype.BoolReturn'>, None, <pybindgen.typehandlers.ctypeparser.TypeTraits object at 0x7f5da86f93c8>))
DEBUG:pybindgen.typehandlers:TypeMatcher.lookup('std::string')
DEBUG:pybindgen.typehandlers:try to lookup type handler for 'std::string' => success ((<class 'pybindgen.typehandlers.stringtype.StdStringParam'>, None, <pybindgen.typehandlers.ctypeparser.TypeTraits object at 0x7f5da86f9518>))
DEBUG:pybindgen.typehandlers:TypeMatcher.lookup('ns3::Ptr< ns3::AttributeChecker const >')
DEBUG:pybindgen.typehandlers:try to lookup type handler for 'ns3::Ptr< ns3::AttributeChecker const >' => failure
DEBUG:pybindgen.typehandlers:try to lookup type handler for 'ns3::AttributeChecker *' => success ((<class 'pybindgen.cppclass.MemoryPolicy.register_ptr_parameter_and_return.<locals>.ThisClassPtrParameter'>, <ns3modulegen_core_customizations.SmartPointerTransformation object at 0x7f5da907ba90>, <pybindgen.typehandlers.ctypeparser.TypeTraits object at 0x7f5da86f9860>))
DEBUG:pybindgen.typehandlers:TypeMatcher.lookup('ns3::DataRate')
DEBUG:pybindgen.typehandlers:try to lookup type handler for 'ns3::DataRate' => success ((<class 'pybindgen.cppclass.CppClass.__init__.<locals>.ThisClassReturn'>, None, <pybindgen.typehandlers.ctypeparser.TypeTraits object at 0x7f5da86f9ac8>))
DEBUG:pybindgen.typehandlers:TypeMatcher.lookup('std::string')
DEBUG:pybindgen.typehandlers:try to lookup type handler for 'std::string' => success ((<class 'pybindgen.typehandlers.stringtype.StdStringReturn'>, None, <pybindgen.typehandlers.ctypeparser.TypeTraits object at 0x7f5da86f9e48>))
DEBUG:pybindgen.typehandlers:TypeMatcher.lookup('ns3::Ptr< ns3::AttributeChecker const >')
DEBUG:pybindgen.typehandlers:try to lookup type handler for 'ns3::Ptr< ns3::AttributeChecker const >' => failure
DEBUG:pybindgen.typehandlers:try to lookup type handler for 'ns3::AttributeChecker *' => success ((<class 'pybindgen.cppclass.MemoryPolicy.register_ptr_parameter_and_return.<locals>.ThisClassPtrParameter'>, <ns3modulegen_core_customizations.SmartPointerTransformation object at 0x7f5da907ba90>, <pybindgen.typehandlers.ctypeparser.TypeTraits object at 0x7f5da86ff208>))
DEBUG:pybindgen.typehandlers:TypeMatcher.lookup('void')
DEBUG:pybindgen.typehandlers:try to lookup type handler for 'void' => success ((<class 'pybindgen.typehandlers.voidtype.VoidReturn'>, None, <pybindgen.typehandlers.ctypeparser.TypeTraits object at 0x7f5da86ff470>))
DEBUG:pybindgen.typehandlers:TypeMatcher.lookup('ns3::DataRate const &')
DEBUG:pybindgen.typehandlers:try to lookup type handler for 'ns3::DataRate const &' => success ((<class 'pybindgen.cppclass.CppClass.__init__.<locals>.ThisClassRefParameter'>, None, <pybindgen.typehandlers.ctypeparser.TypeTraits object at 0x7f5da86ff5c0>))
DEBUG:pybindgen.typehandlers:TypeMatcher.lookup('ns3::EmptyAttributeAccessor const &')
DEBUG:pybindgen.typehandlers:try to lookup type handler for 'ns3::EmptyAttributeAccessor const &' => success ((<class 'pybindgen.cppclass.CppClass.__init__.<locals>.ThisClassRefParameter'>, None, <pybindgen.typehandlers.ctypeparser.TypeTraits object at 0x7f5da86ff9e8>))
DEBUG:pybindgen.typehandlers:TypeMatcher.lookup('bool')
DEBUG:pybindgen.typehandlers:try to lookup type handler for 'bool' => success ((<class 'pybindgen.typehandlers.booltype.BoolReturn'>, None, <pybindgen.typehandlers.ctypeparser.TypeTraits object at 0x7f5da8705048>))
DEBUG:pybindgen.typehandlers:TypeMatcher.lookup('ns3::ObjectBase const *')
DEBUG:pybindgen.typehandlers:try to lookup type handler for 'ns3::ObjectBase const *' => success ((<class 'pybindgen.cppclass.CppClass.__init__.<locals>.ThisClassPtrParameter'>, None, <pybindgen.typehandlers.ctypeparser.TypeTraits object at 0x7f5da8705198>))
DEBUG:pybindgen.typehandlers:TypeMatcher.lookup('ns3::AttributeValue &')
DEBUG:pybindgen.typehandlers:try to lookup type handler for 'ns3::AttributeValue &' => success ((<class 'pybindgen.cppclass.CppClass.__init__.<locals>.ThisClassRefParameter'>, None, <pybindgen.typehandlers.ctypeparser.TypeTraits object at 0x7f5da8705358>))
DEBUG:pybindgen.typehandlers:TypeMatcher.lookup('bool')
DEBUG:pybindgen.typehandlers:try to lookup type handler for 'bool' => success ((<class 'pybindgen.typehandlers.booltype.BoolReturn'>, None, <pybindgen.typehandlers.ctypeparser.TypeTraits object at 0x7f5da87056a0>))
DEBUG:pybindgen.typehandlers:TypeMatcher.lookup('bool')
DEBUG:pybindgen.typehandlers:try to lookup type handler for 'bool' => success ((<class 'pybindgen.typehandlers.booltype.BoolReturn'>, None, <pybindgen.typehandlers.ctypeparser.TypeTraits object at 0x7f5da8705a58>))
DEBUG:pybindgen.typehandlers:TypeMatcher.lookup('bool')
DEBUG:pybindgen.typehandlers:try to lookup type handler for 'bool' => success ((<class 'pybindgen.typehandlers.booltype.BoolReturn'>, None, <pybindgen.typehandlers.ctypeparser.TypeTraits object at 0x7f5da8705e10>))
DEBUG:pybindgen.typehandlers:TypeMatcher.lookup('ns3::ObjectBase *')
DEBUG:pybindgen.typehandlers:try to lookup type handler for 'ns3::ObjectBase *' => success ((<class 'pybindgen.cppclass.CppClass.__init__.<locals>.ThisClassPtrParameter'>, None, <pybindgen.typehandlers.ctypeparser.TypeTraits object at 0x7f5da8705f60>))
/home/cs18/tarballs/ns-allinone-3.34/ns-3.34/src/fd-net-device/bindings/modulegen__gcc_LP64.py:4175: Warning: exception TypeConfigurationError('Missing transfer_ownership option',) in wrapper public: virtual retval? ???::Set (params?) const;
  is_const=True, is_virtual=True)
DEBUG:pybindgen.typehandlers:TypeMatcher.lookup('ns3::EmptyAttributeChecker const &')
DEBUG:pybindgen.typehandlers:try to lookup type handler for 'ns3::EmptyAttributeChecker const &' => success ((<class 'pybindgen.cppclass.CppClass.__init__.<locals>.ThisClassRefParameter'>, None, <pybindgen.typehandlers.ctypeparser.TypeTraits object at 0x7f5da870b748>))
DEBUG:pybindgen.typehandlers:TypeMatcher.lookup('bool')
DEBUG:pybindgen.typehandlers:try to lookup type handler for 'bool' => success ((<class 'pybindgen.typehandlers.booltype.BoolReturn'>, None, <pybindgen.typehandlers.ctypeparser.TypeTraits object at 0x7f5da870bd68>))
DEBUG:pybindgen.typehandlers:TypeMatcher.lookup('ns3::AttributeValue const &')
DEBUG:pybindgen.typehandlers:try to lookup type handler for 'ns3::AttributeValue const &' => success ((<class 'pybindgen.cppclass.CppClass.__init__.<locals>.ThisClassRefParameter'>, None, <pybindgen.typehandlers.ctypeparser.TypeTraits object at 0x7f5da870beb8>))
DEBUG:pybindgen.typehandlers:TypeMatcher.lookup('bool')
DEBUG:pybindgen.typehandlers:try to lookup type handler for 'bool' => success ((<class 'pybindgen.typehandlers.booltype.BoolReturn'>, None, <pybindgen.typehandlers.ctypeparser.TypeTraits object at 0x7f5da87132e8>))
DEBUG:pybindgen.typehandlers:TypeMatcher.lookup('ns3::AttributeValue const &')
DEBUG:pybindgen.typehandlers:try to lookup type handler for 'ns3::AttributeValue const &' => success ((<class 'pybindgen.cppclass.CppClass.__init__.<locals>.ThisClassRefParameter'>, None, <pybindgen.typehandlers.ctypeparser.TypeTraits object at 0x7f5da8713438>))
DEBUG:pybindgen.typehandlers:TypeMatcher.lookup('ns3::AttributeValue &')
DEBUG:pybindgen.typehandlers:try to lookup type handler for 'ns3::AttributeValue &' => success ((<class 'pybindgen.cppclass.CppClass.__init__.<locals>.ThisClassRefParameter'>, None, <pybindgen.typehandlers.ctypeparser.TypeTraits object at 0x7f5da87135f8>))
DEBUG:pybindgen.typehandlers:TypeMatcher.lookup('ns3::Ptr< ns3::AttributeValue >')
DEBUG:pybindgen.typehandlers:try to lookup type handler for 'ns3::Ptr< ns3::AttributeValue >' => failure
DEBUG:pybindgen.typehandlers:try to lookup type handler for 'ns3::AttributeValue *' => success ((<class 'pybindgen.cppclass.MemoryPolicy.register_ptr_parameter_and_return.<locals>.ThisClassPtrReturn'>, <ns3modulegen_core_customizations.SmartPointerTransformation object at 0x7f5da907ba90>, <pybindgen.typehandlers.ctypeparser.TypeTraits object at 0x7f5da8713ba8>))
DEBUG:pybindgen.typehandlers:TypeMatcher.lookup('std::string')
DEBUG:pybindgen.typehandlers:try to lookup type handler for 'std::string' => success ((<class 'pybindgen.typehandlers.stringtype.StdStringReturn'>, None, <pybindgen.typehandlers.ctypeparser.TypeTraits object at 0x7f5da8713e10>))
DEBUG:pybindgen.typehandlers:TypeMatcher.lookup('std::string')
DEBUG:pybindgen.typehandlers:try to lookup type handler for 'std::string' => success ((<class 'pybindgen.typehandlers.stringtype.StdStringReturn'>, None, <pybindgen.typehandlers.ctypeparser.TypeTraits object at 0x7f5da87181d0>))
DEBUG:pybindgen.typehandlers:TypeMatcher.lookup('bool')
DEBUG:pybindgen.typehandlers:try to lookup type handler for 'bool' => success ((<class 'pybindgen.typehandlers.booltype.BoolReturn'>, None, <pybindgen.typehandlers.ctypeparser.TypeTraits object at 0x7f5da8705ef0>))
DEBUG:pybindgen.typehandlers:TypeMatcher.lookup('ns3::EmptyAttributeValue const &')
DEBUG:pybindgen.typehandlers:try to lookup type handler for 'ns3::EmptyAttributeValue const &' => success ((<class 'pybindgen.cppclass.CppClass.__init__.<locals>.ThisClassRefParameter'>, None, <pybindgen.typehandlers.ctypeparser.TypeTraits object at 0x7f5da87186a0>))
DEBUG:pybindgen.typehandlers:TypeMatcher.lookup('ns3::Ptr< ns3::AttributeValue >')
DEBUG:pybindgen.typehandlers:try to lookup type handler for 'ns3::Ptr< ns3::AttributeValue >' => failure
DEBUG:pybindgen.typehandlers:try to lookup type handler for 'ns3::AttributeValue *' => success ((<class 'pybindgen.cppclass.MemoryPolicy.register_ptr_parameter_and_return.<locals>.ThisClassPtrReturn'>, <ns3modulegen_core_customizations.SmartPointerTransformation object at 0x7f5da907ba90>, <pybindgen.typehandlers.ctypeparser.TypeTraits object at 0x7f5da8718ef0>))
DEBUG:pybindgen.typehandlers:TypeMatcher.lookup('bool')
DEBUG:pybindgen.typehandlers:try to lookup type handler for 'bool' => success ((<class 'pybindgen.typehandlers.booltype.BoolReturn'>, None, <pybindgen.typehandlers.ctypeparser.TypeTraits object at 0x7f5da86a1128>))
DEBUG:pybindgen.typehandlers:TypeMatcher.lookup('std::string')
DEBUG:pybindgen.typehandlers:try to lookup type handler for 'std::string' => success ((<class 'pybindgen.typehandlers.stringtype.StdStringParam'>, None, <pybindgen.typehandlers.ctypeparser.TypeTraits object at 0x7f5da86a12b0>))
DEBUG:pybindgen.typehandlers:TypeMatcher.lookup('ns3::Ptr< ns3::AttributeChecker const >')
DEBUG:pybindgen.typehandlers:try to lookup type handler for 'ns3::Ptr< ns3::AttributeChecker const >' => failure
DEBUG:pybindgen.typehandlers:try to lookup type handler for 'ns3::AttributeChecker *' => success ((<class 'pybindgen.cppclass.MemoryPolicy.register_ptr_parameter_and_return.<locals>.ThisClassPtrParameter'>, <ns3modulegen_core_customizations.SmartPointerTransformation object at 0x7f5da907ba90>, <pybindgen.typehandlers.ctypeparser.TypeTraits object at 0x7f5da86a15f8>))
DEBUG:pybindgen.typehandlers:TypeMatcher.lookup('std::string')
DEBUG:pybindgen.typehandlers:try to lookup type handler for 'std::string' => success ((<class 'pybindgen.typehandlers.stringtype.StdStringReturn'>, None, <pybindgen.typehandlers.ctypeparser.TypeTraits object at 0x7f5da86a1828>))
DEBUG:pybindgen.typehandlers:TypeMatcher.lookup('ns3::Ptr< ns3::AttributeChecker const >')
DEBUG:pybindgen.typehandlers:try to lookup type handler for 'ns3::Ptr< ns3::AttributeChecker const >' => failure
DEBUG:pybindgen.typehandlers:try to lookup type handler for 'ns3::AttributeChecker *' => success ((<class 'pybindgen.cppclass.MemoryPolicy.register_ptr_parameter_and_return.<locals>.ThisClassPtrParameter'>, <ns3modulegen_core_customizations.SmartPointerTransformation object at 0x7f5da907ba90>, <pybindgen.typehandlers.ctypeparser.TypeTraits object at 0x7f5da86a1ba8>))
DEBUG:pybindgen.typehandlers:TypeMatcher.lookup('ns3::EmuFdNetDeviceHelper const &')
DEBUG:pybindgen.typehandlers:try to lookup type handler for 'ns3::EmuFdNetDeviceHelper const &' => success ((<class 'pybindgen.cppclass.CppClass.__init__.<locals>.ThisClassRefParameter'>, None, <pybindgen.typehandlers.ctypeparser.TypeTraits object at 0x7f5da86a1e10>))
DEBUG:pybindgen.typehandlers:TypeMatcher.lookup('std::string')
DEBUG:pybindgen.typehandlers:try to lookup type handler for 'std::string' => success ((<class 'pybindgen.typehandlers.stringtype.StdStringReturn'>, None, <pybindgen.typehandlers.ctypeparser.TypeTraits object at 0x7f5da86a7470>))
DEBUG:pybindgen.typehandlers:TypeMatcher.lookup('void')
DEBUG:pybindgen.typehandlers:try to lookup type handler for 'void' => success ((<class 'pybindgen.typehandlers.voidtype.VoidReturn'>, None, <pybindgen.typehandlers.ctypeparser.TypeTraits object at 0x7f5da86a7828>))
DEBUG:pybindgen.typehandlers:TypeMatcher.lookup('bool')
DEBUG:pybindgen.typehandlers:try to lookup type handler for 'bool' => success ((<class 'pybindgen.typehandlers.booltype.BoolParam'>, None, <pybindgen.typehandlers.ctypeparser.TypeTraits object at 0x7f5da86a7978>))
DEBUG:pybindgen.typehandlers:TypeMatcher.lookup('void')
DEBUG:pybindgen.typehandlers:try to lookup type handler for 'void' => success ((<class 'pybindgen.typehandlers.voidtype.VoidReturn'>, None, <pybindgen.typehandlers.ctypeparser.TypeTraits object at 0x7f5da86a7cf8>))
DEBUG:pybindgen.typehandlers:TypeMatcher.lookup('std::string')
DEBUG:pybindgen.typehandlers:try to lookup type handler for 'std::string' => success ((<class 'pybindgen.typehandlers.stringtype.StdStringParam'>, None, <pybindgen.typehandlers.ctypeparser.TypeTraits object at 0x7f5da86a7e48>))
DEBUG:pybindgen.typehandlers:TypeMatcher.lookup('int')
DEBUG:pybindgen.typehandlers:try to lookup type handler for 'int' => success ((<class 'pybindgen.typehandlers.inttype.IntReturn'>, None, <pybindgen.typehandlers.ctypeparser.TypeTraits object at 0x7f5da86af1d0>))
DEBUG:pybindgen.typehandlers:TypeMatcher.lookup('ns3::Ptr< ns3::NetDevice >')
DEBUG:pybindgen.typehandlers:try to lookup type handler for 'ns3::Ptr< ns3::NetDevice >' => failure
DEBUG:pybindgen.typehandlers:try to lookup type handler for 'ns3::NetDevice *' => success ((<class 'pybindgen.cppclass.MemoryPolicy.register_ptr_parameter_and_return.<locals>.ThisClassPtrReturn'>, <ns3modulegen_core_customizations.SmartPointerTransformation object at 0x7f5da907ba90>, <pybindgen.typehandlers.ctypeparser.TypeTraits object at 0x7f5da86afc50>))
DEBUG:pybindgen.typehandlers:TypeMatcher.lookup('ns3::Ptr< ns3::Node >')
DEBUG:pybindgen.typehandlers:try to lookup type handler for 'ns3::Ptr< ns3::Node >' => failure
DEBUG:pybindgen.typehandlers:try to lookup type handler for 'ns3::Node *' => success ((<class 'pybindgen.cppclass.MemoryPolicy.register_ptr_parameter_and_return.<locals>.ThisClassPtrParameter'>, <ns3modulegen_core_customizations.SmartPointerTransformation object at 0x7f5da907ba90>, <pybindgen.typehandlers.ctypeparser.TypeTraits object at 0x7f5da86afe80>))
DEBUG:pybindgen.typehandlers:TypeMatcher.lookup('void')
DEBUG:pybindgen.typehandlers:try to lookup type handler for 'void' => success ((<class 'pybindgen.typehandlers.voidtype.VoidReturn'>, None, <pybindgen.typehandlers.ctypeparser.TypeTraits object at 0x7f5da86b4550>))
DEBUG:pybindgen.typehandlers:TypeMatcher.lookup('ns3::Ptr< ns3::FdNetDevice >')
DEBUG:pybindgen.typehandlers:try to lookup type handler for 'ns3::Ptr< ns3::FdNetDevice >' => failure
DEBUG:pybindgen.typehandlers:try to lookup type handler for 'ns3::FdNetDevice *' => success ((<class 'pybindgen.cppclass.MemoryPolicy.register_ptr_parameter_and_return.<locals>.ThisClassPtrParameter'>, <ns3modulegen_core_customizations.SmartPointerTransformation object at 0x7f5da907ba90>, <pybindgen.typehandlers.ctypeparser.TypeTraits object at 0x7f5da86b48d0>))
DEBUG:pybindgen.typehandlers:TypeMatcher.lookup('ns3::EventImpl const &')
DEBUG:pybindgen.typehandlers:try to lookup type handler for 'ns3::EventImpl const &' => success ((<class 'pybindgen.cppclass.CppClass.__init__.<locals>.ThisClassRefParameter'>, None, <pybindgen.typehandlers.ctypeparser.TypeTraits object at 0x7f5da86b4f98>))
DEBUG:pybindgen.typehandlers:TypeMatcher.lookup('void')
DEBUG:pybindgen.typehandlers:try to lookup type handler for 'void' => success ((<class 'pybindgen.typehandlers.voidtype.VoidReturn'>, None, <pybindgen.typehandlers.ctypeparser.TypeTraits object at 0x7f5da86c25f8>))
DEBUG:pybindgen.typehandlers:TypeMatcher.lookup('void')
DEBUG:pybindgen.typehandlers:try to lookup type handler for 'void' => success ((<class 'pybindgen.typehandlers.voidtype.VoidReturn'>, None, <pybindgen.typehandlers.ctypeparser.TypeTraits object at 0x7f5da86c29e8>))
DEBUG:pybindgen.typehandlers:TypeMatcher.lookup('bool')
DEBUG:pybindgen.typehandlers:try to lookup type handler for 'bool' => success ((<class 'pybindgen.typehandlers.booltype.BoolReturn'>, None, <pybindgen.typehandlers.ctypeparser.TypeTraits object at 0x7f5da86c2dd8>))
DEBUG:pybindgen.typehandlers:TypeMatcher.lookup('void')
DEBUG:pybindgen.typehandlers:try to lookup type handler for 'void' => success ((<class 'pybindgen.typehandlers.voidtype.VoidReturn'>, None, <pybindgen.typehandlers.ctypeparser.TypeTraits object at 0x7f5da86c8208>))
DEBUG:pybindgen.typehandlers:TypeMatcher.lookup('ns3::FdReader const &')
DEBUG:pybindgen.typehandlers:try to lookup type handler for 'ns3::FdReader const &' => success ((<class 'pybindgen.cppclass.CppClass.__init__.<locals>.ThisClassRefParameter'>, None, <pybindgen.typehandlers.ctypeparser.TypeTraits object at 0x7f5da86c85c0>))
DEBUG:pybindgen.typehandlers:TypeMatcher.lookup('void')
DEBUG:pybindgen.typehandlers:try to lookup type handler for 'void' => success ((<class 'pybindgen.typehandlers.voidtype.VoidReturn'>, None, <pybindgen.typehandlers.ctypeparser.TypeTraits object at 0x7f5da86c8be0>))
DEBUG:pybindgen.typehandlers:TypeMatcher.lookup('int')
DEBUG:pybindgen.typehandlers:try to lookup type handler for 'int' => success ((<class 'pybindgen.typehandlers.inttype.IntParam'>, None, <pybindgen.typehandlers.ctypeparser.TypeTraits object at 0x7f5da86c8d30>))
DEBUG:pybindgen.typehandlers:TypeMatcher.lookup('ns3::Callback< void, unsigned char *, long, ns3::empty, ns3::empty, ns3::empty, ns3::empty, ns3::empty, ns3::empty, ns3::empty >')
DEBUG:pybindgen.typehandlers:try to lookup type handler for 'ns3::Callback< void, unsigned char *, long, ns3::empty, ns3::empty, ns3::empty, ns3::empty, ns3::empty, ns3::empty, ns3::empty >' => success ((<class 'ns3modulegen_core_customizations.register_callback_classes.<locals>.PythonCallbackParameter'>, None, <pybindgen.typehandlers.ctypeparser.TypeTraits object at 0x7f5da86c8e10>))
DEBUG:pybindgen.typehandlers:TypeMatcher.lookup('void')
DEBUG:pybindgen.typehandlers:try to lookup type handler for 'void' => success ((<class 'pybindgen.typehandlers.voidtype.VoidReturn'>, None, <pybindgen.typehandlers.ctypeparser.TypeTraits object at 0x7f5da86cd780>))
DEBUG:pybindgen.typehandlers:TypeMatcher.lookup('ns3::FdReader::Data')
DEBUG:pybindgen.typehandlers:try to lookup type handler for 'ns3::FdReader::Data' => failure
'ns3::FdReader::Data' did not match
/home/cs18/tarballs/ns-allinone-3.34/ns-3.34/src/fd-net-device/bindings/modulegen__gcc_LP64.py:4312: Warning: exception TypeLookupError(['ns3::FdReader::Data'],) in wrapper protected: virtual retval? ???::DoRead (params?) = 0;
  is_pure_virtual=True, is_virtual=True, visibility='protected')
DEBUG:pybindgen.typehandlers:TypeMatcher.lookup('ns3::Ipv4AddressChecker const &')
DEBUG:pybindgen.typehandlers:try to lookup type handler for 'ns3::Ipv4AddressChecker const &' => success ((<class 'pybindgen.cppclass.CppClass.__init__.<locals>.ThisClassRefParameter'>, None, <pybindgen.typehandlers.ctypeparser.TypeTraits object at 0x7f5da86d7278>))
DEBUG:pybindgen.typehandlers:TypeMatcher.lookup('ns3::Ipv4Address const &')
DEBUG:pybindgen.typehandlers:try to lookup type handler for 'ns3::Ipv4Address const &' => success ((<class 'pybindgen.cppclass.CppClass.__init__.<locals>.ThisClassRefParameter'>, None, <pybindgen.typehandlers.ctypeparser.TypeTraits object at 0x7f5da86d7908>))
DEBUG:pybindgen.typehandlers:TypeMatcher.lookup('ns3::Ipv4AddressValue const &')
DEBUG:pybindgen.typehandlers:try to lookup type handler for 'ns3::Ipv4AddressValue const &' => success ((<class 'pybindgen.cppclass.CppClass.__init__.<locals>.ThisClassRefParameter'>, None, <pybindgen.typehandlers.ctypeparser.TypeTraits object at 0x7f5da86d7cf8>))
DEBUG:pybindgen.typehandlers:TypeMatcher.lookup('ns3::Ptr< ns3::AttributeValue >')
DEBUG:pybindgen.typehandlers:try to lookup type handler for 'ns3::Ptr< ns3::AttributeValue >' => failure
DEBUG:pybindgen.typehandlers:try to lookup type handler for 'ns3::AttributeValue *' => success ((<class 'pybindgen.cppclass.MemoryPolicy.register_ptr_parameter_and_return.<locals>.ThisClassPtrReturn'>, <ns3modulegen_core_customizations.SmartPointerTransformation object at 0x7f5da907ba90>, <pybindgen.typehandlers.ctypeparser.TypeTraits object at 0x7f5da865d358>))
DEBUG:pybindgen.typehandlers:TypeMatcher.lookup('bool')
DEBUG:pybindgen.typehandlers:try to lookup type handler for 'bool' => success ((<class 'pybindgen.typehandlers.booltype.BoolReturn'>, None, <pybindgen.typehandlers.ctypeparser.TypeTraits object at 0x7f5da865d5c0>))
DEBUG:pybindgen.typehandlers:TypeMatcher.lookup('std::string')
DEBUG:pybindgen.typehandlers:try to lookup type handler for 'std::string' => success ((<class 'pybindgen.typehandlers.stringtype.StdStringParam'>, None, <pybindgen.typehandlers.ctypeparser.TypeTraits object at 0x7f5da865d710>))
DEBUG:pybindgen.typehandlers:TypeMatcher.lookup('ns3::Ptr< ns3::AttributeChecker const >')
DEBUG:pybindgen.typehandlers:try to lookup type handler for 'ns3::Ptr< ns3::AttributeChecker const >' => failure
DEBUG:pybindgen.typehandlers:try to lookup type handler for 'ns3::AttributeChecker *' => success ((<class 'pybindgen.cppclass.MemoryPolicy.register_ptr_parameter_and_return.<locals>.ThisClassPtrParameter'>, <ns3modulegen_core_customizations.SmartPointerTransformation object at 0x7f5da907ba90>, <pybindgen.typehandlers.ctypeparser.TypeTraits object at 0x7f5da865da58>))
DEBUG:pybindgen.typehandlers:TypeMatcher.lookup('ns3::Ipv4Address')
DEBUG:pybindgen.typehandlers:try to lookup type handler for 'ns3::Ipv4Address' => success ((<class 'pybindgen.cppclass.CppClass.__init__.<locals>.ThisClassReturn'>, None, <pybindgen.typehandlers.ctypeparser.TypeTraits object at 0x7f5da865dcc0>))
DEBUG:pybindgen.typehandlers:TypeMatcher.lookup('std::string')
DEBUG:pybindgen.typehandlers:try to lookup type handler for 'std::string' => success ((<class 'pybindgen.typehandlers.stringtype.StdStringReturn'>, None, <pybindgen.typehandlers.ctypeparser.TypeTraits object at 0x7f5da8665080>))
DEBUG:pybindgen.typehandlers:TypeMatcher.lookup('ns3::Ptr< ns3::AttributeChecker const >')
DEBUG:pybindgen.typehandlers:try to lookup type handler for 'ns3::Ptr< ns3::AttributeChecker const >' => failure
DEBUG:pybindgen.typehandlers:try to lookup type handler for 'ns3::AttributeChecker *' => success ((<class 'pybindgen.cppclass.MemoryPolicy.register_ptr_parameter_and_return.<locals>.ThisClassPtrParameter'>, <ns3modulegen_core_customizations.SmartPointerTransformation object at 0x7f5da907ba90>, <pybindgen.typehandlers.ctypeparser.TypeTraits object at 0x7f5da8665400>))
DEBUG:pybindgen.typehandlers:TypeMatcher.lookup('void')
DEBUG:pybindgen.typehandlers:try to lookup type handler for 'void' => success ((<class 'pybindgen.typehandlers.voidtype.VoidReturn'>, None, <pybindgen.typehandlers.ctypeparser.TypeTraits object at 0x7f5da8665668>))
DEBUG:pybindgen.typehandlers:TypeMatcher.lookup('ns3::Ipv4Address const &')
DEBUG:pybindgen.typehandlers:try to lookup type handler for 'ns3::Ipv4Address const &' => success ((<class 'pybindgen.cppclass.CppClass.__init__.<locals>.ThisClassRefParameter'>, None, <pybindgen.typehandlers.ctypeparser.TypeTraits object at 0x7f5da86657b8>))
DEBUG:pybindgen.typehandlers:TypeMatcher.lookup('ns3::Ipv4MaskChecker const &')
DEBUG:pybindgen.typehandlers:try to lookup type handler for 'ns3::Ipv4MaskChecker const &' => success ((<class 'pybindgen.cppclass.CppClass.__init__.<locals>.ThisClassRefParameter'>, None, <pybindgen.typehandlers.ctypeparser.TypeTraits object at 0x7f5da8665e48>))
DEBUG:pybindgen.typehandlers:TypeMatcher.lookup('ns3::Ipv4Mask const &')
DEBUG:pybindgen.typehandlers:try to lookup type handler for 'ns3::Ipv4Mask const &' => success ((<class 'pybindgen.cppclass.CppClass.__init__.<locals>.ThisClassRefParameter'>, None, <pybindgen.typehandlers.ctypeparser.TypeTraits object at 0x7f5da866d4e0>))
DEBUG:pybindgen.typehandlers:TypeMatcher.lookup('ns3::Ipv4MaskValue const &')
DEBUG:pybindgen.typehandlers:try to lookup type handler for 'ns3::Ipv4MaskValue const &' => success ((<class 'pybindgen.cppclass.CppClass.__init__.<locals>.ThisClassRefParameter'>, None, <pybindgen.typehandlers.ctypeparser.TypeTraits object at 0x7f5da866d8d0>))
DEBUG:pybindgen.typehandlers:TypeMatcher.lookup('ns3::Ptr< ns3::AttributeValue >')
DEBUG:pybindgen.typehandlers:try to lookup type handler for 'ns3::Ptr< ns3::AttributeValue >' => failure
DEBUG:pybindgen.typehandlers:try to lookup type handler for 'ns3::AttributeValue *' => success ((<class 'pybindgen.cppclass.MemoryPolicy.register_ptr_parameter_and_return.<locals>.ThisClassPtrReturn'>, <ns3modulegen_core_customizations.SmartPointerTransformation object at 0x7f5da907ba90>, <pybindgen.typehandlers.ctypeparser.TypeTraits object at 0x7f5da866deb8>))
DEBUG:pybindgen.typehandlers:TypeMatcher.lookup('bool')
DEBUG:pybindgen.typehandlers:try to lookup type handler for 'bool' => success ((<class 'pybindgen.typehandlers.booltype.BoolReturn'>, None, <pybindgen.typehandlers.ctypeparser.TypeTraits object at 0x7f5da8675160>))
DEBUG:pybindgen.typehandlers:TypeMatcher.lookup('std::string')
DEBUG:pybindgen.typehandlers:try to lookup type handler for 'std::string' => success ((<class 'pybindgen.typehandlers.stringtype.StdStringParam'>, None, <pybindgen.typehandlers.ctypeparser.TypeTraits object at 0x7f5da86752b0>))
DEBUG:pybindgen.typehandlers:TypeMatcher.lookup('ns3::Ptr< ns3::AttributeChecker const >')
DEBUG:pybindgen.typehandlers:try to lookup type handler for 'ns3::Ptr< ns3::AttributeChecker const >' => failure
DEBUG:pybindgen.typehandlers:try to lookup type handler for 'ns3::AttributeChecker *' => success ((<class 'pybindgen.cppclass.MemoryPolicy.register_ptr_parameter_and_return.<locals>.ThisClassPtrParameter'>, <ns3modulegen_core_customizations.SmartPointerTransformation object at 0x7f5da907ba90>, <pybindgen.typehandlers.ctypeparser.TypeTraits object at 0x7f5da86755f8>))
DEBUG:pybindgen.typehandlers:TypeMatcher.lookup('ns3::Ipv4Mask')
DEBUG:pybindgen.typehandlers:try to lookup type handler for 'ns3::Ipv4Mask' => success ((<class 'pybindgen.cppclass.CppClass.__init__.<locals>.ThisClassReturn'>, None, <pybindgen.typehandlers.ctypeparser.TypeTraits object at 0x7f5da8675860>))
DEBUG:pybindgen.typehandlers:TypeMatcher.lookup('std::string')
DEBUG:pybindgen.typehandlers:try to lookup type handler for 'std::string' => success ((<class 'pybindgen.typehandlers.stringtype.StdStringReturn'>, None, <pybindgen.typehandlers.ctypeparser.TypeTraits object at 0x7f5da8675be0>))
DEBUG:pybindgen.typehandlers:TypeMatcher.lookup('ns3::Ptr< ns3::AttributeChecker const >')
DEBUG:pybindgen.typehandlers:try to lookup type handler for 'ns3::Ptr< ns3::AttributeChecker const >' => failure
DEBUG:pybindgen.typehandlers:try to lookup type handler for 'ns3::AttributeChecker *' => success ((<class 'pybindgen.cppclass.MemoryPolicy.register_ptr_parameter_and_return.<locals>.ThisClassPtrParameter'>, <ns3modulegen_core_customizations.SmartPointerTransformation object at 0x7f5da907ba90>, <pybindgen.typehandlers.ctypeparser.TypeTraits object at 0x7f5da8675f60>))
DEBUG:pybindgen.typehandlers:TypeMatcher.lookup('void')
DEBUG:pybindgen.typehandlers:try to lookup type handler for 'void' => success ((<class 'pybindgen.typehandlers.voidtype.VoidReturn'>, None, <pybindgen.typehandlers.ctypeparser.TypeTraits object at 0x7f5da867a208>))
DEBUG:pybindgen.typehandlers:TypeMatcher.lookup('ns3::Ipv4Mask const &')
DEBUG:pybindgen.typehandlers:try to lookup type handler for 'ns3::Ipv4Mask const &' => success ((<class 'pybindgen.cppclass.CppClass.__init__.<locals>.ThisClassRefParameter'>, None, <pybindgen.typehandlers.ctypeparser.TypeTraits object at 0x7f5da867a358>))
DEBUG:pybindgen.typehandlers:TypeMatcher.lookup('ns3::Ipv6AddressChecker const &')
DEBUG:pybindgen.typehandlers:try to lookup type handler for 'ns3::Ipv6AddressChecker const &' => success ((<class 'pybindgen.cppclass.CppClass.__init__.<locals>.ThisClassRefParameter'>, None, <pybindgen.typehandlers.ctypeparser.TypeTraits object at 0x7f5da867a9e8>))
DEBUG:pybindgen.typehandlers:TypeMatcher.lookup('ns3::Ipv6Address const &')
DEBUG:pybindgen.typehandlers:try to lookup type handler for 'ns3::Ipv6Address const &' => success ((<class 'pybindgen.cppclass.CppClass.__init__.<locals>.ThisClassRefParameter'>, None, <pybindgen.typehandlers.ctypeparser.TypeTraits object at 0x7f5da8684080>))
DEBUG:pybindgen.typehandlers:TypeMatcher.lookup('ns3::Ipv6AddressValue const &')
DEBUG:pybindgen.typehandlers:try to lookup type handler for 'ns3::Ipv6AddressValue const &' => success ((<class 'pybindgen.cppclass.CppClass.__init__.<locals>.ThisClassRefParameter'>, None, <pybindgen.typehandlers.ctypeparser.TypeTraits object at 0x7f5da8684470>))
DEBUG:pybindgen.typehandlers:TypeMatcher.lookup('ns3::Ptr< ns3::AttributeValue >')
DEBUG:pybindgen.typehandlers:try to lookup type handler for 'ns3::Ptr< ns3::AttributeValue >' => failure
DEBUG:pybindgen.typehandlers:try to lookup type handler for 'ns3::AttributeValue *' => success ((<class 'pybindgen.cppclass.MemoryPolicy.register_ptr_parameter_and_return.<locals>.ThisClassPtrReturn'>, <ns3modulegen_core_customizations.SmartPointerTransformation object at 0x7f5da907ba90>, <pybindgen.typehandlers.ctypeparser.TypeTraits object at 0x7f5da8684a58>))
DEBUG:pybindgen.typehandlers:TypeMatcher.lookup('bool')
DEBUG:pybindgen.typehandlers:try to lookup type handler for 'bool' => success ((<class 'pybindgen.typehandlers.booltype.BoolReturn'>, None, <pybindgen.typehandlers.ctypeparser.TypeTraits object at 0x7f5da8684cc0>))
DEBUG:pybindgen.typehandlers:TypeMatcher.lookup('std::string')
DEBUG:pybindgen.typehandlers:try to lookup type handler for 'std::string' => success ((<class 'pybindgen.typehandlers.stringtype.StdStringParam'>, None, <pybindgen.typehandlers.ctypeparser.TypeTraits object at 0x7f5da8684e10>))
DEBUG:pybindgen.typehandlers:TypeMatcher.lookup('ns3::Ptr< ns3::AttributeChecker const >')
DEBUG:pybindgen.typehandlers:try to lookup type handler for 'ns3::Ptr< ns3::AttributeChecker const >' => failure
DEBUG:pybindgen.typehandlers:try to lookup type handler for 'ns3::AttributeChecker *' => success ((<class 'pybindgen.cppclass.MemoryPolicy.register_ptr_parameter_and_return.<locals>.ThisClassPtrParameter'>, <ns3modulegen_core_customizations.SmartPointerTransformation object at 0x7f5da907ba90>, <pybindgen.typehandlers.ctypeparser.TypeTraits object at 0x7f5da868c198>))
DEBUG:pybindgen.typehandlers:TypeMatcher.lookup('ns3::Ipv6Address')
DEBUG:pybindgen.typehandlers:try to lookup type handler for 'ns3::Ipv6Address' => success ((<class 'pybindgen.cppclass.CppClass.__init__.<locals>.ThisClassReturn'>, None, <pybindgen.typehandlers.ctypeparser.TypeTraits object at 0x7f5da868c400>))
DEBUG:pybindgen.typehandlers:TypeMatcher.lookup('std::string')
DEBUG:pybindgen.typehandlers:try to lookup type handler for 'std::string' => success ((<class 'pybindgen.typehandlers.stringtype.StdStringReturn'>, None, <pybindgen.typehandlers.ctypeparser.TypeTraits object at 0x7f5da868c780>))
DEBUG:pybindgen.typehandlers:TypeMatcher.lookup('ns3::Ptr< ns3::AttributeChecker const >')
DEBUG:pybindgen.typehandlers:try to lookup type handler for 'ns3::Ptr< ns3::AttributeChecker const >' => failure
DEBUG:pybindgen.typehandlers:try to lookup type handler for 'ns3::AttributeChecker *' => success ((<class 'pybindgen.cppclass.MemoryPolicy.register_ptr_parameter_and_return.<locals>.ThisClassPtrParameter'>, <ns3modulegen_core_customizations.SmartPointerTransformation object at 0x7f5da907ba90>, <pybindgen.typehandlers.ctypeparser.TypeTraits object at 0x7f5da868cb00>))
DEBUG:pybindgen.typehandlers:TypeMatcher.lookup('void')
DEBUG:pybindgen.typehandlers:try to lookup type handler for 'void' => success ((<class 'pybindgen.typehandlers.voidtype.VoidReturn'>, None, <pybindgen.typehandlers.ctypeparser.TypeTraits object at 0x7f5da868cd68>))
DEBUG:pybindgen.typehandlers:TypeMatcher.lookup('ns3::Ipv6Address const &')
DEBUG:pybindgen.typehandlers:try to lookup type handler for 'ns3::Ipv6Address const &' => success ((<class 'pybindgen.cppclass.CppClass.__init__.<locals>.ThisClassRefParameter'>, None, <pybindgen.typehandlers.ctypeparser.TypeTraits object at 0x7f5da868ceb8>))
DEBUG:pybindgen.typehandlers:TypeMatcher.lookup('ns3::Ipv6PrefixChecker const &')
DEBUG:pybindgen.typehandlers:try to lookup type handler for 'ns3::Ipv6PrefixChecker const &' => success ((<class 'pybindgen.cppclass.CppClass.__init__.<locals>.ThisClassRefParameter'>, None, <pybindgen.typehandlers.ctypeparser.TypeTraits object at 0x7f5da8690588>))
DEBUG:pybindgen.typehandlers:TypeMatcher.lookup('ns3::Ipv6Prefix const &')
DEBUG:pybindgen.typehandlers:try to lookup type handler for 'ns3::Ipv6Prefix const &' => success ((<class 'pybindgen.cppclass.CppClass.__init__.<locals>.ThisClassRefParameter'>, None, <pybindgen.typehandlers.ctypeparser.TypeTraits object at 0x7f5da8690be0>))
DEBUG:pybindgen.typehandlers:TypeMatcher.lookup('ns3::Ipv6PrefixValue const &')
DEBUG:pybindgen.typehandlers:try to lookup type handler for 'ns3::Ipv6PrefixValue const &' => success ((<class 'pybindgen.cppclass.CppClass.__init__.<locals>.ThisClassRefParameter'>, None, <pybindgen.typehandlers.ctypeparser.TypeTraits object at 0x7f5da8690fd0>))
DEBUG:pybindgen.typehandlers:TypeMatcher.lookup('ns3::Ptr< ns3::AttributeValue >')
DEBUG:pybindgen.typehandlers:try to lookup type handler for 'ns3::Ptr< ns3::AttributeValue >' => failure
DEBUG:pybindgen.typehandlers:try to lookup type handler for 'ns3::AttributeValue *' => success ((<class 'pybindgen.cppclass.MemoryPolicy.register_ptr_parameter_and_return.<locals>.ThisClassPtrReturn'>, <ns3modulegen_core_customizations.SmartPointerTransformation object at 0x7f5da907ba90>, <pybindgen.typehandlers.ctypeparser.TypeTraits object at 0x7f5da869a5f8>))
DEBUG:pybindgen.typehandlers:TypeMatcher.lookup('bool')
DEBUG:pybindgen.typehandlers:try to lookup type handler for 'bool' => success ((<class 'pybindgen.typehandlers.booltype.BoolReturn'>, None, <pybindgen.typehandlers.ctypeparser.TypeTraits object at 0x7f5da869a860>))
DEBUG:pybindgen.typehandlers:TypeMatcher.lookup('std::string')
DEBUG:pybindgen.typehandlers:try to lookup type handler for 'std::string' => success ((<class 'pybindgen.typehandlers.stringtype.StdStringParam'>, None, <pybindgen.typehandlers.ctypeparser.TypeTraits object at 0x7f5da869a9b0>))
DEBUG:pybindgen.typehandlers:TypeMatcher.lookup('ns3::Ptr< ns3::AttributeChecker const >')
DEBUG:pybindgen.typehandlers:try to lookup type handler for 'ns3::Ptr< ns3::AttributeChecker const >' => failure
DEBUG:pybindgen.typehandlers:try to lookup type handler for 'ns3::AttributeChecker *' => success ((<class 'pybindgen.cppclass.MemoryPolicy.register_ptr_parameter_and_return.<locals>.ThisClassPtrParameter'>, <ns3modulegen_core_customizations.SmartPointerTransformation object at 0x7f5da907ba90>, <pybindgen.typehandlers.ctypeparser.TypeTraits object at 0x7f5da869acf8>))
DEBUG:pybindgen.typehandlers:TypeMatcher.lookup('ns3::Ipv6Prefix')
DEBUG:pybindgen.typehandlers:try to lookup type handler for 'ns3::Ipv6Prefix' => success ((<class 'pybindgen.cppclass.CppClass.__init__.<locals>.ThisClassReturn'>, None, <pybindgen.typehandlers.ctypeparser.TypeTraits object at 0x7f5da869af60>))
DEBUG:pybindgen.typehandlers:TypeMatcher.lookup('std::string')
DEBUG:pybindgen.typehandlers:try to lookup type handler for 'std::string' => success ((<class 'pybindgen.typehandlers.stringtype.StdStringReturn'>, None, <pybindgen.typehandlers.ctypeparser.TypeTraits object at 0x7f5da8623320>))
DEBUG:pybindgen.typehandlers:TypeMatcher.lookup('ns3::Ptr< ns3::AttributeChecker const >')
DEBUG:pybindgen.typehandlers:try to lookup type handler for 'ns3::Ptr< ns3::AttributeChecker const >' => failure
DEBUG:pybindgen.typehandlers:try to lookup type handler for 'ns3::AttributeChecker *' => success ((<class 'pybindgen.cppclass.MemoryPolicy.register_ptr_parameter_and_return.<locals>.ThisClassPtrParameter'>, <ns3modulegen_core_customizations.SmartPointerTransformation object at 0x7f5da907ba90>, <pybindgen.typehandlers.ctypeparser.TypeTraits object at 0x7f5da86236a0>))
DEBUG:pybindgen.typehandlers:TypeMatcher.lookup('void')
DEBUG:pybindgen.typehandlers:try to lookup type handler for 'void' => success ((<class 'pybindgen.typehandlers.voidtype.VoidReturn'>, None, <pybindgen.typehandlers.ctypeparser.TypeTraits object at 0x7f5da8623908>))
DEBUG:pybindgen.typehandlers:TypeMatcher.lookup('ns3::Ipv6Prefix const &')
DEBUG:pybindgen.typehandlers:try to lookup type handler for 'ns3::Ipv6Prefix const &' => success ((<class 'pybindgen.cppclass.CppClass.__init__.<locals>.ThisClassRefParameter'>, None, <pybindgen.typehandlers.ctypeparser.TypeTraits object at 0x7f5da8623a58>))
DEBUG:pybindgen.typehandlers:TypeMatcher.lookup('ns3::Mac48AddressChecker const &')
DEBUG:pybindgen.typehandlers:try to lookup type handler for 'ns3::Mac48AddressChecker const &' => success ((<class 'pybindgen.cppclass.CppClass.__init__.<locals>.ThisClassRefParameter'>, None, <pybindgen.typehandlers.ctypeparser.TypeTraits object at 0x7f5da8627128>))
DEBUG:pybindgen.typehandlers:TypeMatcher.lookup('ns3::Mac48Address const &')
DEBUG:pybindgen.typehandlers:try to lookup type handler for 'ns3::Mac48Address const &' => success ((<class 'pybindgen.cppclass.CppClass.__init__.<locals>.ThisClassRefParameter'>, None, <pybindgen.typehandlers.ctypeparser.TypeTraits object at 0x7f5da8627780>))
DEBUG:pybindgen.typehandlers:TypeMatcher.lookup('ns3::Mac48AddressValue const &')
DEBUG:pybindgen.typehandlers:try to lookup type handler for 'ns3::Mac48AddressValue const &' => success ((<class 'pybindgen.cppclass.CppClass.__init__.<locals>.ThisClassRefParameter'>, None, <pybindgen.typehandlers.ctypeparser.TypeTraits object at 0x7f5da8627b70>))
DEBUG:pybindgen.typehandlers:TypeMatcher.lookup('ns3::Ptr< ns3::AttributeValue >')
DEBUG:pybindgen.typehandlers:try to lookup type handler for 'ns3::Ptr< ns3::AttributeValue >' => failure
DEBUG:pybindgen.typehandlers:try to lookup type handler for 'ns3::AttributeValue *' => success ((<class 'pybindgen.cppclass.MemoryPolicy.register_ptr_parameter_and_return.<locals>.ThisClassPtrReturn'>, <ns3modulegen_core_customizations.SmartPointerTransformation object at 0x7f5da907ba90>, <pybindgen.typehandlers.ctypeparser.TypeTraits object at 0x7f5da8631198>))
DEBUG:pybindgen.typehandlers:TypeMatcher.lookup('bool')
DEBUG:pybindgen.typehandlers:try to lookup type handler for 'bool' => success ((<class 'pybindgen.typehandlers.booltype.BoolReturn'>, None, <pybindgen.typehandlers.ctypeparser.TypeTraits object at 0x7f5da8631400>))
DEBUG:pybindgen.typehandlers:TypeMatcher.lookup('std::string')
DEBUG:pybindgen.typehandlers:try to lookup type handler for 'std::string' => success ((<class 'pybindgen.typehandlers.stringtype.StdStringParam'>, None, <pybindgen.typehandlers.ctypeparser.TypeTraits object at 0x7f5da8631550>))
DEBUG:pybindgen.typehandlers:TypeMatcher.lookup('ns3::Ptr< ns3::AttributeChecker const >')
DEBUG:pybindgen.typehandlers:try to lookup type handler for 'ns3::Ptr< ns3::AttributeChecker const >' => failure
DEBUG:pybindgen.typehandlers:try to lookup type handler for 'ns3::AttributeChecker *' => success ((<class 'pybindgen.cppclass.MemoryPolicy.register_ptr_parameter_and_return.<locals>.ThisClassPtrParameter'>, <ns3modulegen_core_customizations.SmartPointerTransformation object at 0x7f5da907ba90>, <pybindgen.typehandlers.ctypeparser.TypeTraits object at 0x7f5da8631898>))
DEBUG:pybindgen.typehandlers:TypeMatcher.lookup('ns3::Mac48Address')
DEBUG:pybindgen.typehandlers:try to lookup type handler for 'ns3::Mac48Address' => success ((<class 'pybindgen.cppclass.CppClass.__init__.<locals>.ThisClassReturn'>, None, <pybindgen.typehandlers.ctypeparser.TypeTraits object at 0x7f5da8631b00>))
DEBUG:pybindgen.typehandlers:TypeMatcher.lookup('std::string')
DEBUG:pybindgen.typehandlers:try to lookup type handler for 'std::string' => success ((<class 'pybindgen.typehandlers.stringtype.StdStringReturn'>, None, <pybindgen.typehandlers.ctypeparser.TypeTraits object at 0x7f5da8631e80>))
DEBUG:pybindgen.typehandlers:TypeMatcher.lookup('ns3::Ptr< ns3::AttributeChecker const >')
DEBUG:pybindgen.typehandlers:try to lookup type handler for 'ns3::Ptr< ns3::AttributeChecker const >' => failure
DEBUG:pybindgen.typehandlers:try to lookup type handler for 'ns3::AttributeChecker *' => success ((<class 'pybindgen.cppclass.MemoryPolicy.register_ptr_parameter_and_return.<locals>.ThisClassPtrParameter'>, <ns3modulegen_core_customizations.SmartPointerTransformation object at 0x7f5da907ba90>, <pybindgen.typehandlers.ctypeparser.TypeTraits object at 0x7f5da8638240>))
DEBUG:pybindgen.typehandlers:TypeMatcher.lookup('void')
DEBUG:pybindgen.typehandlers:try to lookup type handler for 'void' => success ((<class 'pybindgen.typehandlers.voidtype.VoidReturn'>, None, <pybindgen.typehandlers.ctypeparser.TypeTraits object at 0x7f5da86384a8>))
DEBUG:pybindgen.typehandlers:TypeMatcher.lookup('ns3::Mac48Address const &')
DEBUG:pybindgen.typehandlers:try to lookup type handler for 'ns3::Mac48Address const &' => success ((<class 'pybindgen.cppclass.CppClass.__init__.<locals>.ThisClassRefParameter'>, None, <pybindgen.typehandlers.ctypeparser.TypeTraits object at 0x7f5da86385f8>))
DEBUG:pybindgen.typehandlers:TypeMatcher.lookup('ns3::NetDevice const &')
DEBUG:pybindgen.typehandlers:try to lookup type handler for 'ns3::NetDevice const &' => success ((<class 'pybindgen.cppclass.CppClass.__init__.<locals>.ThisClassRefParameter'>, None, <pybindgen.typehandlers.ctypeparser.TypeTraits object at 0x7f5da8638c88>))
DEBUG:pybindgen.typehandlers:TypeMatcher.lookup('void')
DEBUG:pybindgen.typehandlers:try to lookup type handler for 'void' => success ((<class 'pybindgen.typehandlers.voidtype.VoidReturn'>, None, <pybindgen.typehandlers.ctypeparser.TypeTraits object at 0x7f5da863d080>))
DEBUG:pybindgen.typehandlers:TypeMatcher.lookup('ns3::Callback< void, ns3::empty, ns3::empty, ns3::empty, ns3::empty, ns3::empty, ns3::empty, ns3::empty, ns3::empty, ns3::empty >')
DEBUG:pybindgen.typehandlers:try to lookup type handler for 'ns3::Callback< void, ns3::empty, ns3::empty, ns3::empty, ns3::empty, ns3::empty, ns3::empty, ns3::empty, ns3::empty, ns3::empty >' => success ((<class 'ns3modulegen_core_customizations.register_callback_classes.<locals>.PythonCallbackParameter'>, None, <pybindgen.typehandlers.ctypeparser.TypeTraits object at 0x7f5da863d1d0>))
DEBUG:pybindgen.typehandlers:TypeMatcher.lookup('ns3::Address')
DEBUG:pybindgen.typehandlers:try to lookup type handler for 'ns3::Address' => success ((<class 'pybindgen.cppclass.CppClass.__init__.<locals>.ThisClassReturn'>, None, <pybindgen.typehandlers.ctypeparser.TypeTraits object at 0x7f5da863dc18>))
DEBUG:pybindgen.typehandlers:TypeMatcher.lookup('ns3::Address')
DEBUG:pybindgen.typehandlers:try to lookup type handler for 'ns3::Address' => success ((<class 'pybindgen.cppclass.CppClass.__init__.<locals>.ThisClassReturn'>, None, <pybindgen.typehandlers.ctypeparser.TypeTraits object at 0x7f5da86451d0>))
DEBUG:pybindgen.typehandlers:TypeMatcher.lookup('ns3::Ptr< ns3::Channel >')
DEBUG:pybindgen.typehandlers:try to lookup type handler for 'ns3::Ptr< ns3::Channel >' => failure
DEBUG:pybindgen.typehandlers:try to lookup type handler for 'ns3::Channel *' => failure ('')
/home/cs18/tarballs/ns-allinone-3.34/ns-3.34/src/fd-net-device/bindings/modulegen__gcc_LP64.py:4539: Warning: exception TypeLookupError(['ns3::Ptr< ns3::Channel >', 'ns3::Channel *'],) in wrapper public: virtual retval? ???::GetChannel (params?) const = 0;
  is_const=True, is_pure_virtual=True, is_virtual=True)
DEBUG:pybindgen.typehandlers:TypeMatcher.lookup('uint32_t')
DEBUG:pybindgen.typehandlers:try to lookup type handler for 'uint32_t' => success ((<class 'pybindgen.typehandlers.inttype.UnsignedIntReturn'>, None, <pybindgen.typehandlers.ctypeparser.TypeTraits object at 0x7f5da8645da0>))
DEBUG:pybindgen.typehandlers:TypeMatcher.lookup('uint16_t')
DEBUG:pybindgen.typehandlers:try to lookup type handler for 'uint16_t' => success ((<class 'pybindgen.typehandlers.inttype.UInt16Return'>, None, <pybindgen.typehandlers.ctypeparser.TypeTraits object at 0x7f5da864a198>))
DEBUG:pybindgen.typehandlers:TypeMatcher.lookup('ns3::Address')
DEBUG:pybindgen.typehandlers:try to lookup type handler for 'ns3::Address' => success ((<class 'pybindgen.cppclass.CppClass.__init__.<locals>.ThisClassReturn'>, None, <pybindgen.typehandlers.ctypeparser.TypeTraits object at 0x7f5da864a518>))
DEBUG:pybindgen.typehandlers:TypeMatcher.lookup('ns3::Ipv4Address')
DEBUG:pybindgen.typehandlers:try to lookup type handler for 'ns3::Ipv4Address' => success ((<class 'pybindgen.cppclass.CppClass.__init__.<locals>.ThisClassParameter'>, None, <pybindgen.typehandlers.ctypeparser.TypeTraits object at 0x7f5da864a630>))
DEBUG:pybindgen.typehandlers:TypeMatcher.lookup('ns3::Address')
DEBUG:pybindgen.typehandlers:try to lookup type handler for 'ns3::Address' => success ((<class 'pybindgen.cppclass.CppClass.__init__.<locals>.ThisClassReturn'>, None, <pybindgen.typehandlers.ctypeparser.TypeTraits object at 0x7f5da864a978>))
DEBUG:pybindgen.typehandlers:TypeMatcher.lookup('ns3::Ipv6Address')
DEBUG:pybindgen.typehandlers:try to lookup type handler for 'ns3::Ipv6Address' => success ((<class 'pybindgen.cppclass.CppClass.__init__.<locals>.ThisClassParameter'>, None, <pybindgen.typehandlers.ctypeparser.TypeTraits object at 0x7f5da864aa90>))
DEBUG:pybindgen.typehandlers:TypeMatcher.lookup('ns3::Ptr< ns3::Node >')
DEBUG:pybindgen.typehandlers:try to lookup type handler for 'ns3::Ptr< ns3::Node >' => failure
DEBUG:pybindgen.typehandlers:try to lookup type handler for 'ns3::Node *' => success ((<class 'pybindgen.cppclass.MemoryPolicy.register_ptr_parameter_and_return.<locals>.ThisClassPtrReturn'>, <ns3modulegen_core_customizations.SmartPointerTransformation object at 0x7f5da907ba90>, <pybindgen.typehandlers.ctypeparser.TypeTraits object at 0x7f5da864afd0>))
DEBUG:pybindgen.typehandlers:TypeMatcher.lookup('ns3::TypeId')
DEBUG:pybindgen.typehandlers:try to lookup type handler for 'ns3::TypeId' => success ((<class 'pybindgen.cppclass.CppClass.__init__.<locals>.ThisClassReturn'>, None, <pybindgen.typehandlers.ctypeparser.TypeTraits object at 0x7f5da8654278>))
DEBUG:pybindgen.typehandlers:TypeMatcher.lookup('bool')
DEBUG:pybindgen.typehandlers:try to lookup type handler for 'bool' => success ((<class 'pybindgen.typehandlers.booltype.BoolReturn'>, None, <pybindgen.typehandlers.ctypeparser.TypeTraits object at 0x7f5da86545f8>))
DEBUG:pybindgen.typehandlers:TypeMatcher.lookup('bool')
DEBUG:pybindgen.typehandlers:try to lookup type handler for 'bool' => success ((<class 'pybindgen.typehandlers.booltype.BoolReturn'>, None, <pybindgen.typehandlers.ctypeparser.TypeTraits object at 0x7f5da86549b0>))
DEBUG:pybindgen.typehandlers:TypeMatcher.lookup('bool')
DEBUG:pybindgen.typehandlers:try to lookup type handler for 'bool' => success ((<class 'pybindgen.typehandlers.booltype.BoolReturn'>, None, <pybindgen.typehandlers.ctypeparser.TypeTraits object at 0x7f5da863d9b0>))
DEBUG:pybindgen.typehandlers:TypeMatcher.lookup('bool')
DEBUG:pybindgen.typehandlers:try to lookup type handler for 'bool' => success ((<class 'pybindgen.typehandlers.booltype.BoolReturn'>, None, <pybindgen.typehandlers.ctypeparser.TypeTraits object at 0x7f5da8645828>))
DEBUG:pybindgen.typehandlers:TypeMatcher.lookup('bool')
DEBUG:pybindgen.typehandlers:try to lookup type handler for 'bool' => success ((<class 'pybindgen.typehandlers.booltype.BoolReturn'>, None, <pybindgen.typehandlers.ctypeparser.TypeTraits object at 0x7f5da8645630>))
DEBUG:pybindgen.typehandlers:TypeMatcher.lookup('bool')
DEBUG:pybindgen.typehandlers:try to lookup type handler for 'bool' => success ((<class 'pybindgen.typehandlers.booltype.BoolReturn'>, None, <pybindgen.typehandlers.ctypeparser.TypeTraits object at 0x7f5da8654fd0>))
DEBUG:pybindgen.typehandlers:TypeMatcher.lookup('bool')
DEBUG:pybindgen.typehandlers:try to lookup type handler for 'bool' => success ((<class 'pybindgen.typehandlers.booltype.BoolReturn'>, None, <pybindgen.typehandlers.ctypeparser.TypeTraits object at 0x7f5da85dc3c8>))
DEBUG:pybindgen.typehandlers:TypeMatcher.lookup('ns3::Ptr< ns3::Packet >')
DEBUG:pybindgen.typehandlers:try to lookup type handler for 'ns3::Ptr< ns3::Packet >' => failure
DEBUG:pybindgen.typehandlers:try to lookup type handler for 'ns3::Packet *' => success ((<class 'pybindgen.cppclass.MemoryPolicy.register_ptr_parameter_and_return.<locals>.ThisClassPtrParameter'>, <ns3modulegen_core_customizations.SmartPointerTransformation object at 0x7f5da907ba90>, <pybindgen.typehandlers.ctypeparser.TypeTraits object at 0x7f5da85dc748>))
DEBUG:pybindgen.typehandlers:TypeMatcher.lookup('ns3::Address const &')
DEBUG:pybindgen.typehandlers:try to lookup type handler for 'ns3::Address const &' => success ((<class 'pybindgen.cppclass.CppClass.__init__.<locals>.ThisClassRefParameter'>, None, <pybindgen.typehandlers.ctypeparser.TypeTraits object at 0x7f5da85dc748>))
DEBUG:pybindgen.typehandlers:TypeMatcher.lookup('uint16_t')
DEBUG:pybindgen.typehandlers:try to lookup type handler for 'uint16_t' => success ((<class 'pybindgen.typehandlers.inttype.UInt16Param'>, None, <pybindgen.typehandlers.ctypeparser.TypeTraits object at 0x7f5da85dc8d0>))
DEBUG:pybindgen.typehandlers:TypeMatcher.lookup('bool')
DEBUG:pybindgen.typehandlers:try to lookup type handler for 'bool' => success ((<class 'pybindgen.typehandlers.booltype.BoolReturn'>, None, <pybindgen.typehandlers.ctypeparser.TypeTraits object at 0x7f5da85dcbe0>))
DEBUG:pybindgen.typehandlers:TypeMatcher.lookup('ns3::Ptr< ns3::Packet >')
DEBUG:pybindgen.typehandlers:try to lookup type handler for 'ns3::Ptr< ns3::Packet >' => failure
DEBUG:pybindgen.typehandlers:try to lookup type handler for 'ns3::Packet *' => success ((<class 'pybindgen.cppclass.MemoryPolicy.register_ptr_parameter_and_return.<locals>.ThisClassPtrParameter'>, <ns3modulegen_core_customizations.SmartPointerTransformation object at 0x7f5da907ba90>, <pybindgen.typehandlers.ctypeparser.TypeTraits object at 0x7f5da85dcf60>))
DEBUG:pybindgen.typehandlers:TypeMatcher.lookup('ns3::Address const &')
DEBUG:pybindgen.typehandlers:try to lookup type handler for 'ns3::Address const &' => success ((<class 'pybindgen.cppclass.CppClass.__init__.<locals>.ThisClassRefParameter'>, None, <pybindgen.typehandlers.ctypeparser.TypeTraits object at 0x7f5da85dcf60>))
DEBUG:pybindgen.typehandlers:TypeMatcher.lookup('ns3::Address const &')
DEBUG:pybindgen.typehandlers:try to lookup type handler for 'ns3::Address const &' => success ((<class 'pybindgen.cppclass.CppClass.__init__.<locals>.ThisClassRefParameter'>, None, <pybindgen.typehandlers.ctypeparser.TypeTraits object at 0x7f5da85e1128>))
DEBUG:pybindgen.typehandlers:TypeMatcher.lookup('uint16_t')
DEBUG:pybindgen.typehandlers:try to lookup type handler for 'uint16_t' => success ((<class 'pybindgen.typehandlers.inttype.UInt16Param'>, None, <pybindgen.typehandlers.ctypeparser.TypeTraits object at 0x7f5da85e12b0>))
DEBUG:pybindgen.typehandlers:TypeMatcher.lookup('void')
DEBUG:pybindgen.typehandlers:try to lookup type handler for 'void' => success ((<class 'pybindgen.typehandlers.voidtype.VoidReturn'>, None, <pybindgen.typehandlers.ctypeparser.TypeTraits object at 0x7f5da85e15c0>))
DEBUG:pybindgen.typehandlers:TypeMatcher.lookup('ns3::Address')
DEBUG:pybindgen.typehandlers:try to lookup type handler for 'ns3::Address' => success ((<class 'pybindgen.cppclass.CppClass.__init__.<locals>.ThisClassParameter'>, None, <pybindgen.typehandlers.ctypeparser.TypeTraits object at 0x7f5da85e1710>))
DEBUG:pybindgen.typehandlers:TypeMatcher.lookup('void')
DEBUG:pybindgen.typehandlers:try to lookup type handler for 'void' => success ((<class 'pybindgen.typehandlers.voidtype.VoidReturn'>, None, <pybindgen.typehandlers.ctypeparser.TypeTraits object at 0x7f5da85e1a58>))
DEBUG:pybindgen.typehandlers:TypeMatcher.lookup('uint32_t const')
DEBUG:pybindgen.typehandlers:try to lookup type handler for 'uint32_t const' => success ((<class 'pybindgen.typehandlers.inttype.UnsignedIntParam'>, None, <pybindgen.typehandlers.ctypeparser.TypeTraits object at 0x7f5da85e1ba8>))
DEBUG:pybindgen.typehandlers:TypeMatcher.lookup('bool')
DEBUG:pybindgen.typehandlers:try to lookup type handler for 'bool' => success ((<class 'pybindgen.typehandlers.booltype.BoolReturn'>, None, <pybindgen.typehandlers.ctypeparser.TypeTraits object at 0x7f5da85e1f60>))
DEBUG:pybindgen.typehandlers:TypeMatcher.lookup('uint16_t const')
DEBUG:pybindgen.typehandlers:try to lookup type handler for 'uint16_t const' => success ((<class 'pybindgen.typehandlers.inttype.UInt16Param'>, None, <pybindgen.typehandlers.ctypeparser.TypeTraits object at 0x7f5da85e80f0>))
DEBUG:pybindgen.typehandlers:TypeMatcher.lookup('void')
DEBUG:pybindgen.typehandlers:try to lookup type handler for 'void' => success ((<class 'pybindgen.typehandlers.voidtype.VoidReturn'>, None, <pybindgen.typehandlers.ctypeparser.TypeTraits object at 0x7f5da85e84a8>))
DEBUG:pybindgen.typehandlers:TypeMatcher.lookup('ns3::Ptr< ns3::Node >')
DEBUG:pybindgen.typehandlers:try to lookup type handler for 'ns3::Ptr< ns3::Node >' => failure
DEBUG:pybindgen.typehandlers:try to lookup type handler for 'ns3::Node *' => success ((<class 'pybindgen.cppclass.MemoryPolicy.register_ptr_parameter_and_return.<locals>.ThisClassPtrParameter'>, <ns3modulegen_core_customizations.SmartPointerTransformation object at 0x7f5da907ba90>, <pybindgen.typehandlers.ctypeparser.TypeTraits object at 0x7f5da85e8828>))
DEBUG:pybindgen.typehandlers:TypeMatcher.lookup('void')
DEBUG:pybindgen.typehandlers:try to lookup type handler for 'void' => success ((<class 'pybindgen.typehandlers.voidtype.VoidReturn'>, None, <pybindgen.typehandlers.ctypeparser.TypeTraits object at 0x7f5da85e8a58>))
DEBUG:pybindgen.typehandlers:TypeMatcher.lookup('ns3::Callback< bool, ns3::Ptr< ns3::NetDevice >, ns3::Ptr< ns3::Packet const >, unsigned short, ns3::Address const &, ns3::Address const &, ns3::NetDevice::PacketType, ns3::empty, ns3::empty, ns3::empty >')
DEBUG:pybindgen.typehandlers:try to lookup type handler for 'ns3::Callback< bool, ns3::Ptr< ns3::NetDevice >, ns3::Ptr< ns3::Packet const >, unsigned short, ns3::Address const &, ns3::Address const &, ns3::NetDevice::PacketType, ns3::empty, ns3::empty, ns3::empty >' => success ((<class 'ns3modulegen_core_customizations.register_callback_classes.<locals>.PythonCallbackParameter'>, None, <pybindgen.typehandlers.ctypeparser.TypeTraits object at 0x7f5da85e8ba8>))
DEBUG:pybindgen.typehandlers:TypeMatcher.lookup('void')
DEBUG:pybindgen.typehandlers:try to lookup type handler for 'void' => success ((<class 'pybindgen.typehandlers.voidtype.VoidReturn'>, None, <pybindgen.typehandlers.ctypeparser.TypeTraits object at 0x7f5da85ee780>))
DEBUG:pybindgen.typehandlers:TypeMatcher.lookup('ns3::Callback< bool, ns3::Ptr< ns3::NetDevice >, ns3::Ptr< ns3::Packet const >, unsigned short, ns3::Address const &, ns3::empty, ns3::empty, ns3::empty, ns3::empty, ns3::empty >')
DEBUG:pybindgen.typehandlers:try to lookup type handler for 'ns3::Callback< bool, ns3::Ptr< ns3::NetDevice >, ns3::Ptr< ns3::Packet const >, unsigned short, ns3::Address const &, ns3::empty, ns3::empty, ns3::empty, ns3::empty, ns3::empty >' => success ((<class 'ns3modulegen_core_customizations.register_callback_classes.<locals>.PythonCallbackParameter'>, None, <pybindgen.typehandlers.ctypeparser.TypeTraits object at 0x7f5da85ee8d0>))
DEBUG:pybindgen.typehandlers:TypeMatcher.lookup('bool')
DEBUG:pybindgen.typehandlers:try to lookup type handler for 'bool' => success ((<class 'pybindgen.typehandlers.booltype.BoolReturn'>, None, <pybindgen.typehandlers.ctypeparser.TypeTraits object at 0x7f5da85f2400>))
DEBUG:pybindgen.typehandlers:TypeMatcher.lookup('ns3::NixVector const &')
DEBUG:pybindgen.typehandlers:try to lookup type handler for 'ns3::NixVector const &' => success ((<class 'pybindgen.cppclass.CppClass.__init__.<locals>.ThisClassRefParameter'>, None, <pybindgen.typehandlers.ctypeparser.TypeTraits object at 0x7f5da85f2a58>))
DEBUG:pybindgen.typehandlers:TypeMatcher.lookup('void')
DEBUG:pybindgen.typehandlers:try to lookup type handler for 'void' => success ((<class 'pybindgen.typehandlers.voidtype.VoidReturn'>, None, <pybindgen.typehandlers.ctypeparser.TypeTraits object at 0x7f5da85f2e10>))
DEBUG:pybindgen.typehandlers:TypeMatcher.lookup('uint32_t')
DEBUG:pybindgen.typehandlers:try to lookup type handler for 'uint32_t' => success ((<class 'pybindgen.typehandlers.inttype.UnsignedIntParam'>, None, <pybindgen.typehandlers.ctypeparser.TypeTraits object at 0x7f5da85f2f60>))
DEBUG:pybindgen.typehandlers:TypeMatcher.lookup('uint32_t')
DEBUG:pybindgen.typehandlers:try to lookup type handler for 'uint32_t' => success ((<class 'pybindgen.typehandlers.inttype.UnsignedIntParam'>, None, <pybindgen.typehandlers.ctypeparser.TypeTraits object at 0x7f5da85fb048>))
DEBUG:pybindgen.typehandlers:TypeMatcher.lookup('uint32_t')
DEBUG:pybindgen.typehandlers:try to lookup type handler for 'uint32_t' => success ((<class 'pybindgen.typehandlers.inttype.UnsignedIntReturn'>, None, <pybindgen.typehandlers.ctypeparser.TypeTraits object at 0x7f5da85fb3c8>))
DEBUG:pybindgen.typehandlers:TypeMatcher.lookup('uint32_t')
DEBUG:pybindgen.typehandlers:try to lookup type handler for 'uint32_t' => success ((<class 'pybindgen.typehandlers.inttype.UnsignedIntParam'>, None, <pybindgen.typehandlers.ctypeparser.TypeTraits object at 0x7f5da85fb4e0>))
DEBUG:pybindgen.typehandlers:TypeMatcher.lookup('ns3::Ptr< ns3::NixVector >')
DEBUG:pybindgen.typehandlers:try to lookup type handler for 'ns3::Ptr< ns3::NixVector >' => failure
DEBUG:pybindgen.typehandlers:try to lookup type handler for 'ns3::NixVector *' => success ((<class 'pybindgen.cppclass.MemoryPolicy.register_ptr_parameter_and_return.<locals>.ThisClassPtrReturn'>, <ns3modulegen_core_customizations.SmartPointerTransformation object at 0x7f5da907ba90>, <pybindgen.typehandlers.ctypeparser.TypeTraits object at 0x7f5da85fba58>))
DEBUG:pybindgen.typehandlers:TypeMatcher.lookup('uint32_t')
DEBUG:pybindgen.typehandlers:try to lookup type handler for 'uint32_t' => success ((<class 'pybindgen.typehandlers.inttype.UnsignedIntReturn'>, None, <pybindgen.typehandlers.ctypeparser.TypeTraits object at 0x7f5da85fbcc0>))
DEBUG:pybindgen.typehandlers:TypeMatcher.lookup('uint32_t const *')
DEBUG:pybindgen.typehandlers:try to lookup type handler for 'uint32_t const *' => success ((<class 'pybindgen.typehandlers.inttype.UnsignedIntPtrParam'>, None, <pybindgen.typehandlers.ctypeparser.TypeTraits object at 0x7f5da85fbdd8>))
DEBUG:pybindgen.typehandlers:TypeMatcher.lookup('uint32_t')
DEBUG:pybindgen.typehandlers:try to lookup type handler for 'uint32_t' => success ((<class 'pybindgen.typehandlers.inttype.UnsignedIntParam'>, None, <pybindgen.typehandlers.ctypeparser.TypeTraits object at 0x7f5da85fbf98>))
DEBUG:pybindgen.typehandlers:TypeMatcher.lookup('uint32_t')
DEBUG:pybindgen.typehandlers:try to lookup type handler for 'uint32_t' => success ((<class 'pybindgen.typehandlers.inttype.UnsignedIntReturn'>, None, <pybindgen.typehandlers.ctypeparser.TypeTraits object at 0x7f5da86032e8>))
DEBUG:pybindgen.typehandlers:TypeMatcher.lookup('uint32_t')
DEBUG:pybindgen.typehandlers:try to lookup type handler for 'uint32_t' => success ((<class 'pybindgen.typehandlers.inttype.UnsignedIntParam'>, None, <pybindgen.typehandlers.ctypeparser.TypeTraits object at 0x7f5da8603400>))
DEBUG:pybindgen.typehandlers:TypeMatcher.lookup('uint32_t')
DEBUG:pybindgen.typehandlers:try to lookup type handler for 'uint32_t' => success ((<class 'pybindgen.typehandlers.inttype.UnsignedIntReturn'>, None, <pybindgen.typehandlers.ctypeparser.TypeTraits object at 0x7f5da8603748>))
DEBUG:pybindgen.typehandlers:TypeMatcher.lookup('uint32_t')
DEBUG:pybindgen.typehandlers:try to lookup type handler for 'uint32_t' => success ((<class 'pybindgen.typehandlers.inttype.UnsignedIntReturn'>, None, <pybindgen.typehandlers.ctypeparser.TypeTraits object at 0x7f5da8603b00>))
DEBUG:pybindgen.typehandlers:TypeMatcher.lookup('uint32_t')
DEBUG:pybindgen.typehandlers:try to lookup type handler for 'uint32_t' => success ((<class 'pybindgen.typehandlers.inttype.UnsignedIntReturn'>, None, <pybindgen.typehandlers.ctypeparser.TypeTraits object at 0x7f5da8603e80>))
DEBUG:pybindgen.typehandlers:TypeMatcher.lookup('uint32_t *')
DEBUG:pybindgen.typehandlers:try to lookup type handler for 'uint32_t *' => success ((<class 'pybindgen.typehandlers.inttype.UnsignedIntPtrParam'>, None, <pybindgen.typehandlers.ctypeparser.TypeTraits object at 0x7f5da8603f98>))
DEBUG:pybindgen.typehandlers:TypeMatcher.lookup('uint32_t')
DEBUG:pybindgen.typehandlers:try to lookup type handler for 'uint32_t' => success ((<class 'pybindgen.typehandlers.inttype.UnsignedIntParam'>, None, <pybindgen.typehandlers.ctypeparser.TypeTraits object at 0x7f5da860a0f0>))
DEBUG:pybindgen.typehandlers:TypeMatcher.lookup('ns3::Node const &')
DEBUG:pybindgen.typehandlers:try to lookup type handler for 'ns3::Node const &' => success ((<class 'pybindgen.cppclass.CppClass.__init__.<locals>.ThisClassRefParameter'>, None, <pybindgen.typehandlers.ctypeparser.TypeTraits object at 0x7f5da860a470>))
DEBUG:pybindgen.typehandlers:TypeMatcher.lookup('uint32_t')
DEBUG:pybindgen.typehandlers:try to lookup type handler for 'uint32_t' => success ((<class 'pybindgen.typehandlers.inttype.UnsignedIntParam'>, None, <pybindgen.typehandlers.ctypeparser.TypeTraits object at 0x7f5da860aac8>))
DEBUG:pybindgen.typehandlers:TypeMatcher.lookup('uint32_t')
DEBUG:pybindgen.typehandlers:try to lookup type handler for 'uint32_t' => success ((<class 'pybindgen.typehandlers.inttype.UnsignedIntReturn'>, None, <pybindgen.typehandlers.ctypeparser.TypeTraits object at 0x7f5da860add8>))
DEBUG:pybindgen.typehandlers:TypeMatcher.lookup('ns3::Ptr< ns3::Application >')
DEBUG:pybindgen.typehandlers:try to lookup type handler for 'ns3::Ptr< ns3::Application >' => failure
DEBUG:pybindgen.typehandlers:try to lookup type handler for 'ns3::Application *' => failure ('')
/home/cs18/tarballs/ns-allinone-3.34/ns-3.34/src/fd-net-device/bindings/modulegen__gcc_LP64.py:4701: Warning: exception TypeLookupError(['ns3::Ptr< ns3::Application >', 'ns3::Application *'],) in wrapper public: retval? ???::AddApplication (params?);
  [param('ns3::Ptr< ns3::Application >', 'application')])
DEBUG:pybindgen.typehandlers:TypeMatcher.lookup('uint32_t')
DEBUG:pybindgen.typehandlers:try to lookup type handler for 'uint32_t' => success ((<class 'pybindgen.typehandlers.inttype.UnsignedIntReturn'>, None, <pybindgen.typehandlers.ctypeparser.TypeTraits object at 0x7f5da860f208>))
DEBUG:pybindgen.typehandlers:TypeMatcher.lookup('ns3::Ptr< ns3::NetDevice >')
DEBUG:pybindgen.typehandlers:try to lookup type handler for 'ns3::Ptr< ns3::NetDevice >' => failure
DEBUG:pybindgen.typehandlers:try to lookup type handler for 'ns3::NetDevice *' => success ((<class 'pybindgen.cppclass.MemoryPolicy.register_ptr_parameter_and_return.<locals>.ThisClassPtrParameter'>, <ns3modulegen_core_customizations.SmartPointerTransformation object at 0x7f5da907ba90>, <pybindgen.typehandlers.ctypeparser.TypeTraits object at 0x7f5da860f518>))
DEBUG:pybindgen.typehandlers:TypeMatcher.lookup('bool')
DEBUG:pybindgen.typehandlers:try to lookup type handler for 'bool' => success ((<class 'pybindgen.typehandlers.booltype.BoolReturn'>, None, <pybindgen.typehandlers.ctypeparser.TypeTraits object at 0x7f5da860f748>))
DEBUG:pybindgen.typehandlers:TypeMatcher.lookup('ns3::Ptr< ns3::Application >')
DEBUG:pybindgen.typehandlers:try to lookup type handler for 'ns3::Ptr< ns3::Application >' => failure
DEBUG:pybindgen.typehandlers:try to lookup type handler for 'ns3::Application *' => failure ('')
/home/cs18/tarballs/ns-allinone-3.34/ns-3.34/src/fd-net-device/bindings/modulegen__gcc_LP64.py:4715: Warning: exception TypeLookupError(['ns3::Ptr< ns3::Application >', 'ns3::Application *'],) in wrapper public: retval? ???::GetApplication (params?) const;
  is_const=True)
DEBUG:pybindgen.typehandlers:TypeMatcher.lookup('ns3::Ptr< ns3::NetDevice >')
DEBUG:pybindgen.typehandlers:try to lookup type handler for 'ns3::Ptr< ns3::NetDevice >' => failure
DEBUG:pybindgen.typehandlers:try to lookup type handler for 'ns3::NetDevice *' => success ((<class 'pybindgen.cppclass.MemoryPolicy.register_ptr_parameter_and_return.<locals>.ThisClassPtrReturn'>, <ns3modulegen_core_customizations.SmartPointerTransformation object at 0x7f5da907ba90>, <pybindgen.typehandlers.ctypeparser.TypeTraits object at 0x7f5da8618080>))
DEBUG:pybindgen.typehandlers:TypeMatcher.lookup('uint32_t')
DEBUG:pybindgen.typehandlers:try to lookup type handler for 'uint32_t' => success ((<class 'pybindgen.typehandlers.inttype.UnsignedIntParam'>, None, <pybindgen.typehandlers.ctypeparser.TypeTraits object at 0x7f5da8618080>))
DEBUG:pybindgen.typehandlers:TypeMatcher.lookup('uint32_t')
DEBUG:pybindgen.typehandlers:try to lookup type handler for 'uint32_t' => success ((<class 'pybindgen.typehandlers.inttype.UnsignedIntReturn'>, None, <pybindgen.typehandlers.ctypeparser.TypeTraits object at 0x7f5da86183c8>))
DEBUG:pybindgen.typehandlers:TypeMatcher.lookup('ns3::Time')
DEBUG:pybindgen.typehandlers:try to lookup type handler for 'ns3::Time' => success ((<class 'pybindgen.cppclass.CppClass.__init__.<locals>.ThisClassReturn'>, None, <pybindgen.typehandlers.ctypeparser.TypeTraits object at 0x7f5da8618748>))
DEBUG:pybindgen.typehandlers:TypeMatcher.lookup('uint32_t')
DEBUG:pybindgen.typehandlers:try to lookup type handler for 'uint32_t' => success ((<class 'pybindgen.typehandlers.inttype.UnsignedIntReturn'>, None, <pybindgen.typehandlers.ctypeparser.TypeTraits object at 0x7f5da8618ac8>))
DEBUG:pybindgen.typehandlers:TypeMatcher.lookup('uint32_t')
DEBUG:pybindgen.typehandlers:try to lookup type handler for 'uint32_t' => success ((<class 'pybindgen.typehandlers.inttype.UnsignedIntReturn'>, None, <pybindgen.typehandlers.ctypeparser.TypeTraits object at 0x7f5da8618e48>))
DEBUG:pybindgen.typehandlers:TypeMatcher.lookup('uint32_t')
DEBUG:pybindgen.typehandlers:try to lookup type handler for 'uint32_t' => success ((<class 'pybindgen.typehandlers.inttype.UnsignedIntReturn'>, None, <pybindgen.typehandlers.ctypeparser.TypeTraits object at 0x7f5da860fd68>))
DEBUG:pybindgen.typehandlers:TypeMatcher.lookup('ns3::TypeId')
DEBUG:pybindgen.typehandlers:try to lookup type handler for 'ns3::TypeId' => success ((<class 'pybindgen.cppclass.CppClass.__init__.<locals>.ThisClassReturn'>, None, <pybindgen.typehandlers.ctypeparser.TypeTraits object at 0x7f5da860aef0>))
DEBUG:pybindgen.typehandlers:TypeMatcher.lookup('void')
DEBUG:pybindgen.typehandlers:try to lookup type handler for 'void' => success ((<class 'pybindgen.typehandlers.voidtype.VoidReturn'>, None, <pybindgen.typehandlers.ctypeparser.TypeTraits object at 0x7f5da855f2b0>))
DEBUG:pybindgen.typehandlers:TypeMatcher.lookup('ns3::Callback< void, ns3::Ptr< ns3::NetDevice >, ns3::empty, ns3::empty, ns3::empty, ns3::empty, ns3::empty, ns3::empty, ns3::empty, ns3::empty >')
DEBUG:pybindgen.typehandlers:try to lookup type handler for 'ns3::Callback< void, ns3::Ptr< ns3::NetDevice >, ns3::empty, ns3::empty, ns3::empty, ns3::empty, ns3::empty, ns3::empty, ns3::empty, ns3::empty >' => success ((<class 'ns3modulegen_core_customizations.register_callback_classes.<locals>.PythonCallbackParameter'>, None, <pybindgen.typehandlers.ctypeparser.TypeTraits object at 0x7f5da855f400>))
DEBUG:pybindgen.typehandlers:TypeMatcher.lookup('void')
DEBUG:pybindgen.typehandlers:try to lookup type handler for 'void' => success ((<class 'pybindgen.typehandlers.voidtype.VoidReturn'>, None, <pybindgen.typehandlers.ctypeparser.TypeTraits object at 0x7f5da855fcc0>))
DEBUG:pybindgen.typehandlers:TypeMatcher.lookup('ns3::Callback< void, ns3::Ptr< ns3::NetDevice >, ns3::Ptr< ns3::Packet const >, unsigned short, ns3::Address const &, ns3::Address const &, ns3::NetDevice::PacketType, ns3::empty, ns3::empty, ns3::empty >')
DEBUG:pybindgen.typehandlers:try to lookup type handler for 'ns3::Callback< void, ns3::Ptr< ns3::NetDevice >, ns3::Ptr< ns3::Packet const >, unsigned short, ns3::Address const &, ns3::Address const &, ns3::NetDevice::PacketType, ns3::empty, ns3::empty, ns3::empty >' => success ((<class 'ns3modulegen_core_customizations.register_callback_classes.<locals>.PythonCallbackParameter'>, None, <pybindgen.typehandlers.ctypeparser.TypeTraits object at 0x7f5da855fe10>))
DEBUG:pybindgen.typehandlers:TypeMatcher.lookup('uint16_t')
DEBUG:pybindgen.typehandlers:try to lookup type handler for 'uint16_t' => success ((<class 'pybindgen.typehandlers.inttype.UInt16Param'>, None, <pybindgen.typehandlers.ctypeparser.TypeTraits object at 0x7f5da85677b8>))
DEBUG:pybindgen.typehandlers:TypeMatcher.lookup('ns3::Ptr< ns3::NetDevice >')
DEBUG:pybindgen.typehandlers:try to lookup type handler for 'ns3::Ptr< ns3::NetDevice >' => failure
DEBUG:pybindgen.typehandlers:try to lookup type handler for 'ns3::NetDevice *' => success ((<class 'pybindgen.cppclass.MemoryPolicy.register_ptr_parameter_and_return.<locals>.ThisClassPtrParameter'>, <ns3modulegen_core_customizations.SmartPointerTransformation object at 0x7f5da907ba90>, <pybindgen.typehandlers.ctypeparser.TypeTraits object at 0x7f5da8567a90>))
DEBUG:pybindgen.typehandlers:TypeMatcher.lookup('bool')
DEBUG:pybindgen.typehandlers:try to lookup type handler for 'bool' => success ((<class 'pybindgen.typehandlers.booltype.BoolParam'>, None, <pybindgen.typehandlers.ctypeparser.TypeTraits object at 0x7f5da8567a90>))
DEBUG:pybindgen.typehandlers:TypeMatcher.lookup('void')
DEBUG:pybindgen.typehandlers:try to lookup type handler for 'void' => success ((<class 'pybindgen.typehandlers.voidtype.VoidReturn'>, None, <pybindgen.typehandlers.ctypeparser.TypeTraits object at 0x7f5da8567dd8>))
DEBUG:pybindgen.typehandlers:TypeMatcher.lookup('ns3::Callback< void, ns3::Ptr< ns3::NetDevice >, ns3::empty, ns3::empty, ns3::empty, ns3::empty, ns3::empty, ns3::empty, ns3::empty, ns3::empty >')
DEBUG:pybindgen.typehandlers:try to lookup type handler for 'ns3::Callback< void, ns3::Ptr< ns3::NetDevice >, ns3::empty, ns3::empty, ns3::empty, ns3::empty, ns3::empty, ns3::empty, ns3::empty, ns3::empty >' => success ((<class 'ns3modulegen_core_customizations.register_callback_classes.<locals>.PythonCallbackParameter'>, None, <pybindgen.typehandlers.ctypeparser.TypeTraits object at 0x7f5da8567f28>))
DEBUG:pybindgen.typehandlers:TypeMatcher.lookup('void')
DEBUG:pybindgen.typehandlers:try to lookup type handler for 'void' => success ((<class 'pybindgen.typehandlers.voidtype.VoidReturn'>, None, <pybindgen.typehandlers.ctypeparser.TypeTraits object at 0x7f5da856e828>))
DEBUG:pybindgen.typehandlers:TypeMatcher.lookup('ns3::Callback< void, ns3::Ptr< ns3::NetDevice >, ns3::Ptr< ns3::Packet const >, unsigned short, ns3::Address const &, ns3::Address const &, ns3::NetDevice::PacketType, ns3::empty, ns3::empty, ns3::empty >')
DEBUG:pybindgen.typehandlers:try to lookup type handler for 'ns3::Callback< void, ns3::Ptr< ns3::NetDevice >, ns3::Ptr< ns3::Packet const >, unsigned short, ns3::Address const &, ns3::Address const &, ns3::NetDevice::PacketType, ns3::empty, ns3::empty, ns3::empty >' => success ((<class 'ns3modulegen_core_customizations.register_callback_classes.<locals>.PythonCallbackParameter'>, None, <pybindgen.typehandlers.ctypeparser.TypeTraits object at 0x7f5da856e978>))
DEBUG:pybindgen.typehandlers:TypeMatcher.lookup('void')
DEBUG:pybindgen.typehandlers:try to lookup type handler for 'void' => success ((<class 'pybindgen.typehandlers.voidtype.VoidReturn'>, None, <pybindgen.typehandlers.ctypeparser.TypeTraits object at 0x7f5da8572550>))
DEBUG:pybindgen.typehandlers:TypeMatcher.lookup('void')
DEBUG:pybindgen.typehandlers:try to lookup type handler for 'void' => success ((<class 'pybindgen.typehandlers.voidtype.VoidReturn'>, None, <pybindgen.typehandlers.ctypeparser.TypeTraits object at 0x7f5da8572da0>))
DEBUG:pybindgen.typehandlers:TypeMatcher.lookup('ns3::ObjectFactoryChecker const &')
DEBUG:pybindgen.typehandlers:try to lookup type handler for 'ns3::ObjectFactoryChecker const &' => success ((<class 'pybindgen.cppclass.CppClass.__init__.<locals>.ThisClassRefParameter'>, None, <pybindgen.typehandlers.ctypeparser.TypeTraits object at 0x7f5da8578898>))
DEBUG:pybindgen.typehandlers:TypeMatcher.lookup('ns3::ObjectFactory const &')
DEBUG:pybindgen.typehandlers:try to lookup type handler for 'ns3::ObjectFactory const &' => success ((<class 'pybindgen.cppclass.CppClass.__init__.<locals>.ThisClassRefParameter'>, None, <pybindgen.typehandlers.ctypeparser.TypeTraits object at 0x7f5da8578ef0>))
DEBUG:pybindgen.typehandlers:TypeMatcher.lookup('ns3::ObjectFactoryValue const &')
DEBUG:pybindgen.typehandlers:try to lookup type handler for 'ns3::ObjectFactoryValue const &' => success ((<class 'pybindgen.cppclass.CppClass.__init__.<locals>.ThisClassRefParameter'>, None, <pybindgen.typehandlers.ctypeparser.TypeTraits object at 0x7f5da8583320>))
DEBUG:pybindgen.typehandlers:TypeMatcher.lookup('ns3::Ptr< ns3::AttributeValue >')
DEBUG:pybindgen.typehandlers:try to lookup type handler for 'ns3::Ptr< ns3::AttributeValue >' => failure
DEBUG:pybindgen.typehandlers:try to lookup type handler for 'ns3::AttributeValue *' => success ((<class 'pybindgen.cppclass.MemoryPolicy.register_ptr_parameter_and_return.<locals>.ThisClassPtrReturn'>, <ns3modulegen_core_customizations.SmartPointerTransformation object at 0x7f5da907ba90>, <pybindgen.typehandlers.ctypeparser.TypeTraits object at 0x7f5da8583908>))
DEBUG:pybindgen.typehandlers:TypeMatcher.lookup('bool')
DEBUG:pybindgen.typehandlers:try to lookup type handler for 'bool' => success ((<class 'pybindgen.typehandlers.booltype.BoolReturn'>, None, <pybindgen.typehandlers.ctypeparser.TypeTraits object at 0x7f5da8583b70>))
DEBUG:pybindgen.typehandlers:TypeMatcher.lookup('std::string')
DEBUG:pybindgen.typehandlers:try to lookup type handler for 'std::string' => success ((<class 'pybindgen.typehandlers.stringtype.StdStringParam'>, None, <pybindgen.typehandlers.ctypeparser.TypeTraits object at 0x7f5da8583cc0>))
DEBUG:pybindgen.typehandlers:TypeMatcher.lookup('ns3::Ptr< ns3::AttributeChecker const >')
DEBUG:pybindgen.typehandlers:try to lookup type handler for 'ns3::Ptr< ns3::AttributeChecker const >' => failure
DEBUG:pybindgen.typehandlers:try to lookup type handler for 'ns3::AttributeChecker *' => success ((<class 'pybindgen.cppclass.MemoryPolicy.register_ptr_parameter_and_return.<locals>.ThisClassPtrParameter'>, <ns3modulegen_core_customizations.SmartPointerTransformation object at 0x7f5da907ba90>, <pybindgen.typehandlers.ctypeparser.TypeTraits object at 0x7f5da8589048>))
DEBUG:pybindgen.typehandlers:TypeMatcher.lookup('ns3::ObjectFactory')
DEBUG:pybindgen.typehandlers:try to lookup type handler for 'ns3::ObjectFactory' => success ((<class 'pybindgen.cppclass.CppClass.__init__.<locals>.ThisClassReturn'>, None, <pybindgen.typehandlers.ctypeparser.TypeTraits object at 0x7f5da85892b0>))
DEBUG:pybindgen.typehandlers:TypeMatcher.lookup('std::string')
DEBUG:pybindgen.typehandlers:try to lookup type handler for 'std::string' => success ((<class 'pybindgen.typehandlers.stringtype.StdStringReturn'>, None, <pybindgen.typehandlers.ctypeparser.TypeTraits object at 0x7f5da8589630>))
DEBUG:pybindgen.typehandlers:TypeMatcher.lookup('ns3::Ptr< ns3::AttributeChecker const >')
DEBUG:pybindgen.typehandlers:try to lookup type handler for 'ns3::Ptr< ns3::AttributeChecker const >' => failure
DEBUG:pybindgen.typehandlers:try to lookup type handler for 'ns3::AttributeChecker *' => success ((<class 'pybindgen.cppclass.MemoryPolicy.register_ptr_parameter_and_return.<locals>.ThisClassPtrParameter'>, <ns3modulegen_core_customizations.SmartPointerTransformation object at 0x7f5da907ba90>, <pybindgen.typehandlers.ctypeparser.TypeTraits object at 0x7f5da85899b0>))
DEBUG:pybindgen.typehandlers:TypeMatcher.lookup('void')
DEBUG:pybindgen.typehandlers:try to lookup type handler for 'void' => success ((<class 'pybindgen.typehandlers.voidtype.VoidReturn'>, None, <pybindgen.typehandlers.ctypeparser.TypeTraits object at 0x7f5da8589c18>))
DEBUG:pybindgen.typehandlers:TypeMatcher.lookup('ns3::ObjectFactory const &')
DEBUG:pybindgen.typehandlers:try to lookup type handler for 'ns3::ObjectFactory const &' => success ((<class 'pybindgen.cppclass.CppClass.__init__.<locals>.ThisClassRefParameter'>, None, <pybindgen.typehandlers.ctypeparser.TypeTraits object at 0x7f5da8589d68>))
DEBUG:pybindgen.typehandlers:TypeMatcher.lookup('ns3::OutputStreamWrapper const &')
DEBUG:pybindgen.typehandlers:try to lookup type handler for 'ns3::OutputStreamWrapper const &' => success ((<class 'pybindgen.cppclass.CppClass.__init__.<locals>.ThisClassRefParameter'>, None, <pybindgen.typehandlers.ctypeparser.TypeTraits object at 0x7f5da858f1d0>))
DEBUG:pybindgen.typehandlers:TypeMatcher.lookup('std::string')
DEBUG:pybindgen.typehandlers:try to lookup type handler for 'std::string' => success ((<class 'pybindgen.typehandlers.stringtype.StdStringParam'>, None, <pybindgen.typehandlers.ctypeparser.TypeTraits object at 0x7f5da858f5c0>))
DEBUG:pybindgen.typehandlers:TypeMatcher.lookup('std::ios_base::openmode')
DEBUG:pybindgen.typehandlers:try to lookup type handler for 'std::ios_base::openmode' => success ((<class 'ns3modulegen_core_customizations.IosOpenmodeParam'>, None, <pybindgen.typehandlers.ctypeparser.TypeTraits object at 0x7f5da858f668>))
DEBUG:pybindgen.typehandlers:TypeMatcher.lookup('std::ostream *')
DEBUG:pybindgen.typehandlers:try to lookup type handler for 'std::ostream *' => failure
'std::ostream *' did not match
/home/cs18/tarballs/ns-allinone-3.34/ns-3.34/src/fd-net-device/bindings/modulegen__gcc_LP64.py:4825: Warning: exception TypeLookupError(['std::ostream *'],) in wrapper <pybindgen.cppmethod.CppConstructor object at 0x7f5da858f978>
  cls.add_constructor([param('std::ostream *', 'os')])
DEBUG:pybindgen.typehandlers:TypeMatcher.lookup('std::ostream *')
DEBUG:pybindgen.typehandlers:try to lookup type handler for 'std::ostream *' => failure
'std::ostream *' did not match
/home/cs18/tarballs/ns-allinone-3.34/ns-3.34/src/fd-net-device/bindings/modulegen__gcc_LP64.py:4829: Warning: exception TypeLookupError(['std::ostream *'],) in wrapper public: retval? ???::GetStream (params?);
  [])
DEBUG:pybindgen.typehandlers:TypeMatcher.lookup('ns3::Packet const &')
DEBUG:pybindgen.typehandlers:try to lookup type handler for 'ns3::Packet const &' => success ((<class 'pybindgen.cppclass.CppClass.__init__.<locals>.ThisClassRefParameter'>, None, <pybindgen.typehandlers.ctypeparser.TypeTraits object at 0x7f5da858fb70>))
DEBUG:pybindgen.typehandlers:TypeMatcher.lookup('uint32_t')
DEBUG:pybindgen.typehandlers:try to lookup type handler for 'uint32_t' => success ((<class 'pybindgen.typehandlers.inttype.UnsignedIntParam'>, None, <pybindgen.typehandlers.ctypeparser.TypeTraits object at 0x7f5da8598080>))
DEBUG:pybindgen.typehandlers:TypeMatcher.lookup('uint8_t const *')
DEBUG:pybindgen.typehandlers:try to lookup type handler for 'uint8_t const *' => success ((<class 'pybindgen.typehandlers.inttype.UInt8PtrParam'>, None, <pybindgen.typehandlers.ctypeparser.TypeTraits object at 0x7f5da85983c8>))
/home/cs18/tarballs/ns-allinone-3.34/ns-3.34/src/fd-net-device/bindings/modulegen__gcc_LP64.py:4841: Warning: exception TypeConfigurationError('direction not given',) in wrapper <pybindgen.cppmethod.CppConstructor object at 0x7f5da8598358>
  cls.add_constructor([param('uint8_t const *', 'buffer'), param('uint32_t', 'size'), param('bool', 'magic')])
DEBUG:pybindgen.typehandlers:TypeMatcher.lookup('uint8_t const *')
DEBUG:pybindgen.typehandlers:try to lookup type handler for 'uint8_t const *' => success ((<class 'pybindgen.typehandlers.inttype.UInt8PtrParam'>, None, <pybindgen.typehandlers.ctypeparser.TypeTraits object at 0x7f5da85985c0>))
/home/cs18/tarballs/ns-allinone-3.34/ns-3.34/src/fd-net-device/bindings/modulegen__gcc_LP64.py:4843: Warning: exception TypeConfigurationError('direction not given',) in wrapper <pybindgen.cppmethod.CppConstructor object at 0x7f5da8598588>
  cls.add_constructor([param('uint8_t const *', 'buffer'), param('uint32_t', 'size')])
DEBUG:pybindgen.typehandlers:TypeMatcher.lookup('void')
DEBUG:pybindgen.typehandlers:try to lookup type handler for 'void' => success ((<class 'pybindgen.typehandlers.voidtype.VoidReturn'>, None, <pybindgen.typehandlers.ctypeparser.TypeTraits object at 0x7f5da8598710>))
DEBUG:pybindgen.typehandlers:TypeMatcher.lookup('ns3::Ptr< ns3::Packet const >')
DEBUG:pybindgen.typehandlers:try to lookup type handler for 'ns3::Ptr< ns3::Packet const >' => failure
DEBUG:pybindgen.typehandlers:try to lookup type handler for 'ns3::Packet *' => success ((<class 'pybindgen.cppclass.MemoryPolicy.register_ptr_parameter_and_return.<locals>.ThisClassPtrParameter'>, <ns3modulegen_core_customizations.SmartPointerTransformation object at 0x7f5da907ba90>, <pybindgen.typehandlers.ctypeparser.TypeTraits object at 0x7f5da8598b38>))
DEBUG:pybindgen.typehandlers:TypeMatcher.lookup('void')
DEBUG:pybindgen.typehandlers:try to lookup type handler for 'void' => success ((<class 'pybindgen.typehandlers.voidtype.VoidReturn'>, None, <pybindgen.typehandlers.ctypeparser.TypeTraits object at 0x7f5da8598da0>))
DEBUG:pybindgen.typehandlers:TypeMatcher.lookup('ns3::Tag const &')
DEBUG:pybindgen.typehandlers:try to lookup type handler for 'ns3::Tag const &' => success ((<class 'pybindgen.cppclass.CppClass.__init__.<locals>.ThisClassRefParameter'>, None, <pybindgen.typehandlers.ctypeparser.TypeTraits object at 0x7f5da8598ef0>))
DEBUG:pybindgen.typehandlers:TypeMatcher.lookup('void')
DEBUG:pybindgen.typehandlers:try to lookup type handler for 'void' => success ((<class 'pybindgen.typehandlers.voidtype.VoidReturn'>, None, <pybindgen.typehandlers.ctypeparser.TypeTraits object at 0x7f5da8520320>))
DEBUG:pybindgen.typehandlers:TypeMatcher.lookup('ns3::Tag const &')
DEBUG:pybindgen.typehandlers:try to lookup type handler for 'ns3::Tag const &' => success ((<class 'pybindgen.cppclass.CppClass.__init__.<locals>.ThisClassRefParameter'>, None, <pybindgen.typehandlers.ctypeparser.TypeTraits object at 0x7f5da8520470>))
DEBUG:pybindgen.typehandlers:TypeMatcher.lookup('uint32_t')
DEBUG:pybindgen.typehandlers:try to lookup type handler for 'uint32_t' => success ((<class 'pybindgen.typehandlers.inttype.UnsignedIntParam'>, None, <pybindgen.typehandlers.ctypeparser.TypeTraits object at 0x7f5da8520630>))
DEBUG:pybindgen.typehandlers:TypeMatcher.lookup('uint32_t')
DEBUG:pybindgen.typehandlers:try to lookup type handler for 'uint32_t' => success ((<class 'pybindgen.typehandlers.inttype.UnsignedIntParam'>, None, <pybindgen.typehandlers.ctypeparser.TypeTraits object at 0x7f5da85206a0>))
DEBUG:pybindgen.typehandlers:TypeMatcher.lookup('void')
DEBUG:pybindgen.typehandlers:try to lookup type handler for 'void' => success ((<class 'pybindgen.typehandlers.voidtype.VoidReturn'>, None, <pybindgen.typehandlers.ctypeparser.TypeTraits object at 0x7f5da85209e8>))
DEBUG:pybindgen.typehandlers:TypeMatcher.lookup('ns3::Header const &')
DEBUG:pybindgen.typehandlers:try to lookup type handler for 'ns3::Header const &' => success ((<class 'pybindgen.cppclass.CppClass.__init__.<locals>.ThisClassRefParameter'>, None, <pybindgen.typehandlers.ctypeparser.TypeTraits object at 0x7f5da8520b38>))
DEBUG:pybindgen.typehandlers:TypeMatcher.lookup('void')
DEBUG:pybindgen.typehandlers:try to lookup type handler for 'void' => success ((<class 'pybindgen.typehandlers.voidtype.VoidReturn'>, None, <pybindgen.typehandlers.ctypeparser.TypeTraits object at 0x7f5da8520f28>))
DEBUG:pybindgen.typehandlers:TypeMatcher.lookup('ns3::Tag const &')
DEBUG:pybindgen.typehandlers:try to lookup type handler for 'ns3::Tag const &' => success ((<class 'pybindgen.cppclass.CppClass.__init__.<locals>.ThisClassRefParameter'>, None, <pybindgen.typehandlers.ctypeparser.TypeTraits object at 0x7f5da85260b8>))
DEBUG:pybindgen.typehandlers:TypeMatcher.lookup('void')
DEBUG:pybindgen.typehandlers:try to lookup type handler for 'void' => success ((<class 'pybindgen.typehandlers.voidtype.VoidReturn'>, None, <pybindgen.typehandlers.ctypeparser.TypeTraits object at 0x7f5da85264a8>))
DEBUG:pybindgen.typehandlers:TypeMatcher.lookup('uint32_t')
DEBUG:pybindgen.typehandlers:try to lookup type handler for 'uint32_t' => success ((<class 'pybindgen.typehandlers.inttype.UnsignedIntParam'>, None, <pybindgen.typehandlers.ctypeparser.TypeTraits object at 0x7f5da85265f8>))
DEBUG:pybindgen.typehandlers:TypeMatcher.lookup('void')
DEBUG:pybindgen.typehandlers:try to lookup type handler for 'void' => success ((<class 'pybindgen.typehandlers.voidtype.VoidReturn'>, None, <pybindgen.typehandlers.ctypeparser.TypeTraits object at 0x7f5da8598748>))
DEBUG:pybindgen.typehandlers:TypeMatcher.lookup('ns3::Trailer const &')
DEBUG:pybindgen.typehandlers:try to lookup type handler for 'ns3::Trailer const &' => success ((<class 'pybindgen.cppclass.CppClass.__init__.<locals>.ThisClassRefParameter'>, None, <pybindgen.typehandlers.ctypeparser.TypeTraits object at 0x7f5da85984a8>))
DEBUG:pybindgen.typehandlers:TypeMatcher.lookup('ns3::PacketMetadata::ItemIterator')
DEBUG:pybindgen.typehandlers:try to lookup type handler for 'ns3::PacketMetadata::ItemIterator' => success ((<class 'pybindgen.cppclass.CppClass.__init__.<locals>.ThisClassReturn'>, None, <pybindgen.typehandlers.ctypeparser.TypeTraits object at 0x7f5da8526a90>))
DEBUG:pybindgen.typehandlers:TypeMatcher.lookup('ns3::Ptr< ns3::Packet >')
DEBUG:pybindgen.typehandlers:try to lookup type handler for 'ns3::Ptr< ns3::Packet >' => failure
DEBUG:pybindgen.typehandlers:try to lookup type handler for 'ns3::Packet *' => success ((<class 'pybindgen.cppclass.MemoryPolicy.register_ptr_parameter_and_return.<locals>.ThisClassPtrReturn'>, <ns3modulegen_core_customizations.SmartPointerTransformation object at 0x7f5da907ba90>, <pybindgen.typehandlers.ctypeparser.TypeTraits object at 0x7f5da852b080>))
DEBUG:pybindgen.typehandlers:TypeMatcher.lookup('uint32_t')
DEBUG:pybindgen.typehandlers:try to lookup type handler for 'uint32_t' => success ((<class 'pybindgen.typehandlers.inttype.UnsignedIntReturn'>, None, <pybindgen.typehandlers.ctypeparser.TypeTraits object at 0x7f5da852b2e8>))
DEBUG:pybindgen.typehandlers:TypeMatcher.lookup('uint8_t *')
DEBUG:pybindgen.typehandlers:try to lookup type handler for 'uint8_t *' => success ((<class 'pybindgen.typehandlers.inttype.UInt8PtrParam'>, None, <pybindgen.typehandlers.ctypeparser.TypeTraits object at 0x7f5da852b400>))
/home/cs18/tarballs/ns-allinone-3.34/ns-3.34/src/fd-net-device/bindings/modulegen__gcc_LP64.py:4889: Warning: exception TypeConfigurationError('direction not given',) in wrapper public: retval? ???::CopyData (params?) const;
  is_const=True)
DEBUG:pybindgen.typehandlers:TypeMatcher.lookup('void')
DEBUG:pybindgen.typehandlers:try to lookup type handler for 'void' => success ((<class 'pybindgen.typehandlers.voidtype.VoidReturn'>, None, <pybindgen.typehandlers.ctypeparser.TypeTraits object at 0x7f5da852b4e0>))
DEBUG:pybindgen.typehandlers:TypeMatcher.lookup('std::ostream *')
DEBUG:pybindgen.typehandlers:try to lookup type handler for 'std::ostream *' => failure
'std::ostream *' did not match
/home/cs18/tarballs/ns-allinone-3.34/ns-3.34/src/fd-net-device/bindings/modulegen__gcc_LP64.py:4894: Warning: exception TypeLookupError(['std::ostream *'],) in wrapper public: retval? ???::CopyData (params?) const;
  is_const=True)
DEBUG:pybindgen.typehandlers:TypeMatcher.lookup('ns3::Ptr< ns3::Packet >')
DEBUG:pybindgen.typehandlers:try to lookup type handler for 'ns3::Ptr< ns3::Packet >' => failure
DEBUG:pybindgen.typehandlers:try to lookup type handler for 'ns3::Packet *' => success ((<class 'pybindgen.cppclass.MemoryPolicy.register_ptr_parameter_and_return.<locals>.ThisClassPtrReturn'>, <ns3modulegen_core_customizations.SmartPointerTransformation object at 0x7f5da907ba90>, <pybindgen.typehandlers.ctypeparser.TypeTraits object at 0x7f5da852b9b0>))
DEBUG:pybindgen.typehandlers:TypeMatcher.lookup('uint32_t')
DEBUG:pybindgen.typehandlers:try to lookup type handler for 'uint32_t' => success ((<class 'pybindgen.typehandlers.inttype.UnsignedIntParam'>, None, <pybindgen.typehandlers.ctypeparser.TypeTraits object at 0x7f5da852b908>))
DEBUG:pybindgen.typehandlers:TypeMatcher.lookup('uint32_t')
DEBUG:pybindgen.typehandlers:try to lookup type handler for 'uint32_t' => success ((<class 'pybindgen.typehandlers.inttype.UnsignedIntParam'>, None, <pybindgen.typehandlers.ctypeparser.TypeTraits object at 0x7f5da852b978>))
DEBUG:pybindgen.typehandlers:TypeMatcher.lookup('void')
DEBUG:pybindgen.typehandlers:try to lookup type handler for 'void' => success ((<class 'pybindgen.typehandlers.voidtype.VoidReturn'>, None, <pybindgen.typehandlers.ctypeparser.TypeTraits object at 0x7f5da852bdd8>))
DEBUG:pybindgen.typehandlers:TypeMatcher.lookup('void')
DEBUG:pybindgen.typehandlers:try to lookup type handler for 'void' => success ((<class 'pybindgen.typehandlers.voidtype.VoidReturn'>, None, <pybindgen.typehandlers.ctypeparser.TypeTraits object at 0x7f5da85361d0>))
DEBUG:pybindgen.typehandlers:TypeMatcher.lookup('bool')
DEBUG:pybindgen.typehandlers:try to lookup type handler for 'bool' => success ((<class 'pybindgen.typehandlers.booltype.BoolReturn'>, None, <pybindgen.typehandlers.ctypeparser.TypeTraits object at 0x7f5da8536588>))
DEBUG:pybindgen.typehandlers:TypeMatcher.lookup('ns3::Tag &')
DEBUG:pybindgen.typehandlers:try to lookup type handler for 'ns3::Tag &' => success ((<class 'pybindgen.cppclass.CppClass.__init__.<locals>.ThisClassRefParameter'>, None, <pybindgen.typehandlers.ctypeparser.TypeTraits object at 0x7f5da85366d8>))
DEBUG:pybindgen.typehandlers:TypeMatcher.lookup('ns3::ByteTagIterator')
DEBUG:pybindgen.typehandlers:try to lookup type handler for 'ns3::ByteTagIterator' => success ((<class 'pybindgen.cppclass.CppClass.__init__.<locals>.ThisClassReturn'>, None, <pybindgen.typehandlers.ctypeparser.TypeTraits object at 0x7f5da8536a58>))
DEBUG:pybindgen.typehandlers:TypeMatcher.lookup('ns3::Ptr< ns3::NixVector >')
DEBUG:pybindgen.typehandlers:try to lookup type handler for 'ns3::Ptr< ns3::NixVector >' => failure
DEBUG:pybindgen.typehandlers:try to lookup type handler for 'ns3::NixVector *' => success ((<class 'pybindgen.cppclass.MemoryPolicy.register_ptr_parameter_and_return.<locals>.ThisClassPtrReturn'>, <ns3modulegen_core_customizations.SmartPointerTransformation object at 0x7f5da907ba90>, <pybindgen.typehandlers.ctypeparser.TypeTraits object at 0x7f5da852b518>))
DEBUG:pybindgen.typehandlers:TypeMatcher.lookup('ns3::PacketTagIterator')
DEBUG:pybindgen.typehandlers:try to lookup type handler for 'ns3::PacketTagIterator' => success ((<class 'pybindgen.cppclass.CppClass.__init__.<locals>.ThisClassReturn'>, None, <pybindgen.typehandlers.ctypeparser.TypeTraits object at 0x7f5da8536dd8>))
DEBUG:pybindgen.typehandlers:TypeMatcher.lookup('uint32_t')
DEBUG:pybindgen.typehandlers:try to lookup type handler for 'uint32_t' => success ((<class 'pybindgen.typehandlers.inttype.UnsignedIntReturn'>, None, <pybindgen.typehandlers.ctypeparser.TypeTraits object at 0x7f5da853b198>))
DEBUG:pybindgen.typehandlers:TypeMatcher.lookup('uint32_t')
DEBUG:pybindgen.typehandlers:try to lookup type handler for 'uint32_t' => success ((<class 'pybindgen.typehandlers.inttype.UnsignedIntReturn'>, None, <pybindgen.typehandlers.ctypeparser.TypeTraits object at 0x7f5da853b518>))
DEBUG:pybindgen.typehandlers:TypeMatcher.lookup('uint64_t')
DEBUG:pybindgen.typehandlers:try to lookup type handler for 'uint64_t' => success ((<class 'pybindgen.typehandlers.inttype.UnsignedLongLongReturn'>, None, <pybindgen.typehandlers.ctypeparser.TypeTraits object at 0x7f5da853b898>))
DEBUG:pybindgen.typehandlers:TypeMatcher.lookup('uint32_t')
DEBUG:pybindgen.typehandlers:try to lookup type handler for 'uint32_t' => success ((<class 'pybindgen.typehandlers.inttype.UnsignedIntReturn'>, None, <pybindgen.typehandlers.ctypeparser.TypeTraits object at 0x7f5da853bc18>))
DEBUG:pybindgen.typehandlers:TypeMatcher.lookup('ns3::Header &')
DEBUG:pybindgen.typehandlers:try to lookup type handler for 'ns3::Header &' => success ((<class 'pybindgen.cppclass.CppClass.__init__.<locals>.ThisClassRefParameter'>, None, <pybindgen.typehandlers.ctypeparser.TypeTraits object at 0x7f5da853bd30>))
DEBUG:pybindgen.typehandlers:TypeMatcher.lookup('uint32_t')
DEBUG:pybindgen.typehandlers:try to lookup type handler for 'uint32_t' => success ((<class 'pybindgen.typehandlers.inttype.UnsignedIntReturn'>, None, <pybindgen.typehandlers.ctypeparser.TypeTraits object at 0x7f5da85430f0>))
DEBUG:pybindgen.typehandlers:TypeMatcher.lookup('ns3::Header &')
DEBUG:pybindgen.typehandlers:try to lookup type handler for 'ns3::Header &' => success ((<class 'pybindgen.cppclass.CppClass.__init__.<locals>.ThisClassRefParameter'>, None, <pybindgen.typehandlers.ctypeparser.TypeTraits object at 0x7f5da8543208>))
DEBUG:pybindgen.typehandlers:TypeMatcher.lookup('uint32_t')
DEBUG:pybindgen.typehandlers:try to lookup type handler for 'uint32_t' => success ((<class 'pybindgen.typehandlers.inttype.UnsignedIntParam'>, None, <pybindgen.typehandlers.ctypeparser.TypeTraits object at 0x7f5da8543320>))
DEBUG:pybindgen.typehandlers:TypeMatcher.lookup('bool')
DEBUG:pybindgen.typehandlers:try to lookup type handler for 'bool' => success ((<class 'pybindgen.typehandlers.booltype.BoolReturn'>, None, <pybindgen.typehandlers.ctypeparser.TypeTraits object at 0x7f5da8543630>))
DEBUG:pybindgen.typehandlers:TypeMatcher.lookup('ns3::Tag &')
DEBUG:pybindgen.typehandlers:try to lookup type handler for 'ns3::Tag &' => success ((<class 'pybindgen.cppclass.CppClass.__init__.<locals>.ThisClassRefParameter'>, None, <pybindgen.typehandlers.ctypeparser.TypeTraits object at 0x7f5da8543780>))
DEBUG:pybindgen.typehandlers:TypeMatcher.lookup('uint32_t')
DEBUG:pybindgen.typehandlers:try to lookup type handler for 'uint32_t' => success ((<class 'pybindgen.typehandlers.inttype.UnsignedIntReturn'>, None, <pybindgen.typehandlers.ctypeparser.TypeTraits object at 0x7f5da8543b00>))
DEBUG:pybindgen.typehandlers:TypeMatcher.lookup('ns3::Trailer &')
DEBUG:pybindgen.typehandlers:try to lookup type handler for 'ns3::Trailer &' => success ((<class 'pybindgen.cppclass.CppClass.__init__.<locals>.ThisClassRefParameter'>, None, <pybindgen.typehandlers.ctypeparser.TypeTraits object at 0x7f5da8543c18>))
DEBUG:pybindgen.typehandlers:TypeMatcher.lookup('void')
DEBUG:pybindgen.typehandlers:try to lookup type handler for 'void' => success ((<class 'pybindgen.typehandlers.voidtype.VoidReturn'>, None, <pybindgen.typehandlers.ctypeparser.TypeTraits object at 0x7f5da8543f98>))
DEBUG:pybindgen.typehandlers:TypeMatcher.lookup('std::ostream &')
DEBUG:pybindgen.typehandlers:try to lookup type handler for 'std::ostream &' => failure
'std::ostream &' did not match
/home/cs18/tarballs/ns-allinone-3.34/ns-3.34/src/fd-net-device/bindings/modulegen__gcc_LP64.py:4968: Warning: exception TypeLookupError(['std::ostream &'],) in wrapper public: retval? ???::Print (params?) const;
  is_const=True)
DEBUG:pybindgen.typehandlers:TypeMatcher.lookup('void')
DEBUG:pybindgen.typehandlers:try to lookup type handler for 'void' => success ((<class 'pybindgen.typehandlers.voidtype.VoidReturn'>, None, <pybindgen.typehandlers.ctypeparser.TypeTraits object at 0x7f5da8550240>))
DEBUG:pybindgen.typehandlers:TypeMatcher.lookup('std::ostream &')
DEBUG:pybindgen.typehandlers:try to lookup type handler for 'std::ostream &' => failure
'std::ostream &' did not match
/home/cs18/tarballs/ns-allinone-3.34/ns-3.34/src/fd-net-device/bindings/modulegen__gcc_LP64.py:4973: Warning: exception TypeLookupError(['std::ostream &'],) in wrapper public: retval? ???::PrintByteTags (params?) const;
  is_const=True)
DEBUG:pybindgen.typehandlers:TypeMatcher.lookup('void')
DEBUG:pybindgen.typehandlers:try to lookup type handler for 'void' => success ((<class 'pybindgen.typehandlers.voidtype.VoidReturn'>, None, <pybindgen.typehandlers.ctypeparser.TypeTraits object at 0x7f5da8550470>))
DEBUG:pybindgen.typehandlers:TypeMatcher.lookup('std::ostream &')
DEBUG:pybindgen.typehandlers:try to lookup type handler for 'std::ostream &' => failure
'std::ostream &' did not match
/home/cs18/tarballs/ns-allinone-3.34/ns-3.34/src/fd-net-device/bindings/modulegen__gcc_LP64.py:4978: Warning: exception TypeLookupError(['std::ostream &'],) in wrapper public: retval? ???::PrintPacketTags (params?) const;
  is_const=True)
DEBUG:pybindgen.typehandlers:TypeMatcher.lookup('void')
DEBUG:pybindgen.typehandlers:try to lookup type handler for 'void' => success ((<class 'pybindgen.typehandlers.voidtype.VoidReturn'>, None, <pybindgen.typehandlers.ctypeparser.TypeTraits object at 0x7f5da85506a0>))
DEBUG:pybindgen.typehandlers:TypeMatcher.lookup('void')
DEBUG:pybindgen.typehandlers:try to lookup type handler for 'void' => success ((<class 'pybindgen.typehandlers.voidtype.VoidReturn'>, None, <pybindgen.typehandlers.ctypeparser.TypeTraits object at 0x7f5da8550a58>))
DEBUG:pybindgen.typehandlers:TypeMatcher.lookup('void')
DEBUG:pybindgen.typehandlers:try to lookup type handler for 'void' => success ((<class 'pybindgen.typehandlers.voidtype.VoidReturn'>, None, <pybindgen.typehandlers.ctypeparser.TypeTraits object at 0x7f5da8550e48>))
DEBUG:pybindgen.typehandlers:TypeMatcher.lookup('uint32_t')
DEBUG:pybindgen.typehandlers:try to lookup type handler for 'uint32_t' => success ((<class 'pybindgen.typehandlers.inttype.UnsignedIntParam'>, None, <pybindgen.typehandlers.ctypeparser.TypeTraits object at 0x7f5da8550f98>))
DEBUG:pybindgen.typehandlers:TypeMatcher.lookup('void')
DEBUG:pybindgen.typehandlers:try to lookup type handler for 'void' => success ((<class 'pybindgen.typehandlers.voidtype.VoidReturn'>, None, <pybindgen.typehandlers.ctypeparser.TypeTraits object at 0x7f5da8556320>))
DEBUG:pybindgen.typehandlers:TypeMatcher.lookup('uint32_t')
DEBUG:pybindgen.typehandlers:try to lookup type handler for 'uint32_t' => success ((<class 'pybindgen.typehandlers.inttype.UnsignedIntParam'>, None, <pybindgen.typehandlers.ctypeparser.TypeTraits object at 0x7f5da8556470>))
DEBUG:pybindgen.typehandlers:TypeMatcher.lookup('uint32_t')
DEBUG:pybindgen.typehandlers:try to lookup type handler for 'uint32_t' => success ((<class 'pybindgen.typehandlers.inttype.UnsignedIntReturn'>, None, <pybindgen.typehandlers.ctypeparser.TypeTraits object at 0x7f5da85567b8>))
DEBUG:pybindgen.typehandlers:TypeMatcher.lookup('ns3::Header &')
DEBUG:pybindgen.typehandlers:try to lookup type handler for 'ns3::Header &' => success ((<class 'pybindgen.cppclass.CppClass.__init__.<locals>.ThisClassRefParameter'>, None, <pybindgen.typehandlers.ctypeparser.TypeTraits object at 0x7f5da85568d0>))
DEBUG:pybindgen.typehandlers:TypeMatcher.lookup('uint32_t')
DEBUG:pybindgen.typehandlers:try to lookup type handler for 'uint32_t' => success ((<class 'pybindgen.typehandlers.inttype.UnsignedIntReturn'>, None, <pybindgen.typehandlers.ctypeparser.TypeTraits object at 0x7f5da8556c50>))
DEBUG:pybindgen.typehandlers:TypeMatcher.lookup('ns3::Header &')
DEBUG:pybindgen.typehandlers:try to lookup type handler for 'ns3::Header &' => success ((<class 'pybindgen.cppclass.CppClass.__init__.<locals>.ThisClassRefParameter'>, None, <pybindgen.typehandlers.ctypeparser.TypeTraits object at 0x7f5da8556d68>))
DEBUG:pybindgen.typehandlers:TypeMatcher.lookup('uint32_t')
DEBUG:pybindgen.typehandlers:try to lookup type handler for 'uint32_t' => success ((<class 'pybindgen.typehandlers.inttype.UnsignedIntParam'>, None, <pybindgen.typehandlers.ctypeparser.TypeTraits object at 0x7f5da8556e80>))
DEBUG:pybindgen.typehandlers:TypeMatcher.lookup('bool')
DEBUG:pybindgen.typehandlers:try to lookup type handler for 'bool' => success ((<class 'pybindgen.typehandlers.booltype.BoolReturn'>, None, <pybindgen.typehandlers.ctypeparser.TypeTraits object at 0x7f5da84db1d0>))
DEBUG:pybindgen.typehandlers:TypeMatcher.lookup('ns3::Tag &')
DEBUG:pybindgen.typehandlers:try to lookup type handler for 'ns3::Tag &' => success ((<class 'pybindgen.cppclass.CppClass.__init__.<locals>.ThisClassRefParameter'>, None, <pybindgen.typehandlers.ctypeparser.TypeTraits object at 0x7f5da84db320>))
DEBUG:pybindgen.typehandlers:TypeMatcher.lookup('uint32_t')
DEBUG:pybindgen.typehandlers:try to lookup type handler for 'uint32_t' => success ((<class 'pybindgen.typehandlers.inttype.UnsignedIntReturn'>, None, <pybindgen.typehandlers.ctypeparser.TypeTraits object at 0x7f5da85505f8>))
DEBUG:pybindgen.typehandlers:TypeMatcher.lookup('ns3::Trailer &')
DEBUG:pybindgen.typehandlers:try to lookup type handler for 'ns3::Trailer &' => success ((<class 'pybindgen.cppclass.CppClass.__init__.<locals>.ThisClassRefParameter'>, None, <pybindgen.typehandlers.ctypeparser.TypeTraits object at 0x7f5da8550550>))
DEBUG:pybindgen.typehandlers:TypeMatcher.lookup('bool')
DEBUG:pybindgen.typehandlers:try to lookup type handler for 'bool' => success ((<class 'pybindgen.typehandlers.booltype.BoolReturn'>, None, <pybindgen.typehandlers.ctypeparser.TypeTraits object at 0x7f5da8550160>))
DEBUG:pybindgen.typehandlers:TypeMatcher.lookup('ns3::Tag &')
DEBUG:pybindgen.typehandlers:try to lookup type handler for 'ns3::Tag &' => success ((<class 'pybindgen.cppclass.CppClass.__init__.<locals>.ThisClassRefParameter'>, None, <pybindgen.typehandlers.ctypeparser.TypeTraits object at 0x7f5da84db5f8>))
DEBUG:pybindgen.typehandlers:TypeMatcher.lookup('uint32_t')
DEBUG:pybindgen.typehandlers:try to lookup type handler for 'uint32_t' => success ((<class 'pybindgen.typehandlers.inttype.UnsignedIntReturn'>, None, <pybindgen.typehandlers.ctypeparser.TypeTraits object at 0x7f5da84db978>))
DEBUG:pybindgen.typehandlers:TypeMatcher.lookup('uint8_t *')
DEBUG:pybindgen.typehandlers:try to lookup type handler for 'uint8_t *' => success ((<class 'pybindgen.typehandlers.inttype.UInt8PtrParam'>, None, <pybindgen.typehandlers.ctypeparser.TypeTraits object at 0x7f5da84dba90>))
/home/cs18/tarballs/ns-allinone-3.34/ns-3.34/src/fd-net-device/bindings/modulegen__gcc_LP64.py:5019: Warning: exception TypeConfigurationError('direction not given',) in wrapper public: retval? ???::Serialize (params?) const;
  is_const=True)
DEBUG:pybindgen.typehandlers:TypeMatcher.lookup('void')
DEBUG:pybindgen.typehandlers:try to lookup type handler for 'void' => success ((<class 'pybindgen.typehandlers.voidtype.VoidReturn'>, None, <pybindgen.typehandlers.ctypeparser.TypeTraits object at 0x7f5da84dbb70>))
DEBUG:pybindgen.typehandlers:TypeMatcher.lookup('ns3::Ptr< ns3::NixVector >')
DEBUG:pybindgen.typehandlers:try to lookup type handler for 'ns3::Ptr< ns3::NixVector >' => failure
DEBUG:pybindgen.typehandlers:try to lookup type handler for 'ns3::NixVector *' => success ((<class 'pybindgen.cppclass.MemoryPolicy.register_ptr_parameter_and_return.<locals>.ThisClassPtrParameter'>, <ns3modulegen_core_customizations.SmartPointerTransformation object at 0x7f5da907ba90>, <pybindgen.typehandlers.ctypeparser.TypeTraits object at 0x7f5da84dbf60>))
DEBUG:pybindgen.typehandlers:TypeMatcher.lookup('std::string')
DEBUG:pybindgen.typehandlers:try to lookup type handler for 'std::string' => success ((<class 'pybindgen.typehandlers.stringtype.StdStringReturn'>, None, <pybindgen.typehandlers.ctypeparser.TypeTraits object at 0x7f5da84e41d0>))
DEBUG:pybindgen.typehandlers:TypeMatcher.lookup('ns3::TapFdNetDeviceHelper const &')
DEBUG:pybindgen.typehandlers:try to lookup type handler for 'ns3::TapFdNetDeviceHelper const &' => success ((<class 'pybindgen.cppclass.CppClass.__init__.<locals>.ThisClassRefParameter'>, None, <pybindgen.typehandlers.ctypeparser.TypeTraits object at 0x7f5da84e4588>))
DEBUG:pybindgen.typehandlers:TypeMatcher.lookup('void')
DEBUG:pybindgen.typehandlers:try to lookup type handler for 'void' => success ((<class 'pybindgen.typehandlers.voidtype.VoidReturn'>, None, <pybindgen.typehandlers.ctypeparser.TypeTraits object at 0x7f5da84e4ba8>))
DEBUG:pybindgen.typehandlers:TypeMatcher.lookup('bool')
DEBUG:pybindgen.typehandlers:try to lookup type handler for 'bool' => success ((<class 'pybindgen.typehandlers.booltype.BoolParam'>, None, <pybindgen.typehandlers.ctypeparser.TypeTraits object at 0x7f5da84e4cf8>))
DEBUG:pybindgen.typehandlers:TypeMatcher.lookup('void')
DEBUG:pybindgen.typehandlers:try to lookup type handler for 'void' => success ((<class 'pybindgen.typehandlers.voidtype.VoidReturn'>, None, <pybindgen.typehandlers.ctypeparser.TypeTraits object at 0x7f5da84eb0b8>))
DEBUG:pybindgen.typehandlers:TypeMatcher.lookup('ns3::Ipv4Address')
DEBUG:pybindgen.typehandlers:try to lookup type handler for 'ns3::Ipv4Address' => success ((<class 'pybindgen.cppclass.CppClass.__init__.<locals>.ThisClassParameter'>, None, <pybindgen.typehandlers.ctypeparser.TypeTraits object at 0x7f5da84eb208>))
DEBUG:pybindgen.typehandlers:TypeMatcher.lookup('void')
DEBUG:pybindgen.typehandlers:try to lookup type handler for 'void' => success ((<class 'pybindgen.typehandlers.voidtype.VoidReturn'>, None, <pybindgen.typehandlers.ctypeparser.TypeTraits object at 0x7f5da84eb550>))
DEBUG:pybindgen.typehandlers:TypeMatcher.lookup('ns3::Ipv4Mask')
DEBUG:pybindgen.typehandlers:try to lookup type handler for 'ns3::Ipv4Mask' => success ((<class 'pybindgen.cppclass.CppClass.__init__.<locals>.ThisClassParameter'>, None, <pybindgen.typehandlers.ctypeparser.TypeTraits object at 0x7f5da84eb6a0>))
DEBUG:pybindgen.typehandlers:TypeMatcher.lookup('void')
DEBUG:pybindgen.typehandlers:try to lookup type handler for 'void' => success ((<class 'pybindgen.typehandlers.voidtype.VoidReturn'>, None, <pybindgen.typehandlers.ctypeparser.TypeTraits object at 0x7f5da84eb9e8>))
DEBUG:pybindgen.typehandlers:TypeMatcher.lookup('ns3::Ipv6Address')
DEBUG:pybindgen.typehandlers:try to lookup type handler for 'ns3::Ipv6Address' => success ((<class 'pybindgen.cppclass.CppClass.__init__.<locals>.ThisClassParameter'>, None, <pybindgen.typehandlers.ctypeparser.TypeTraits object at 0x7f5da84dbb38>))
DEBUG:pybindgen.typehandlers:TypeMatcher.lookup('void')
DEBUG:pybindgen.typehandlers:try to lookup type handler for 'void' => success ((<class 'pybindgen.typehandlers.voidtype.VoidReturn'>, None, <pybindgen.typehandlers.ctypeparser.TypeTraits object at 0x7f5da84ebc18>))
DEBUG:pybindgen.typehandlers:TypeMatcher.lookup('int')
DEBUG:pybindgen.typehandlers:try to lookup type handler for 'int' => success ((<class 'pybindgen.typehandlers.inttype.IntParam'>, None, <pybindgen.typehandlers.ctypeparser.TypeTraits object at 0x7f5da84ebd68>))
DEBUG:pybindgen.typehandlers:TypeMatcher.lookup('void')
DEBUG:pybindgen.typehandlers:try to lookup type handler for 'void' => success ((<class 'pybindgen.typehandlers.voidtype.VoidReturn'>, None, <pybindgen.typehandlers.ctypeparser.TypeTraits object at 0x7f5da84f0128>))
DEBUG:pybindgen.typehandlers:TypeMatcher.lookup('ns3::Mac48Address')
DEBUG:pybindgen.typehandlers:try to lookup type handler for 'ns3::Mac48Address' => success ((<class 'pybindgen.cppclass.CppClass.__init__.<locals>.ThisClassParameter'>, None, <pybindgen.typehandlers.ctypeparser.TypeTraits object at 0x7f5da84f0278>))
DEBUG:pybindgen.typehandlers:TypeMatcher.lookup('int')
DEBUG:pybindgen.typehandlers:try to lookup type handler for 'int' => success ((<class 'pybindgen.typehandlers.inttype.IntReturn'>, None, <pybindgen.typehandlers.ctypeparser.TypeTraits object at 0x7f5da84f05c0>))
DEBUG:pybindgen.typehandlers:TypeMatcher.lookup('ns3::Ptr< ns3::NetDevice >')
DEBUG:pybindgen.typehandlers:try to lookup type handler for 'ns3::Ptr< ns3::NetDevice >' => failure
DEBUG:pybindgen.typehandlers:try to lookup type handler for 'ns3::NetDevice *' => success ((<class 'pybindgen.cppclass.MemoryPolicy.register_ptr_parameter_and_return.<locals>.ThisClassPtrReturn'>, <ns3modulegen_core_customizations.SmartPointerTransformation object at 0x7f5da907ba90>, <pybindgen.typehandlers.ctypeparser.TypeTraits object at 0x7f5da84f9080>))
DEBUG:pybindgen.typehandlers:TypeMatcher.lookup('ns3::Ptr< ns3::Node >')
DEBUG:pybindgen.typehandlers:try to lookup type handler for 'ns3::Ptr< ns3::Node >' => failure
DEBUG:pybindgen.typehandlers:try to lookup type handler for 'ns3::Node *' => success ((<class 'pybindgen.cppclass.MemoryPolicy.register_ptr_parameter_and_return.<locals>.ThisClassPtrParameter'>, <ns3modulegen_core_customizations.SmartPointerTransformation object at 0x7f5da907ba90>, <pybindgen.typehandlers.ctypeparser.TypeTraits object at 0x7f5da84f92b0>))
DEBUG:pybindgen.typehandlers:TypeMatcher.lookup('void')
DEBUG:pybindgen.typehandlers:try to lookup type handler for 'void' => success ((<class 'pybindgen.typehandlers.voidtype.VoidReturn'>, None, <pybindgen.typehandlers.ctypeparser.TypeTraits object at 0x7f5da84f9940>))
DEBUG:pybindgen.typehandlers:TypeMatcher.lookup('ns3::Ptr< ns3::FdNetDevice >')
DEBUG:pybindgen.typehandlers:try to lookup type handler for 'ns3::Ptr< ns3::FdNetDevice >' => failure
DEBUG:pybindgen.typehandlers:try to lookup type handler for 'ns3::FdNetDevice *' => success ((<class 'pybindgen.cppclass.MemoryPolicy.register_ptr_parameter_and_return.<locals>.ThisClassPtrParameter'>, <ns3modulegen_core_customizations.SmartPointerTransformation object at 0x7f5da907ba90>, <pybindgen.typehandlers.ctypeparser.TypeTraits object at 0x7f5da84f9cc0>))
DEBUG:pybindgen.typehandlers:TypeMatcher.lookup('ns3::Time const &')
DEBUG:pybindgen.typehandlers:try to lookup type handler for 'ns3::Time const &' => success ((<class 'pybindgen.cppclass.CppClass.__init__.<locals>.ThisClassRefParameter'>, None, <pybindgen.typehandlers.ctypeparser.TypeTraits object at 0x7f5da8503630>))
DEBUG:pybindgen.typehandlers:TypeMatcher.lookup('ns3::TimeValue const &')
DEBUG:pybindgen.typehandlers:try to lookup type handler for 'ns3::TimeValue const &' => success ((<class 'pybindgen.cppclass.CppClass.__init__.<locals>.ThisClassRefParameter'>, None, <pybindgen.typehandlers.ctypeparser.TypeTraits object at 0x7f5da8503a20>))
DEBUG:pybindgen.typehandlers:TypeMatcher.lookup('ns3::Ptr< ns3::AttributeValue >')
DEBUG:pybindgen.typehandlers:try to lookup type handler for 'ns3::Ptr< ns3::AttributeValue >' => failure
DEBUG:pybindgen.typehandlers:try to lookup type handler for 'ns3::AttributeValue *' => success ((<class 'pybindgen.cppclass.MemoryPolicy.register_ptr_parameter_and_return.<locals>.ThisClassPtrReturn'>, <ns3modulegen_core_customizations.SmartPointerTransformation object at 0x7f5da907ba90>, <pybindgen.typehandlers.ctypeparser.TypeTraits object at 0x7f5da8503f60>))
DEBUG:pybindgen.typehandlers:TypeMatcher.lookup('bool')
DEBUG:pybindgen.typehandlers:try to lookup type handler for 'bool' => success ((<class 'pybindgen.typehandlers.booltype.BoolReturn'>, None, <pybindgen.typehandlers.ctypeparser.TypeTraits object at 0x7f5da850b2b0>))
DEBUG:pybindgen.typehandlers:TypeMatcher.lookup('std::string')
DEBUG:pybindgen.typehandlers:try to lookup type handler for 'std::string' => success ((<class 'pybindgen.typehandlers.stringtype.StdStringParam'>, None, <pybindgen.typehandlers.ctypeparser.TypeTraits object at 0x7f5da850b400>))
DEBUG:pybindgen.typehandlers:TypeMatcher.lookup('ns3::Ptr< ns3::AttributeChecker const >')
DEBUG:pybindgen.typehandlers:try to lookup type handler for 'ns3::Ptr< ns3::AttributeChecker const >' => failure
DEBUG:pybindgen.typehandlers:try to lookup type handler for 'ns3::AttributeChecker *' => success ((<class 'pybindgen.cppclass.MemoryPolicy.register_ptr_parameter_and_return.<locals>.ThisClassPtrParameter'>, <ns3modulegen_core_customizations.SmartPointerTransformation object at 0x7f5da907ba90>, <pybindgen.typehandlers.ctypeparser.TypeTraits object at 0x7f5da850b748>))
DEBUG:pybindgen.typehandlers:TypeMatcher.lookup('ns3::Time')
DEBUG:pybindgen.typehandlers:try to lookup type handler for 'ns3::Time' => success ((<class 'pybindgen.cppclass.CppClass.__init__.<locals>.ThisClassReturn'>, None, <pybindgen.typehandlers.ctypeparser.TypeTraits object at 0x7f5da850b9b0>))
DEBUG:pybindgen.typehandlers:TypeMatcher.lookup('std::string')
DEBUG:pybindgen.typehandlers:try to lookup type handler for 'std::string' => success ((<class 'pybindgen.typehandlers.stringtype.StdStringReturn'>, None, <pybindgen.typehandlers.ctypeparser.TypeTraits object at 0x7f5da850bd30>))
DEBUG:pybindgen.typehandlers:TypeMatcher.lookup('ns3::Ptr< ns3::AttributeChecker const >')
DEBUG:pybindgen.typehandlers:try to lookup type handler for 'ns3::Ptr< ns3::AttributeChecker const >' => failure
DEBUG:pybindgen.typehandlers:try to lookup type handler for 'ns3::AttributeChecker *' => success ((<class 'pybindgen.cppclass.MemoryPolicy.register_ptr_parameter_and_return.<locals>.ThisClassPtrParameter'>, <ns3modulegen_core_customizations.SmartPointerTransformation object at 0x7f5da907ba90>, <pybindgen.typehandlers.ctypeparser.TypeTraits object at 0x7f5da85100f0>))
DEBUG:pybindgen.typehandlers:TypeMatcher.lookup('void')
DEBUG:pybindgen.typehandlers:try to lookup type handler for 'void' => success ((<class 'pybindgen.typehandlers.voidtype.VoidReturn'>, None, <pybindgen.typehandlers.ctypeparser.TypeTraits object at 0x7f5da8510358>))
DEBUG:pybindgen.typehandlers:TypeMatcher.lookup('ns3::Time const &')
DEBUG:pybindgen.typehandlers:try to lookup type handler for 'ns3::Time const &' => success ((<class 'pybindgen.cppclass.CppClass.__init__.<locals>.ThisClassRefParameter'>, None, <pybindgen.typehandlers.ctypeparser.TypeTraits object at 0x7f5da85104a8>))
DEBUG:pybindgen.typehandlers:TypeMatcher.lookup('ns3::TypeIdChecker const &')
DEBUG:pybindgen.typehandlers:try to lookup type handler for 'ns3::TypeIdChecker const &' => success ((<class 'pybindgen.cppclass.CppClass.__init__.<locals>.ThisClassRefParameter'>, None, <pybindgen.typehandlers.ctypeparser.TypeTraits object at 0x7f5da8510b38>))
DEBUG:pybindgen.typehandlers:TypeMatcher.lookup('ns3::TypeId const &')
DEBUG:pybindgen.typehandlers:try to lookup type handler for 'ns3::TypeId const &' => success ((<class 'pybindgen.cppclass.CppClass.__init__.<locals>.ThisClassRefParameter'>, None, <pybindgen.typehandlers.ctypeparser.TypeTraits object at 0x7f5da85181d0>))
DEBUG:pybindgen.typehandlers:TypeMatcher.lookup('ns3::TypeIdValue const &')
DEBUG:pybindgen.typehandlers:try to lookup type handler for 'ns3::TypeIdValue const &' => success ((<class 'pybindgen.cppclass.CppClass.__init__.<locals>.ThisClassRefParameter'>, None, <pybindgen.typehandlers.ctypeparser.TypeTraits object at 0x7f5da85185c0>))
DEBUG:pybindgen.typehandlers:TypeMatcher.lookup('ns3::Ptr< ns3::AttributeValue >')
DEBUG:pybindgen.typehandlers:try to lookup type handler for 'ns3::Ptr< ns3::AttributeValue >' => failure
DEBUG:pybindgen.typehandlers:try to lookup type handler for 'ns3::AttributeValue *' => success ((<class 'pybindgen.cppclass.MemoryPolicy.register_ptr_parameter_and_return.<locals>.ThisClassPtrReturn'>, <ns3modulegen_core_customizations.SmartPointerTransformation object at 0x7f5da907ba90>, <pybindgen.typehandlers.ctypeparser.TypeTraits object at 0x7f5da8518ba8>))
DEBUG:pybindgen.typehandlers:TypeMatcher.lookup('bool')
DEBUG:pybindgen.typehandlers:try to lookup type handler for 'bool' => success ((<class 'pybindgen.typehandlers.booltype.BoolReturn'>, None, <pybindgen.typehandlers.ctypeparser.TypeTraits object at 0x7f5da8518e10>))
DEBUG:pybindgen.typehandlers:TypeMatcher.lookup('std::string')
DEBUG:pybindgen.typehandlers:try to lookup type handler for 'std::string' => success ((<class 'pybindgen.typehandlers.stringtype.StdStringParam'>, None, <pybindgen.typehandlers.ctypeparser.TypeTraits object at 0x7f5da8518f60>))
DEBUG:pybindgen.typehandlers:TypeMatcher.lookup('ns3::Ptr< ns3::AttributeChecker const >')
DEBUG:pybindgen.typehandlers:try to lookup type handler for 'ns3::Ptr< ns3::AttributeChecker const >' => failure
DEBUG:pybindgen.typehandlers:try to lookup type handler for 'ns3::AttributeChecker *' => success ((<class 'pybindgen.cppclass.MemoryPolicy.register_ptr_parameter_and_return.<locals>.ThisClassPtrParameter'>, <ns3modulegen_core_customizations.SmartPointerTransformation object at 0x7f5da907ba90>, <pybindgen.typehandlers.ctypeparser.TypeTraits object at 0x7f5da84a32e8>))
DEBUG:pybindgen.typehandlers:TypeMatcher.lookup('ns3::TypeId')
DEBUG:pybindgen.typehandlers:try to lookup type handler for 'ns3::TypeId' => success ((<class 'pybindgen.cppclass.CppClass.__init__.<locals>.ThisClassReturn'>, None, <pybindgen.typehandlers.ctypeparser.TypeTraits object at 0x7f5da84a3550>))
DEBUG:pybindgen.typehandlers:TypeMatcher.lookup('std::string')
DEBUG:pybindgen.typehandlers:try to lookup type handler for 'std::string' => success ((<class 'pybindgen.typehandlers.stringtype.StdStringReturn'>, None, <pybindgen.typehandlers.ctypeparser.TypeTraits object at 0x7f5da84a38d0>))
DEBUG:pybindgen.typehandlers:TypeMatcher.lookup('ns3::Ptr< ns3::AttributeChecker const >')
DEBUG:pybindgen.typehandlers:try to lookup type handler for 'ns3::Ptr< ns3::AttributeChecker const >' => failure
DEBUG:pybindgen.typehandlers:try to lookup type handler for 'ns3::AttributeChecker *' => success ((<class 'pybindgen.cppclass.MemoryPolicy.register_ptr_parameter_and_return.<locals>.ThisClassPtrParameter'>, <ns3modulegen_core_customizations.SmartPointerTransformation object at 0x7f5da907ba90>, <pybindgen.typehandlers.ctypeparser.TypeTraits object at 0x7f5da84a3c50>))
DEBUG:pybindgen.typehandlers:TypeMatcher.lookup('void')
DEBUG:pybindgen.typehandlers:try to lookup type handler for 'void' => success ((<class 'pybindgen.typehandlers.voidtype.VoidReturn'>, None, <pybindgen.typehandlers.ctypeparser.TypeTraits object at 0x7f5da84a3eb8>))
DEBUG:pybindgen.typehandlers:TypeMatcher.lookup('ns3::TypeId const &')
DEBUG:pybindgen.typehandlers:try to lookup type handler for 'ns3::TypeId const &' => success ((<class 'pybindgen.cppclass.CppClass.__init__.<locals>.ThisClassRefParameter'>, None, <pybindgen.typehandlers.ctypeparser.TypeTraits object at 0x7f5da84a6048>))
DEBUG:pybindgen.typehandlers:TypeMatcher.lookup('ns3::AddressChecker const &')
DEBUG:pybindgen.typehandlers:try to lookup type handler for 'ns3::AddressChecker const &' => success ((<class 'pybindgen.cppclass.CppClass.__init__.<locals>.ThisClassRefParameter'>, None, <pybindgen.typehandlers.ctypeparser.TypeTraits object at 0x7f5da84a66d8>))
DEBUG:pybindgen.typehandlers:TypeMatcher.lookup('ns3::Address const &')
DEBUG:pybindgen.typehandlers:try to lookup type handler for 'ns3::Address const &' => success ((<class 'pybindgen.cppclass.CppClass.__init__.<locals>.ThisClassRefParameter'>, None, <pybindgen.typehandlers.ctypeparser.TypeTraits object at 0x7f5da84a6d30>))
DEBUG:pybindgen.typehandlers:TypeMatcher.lookup('ns3::AddressValue const &')
DEBUG:pybindgen.typehandlers:try to lookup type handler for 'ns3::AddressValue const &' => success ((<class 'pybindgen.cppclass.CppClass.__init__.<locals>.ThisClassRefParameter'>, None, <pybindgen.typehandlers.ctypeparser.TypeTraits object at 0x7f5da84ae160>))
DEBUG:pybindgen.typehandlers:TypeMatcher.lookup('ns3::Ptr< ns3::AttributeValue >')
DEBUG:pybindgen.typehandlers:try to lookup type handler for 'ns3::Ptr< ns3::AttributeValue >' => failure
DEBUG:pybindgen.typehandlers:try to lookup type handler for 'ns3::AttributeValue *' => success ((<class 'pybindgen.cppclass.MemoryPolicy.register_ptr_parameter_and_return.<locals>.ThisClassPtrReturn'>, <ns3modulegen_core_customizations.SmartPointerTransformation object at 0x7f5da907ba90>, <pybindgen.typehandlers.ctypeparser.TypeTraits object at 0x7f5da84ae748>))
DEBUG:pybindgen.typehandlers:TypeMatcher.lookup('bool')
DEBUG:pybindgen.typehandlers:try to lookup type handler for 'bool' => success ((<class 'pybindgen.typehandlers.booltype.BoolReturn'>, None, <pybindgen.typehandlers.ctypeparser.TypeTraits object at 0x7f5da84ae9b0>))
DEBUG:pybindgen.typehandlers:TypeMatcher.lookup('std::string')
DEBUG:pybindgen.typehandlers:try to lookup type handler for 'std::string' => success ((<class 'pybindgen.typehandlers.stringtype.StdStringParam'>, None, <pybindgen.typehandlers.ctypeparser.TypeTraits object at 0x7f5da84aeb00>))
DEBUG:pybindgen.typehandlers:TypeMatcher.lookup('ns3::Ptr< ns3::AttributeChecker const >')
DEBUG:pybindgen.typehandlers:try to lookup type handler for 'ns3::Ptr< ns3::AttributeChecker const >' => failure
DEBUG:pybindgen.typehandlers:try to lookup type handler for 'ns3::AttributeChecker *' => success ((<class 'pybindgen.cppclass.MemoryPolicy.register_ptr_parameter_and_return.<locals>.ThisClassPtrParameter'>, <ns3modulegen_core_customizations.SmartPointerTransformation object at 0x7f5da907ba90>, <pybindgen.typehandlers.ctypeparser.TypeTraits object at 0x7f5da84aee48>))
DEBUG:pybindgen.typehandlers:TypeMatcher.lookup('ns3::Address')
DEBUG:pybindgen.typehandlers:try to lookup type handler for 'ns3::Address' => success ((<class 'pybindgen.cppclass.CppClass.__init__.<locals>.ThisClassReturn'>, None, <pybindgen.typehandlers.ctypeparser.TypeTraits object at 0x7f5da84b60f0>))
DEBUG:pybindgen.typehandlers:TypeMatcher.lookup('std::string')
DEBUG:pybindgen.typehandlers:try to lookup type handler for 'std::string' => success ((<class 'pybindgen.typehandlers.stringtype.StdStringReturn'>, None, <pybindgen.typehandlers.ctypeparser.TypeTraits object at 0x7f5da84b6470>))
DEBUG:pybindgen.typehandlers:TypeMatcher.lookup('ns3::Ptr< ns3::AttributeChecker const >')
DEBUG:pybindgen.typehandlers:try to lookup type handler for 'ns3::Ptr< ns3::AttributeChecker const >' => failure
DEBUG:pybindgen.typehandlers:try to lookup type handler for 'ns3::AttributeChecker *' => success ((<class 'pybindgen.cppclass.MemoryPolicy.register_ptr_parameter_and_return.<locals>.ThisClassPtrParameter'>, <ns3modulegen_core_customizations.SmartPointerTransformation object at 0x7f5da907ba90>, <pybindgen.typehandlers.ctypeparser.TypeTraits object at 0x7f5da84b67f0>))
DEBUG:pybindgen.typehandlers:TypeMatcher.lookup('void')
DEBUG:pybindgen.typehandlers:try to lookup type handler for 'void' => success ((<class 'pybindgen.typehandlers.voidtype.VoidReturn'>, None, <pybindgen.typehandlers.ctypeparser.TypeTraits object at 0x7f5da84b6a58>))
DEBUG:pybindgen.typehandlers:TypeMatcher.lookup('ns3::Address const &')
DEBUG:pybindgen.typehandlers:try to lookup type handler for 'ns3::Address const &' => success ((<class 'pybindgen.cppclass.CppClass.__init__.<locals>.ThisClassRefParameter'>, None, <pybindgen.typehandlers.ctypeparser.TypeTraits object at 0x7f5da84b6ba8>))
DEBUG:pybindgen.typehandlers:TypeMatcher.lookup('ns3::CallbackImpl< ns3::ObjectBase *, ns3::empty, ns3::empty, ns3::empty, ns3::empty, ns3::empty, ns3::empty, ns3::empty, ns3::empty, ns3::empty > const &')
DEBUG:pybindgen.typehandlers:try to lookup type handler for 'ns3::CallbackImpl< ns3::ObjectBase *, ns3::empty, ns3::empty, ns3::empty, ns3::empty, ns3::empty, ns3::empty, ns3::empty, ns3::empty, ns3::empty > const &' => success ((<class 'pybindgen.cppclass.CppClass.__init__.<locals>.ThisClassRefParameter'>, None, <pybindgen.typehandlers.ctypeparser.TypeTraits object at 0x7f5da84bc278>))
DEBUG:pybindgen.typehandlers:TypeMatcher.lookup('std::string')
DEBUG:pybindgen.typehandlers:try to lookup type handler for 'std::string' => success ((<class 'pybindgen.typehandlers.stringtype.StdStringReturn'>, None, <pybindgen.typehandlers.ctypeparser.TypeTraits object at 0x7f5da84bcb00>))
DEBUG:pybindgen.typehandlers:TypeMatcher.lookup('std::string')
DEBUG:pybindgen.typehandlers:try to lookup type handler for 'std::string' => success ((<class 'pybindgen.typehandlers.stringtype.StdStringReturn'>, None, <pybindgen.typehandlers.ctypeparser.TypeTraits object at 0x7f5da84bce80>))
DEBUG:pybindgen.typehandlers:TypeMatcher.lookup('ns3::ObjectBase *')
DEBUG:pybindgen.typehandlers:try to lookup type handler for 'ns3::ObjectBase *' => success ((<class 'pybindgen.cppclass.CppClass.__init__.<locals>.ThisClassPtrReturn'>, None, <pybindgen.typehandlers.ctypeparser.TypeTraits object at 0x7f5da84c1240>))
DEBUG:pybindgen.typehandlers:TypeMatcher.lookup('ns3::CallbackImpl< void, ns3::Ptr< ns3::Packet const >, ns3::empty, ns3::empty, ns3::empty, ns3::empty, ns3::empty, ns3::empty, ns3::empty, ns3::empty > const &')
DEBUG:pybindgen.typehandlers:try to lookup type handler for 'ns3::CallbackImpl< void, ns3::Ptr< ns3::Packet const >, ns3::empty, ns3::empty, ns3::empty, ns3::empty, ns3::empty, ns3::empty, ns3::empty, ns3::empty > const &' => success ((<class 'pybindgen.cppclass.CppClass.__init__.<locals>.ThisClassRefParameter'>, None, <pybindgen.typehandlers.ctypeparser.TypeTraits object at 0x7f5da84c1898>))
DEBUG:pybindgen.typehandlers:TypeMatcher.lookup('std::string')
DEBUG:pybindgen.typehandlers:try to lookup type handler for 'std::string' => success ((<class 'pybindgen.typehandlers.stringtype.StdStringReturn'>, None, <pybindgen.typehandlers.ctypeparser.TypeTraits object at 0x7f5da84cb278>))
DEBUG:pybindgen.typehandlers:TypeMatcher.lookup('std::string')
DEBUG:pybindgen.typehandlers:try to lookup type handler for 'std::string' => success ((<class 'pybindgen.typehandlers.stringtype.StdStringReturn'>, None, <pybindgen.typehandlers.ctypeparser.TypeTraits object at 0x7f5da84cb5f8>))
DEBUG:pybindgen.typehandlers:TypeMatcher.lookup('void')
DEBUG:pybindgen.typehandlers:try to lookup type handler for 'void' => success ((<class 'pybindgen.typehandlers.voidtype.VoidReturn'>, None, <pybindgen.typehandlers.ctypeparser.TypeTraits object at 0x7f5da84cb978>))
DEBUG:pybindgen.typehandlers:TypeMatcher.lookup('ns3::Ptr< ns3::Packet const >')
DEBUG:pybindgen.typehandlers:try to lookup type handler for 'ns3::Ptr< ns3::Packet const >' => failure
DEBUG:pybindgen.typehandlers:try to lookup type handler for 'ns3::Packet *' => success ((<class 'pybindgen.cppclass.MemoryPolicy.register_ptr_parameter_and_return.<locals>.ThisClassPtrParameter'>, <ns3modulegen_core_customizations.SmartPointerTransformation object at 0x7f5da907ba90>, <pybindgen.typehandlers.ctypeparser.TypeTraits object at 0x7f5da84cbd30>))
DEBUG:pybindgen.typehandlers:TypeMatcher.lookup('ns3::CallbackImpl< void, ns3::Ptr< ns3::NetDevice >, ns3::Ptr< ns3::Packet const >, unsigned short, ns3::Address const &, ns3::Address const &, ns3::NetDevice::PacketType, ns3::empty, ns3::empty, ns3::empty > const &')
DEBUG:pybindgen.typehandlers:try to lookup type handler for 'ns3::CallbackImpl< void, ns3::Ptr< ns3::NetDevice >, ns3::Ptr< ns3::Packet const >, unsigned short, ns3::Address const &, ns3::Address const &, ns3::NetDevice::PacketType, ns3::empty, ns3::empty, ns3::empty > const &' => success ((<class 'pybindgen.cppclass.CppClass.__init__.<locals>.ThisClassRefParameter'>, None, <pybindgen.typehandlers.ctypeparser.TypeTraits object at 0x7f5da84d3278>))
DEBUG:pybindgen.typehandlers:TypeMatcher.lookup('std::string')
DEBUG:pybindgen.typehandlers:try to lookup type handler for 'std::string' => success ((<class 'pybindgen.typehandlers.stringtype.StdStringReturn'>, None, <pybindgen.typehandlers.ctypeparser.TypeTraits object at 0x7f5da84d3e80>))
DEBUG:pybindgen.typehandlers:TypeMatcher.lookup('std::string')
DEBUG:pybindgen.typehandlers:try to lookup type handler for 'std::string' => success ((<class 'pybindgen.typehandlers.stringtype.StdStringReturn'>, None, <pybindgen.typehandlers.ctypeparser.TypeTraits object at 0x7f5da84da240>))
DEBUG:pybindgen.typehandlers:TypeMatcher.lookup('void')
DEBUG:pybindgen.typehandlers:try to lookup type handler for 'void' => success ((<class 'pybindgen.typehandlers.voidtype.VoidReturn'>, None, <pybindgen.typehandlers.ctypeparser.TypeTraits object at 0x7f5da84da5c0>))
DEBUG:pybindgen.typehandlers:TypeMatcher.lookup('ns3::Ptr< ns3::NetDevice >')
DEBUG:pybindgen.typehandlers:try to lookup type handler for 'ns3::Ptr< ns3::NetDevice >' => failure
DEBUG:pybindgen.typehandlers:try to lookup type handler for 'ns3::NetDevice *' => success ((<class 'pybindgen.cppclass.MemoryPolicy.register_ptr_parameter_and_return.<locals>.ThisClassPtrParameter'>, <ns3modulegen_core_customizations.SmartPointerTransformation object at 0x7f5da907ba90>, <pybindgen.typehandlers.ctypeparser.TypeTraits object at 0x7f5da84da940>))
DEBUG:pybindgen.typehandlers:TypeMatcher.lookup('ns3::Ptr< ns3::Packet const >')
DEBUG:pybindgen.typehandlers:try to lookup type handler for 'ns3::Ptr< ns3::Packet const >' => failure
DEBUG:pybindgen.typehandlers:try to lookup type handler for 'ns3::Packet *' => success ((<class 'pybindgen.cppclass.MemoryPolicy.register_ptr_parameter_and_return.<locals>.ThisClassPtrParameter'>, <ns3modulegen_core_customizations.SmartPointerTransformation object at 0x7f5da907ba90>, <pybindgen.typehandlers.ctypeparser.TypeTraits object at 0x7f5da84dab70>))
DEBUG:pybindgen.typehandlers:TypeMatcher.lookup('short unsigned int')
DEBUG:pybindgen.typehandlers:try to lookup type handler for 'short unsigned int' => failure
'short unsigned int' did not match
/home/cs18/tarballs/ns-allinone-3.34/ns-3.34/src/fd-net-device/bindings/modulegen__gcc_LP64.py:5253: Warning: exception TypeLookupError(['short unsigned int'],) in wrapper public: virtual retval? ???::operator() (params?) = 0;
  custom_name='__call__', is_pure_virtual=True, is_virtual=True)
DEBUG:pybindgen.typehandlers:TypeMatcher.lookup('ns3::CallbackImpl< void, ns3::Ptr< ns3::NetDevice >, ns3::empty, ns3::empty, ns3::empty, ns3::empty, ns3::empty, ns3::empty, ns3::empty, ns3::empty > const &')
DEBUG:pybindgen.typehandlers:try to lookup type handler for 'ns3::CallbackImpl< void, ns3::Ptr< ns3::NetDevice >, ns3::empty, ns3::empty, ns3::empty, ns3::empty, ns3::empty, ns3::empty, ns3::empty, ns3::empty > const &' => success ((<class 'pybindgen.cppclass.CppClass.__init__.<locals>.ThisClassRefParameter'>, None, <pybindgen.typehandlers.ctypeparser.TypeTraits object at 0x7f5da84da668>))
DEBUG:pybindgen.typehandlers:TypeMatcher.lookup('std::string')
DEBUG:pybindgen.typehandlers:try to lookup type handler for 'std::string' => success ((<class 'pybindgen.typehandlers.stringtype.StdStringReturn'>, None, <pybindgen.typehandlers.ctypeparser.TypeTraits object at 0x7f5da8460fd0>))
DEBUG:pybindgen.typehandlers:TypeMatcher.lookup('std::string')
DEBUG:pybindgen.typehandlers:try to lookup type handler for 'std::string' => success ((<class 'pybindgen.typehandlers.stringtype.StdStringReturn'>, None, <pybindgen.typehandlers.ctypeparser.TypeTraits object at 0x7f5da8468390>))
DEBUG:pybindgen.typehandlers:TypeMatcher.lookup('void')
DEBUG:pybindgen.typehandlers:try to lookup type handler for 'void' => success ((<class 'pybindgen.typehandlers.voidtype.VoidReturn'>, None, <pybindgen.typehandlers.ctypeparser.TypeTraits object at 0x7f5da8468710>))
DEBUG:pybindgen.typehandlers:TypeMatcher.lookup('ns3::Ptr< ns3::NetDevice >')
DEBUG:pybindgen.typehandlers:try to lookup type handler for 'ns3::Ptr< ns3::NetDevice >' => failure
DEBUG:pybindgen.typehandlers:try to lookup type handler for 'ns3::NetDevice *' => success ((<class 'pybindgen.cppclass.MemoryPolicy.register_ptr_parameter_and_return.<locals>.ThisClassPtrParameter'>, <ns3modulegen_core_customizations.SmartPointerTransformation object at 0x7f5da907ba90>, <pybindgen.typehandlers.ctypeparser.TypeTraits object at 0x7f5da8468a90>))
DEBUG:pybindgen.typehandlers:TypeMatcher.lookup('ns3::CallbackImpl< void, ns3::empty, ns3::empty, ns3::empty, ns3::empty, ns3::empty, ns3::empty, ns3::empty, ns3::empty, ns3::empty > const &')
DEBUG:pybindgen.typehandlers:try to lookup type handler for 'ns3::CallbackImpl< void, ns3::empty, ns3::empty, ns3::empty, ns3::empty, ns3::empty, ns3::empty, ns3::empty, ns3::empty, ns3::empty > const &' => success ((<class 'pybindgen.cppclass.CppClass.__init__.<locals>.ThisClassRefParameter'>, None, <pybindgen.typehandlers.ctypeparser.TypeTraits object at 0x7f5da8468f60>))
DEBUG:pybindgen.typehandlers:TypeMatcher.lookup('std::string')
DEBUG:pybindgen.typehandlers:try to lookup type handler for 'std::string' => success ((<class 'pybindgen.typehandlers.stringtype.StdStringReturn'>, None, <pybindgen.typehandlers.ctypeparser.TypeTraits object at 0x7f5da8470828>))
DEBUG:pybindgen.typehandlers:TypeMatcher.lookup('std::string')
DEBUG:pybindgen.typehandlers:try to lookup type handler for 'std::string' => success ((<class 'pybindgen.typehandlers.stringtype.StdStringReturn'>, None, <pybindgen.typehandlers.ctypeparser.TypeTraits object at 0x7f5da8470ba8>))
DEBUG:pybindgen.typehandlers:TypeMatcher.lookup('void')
DEBUG:pybindgen.typehandlers:try to lookup type handler for 'void' => success ((<class 'pybindgen.typehandlers.voidtype.VoidReturn'>, None, <pybindgen.typehandlers.ctypeparser.TypeTraits object at 0x7f5da8470f28>))
DEBUG:pybindgen.typehandlers:TypeMatcher.lookup('ns3::CallbackImpl< void, unsigned char *, long, ns3::empty, ns3::empty, ns3::empty, ns3::empty, ns3::empty, ns3::empty, ns3::empty > const &')
DEBUG:pybindgen.typehandlers:try to lookup type handler for 'ns3::CallbackImpl< void, unsigned char *, long, ns3::empty, ns3::empty, ns3::empty, ns3::empty, ns3::empty, ns3::empty, ns3::empty > const &' => success ((<class 'pybindgen.cppclass.CppClass.__init__.<locals>.ThisClassRefParameter'>, None, <pybindgen.typehandlers.ctypeparser.TypeTraits object at 0x7f5da84795c0>))
DEBUG:pybindgen.typehandlers:TypeMatcher.lookup('std::string')
DEBUG:pybindgen.typehandlers:try to lookup type handler for 'std::string' => success ((<class 'pybindgen.typehandlers.stringtype.StdStringReturn'>, None, <pybindgen.typehandlers.ctypeparser.TypeTraits object at 0x7f5da8479f28>))
DEBUG:pybindgen.typehandlers:TypeMatcher.lookup('std::string')
DEBUG:pybindgen.typehandlers:try to lookup type handler for 'std::string' => success ((<class 'pybindgen.typehandlers.stringtype.StdStringReturn'>, None, <pybindgen.typehandlers.ctypeparser.TypeTraits object at 0x7f5da847e2e8>))
DEBUG:pybindgen.typehandlers:TypeMatcher.lookup('void')
DEBUG:pybindgen.typehandlers:try to lookup type handler for 'void' => success ((<class 'pybindgen.typehandlers.voidtype.VoidReturn'>, None, <pybindgen.typehandlers.ctypeparser.TypeTraits object at 0x7f5da847e668>))
DEBUG:pybindgen.typehandlers:TypeMatcher.lookup('unsigned char *')
DEBUG:pybindgen.typehandlers:try to lookup type handler for 'unsigned char *' => failure
'unsigned char *' did not match
/home/cs18/tarballs/ns-allinone-3.34/ns-3.34/src/fd-net-device/bindings/modulegen__gcc_LP64.py:5319: Warning: exception TypeLookupError(['unsigned char *'],) in wrapper public: virtual retval? ???::operator() (params?) = 0;
  custom_name='__call__', is_pure_virtual=True, is_virtual=True)
DEBUG:pybindgen.typehandlers:TypeMatcher.lookup('void')
DEBUG:pybindgen.typehandlers:try to lookup type handler for 'void' => success ((<class 'pybindgen.typehandlers.voidtype.VoidReturn'>, None, <pybindgen.typehandlers.ctypeparser.TypeTraits object at 0x7f5da8486240>))
DEBUG:pybindgen.typehandlers:TypeMatcher.lookup('ns3::Callback< void, ns3::empty, ns3::empty, ns3::empty, ns3::empty, ns3::empty, ns3::empty, ns3::empty, ns3::empty, ns3::empty >')
DEBUG:pybindgen.typehandlers:try to lookup type handler for 'ns3::Callback< void, ns3::empty, ns3::empty, ns3::empty, ns3::empty, ns3::empty, ns3::empty, ns3::empty, ns3::empty, ns3::empty >' => success ((<class 'ns3modulegen_core_customizations.register_callback_classes.<locals>.PythonCallbackParameter'>, None, <pybindgen.typehandlers.ctypeparser.TypeTraits object at 0x7f5da8486390>))
DEBUG:pybindgen.typehandlers:TypeMatcher.lookup('ns3::Address')
DEBUG:pybindgen.typehandlers:try to lookup type handler for 'ns3::Address' => success ((<class 'pybindgen.cppclass.CppClass.__init__.<locals>.ThisClassReturn'>, None, <pybindgen.typehandlers.ctypeparser.TypeTraits object at 0x7f5da847e7b8>))
DEBUG:pybindgen.typehandlers:TypeMatcher.lookup('ns3::Address')
DEBUG:pybindgen.typehandlers:try to lookup type handler for 'ns3::Address' => success ((<class 'pybindgen.cppclass.CppClass.__init__.<locals>.ThisClassReturn'>, None, <pybindgen.typehandlers.ctypeparser.TypeTraits object at 0x7f5da8486c88>))
DEBUG:pybindgen.typehandlers:TypeMatcher.lookup('ns3::Ptr< ns3::Channel >')
DEBUG:pybindgen.typehandlers:try to lookup type handler for 'ns3::Ptr< ns3::Channel >' => failure
DEBUG:pybindgen.typehandlers:try to lookup type handler for 'ns3::Channel *' => failure ('')
/home/cs18/tarballs/ns-allinone-3.34/ns-3.34/src/fd-net-device/bindings/modulegen__gcc_LP64.py:5344: Warning: exception TypeLookupError(['ns3::Ptr< ns3::Channel >', 'ns3::Channel *'],) in wrapper public: virtual retval? ???::GetChannel (params?) const;
  is_const=True, is_virtual=True)
DEBUG:pybindgen.typehandlers:TypeMatcher.lookup('ns3::FdNetDevice::EncapsulationMode')
DEBUG:pybindgen.typehandlers:try to lookup type handler for 'ns3::FdNetDevice::EncapsulationMode' => success ((<class 'pybindgen.enum.Enum.set_module.<locals>.ThisEnumReturn'>, None, <pybindgen.typehandlers.ctypeparser.TypeTraits object at 0x7f5da848c748>))
DEBUG:pybindgen.typehandlers:TypeMatcher.lookup('uint32_t')
DEBUG:pybindgen.typehandlers:try to lookup type handler for 'uint32_t' => success ((<class 'pybindgen.typehandlers.inttype.UnsignedIntReturn'>, None, <pybindgen.typehandlers.ctypeparser.TypeTraits object at 0x7f5da848cb00>))
DEBUG:pybindgen.typehandlers:TypeMatcher.lookup('uint16_t')
DEBUG:pybindgen.typehandlers:try to lookup type handler for 'uint16_t' => success ((<class 'pybindgen.typehandlers.inttype.UInt16Return'>, None, <pybindgen.typehandlers.ctypeparser.TypeTraits object at 0x7f5da848ce80>))
DEBUG:pybindgen.typehandlers:TypeMatcher.lookup('ns3::Address')
DEBUG:pybindgen.typehandlers:try to lookup type handler for 'ns3::Address' => success ((<class 'pybindgen.cppclass.CppClass.__init__.<locals>.ThisClassReturn'>, None, <pybindgen.typehandlers.ctypeparser.TypeTraits object at 0x7f5da8497240>))
DEBUG:pybindgen.typehandlers:TypeMatcher.lookup('ns3::Ipv4Address')
DEBUG:pybindgen.typehandlers:try to lookup type handler for 'ns3::Ipv4Address' => success ((<class 'pybindgen.cppclass.CppClass.__init__.<locals>.ThisClassParameter'>, None, <pybindgen.typehandlers.ctypeparser.TypeTraits object at 0x7f5da8497358>))
DEBUG:pybindgen.typehandlers:TypeMatcher.lookup('ns3::Address')
DEBUG:pybindgen.typehandlers:try to lookup type handler for 'ns3::Address' => success ((<class 'pybindgen.cppclass.CppClass.__init__.<locals>.ThisClassReturn'>, None, <pybindgen.typehandlers.ctypeparser.TypeTraits object at 0x7f5da84976a0>))
DEBUG:pybindgen.typehandlers:TypeMatcher.lookup('ns3::Ipv6Address')
DEBUG:pybindgen.typehandlers:try to lookup type handler for 'ns3::Ipv6Address' => success ((<class 'pybindgen.cppclass.CppClass.__init__.<locals>.ThisClassParameter'>, None, <pybindgen.typehandlers.ctypeparser.TypeTraits object at 0x7f5da84977b8>))
DEBUG:pybindgen.typehandlers:TypeMatcher.lookup('ns3::Ptr< ns3::Node >')
DEBUG:pybindgen.typehandlers:try to lookup type handler for 'ns3::Ptr< ns3::Node >' => failure
DEBUG:pybindgen.typehandlers:try to lookup type handler for 'ns3::Node *' => success ((<class 'pybindgen.cppclass.MemoryPolicy.register_ptr_parameter_and_return.<locals>.ThisClassPtrReturn'>, <ns3modulegen_core_customizations.SmartPointerTransformation object at 0x7f5da907ba90>, <pybindgen.typehandlers.ctypeparser.TypeTraits object at 0x7f5da8497cf8>))
DEBUG:pybindgen.typehandlers:TypeMatcher.lookup('ns3::TypeId')
DEBUG:pybindgen.typehandlers:try to lookup type handler for 'ns3::TypeId' => success ((<class 'pybindgen.cppclass.CppClass.__init__.<locals>.ThisClassReturn'>, None, <pybindgen.typehandlers.ctypeparser.TypeTraits object at 0x7f5da8497f60>))
DEBUG:pybindgen.typehandlers:TypeMatcher.lookup('bool')
DEBUG:pybindgen.typehandlers:try to lookup type handler for 'bool' => success ((<class 'pybindgen.typehandlers.booltype.BoolReturn'>, None, <pybindgen.typehandlers.ctypeparser.TypeTraits object at 0x7f5da848c128>))
DEBUG:pybindgen.typehandlers:TypeMatcher.lookup('bool')
DEBUG:pybindgen.typehandlers:try to lookup type handler for 'bool' => success ((<class 'pybindgen.typehandlers.booltype.BoolReturn'>, None, <pybindgen.typehandlers.ctypeparser.TypeTraits object at 0x7f5da841e438>))
DEBUG:pybindgen.typehandlers:TypeMatcher.lookup('bool')
DEBUG:pybindgen.typehandlers:try to lookup type handler for 'bool' => success ((<class 'pybindgen.typehandlers.booltype.BoolReturn'>, None, <pybindgen.typehandlers.ctypeparser.TypeTraits object at 0x7f5da841e7f0>))
DEBUG:pybindgen.typehandlers:TypeMatcher.lookup('bool')
DEBUG:pybindgen.typehandlers:try to lookup type handler for 'bool' => success ((<class 'pybindgen.typehandlers.booltype.BoolReturn'>, None, <pybindgen.typehandlers.ctypeparser.TypeTraits object at 0x7f5da841eba8>))
DEBUG:pybindgen.typehandlers:TypeMatcher.lookup('bool')
DEBUG:pybindgen.typehandlers:try to lookup type handler for 'bool' => success ((<class 'pybindgen.typehandlers.booltype.BoolReturn'>, None, <pybindgen.typehandlers.ctypeparser.TypeTraits object at 0x7f5da841ef60>))
DEBUG:pybindgen.typehandlers:TypeMatcher.lookup('bool')
DEBUG:pybindgen.typehandlers:try to lookup type handler for 'bool' => success ((<class 'pybindgen.typehandlers.booltype.BoolReturn'>, None, <pybindgen.typehandlers.ctypeparser.TypeTraits object at 0x7f5da8424358>))
DEBUG:pybindgen.typehandlers:TypeMatcher.lookup('bool')
DEBUG:pybindgen.typehandlers:try to lookup type handler for 'bool' => success ((<class 'pybindgen.typehandlers.booltype.BoolReturn'>, None, <pybindgen.typehandlers.ctypeparser.TypeTraits object at 0x7f5da8424710>))
DEBUG:pybindgen.typehandlers:TypeMatcher.lookup('ns3::Ptr< ns3::Packet >')
DEBUG:pybindgen.typehandlers:try to lookup type handler for 'ns3::Ptr< ns3::Packet >' => failure
DEBUG:pybindgen.typehandlers:try to lookup type handler for 'ns3::Packet *' => success ((<class 'pybindgen.cppclass.MemoryPolicy.register_ptr_parameter_and_return.<locals>.ThisClassPtrParameter'>, <ns3modulegen_core_customizations.SmartPointerTransformation object at 0x7f5da907ba90>, <pybindgen.typehandlers.ctypeparser.TypeTraits object at 0x7f5da8424a90>))
DEBUG:pybindgen.typehandlers:TypeMatcher.lookup('ns3::Address const &')
DEBUG:pybindgen.typehandlers:try to lookup type handler for 'ns3::Address const &' => success ((<class 'pybindgen.cppclass.CppClass.__init__.<locals>.ThisClassRefParameter'>, None, <pybindgen.typehandlers.ctypeparser.TypeTraits object at 0x7f5da8424a90>))
DEBUG:pybindgen.typehandlers:TypeMatcher.lookup('uint16_t')
DEBUG:pybindgen.typehandlers:try to lookup type handler for 'uint16_t' => success ((<class 'pybindgen.typehandlers.inttype.UInt16Param'>, None, <pybindgen.typehandlers.ctypeparser.TypeTraits object at 0x7f5da8424c18>))
DEBUG:pybindgen.typehandlers:TypeMatcher.lookup('bool')
DEBUG:pybindgen.typehandlers:try to lookup type handler for 'bool' => success ((<class 'pybindgen.typehandlers.booltype.BoolReturn'>, None, <pybindgen.typehandlers.ctypeparser.TypeTraits object at 0x7f5da8424f28>))
DEBUG:pybindgen.typehandlers:TypeMatcher.lookup('ns3::Ptr< ns3::Packet >')
DEBUG:pybindgen.typehandlers:try to lookup type handler for 'ns3::Ptr< ns3::Packet >' => failure
DEBUG:pybindgen.typehandlers:try to lookup type handler for 'ns3::Packet *' => success ((<class 'pybindgen.cppclass.MemoryPolicy.register_ptr_parameter_and_return.<locals>.ThisClassPtrParameter'>, <ns3modulegen_core_customizations.SmartPointerTransformation object at 0x7f5da907ba90>, <pybindgen.typehandlers.ctypeparser.TypeTraits object at 0x7f5da842b2e8>))
DEBUG:pybindgen.typehandlers:TypeMatcher.lookup('ns3::Address const &')
DEBUG:pybindgen.typehandlers:try to lookup type handler for 'ns3::Address const &' => success ((<class 'pybindgen.cppclass.CppClass.__init__.<locals>.ThisClassRefParameter'>, None, <pybindgen.typehandlers.ctypeparser.TypeTraits object at 0x7f5da842b2e8>))
DEBUG:pybindgen.typehandlers:TypeMatcher.lookup('ns3::Address const &')
DEBUG:pybindgen.typehandlers:try to lookup type handler for 'ns3::Address const &' => success ((<class 'pybindgen.cppclass.CppClass.__init__.<locals>.ThisClassRefParameter'>, None, <pybindgen.typehandlers.ctypeparser.TypeTraits object at 0x7f5da842b470>))
DEBUG:pybindgen.typehandlers:TypeMatcher.lookup('uint16_t')
DEBUG:pybindgen.typehandlers:try to lookup type handler for 'uint16_t' => success ((<class 'pybindgen.typehandlers.inttype.UInt16Param'>, None, <pybindgen.typehandlers.ctypeparser.TypeTraits object at 0x7f5da842b5f8>))
DEBUG:pybindgen.typehandlers:TypeMatcher.lookup('void')
DEBUG:pybindgen.typehandlers:try to lookup type handler for 'void' => success ((<class 'pybindgen.typehandlers.voidtype.VoidReturn'>, None, <pybindgen.typehandlers.ctypeparser.TypeTraits object at 0x7f5da842b908>))
DEBUG:pybindgen.typehandlers:TypeMatcher.lookup('ns3::Address')
DEBUG:pybindgen.typehandlers:try to lookup type handler for 'ns3::Address' => success ((<class 'pybindgen.cppclass.CppClass.__init__.<locals>.ThisClassParameter'>, None, <pybindgen.typehandlers.ctypeparser.TypeTraits object at 0x7f5da842ba58>))
DEBUG:pybindgen.typehandlers:TypeMatcher.lookup('void')
DEBUG:pybindgen.typehandlers:try to lookup type handler for 'void' => success ((<class 'pybindgen.typehandlers.voidtype.VoidReturn'>, None, <pybindgen.typehandlers.ctypeparser.TypeTraits object at 0x7f5da842bda0>))
DEBUG:pybindgen.typehandlers:TypeMatcher.lookup('ns3::FdNetDevice::EncapsulationMode')
DEBUG:pybindgen.typehandlers:try to lookup type handler for 'ns3::FdNetDevice::EncapsulationMode' => success ((<class 'pybindgen.enum.Enum.set_module.<locals>.ThisEnumParameter'>, None, <pybindgen.typehandlers.ctypeparser.TypeTraits object at 0x7f5da842bef0>))
DEBUG:pybindgen.typehandlers:TypeMatcher.lookup('void')
DEBUG:pybindgen.typehandlers:try to lookup type handler for 'void' => success ((<class 'pybindgen.typehandlers.voidtype.VoidReturn'>, None, <pybindgen.typehandlers.ctypeparser.TypeTraits object at 0x7f5da8430278>))
DEBUG:pybindgen.typehandlers:TypeMatcher.lookup('int')
DEBUG:pybindgen.typehandlers:try to lookup type handler for 'int' => success ((<class 'pybindgen.typehandlers.inttype.IntParam'>, None, <pybindgen.typehandlers.ctypeparser.TypeTraits object at 0x7f5da84303c8>))
DEBUG:pybindgen.typehandlers:TypeMatcher.lookup('void')
DEBUG:pybindgen.typehandlers:try to lookup type handler for 'void' => success ((<class 'pybindgen.typehandlers.voidtype.VoidReturn'>, None, <pybindgen.typehandlers.ctypeparser.TypeTraits object at 0x7f5da8430748>))
DEBUG:pybindgen.typehandlers:TypeMatcher.lookup('uint32_t const')
DEBUG:pybindgen.typehandlers:try to lookup type handler for 'uint32_t const' => success ((<class 'pybindgen.typehandlers.inttype.UnsignedIntParam'>, None, <pybindgen.typehandlers.ctypeparser.TypeTraits object at 0x7f5da8430898>))
DEBUG:pybindgen.typehandlers:TypeMatcher.lookup('void')
DEBUG:pybindgen.typehandlers:try to lookup type handler for 'void' => success ((<class 'pybindgen.typehandlers.voidtype.VoidReturn'>, None, <pybindgen.typehandlers.ctypeparser.TypeTraits object at 0x7f5da8430c50>))
DEBUG:pybindgen.typehandlers:TypeMatcher.lookup('bool')
DEBUG:pybindgen.typehandlers:try to lookup type handler for 'bool' => success ((<class 'pybindgen.typehandlers.booltype.BoolParam'>, None, <pybindgen.typehandlers.ctypeparser.TypeTraits object at 0x7f5da8430da0>))
DEBUG:pybindgen.typehandlers:TypeMatcher.lookup('void')
DEBUG:pybindgen.typehandlers:try to lookup type handler for 'void' => success ((<class 'pybindgen.typehandlers.voidtype.VoidReturn'>, None, <pybindgen.typehandlers.ctypeparser.TypeTraits object at 0x7f5da843b160>))
DEBUG:pybindgen.typehandlers:TypeMatcher.lookup('bool')
DEBUG:pybindgen.typehandlers:try to lookup type handler for 'bool' => success ((<class 'pybindgen.typehandlers.booltype.BoolParam'>, None, <pybindgen.typehandlers.ctypeparser.TypeTraits object at 0x7f5da843b2b0>))
DEBUG:pybindgen.typehandlers:TypeMatcher.lookup('bool')
DEBUG:pybindgen.typehandlers:try to lookup type handler for 'bool' => success ((<class 'pybindgen.typehandlers.booltype.BoolReturn'>, None, <pybindgen.typehandlers.ctypeparser.TypeTraits object at 0x7f5da843b630>))
DEBUG:pybindgen.typehandlers:TypeMatcher.lookup('uint16_t const')
DEBUG:pybindgen.typehandlers:try to lookup type handler for 'uint16_t const' => success ((<class 'pybindgen.typehandlers.inttype.UInt16Param'>, None, <pybindgen.typehandlers.ctypeparser.TypeTraits object at 0x7f5da843b780>))
DEBUG:pybindgen.typehandlers:TypeMatcher.lookup('void')
DEBUG:pybindgen.typehandlers:try to lookup type handler for 'void' => success ((<class 'pybindgen.typehandlers.voidtype.VoidReturn'>, None, <pybindgen.typehandlers.ctypeparser.TypeTraits object at 0x7f5da843bb38>))
DEBUG:pybindgen.typehandlers:TypeMatcher.lookup('ns3::Ptr< ns3::Node >')
DEBUG:pybindgen.typehandlers:try to lookup type handler for 'ns3::Ptr< ns3::Node >' => failure
DEBUG:pybindgen.typehandlers:try to lookup type handler for 'ns3::Node *' => success ((<class 'pybindgen.cppclass.MemoryPolicy.register_ptr_parameter_and_return.<locals>.ThisClassPtrParameter'>, <ns3modulegen_core_customizations.SmartPointerTransformation object at 0x7f5da907ba90>, <pybindgen.typehandlers.ctypeparser.TypeTraits object at 0x7f5da843beb8>))
DEBUG:pybindgen.typehandlers:TypeMatcher.lookup('void')
DEBUG:pybindgen.typehandlers:try to lookup type handler for 'void' => success ((<class 'pybindgen.typehandlers.voidtype.VoidReturn'>, None, <pybindgen.typehandlers.ctypeparser.TypeTraits object at 0x7f5da843f128>))
DEBUG:pybindgen.typehandlers:TypeMatcher.lookup('ns3::Callback< bool, ns3::Ptr< ns3::NetDevice >, ns3::Ptr< ns3::Packet const >, unsigned short, ns3::Address const &, ns3::Address const &, ns3::NetDevice::PacketType, ns3::empty, ns3::empty, ns3::empty >')
DEBUG:pybindgen.typehandlers:try to lookup type handler for 'ns3::Callback< bool, ns3::Ptr< ns3::NetDevice >, ns3::Ptr< ns3::Packet const >, unsigned short, ns3::Address const &, ns3::Address const &, ns3::NetDevice::PacketType, ns3::empty, ns3::empty, ns3::empty >' => success ((<class 'ns3modulegen_core_customizations.register_callback_classes.<locals>.PythonCallbackParameter'>, None, <pybindgen.typehandlers.ctypeparser.TypeTraits object at 0x7f5da843f278>))
DEBUG:pybindgen.typehandlers:TypeMatcher.lookup('void')
DEBUG:pybindgen.typehandlers:try to lookup type handler for 'void' => success ((<class 'pybindgen.typehandlers.voidtype.VoidReturn'>, None, <pybindgen.typehandlers.ctypeparser.TypeTraits object at 0x7f5da843fe10>))
DEBUG:pybindgen.typehandlers:TypeMatcher.lookup('ns3::Callback< bool, ns3::Ptr< ns3::NetDevice >, ns3::Ptr< ns3::Packet const >, unsigned short, ns3::Address const &, ns3::empty, ns3::empty, ns3::empty, ns3::empty, ns3::empty >')
DEBUG:pybindgen.typehandlers:try to lookup type handler for 'ns3::Callback< bool, ns3::Ptr< ns3::NetDevice >, ns3::Ptr< ns3::Packet const >, unsigned short, ns3::Address const &, ns3::empty, ns3::empty, ns3::empty, ns3::empty, ns3::empty >' => success ((<class 'ns3modulegen_core_customizations.register_callback_classes.<locals>.PythonCallbackParameter'>, None, <pybindgen.typehandlers.ctypeparser.TypeTraits object at 0x7f5da843ff60>))
DEBUG:pybindgen.typehandlers:TypeMatcher.lookup('void')
DEBUG:pybindgen.typehandlers:try to lookup type handler for 'void' => success ((<class 'pybindgen.typehandlers.voidtype.VoidReturn'>, None, <pybindgen.typehandlers.ctypeparser.TypeTraits object at 0x7f5da8447a90>))
DEBUG:pybindgen.typehandlers:TypeMatcher.lookup('ns3::Time')
DEBUG:pybindgen.typehandlers:try to lookup type handler for 'ns3::Time' => success ((<class 'pybindgen.cppclass.CppClass.__init__.<locals>.ThisClassParameter'>, None, <pybindgen.typehandlers.ctypeparser.TypeTraits object at 0x7f5da8447be0>))
DEBUG:pybindgen.typehandlers:TypeMatcher.lookup('void')
DEBUG:pybindgen.typehandlers:try to lookup type handler for 'void' => success ((<class 'pybindgen.typehandlers.voidtype.VoidReturn'>, None, <pybindgen.typehandlers.ctypeparser.TypeTraits object at 0x7f5da8447f28>))
DEBUG:pybindgen.typehandlers:TypeMatcher.lookup('ns3::Time')
DEBUG:pybindgen.typehandlers:try to lookup type handler for 'ns3::Time' => success ((<class 'pybindgen.cppclass.CppClass.__init__.<locals>.ThisClassParameter'>, None, <pybindgen.typehandlers.ctypeparser.TypeTraits object at 0x7f5da844d0b8>))
DEBUG:pybindgen.typehandlers:TypeMatcher.lookup('bool')
DEBUG:pybindgen.typehandlers:try to lookup type handler for 'bool' => success ((<class 'pybindgen.typehandlers.booltype.BoolReturn'>, None, <pybindgen.typehandlers.ctypeparser.TypeTraits object at 0x7f5da844d400>))
DEBUG:pybindgen.typehandlers:TypeMatcher.lookup('ssize_t')
DEBUG:pybindgen.typehandlers:try to lookup type handler for 'ssize_t' => failure
'ssize_t' did not match
/home/cs18/tarballs/ns-allinone-3.34/ns-3.34/src/fd-net-device/bindings/modulegen__gcc_LP64.py:5485: Warning: exception TypeLookupError(['ssize_t'],) in wrapper public: virtual retval? ???::Write (params?);
  is_virtual=True)
DEBUG:pybindgen.typehandlers:TypeMatcher.lookup('uint8_t *')
DEBUG:pybindgen.typehandlers:try to lookup type handler for 'uint8_t *' => failure
'uint8_t *' did not match
/home/cs18/tarballs/ns-allinone-3.34/ns-3.34/src/fd-net-device/bindings/modulegen__gcc_LP64.py:5490: Warning: exception TypeLookupError(['uint8_t *'],) in wrapper protected: virtual retval? ???::AllocateBuffer (params?);
  is_virtual=True, visibility='protected')
DEBUG:pybindgen.typehandlers:TypeMatcher.lookup('void')
DEBUG:pybindgen.typehandlers:try to lookup type handler for 'void' => success ((<class 'pybindgen.typehandlers.voidtype.VoidReturn'>, None, <pybindgen.typehandlers.ctypeparser.TypeTraits object at 0x7f5da8453390>))
DEBUG:pybindgen.typehandlers:TypeMatcher.lookup('void')
DEBUG:pybindgen.typehandlers:try to lookup type handler for 'void' => success ((<class 'pybindgen.typehandlers.voidtype.VoidReturn'>, None, <pybindgen.typehandlers.ctypeparser.TypeTraits object at 0x7f5da8453748>))
DEBUG:pybindgen.typehandlers:TypeMatcher.lookup('void')
DEBUG:pybindgen.typehandlers:try to lookup type handler for 'void' => success ((<class 'pybindgen.typehandlers.voidtype.VoidReturn'>, None, <pybindgen.typehandlers.ctypeparser.TypeTraits object at 0x7f5da8453ac8>))
DEBUG:pybindgen.typehandlers:TypeMatcher.lookup('uint8_t *')
DEBUG:pybindgen.typehandlers:try to lookup type handler for 'uint8_t *' => success ((<class 'pybindgen.typehandlers.inttype.UInt8PtrParam'>, None, <pybindgen.typehandlers.ctypeparser.TypeTraits object at 0x7f5da8453c18>))
/home/cs18/tarballs/ns-allinone-3.34/ns-3.34/src/fd-net-device/bindings/modulegen__gcc_LP64.py:5505: Warning: exception TypeConfigurationError('direction not given',) in wrapper protected: virtual retval? ???::FreeBuffer (params?);
  is_virtual=True, visibility='protected')
DEBUG:pybindgen.typehandlers:TypeMatcher.lookup('int')
DEBUG:pybindgen.typehandlers:try to lookup type handler for 'int' => success ((<class 'pybindgen.typehandlers.inttype.IntReturn'>, None, <pybindgen.typehandlers.ctypeparser.TypeTraits object at 0x7f5da845a278>))
DEBUG:pybindgen.typehandlers:TypeMatcher.lookup('void')
DEBUG:pybindgen.typehandlers:try to lookup type handler for 'void' => success ((<class 'pybindgen.typehandlers.voidtype.VoidReturn'>, None, <pybindgen.typehandlers.ctypeparser.TypeTraits object at 0x7f5da845a588>))
DEBUG:pybindgen.typehandlers:TypeMatcher.lookup('uint8_t *')
DEBUG:pybindgen.typehandlers:try to lookup type handler for 'uint8_t *' => success ((<class 'pybindgen.typehandlers.inttype.UInt8PtrParam'>, None, <pybindgen.typehandlers.ctypeparser.TypeTraits object at 0x7f5da845a400>))
/home/cs18/tarballs/ns-allinone-3.34/ns-3.34/src/fd-net-device/bindings/modulegen__gcc_LP64.py:5515: Warning: exception TypeConfigurationError('direction not given',) in wrapper protected: retval? ???::ReceiveCallback (params?);
  visibility='protected')
DEBUG:pybindgen.typehandlers:TypeMatcher.lookup('ns3::Ptr< ns3::FdReader >')
DEBUG:pybindgen.typehandlers:try to lookup type handler for 'ns3::Ptr< ns3::FdReader >' => failure
DEBUG:pybindgen.typehandlers:try to lookup type handler for 'ns3::FdReader *' => success ((<class 'pybindgen.cppclass.MemoryPolicy.register_ptr_parameter_and_return.<locals>.ThisClassPtrReturn'>, <ns3modulegen_core_customizations.SmartPointerTransformation object at 0x7f5da907ba90>, <pybindgen.typehandlers.ctypeparser.TypeTraits object at 0x7f5da845a748>))
DEBUG:pybindgen.typehandlers:TypeMatcher.lookup('void')
DEBUG:pybindgen.typehandlers:try to lookup type handler for 'void' => success ((<class 'pybindgen.typehandlers.voidtype.VoidReturn'>, None, <pybindgen.typehandlers.ctypeparser.TypeTraits object at 0x7f5da845a940>))
DEBUG:pybindgen.typehandlers:TypeMatcher.lookup('void')
DEBUG:pybindgen.typehandlers:try to lookup type handler for 'void' => success ((<class 'pybindgen.typehandlers.voidtype.VoidReturn'>, None, <pybindgen.typehandlers.ctypeparser.TypeTraits object at 0x7f5da845acf8>))
DEBUG:pybindgen.typehandlers:TypeMatcher.lookup('ns3::FdNetDeviceFdReader const &')
DEBUG:pybindgen.typehandlers:try to lookup type handler for 'ns3::FdNetDeviceFdReader const &' => success ((<class 'pybindgen.cppclass.CppClass.__init__.<locals>.ThisClassRefParameter'>, None, <pybindgen.typehandlers.ctypeparser.TypeTraits object at 0x7f5da83e40f0>))
DEBUG:pybindgen.typehandlers:TypeMatcher.lookup('void')
DEBUG:pybindgen.typehandlers:try to lookup type handler for 'void' => success ((<class 'pybindgen.typehandlers.voidtype.VoidReturn'>, None, <pybindgen.typehandlers.ctypeparser.TypeTraits object at 0x7f5da83e4710>))
DEBUG:pybindgen.typehandlers:TypeMatcher.lookup('uint32_t')
DEBUG:pybindgen.typehandlers:try to lookup type handler for 'uint32_t' => success ((<class 'pybindgen.typehandlers.inttype.UnsignedIntParam'>, None, <pybindgen.typehandlers.ctypeparser.TypeTraits object at 0x7f5da845a518>))
DEBUG:pybindgen.typehandlers:TypeMatcher.lookup('ns3::FdReader::Data')
DEBUG:pybindgen.typehandlers:try to lookup type handler for 'ns3::FdReader::Data' => failure
'ns3::FdReader::Data' did not match
/home/cs18/tarballs/ns-allinone-3.34/ns-3.34/src/fd-net-device/bindings/modulegen__gcc_LP64.py:5546: Warning: exception TypeLookupError(['ns3::FdReader::Data'],) in wrapper private: virtual retval? ???::DoRead (params?);
  is_virtual=True, visibility='private')
DEBUG:pybindgen.typehandlers:TypeMatcher.lookup('ns3::Hash::Implementation const &')
DEBUG:pybindgen.typehandlers:try to lookup type handler for 'ns3::Hash::Implementation const &' => success ((<class 'pybindgen.cppclass.CppClass.__init__.<locals>.ThisClassRefParameter'>, None, <pybindgen.typehandlers.ctypeparser.TypeTraits object at 0x7f5da83e4a90>))
DEBUG:pybindgen.typehandlers:TypeMatcher.lookup('uint32_t')
DEBUG:pybindgen.typehandlers:try to lookup type handler for 'uint32_t' => success ((<class 'pybindgen.typehandlers.inttype.UnsignedIntReturn'>, None, <pybindgen.typehandlers.ctypeparser.TypeTraits object at 0x7f5da83ec128>))
DEBUG:pybindgen.typehandlers:TypeMatcher.lookup('char const *')
DEBUG:pybindgen.typehandlers:try to lookup type handler for 'char const *' => success ((<class 'pybindgen.typehandlers.stringtype.CStringParam'>, None, <pybindgen.typehandlers.ctypeparser.TypeTraits object at 0x7f5da83ec240>))
DEBUG:pybindgen.typehandlers:TypeMatcher.lookup('std::size_t const')
DEBUG:pybindgen.typehandlers:try to lookup type handler for 'std::size_t const' => success ((<class 'pybindgen.typehandlers.inttype.SizeTParam'>, None, <pybindgen.typehandlers.ctypeparser.TypeTraits object at 0x7f5da83ec400>))
DEBUG:pybindgen.typehandlers:TypeMatcher.lookup('uint64_t')
DEBUG:pybindgen.typehandlers:try to lookup type handler for 'uint64_t' => success ((<class 'pybindgen.typehandlers.inttype.UnsignedLongLongReturn'>, None, <pybindgen.typehandlers.ctypeparser.TypeTraits object at 0x7f5da83ec7b8>))
DEBUG:pybindgen.typehandlers:TypeMatcher.lookup('char const *')
DEBUG:pybindgen.typehandlers:try to lookup type handler for 'char const *' => success ((<class 'pybindgen.typehandlers.stringtype.CStringParam'>, None, <pybindgen.typehandlers.ctypeparser.TypeTraits object at 0x7f5da83ec8d0>))
DEBUG:pybindgen.typehandlers:TypeMatcher.lookup('std::size_t const')
DEBUG:pybindgen.typehandlers:try to lookup type handler for 'std::size_t const' => success ((<class 'pybindgen.typehandlers.inttype.SizeTParam'>, None, <pybindgen.typehandlers.ctypeparser.TypeTraits object at 0x7f5da83eca90>))
DEBUG:pybindgen.typehandlers:TypeMatcher.lookup('void')
DEBUG:pybindgen.typehandlers:try to lookup type handler for 'void' => success ((<class 'pybindgen.typehandlers.voidtype.VoidReturn'>, None, <pybindgen.typehandlers.ctypeparser.TypeTraits object at 0x7f5da83ece48>))
DEBUG:pybindgen.typehandlers:TypeMatcher.lookup('ns3::Hash::Function::Fnv1a const &')
DEBUG:pybindgen.typehandlers:try to lookup type handler for 'ns3::Hash::Function::Fnv1a const &' => success ((<class 'pybindgen.cppclass.CppClass.__init__.<locals>.ThisClassRefParameter'>, None, <pybindgen.typehandlers.ctypeparser.TypeTraits object at 0x7f5da83f1278>))
DEBUG:pybindgen.typehandlers:TypeMatcher.lookup('uint32_t')
DEBUG:pybindgen.typehandlers:try to lookup type handler for 'uint32_t' => success ((<class 'pybindgen.typehandlers.inttype.UnsignedIntReturn'>, None, <pybindgen.typehandlers.ctypeparser.TypeTraits object at 0x7f5da83f1898>))
DEBUG:pybindgen.typehandlers:TypeMatcher.lookup('char const *')
DEBUG:pybindgen.typehandlers:try to lookup type handler for 'char const *' => success ((<class 'pybindgen.typehandlers.stringtype.CStringParam'>, None, <pybindgen.typehandlers.ctypeparser.TypeTraits object at 0x7f5da83f19b0>))
DEBUG:pybindgen.typehandlers:TypeMatcher.lookup('size_t const')
DEBUG:pybindgen.typehandlers:try to lookup type handler for 'size_t const' => success ((<class 'pybindgen.typehandlers.inttype.SizeTParam'>, None, <pybindgen.typehandlers.ctypeparser.TypeTraits object at 0x7f5da83f1b70>))
DEBUG:pybindgen.typehandlers:TypeMatcher.lookup('uint64_t')
DEBUG:pybindgen.typehandlers:try to lookup type handler for 'uint64_t' => success ((<class 'pybindgen.typehandlers.inttype.UnsignedLongLongReturn'>, None, <pybindgen.typehandlers.ctypeparser.TypeTraits object at 0x7f5da83f1eb8>))
DEBUG:pybindgen.typehandlers:TypeMatcher.lookup('char const *')
DEBUG:pybindgen.typehandlers:try to lookup type handler for 'char const *' => success ((<class 'pybindgen.typehandlers.stringtype.CStringParam'>, None, <pybindgen.typehandlers.ctypeparser.TypeTraits object at 0x7f5da83f1fd0>))
DEBUG:pybindgen.typehandlers:TypeMatcher.lookup('size_t const')
DEBUG:pybindgen.typehandlers:try to lookup type handler for 'size_t const' => success ((<class 'pybindgen.typehandlers.inttype.SizeTParam'>, None, <pybindgen.typehandlers.ctypeparser.TypeTraits object at 0x7f5da83f71d0>))
DEBUG:pybindgen.typehandlers:TypeMatcher.lookup('void')
DEBUG:pybindgen.typehandlers:try to lookup type handler for 'void' => success ((<class 'pybindgen.typehandlers.voidtype.VoidReturn'>, None, <pybindgen.typehandlers.ctypeparser.TypeTraits object at 0x7f5da83f75c0>))
DEBUG:pybindgen.typehandlers:TypeMatcher.lookup('ns3::Hash::Function::Hash32 const &')
DEBUG:pybindgen.typehandlers:try to lookup type handler for 'ns3::Hash::Function::Hash32 const &' => success ((<class 'pybindgen.cppclass.CppClass.__init__.<locals>.ThisClassRefParameter'>, None, <pybindgen.typehandlers.ctypeparser.TypeTraits object at 0x7f5da83f79b0>))
DEBUG:pybindgen.typehandlers:TypeMatcher.lookup('ns3::Hash::Hash32Function_ptr')
DEBUG:pybindgen.typehandlers:try to lookup type handler for 'ns3::Hash::Hash32Function_ptr' => failure
'ns3::Hash::Hash32Function_ptr' did not match
/home/cs18/tarballs/ns-allinone-3.34/ns-3.34/src/fd-net-device/bindings/modulegen__gcc_LP64.py:5597: Warning: exception TypeLookupError(['ns3::Hash::Hash32Function_ptr'],) in wrapper <pybindgen.cppmethod.CppConstructor object at 0x7f5da83f7d30>
  cls.add_constructor([param('ns3::Hash::Hash32Function_ptr', 'hp')])
DEBUG:pybindgen.typehandlers:TypeMatcher.lookup('uint32_t')
DEBUG:pybindgen.typehandlers:try to lookup type handler for 'uint32_t' => success ((<class 'pybindgen.typehandlers.inttype.UnsignedIntReturn'>, None, <pybindgen.typehandlers.ctypeparser.TypeTraits object at 0x7f5da83f7e80>))
DEBUG:pybindgen.typehandlers:TypeMatcher.lookup('char const *')
DEBUG:pybindgen.typehandlers:try to lookup type handler for 'char const *' => success ((<class 'pybindgen.typehandlers.stringtype.CStringParam'>, None, <pybindgen.typehandlers.ctypeparser.TypeTraits object at 0x7f5da83f7f60>))
DEBUG:pybindgen.typehandlers:TypeMatcher.lookup('std::size_t const')
DEBUG:pybindgen.typehandlers:try to lookup type handler for 'std::size_t const' => success ((<class 'pybindgen.typehandlers.inttype.SizeTParam'>, None, <pybindgen.typehandlers.ctypeparser.TypeTraits object at 0x7f5da8401160>))
DEBUG:pybindgen.typehandlers:TypeMatcher.lookup('void')
DEBUG:pybindgen.typehandlers:try to lookup type handler for 'void' => success ((<class 'pybindgen.typehandlers.voidtype.VoidReturn'>, None, <pybindgen.typehandlers.ctypeparser.TypeTraits object at 0x7f5da8401518>))
DEBUG:pybindgen.typehandlers:TypeMatcher.lookup('ns3::Hash::Function::Hash64 const &')
DEBUG:pybindgen.typehandlers:try to lookup type handler for 'ns3::Hash::Function::Hash64 const &' => success ((<class 'pybindgen.cppclass.CppClass.__init__.<locals>.ThisClassRefParameter'>, None, <pybindgen.typehandlers.ctypeparser.TypeTraits object at 0x7f5da8401908>))
DEBUG:pybindgen.typehandlers:TypeMatcher.lookup('ns3::Hash::Hash64Function_ptr')
DEBUG:pybindgen.typehandlers:try to lookup type handler for 'ns3::Hash::Hash64Function_ptr' => failure
'ns3::Hash::Hash64Function_ptr' did not match
/home/cs18/tarballs/ns-allinone-3.34/ns-3.34/src/fd-net-device/bindings/modulegen__gcc_LP64.py:5614: Warning: exception TypeLookupError(['ns3::Hash::Hash64Function_ptr'],) in wrapper <pybindgen.cppmethod.CppConstructor object at 0x7f5da8401c88>
  cls.add_constructor([param('ns3::Hash::Hash64Function_ptr', 'hp')])
DEBUG:pybindgen.typehandlers:TypeMatcher.lookup('uint32_t')
DEBUG:pybindgen.typehandlers:try to lookup type handler for 'uint32_t' => success ((<class 'pybindgen.typehandlers.inttype.UnsignedIntReturn'>, None, <pybindgen.typehandlers.ctypeparser.TypeTraits object at 0x7f5da8401e48>))
DEBUG:pybindgen.typehandlers:TypeMatcher.lookup('char const *')
DEBUG:pybindgen.typehandlers:try to lookup type handler for 'char const *' => success ((<class 'pybindgen.typehandlers.stringtype.CStringParam'>, None, <pybindgen.typehandlers.ctypeparser.TypeTraits object at 0x7f5da8401f98>))
DEBUG:pybindgen.typehandlers:TypeMatcher.lookup('std::size_t const')
DEBUG:pybindgen.typehandlers:try to lookup type handler for 'std::size_t const' => success ((<class 'pybindgen.typehandlers.inttype.SizeTParam'>, None, <pybindgen.typehandlers.ctypeparser.TypeTraits object at 0x7f5da8407198>))
DEBUG:pybindgen.typehandlers:TypeMatcher.lookup('uint64_t')
DEBUG:pybindgen.typehandlers:try to lookup type handler for 'uint64_t' => success ((<class 'pybindgen.typehandlers.inttype.UnsignedLongLongReturn'>, None, <pybindgen.typehandlers.ctypeparser.TypeTraits object at 0x7f5da8401c88>))
DEBUG:pybindgen.typehandlers:TypeMatcher.lookup('char const *')
DEBUG:pybindgen.typehandlers:try to lookup type handler for 'char const *' => success ((<class 'pybindgen.typehandlers.stringtype.CStringParam'>, None, <pybindgen.typehandlers.ctypeparser.TypeTraits object at 0x7f5da83f7d68>))
DEBUG:pybindgen.typehandlers:TypeMatcher.lookup('std::size_t const')
DEBUG:pybindgen.typehandlers:try to lookup type handler for 'std::size_t const' => success ((<class 'pybindgen.typehandlers.inttype.SizeTParam'>, None, <pybindgen.typehandlers.ctypeparser.TypeTraits object at 0x7f5da8407668>))
DEBUG:pybindgen.typehandlers:TypeMatcher.lookup('void')
DEBUG:pybindgen.typehandlers:try to lookup type handler for 'void' => success ((<class 'pybindgen.typehandlers.voidtype.VoidReturn'>, None, <pybindgen.typehandlers.ctypeparser.TypeTraits object at 0x7f5da8407a20>))
DEBUG:pybindgen.typehandlers:TypeMatcher.lookup('ns3::Hash::Function::Murmur3 const &')
DEBUG:pybindgen.typehandlers:try to lookup type handler for 'ns3::Hash::Function::Murmur3 const &' => success ((<class 'pybindgen.cppclass.CppClass.__init__.<locals>.ThisClassRefParameter'>, None, <pybindgen.typehandlers.ctypeparser.TypeTraits object at 0x7f5da8407e10>))
DEBUG:pybindgen.typehandlers:TypeMatcher.lookup('uint32_t')
DEBUG:pybindgen.typehandlers:try to lookup type handler for 'uint32_t' => success ((<class 'pybindgen.typehandlers.inttype.UnsignedIntReturn'>, None, <pybindgen.typehandlers.ctypeparser.TypeTraits object at 0x7f5da840d470>))
DEBUG:pybindgen.typehandlers:TypeMatcher.lookup('char const *')
DEBUG:pybindgen.typehandlers:try to lookup type handler for 'char const *' => success ((<class 'pybindgen.typehandlers.stringtype.CStringParam'>, None, <pybindgen.typehandlers.ctypeparser.TypeTraits object at 0x7f5da840d588>))
DEBUG:pybindgen.typehandlers:TypeMatcher.lookup('std::size_t const')
DEBUG:pybindgen.typehandlers:try to lookup type handler for 'std::size_t const' => success ((<class 'pybindgen.typehandlers.inttype.SizeTParam'>, None, <pybindgen.typehandlers.ctypeparser.TypeTraits object at 0x7f5da840d748>))
DEBUG:pybindgen.typehandlers:TypeMatcher.lookup('uint64_t')
DEBUG:pybindgen.typehandlers:try to lookup type handler for 'uint64_t' => success ((<class 'pybindgen.typehandlers.inttype.UnsignedLongLongReturn'>, None, <pybindgen.typehandlers.ctypeparser.TypeTraits object at 0x7f5da840db00>))
DEBUG:pybindgen.typehandlers:TypeMatcher.lookup('char const *')
DEBUG:pybindgen.typehandlers:try to lookup type handler for 'char const *' => success ((<class 'pybindgen.typehandlers.stringtype.CStringParam'>, None, <pybindgen.typehandlers.ctypeparser.TypeTraits object at 0x7f5da840dc18>))
DEBUG:pybindgen.typehandlers:TypeMatcher.lookup('std::size_t const')
DEBUG:pybindgen.typehandlers:try to lookup type handler for 'std::size_t const' => success ((<class 'pybindgen.typehandlers.inttype.SizeTParam'>, None, <pybindgen.typehandlers.ctypeparser.TypeTraits object at 0x7f5da840ddd8>))
DEBUG:pybindgen.typehandlers:TypeMatcher.lookup('void')
DEBUG:pybindgen.typehandlers:try to lookup type handler for 'void' => success ((<class 'pybindgen.typehandlers.voidtype.VoidReturn'>, None, <pybindgen.typehandlers.ctypeparser.TypeTraits object at 0x7f5da84161d0>))
DEBUG:pybindgen.typehandlers:TypeMatcher.lookup('ns3::ObjectBase *')
DEBUG:pybindgen.typehandlers:try to lookup type handler for 'ns3::ObjectBase *' => success ((<class 'pybindgen.cppclass.CppClass.__init__.<locals>.ThisClassPtrReturn'>, None, <pybindgen.typehandlers.ctypeparser.TypeTraits object at 0x7f5da84167f0>))
/home/cs18/tarballs/ns-allinone-3.34/pybindgen-0.22.0/pybindgen/cppclass.py:3843: UserWarning: Returning shared pointers is dangerous!  The C++ API should be redesigned to avoid this situation.
  warnings.warn("Returning shared pointers is dangerous!"
Flushing to  <pybindgen.typehandlers.codesink.MemoryCodeSink object at 0x7f5da8fc2e10>
DEBUG:pybindgen.typehandlers:TypeMatcher.lookup('void')
DEBUG:pybindgen.typehandlers:try to lookup type handler for 'void' => success ((<class 'pybindgen.typehandlers.voidtype.VoidReturn'>, None, <pybindgen.typehandlers.ctypeparser.TypeTraits object at 0x7f5da8416748>))
Flushing to  <pybindgen.typehandlers.codesink.MemoryCodeSink object at 0x7f5da8fc2e10>
DEBUG:pybindgen.typehandlers:TypeMatcher.lookup('bool')
DEBUG:pybindgen.typehandlers:try to lookup type handler for 'bool' => success ((<class 'pybindgen.typehandlers.booltype.BoolReturn'>, None, <pybindgen.typehandlers.ctypeparser.TypeTraits object at 0x7f5da8416d68>))
DEBUG:pybindgen.typehandlers:TypeMatcher.lookup('ns3::Ptr< ns3::NetDevice >')
DEBUG:pybindgen.typehandlers:try to lookup type handler for 'ns3::Ptr< ns3::NetDevice >' => failure
DEBUG:pybindgen.typehandlers:try to lookup type handler for 'ns3::NetDevice *' => success ((<class 'pybindgen.cppclass.MemoryPolicy.register_ptr_parameter_and_return.<locals>.ThisClassPtrParameter'>, <ns3modulegen_core_customizations.SmartPointerTransformation object at 0x7f5da907ba90>, <pybindgen.typehandlers.ctypeparser.TypeTraits object at 0x7f5da839d400>))
DEBUG:pybindgen.typehandlers:TypeMatcher.lookup('ns3::Ptr< ns3::Packet const >')
DEBUG:pybindgen.typehandlers:try to lookup type handler for 'ns3::Ptr< ns3::Packet const >' => failure
DEBUG:pybindgen.typehandlers:try to lookup type handler for 'ns3::Packet *' => success ((<class 'pybindgen.cppclass.MemoryPolicy.register_ptr_parameter_and_return.<locals>.ThisClassPtrParameter'>, <ns3modulegen_core_customizations.SmartPointerTransformation object at 0x7f5da907ba90>, <pybindgen.typehandlers.ctypeparser.TypeTraits object at 0x7f5da839d6d8>))
DEBUG:pybindgen.typehandlers:TypeMatcher.lookup('unsigned short')
DEBUG:pybindgen.typehandlers:try to lookup type handler for 'unsigned short' => success ((<class 'pybindgen.typehandlers.inttype.UInt16Param'>, None, <pybindgen.typehandlers.ctypeparser.TypeTraits object at 0x7f5da839d438>))
DEBUG:pybindgen.typehandlers:TypeMatcher.lookup('ns3::Address &')
DEBUG:pybindgen.typehandlers:try to lookup type handler for 'ns3::Address &' => success ((<class 'pybindgen.cppclass.CppClass.__init__.<locals>.ThisClassRefParameter'>, None, <pybindgen.typehandlers.ctypeparser.TypeTraits object at 0x7f5da839d780>))
Flushing to  <pybindgen.typehandlers.codesink.MemoryCodeSink object at 0x7f5da8fc2e10>
DEBUG:pybindgen.typehandlers:TypeMatcher.lookup('bool')
DEBUG:pybindgen.typehandlers:try to lookup type handler for 'bool' => success ((<class 'pybindgen.typehandlers.booltype.BoolReturn'>, None, <pybindgen.typehandlers.ctypeparser.TypeTraits object at 0x7f5da8416828>))
DEBUG:pybindgen.typehandlers:TypeMatcher.lookup('ns3::Ptr< ns3::NetDevice >')
DEBUG:pybindgen.typehandlers:try to lookup type handler for 'ns3::Ptr< ns3::NetDevice >' => failure
DEBUG:pybindgen.typehandlers:try to lookup type handler for 'ns3::NetDevice *' => success ((<class 'pybindgen.cppclass.MemoryPolicy.register_ptr_parameter_and_return.<locals>.ThisClassPtrParameter'>, <ns3modulegen_core_customizations.SmartPointerTransformation object at 0x7f5da907ba90>, <pybindgen.typehandlers.ctypeparser.TypeTraits object at 0x7f5da839def0>))
DEBUG:pybindgen.typehandlers:TypeMatcher.lookup('ns3::Ptr< ns3::Packet const >')
DEBUG:pybindgen.typehandlers:try to lookup type handler for 'ns3::Ptr< ns3::Packet const >' => failure
DEBUG:pybindgen.typehandlers:try to lookup type handler for 'ns3::Packet *' => success ((<class 'pybindgen.cppclass.MemoryPolicy.register_ptr_parameter_and_return.<locals>.ThisClassPtrParameter'>, <ns3modulegen_core_customizations.SmartPointerTransformation object at 0x7f5da907ba90>, <pybindgen.typehandlers.ctypeparser.TypeTraits object at 0x7f5da83a9208>))
DEBUG:pybindgen.typehandlers:TypeMatcher.lookup('unsigned short')
DEBUG:pybindgen.typehandlers:try to lookup type handler for 'unsigned short' => success ((<class 'pybindgen.typehandlers.inttype.UInt16Param'>, None, <pybindgen.typehandlers.ctypeparser.TypeTraits object at 0x7f5da839df28>))
DEBUG:pybindgen.typehandlers:TypeMatcher.lookup('ns3::Address &')
DEBUG:pybindgen.typehandlers:try to lookup type handler for 'ns3::Address &' => success ((<class 'pybindgen.cppclass.CppClass.__init__.<locals>.ThisClassRefParameter'>, None, <pybindgen.typehandlers.ctypeparser.TypeTraits object at 0x7f5da83a92b0>))
DEBUG:pybindgen.typehandlers:TypeMatcher.lookup('ns3::Address &')
DEBUG:pybindgen.typehandlers:try to lookup type handler for 'ns3::Address &' => success ((<class 'pybindgen.cppclass.CppClass.__init__.<locals>.ThisClassRefParameter'>, None, <pybindgen.typehandlers.ctypeparser.TypeTraits object at 0x7f5da83a93c8>))
DEBUG:pybindgen.typehandlers:TypeMatcher.lookup('ns3::NetDevice::PacketType')
DEBUG:pybindgen.typehandlers:try to lookup type handler for 'ns3::NetDevice::PacketType' => success ((<class 'pybindgen.enum.Enum.set_module.<locals>.ThisEnumParameter'>, None, <pybindgen.typehandlers.ctypeparser.TypeTraits object at 0x7f5da83a9518>))
Flushing to  <pybindgen.typehandlers.codesink.MemoryCodeSink object at 0x7f5da8fc2e10>
DEBUG:pybindgen.typehandlers:TypeMatcher.lookup('void')
DEBUG:pybindgen.typehandlers:try to lookup type handler for 'void' => success ((<class 'pybindgen.typehandlers.voidtype.VoidReturn'>, None, <pybindgen.typehandlers.ctypeparser.TypeTraits object at 0x7f5da839db38>))
DEBUG:pybindgen.typehandlers:TypeMatcher.lookup('ns3::Ptr< ns3::NetDevice >')
DEBUG:pybindgen.typehandlers:try to lookup type handler for 'ns3::Ptr< ns3::NetDevice >' => failure
DEBUG:pybindgen.typehandlers:try to lookup type handler for 'ns3::NetDevice *' => success ((<class 'pybindgen.cppclass.MemoryPolicy.register_ptr_parameter_and_return.<locals>.ThisClassPtrParameter'>, <ns3modulegen_core_customizations.SmartPointerTransformation object at 0x7f5da907ba90>, <pybindgen.typehandlers.ctypeparser.TypeTraits object at 0x7f5da839d6d8>))
DEBUG:pybindgen.typehandlers:TypeMatcher.lookup('ns3::Ptr< ns3::Packet const >')
DEBUG:pybindgen.typehandlers:try to lookup type handler for 'ns3::Ptr< ns3::Packet const >' => failure
DEBUG:pybindgen.typehandlers:try to lookup type handler for 'ns3::Packet *' => success ((<class 'pybindgen.cppclass.MemoryPolicy.register_ptr_parameter_and_return.<locals>.ThisClassPtrParameter'>, <ns3modulegen_core_customizations.SmartPointerTransformation object at 0x7f5da907ba90>, <pybindgen.typehandlers.ctypeparser.TypeTraits object at 0x7f5da839d7f0>))
DEBUG:pybindgen.typehandlers:TypeMatcher.lookup('unsigned short')
DEBUG:pybindgen.typehandlers:try to lookup type handler for 'unsigned short' => success ((<class 'pybindgen.typehandlers.inttype.UInt16Param'>, None, <pybindgen.typehandlers.ctypeparser.TypeTraits object at 0x7f5da839d4e0>))
DEBUG:pybindgen.typehandlers:TypeMatcher.lookup('ns3::Address &')
DEBUG:pybindgen.typehandlers:try to lookup type handler for 'ns3::Address &' => success ((<class 'pybindgen.cppclass.CppClass.__init__.<locals>.ThisClassRefParameter'>, None, <pybindgen.typehandlers.ctypeparser.TypeTraits object at 0x7f5da84167b8>))
DEBUG:pybindgen.typehandlers:TypeMatcher.lookup('ns3::Address &')
DEBUG:pybindgen.typehandlers:try to lookup type handler for 'ns3::Address &' => success ((<class 'pybindgen.cppclass.CppClass.__init__.<locals>.ThisClassRefParameter'>, None, <pybindgen.typehandlers.ctypeparser.TypeTraits object at 0x7f5da83a98d0>))
DEBUG:pybindgen.typehandlers:TypeMatcher.lookup('ns3::NetDevice::PacketType')
DEBUG:pybindgen.typehandlers:try to lookup type handler for 'ns3::NetDevice::PacketType' => success ((<class 'pybindgen.enum.Enum.set_module.<locals>.ThisEnumParameter'>, None, <pybindgen.typehandlers.ctypeparser.TypeTraits object at 0x7f5da83a9a20>))
Flushing to  <pybindgen.typehandlers.codesink.MemoryCodeSink object at 0x7f5da8fc2e10>
DEBUG:pybindgen.typehandlers:TypeMatcher.lookup('void')
DEBUG:pybindgen.typehandlers:try to lookup type handler for 'void' => success ((<class 'pybindgen.typehandlers.voidtype.VoidReturn'>, None, <pybindgen.typehandlers.ctypeparser.TypeTraits object at 0x7f5da839d240>))
DEBUG:pybindgen.typehandlers:TypeMatcher.lookup('ns3::Ptr< ns3::NetDevice >')
DEBUG:pybindgen.typehandlers:try to lookup type handler for 'ns3::Ptr< ns3::NetDevice >' => failure
DEBUG:pybindgen.typehandlers:try to lookup type handler for 'ns3::NetDevice *' => success ((<class 'pybindgen.cppclass.MemoryPolicy.register_ptr_parameter_and_return.<locals>.ThisClassPtrParameter'>, <ns3modulegen_core_customizations.SmartPointerTransformation object at 0x7f5da907ba90>, <pybindgen.typehandlers.ctypeparser.TypeTraits object at 0x7f5da83a9518>))
Flushing to  <pybindgen.typehandlers.codesink.MemoryCodeSink object at 0x7f5da8fc2e10>
DEBUG:pybindgen.typehandlers:TypeMatcher.lookup('void')
DEBUG:pybindgen.typehandlers:try to lookup type handler for 'void' => success ((<class 'pybindgen.typehandlers.voidtype.VoidReturn'>, None, <pybindgen.typehandlers.ctypeparser.TypeTraits object at 0x7f5da839ddd8>))
DEBUG:pybindgen.typehandlers:TypeMatcher.lookup('unsigned char *')
DEBUG:pybindgen.typehandlers:try to lookup type handler for 'unsigned char *' => failure
'unsigned char *' did not match
/home/cs18/tarballs/ns-allinone-3.34/ns-3.34/bindings/python/ns3modulegen_core_customizations.py:257: Warning: ***** Unable to register callback; parameter 'unsigned char * arg1' error (used in ns3::Callback< void, unsigned char *, long, ns3::empty, ns3::empty, ns3::empty, ns3::empty, ns3::empty, ns3::empty, ns3::empty >): TypeLookupError(['unsigned char *'],)
  Warning)
DEBUG:pybindgen.typehandlers:TypeMatcher.lookup('long')
DEBUG:pybindgen.typehandlers:try to lookup type handler for 'long' => success ((<class 'pybindgen.typehandlers.inttype.LongParam'>, None, <pybindgen.typehandlers.ctypeparser.TypeTraits object at 0x7f5da839d6d8>))
DEBUG:pybindgen.typehandlers:TypeMatcher.lookup('ns3::Callback< void, unsigned char *, long, ns3::empty, ns3::empty, ns3::empty, ns3::empty, ns3::empty, ns3::empty, ns3::empty >')
DEBUG:pybindgen.typehandlers:try to lookup type handler for 'ns3::Callback< void, unsigned char *, long, ns3::empty, ns3::empty, ns3::empty, ns3::empty, ns3::empty, ns3::empty, ns3::empty >' => failure
'ns3::Callback< void, unsigned char *, long, ns3::empty, ns3::empty, ns3::empty, ns3::empty, ns3::empty, ns3::empty, ns3::empty >' did not match
DEBUG:pybindgen.typehandlers:TypeMatcher.lookup('ns3::Callback< void, unsigned char *, long, ns3::empty, ns3::empty, ns3::empty, ns3::empty, ns3::empty, ns3::empty, ns3::empty >')
DEBUG:pybindgen.typehandlers:try to lookup type handler for 'ns3::Callback< void, unsigned char *, long, ns3::empty, ns3::empty, ns3::empty, ns3::empty, ns3::empty, ns3::empty, ns3::empty >' => success ((<class 'ns3modulegen_core_customizations.register_callback_classes.<locals>.PythonCallbackParameter'>, None, <pybindgen.typehandlers.ctypeparser.TypeTraits object at 0x7f5da839d588>))
DEBUG:pybindgen.typehandlers:TypeMatcher.lookup('void')
DEBUG:pybindgen.typehandlers:try to lookup type handler for 'void' => success ((<class 'pybindgen.typehandlers.voidtype.VoidReturn'>, None, <pybindgen.typehandlers.ctypeparser.TypeTraits object at 0x7f5da839d198>))
DEBUG:pybindgen.typehandlers:TypeMatcher.lookup('ns3::Ptr< ns3::Packet const >')
DEBUG:pybindgen.typehandlers:try to lookup type handler for 'ns3::Ptr< ns3::Packet const >' => failure
DEBUG:pybindgen.typehandlers:try to lookup type handler for 'ns3::Packet *' => success ((<class 'pybindgen.cppclass.MemoryPolicy.register_ptr_parameter_and_return.<locals>.ThisClassPtrParameter'>, <ns3modulegen_core_customizations.SmartPointerTransformation object at 0x7f5da907ba90>, <pybindgen.typehandlers.ctypeparser.TypeTraits object at 0x7f5da83a9d30>))
Flushing to  <pybindgen.typehandlers.codesink.MemoryCodeSink object at 0x7f5da8fc2e10>
DEBUG:pybindgen.typehandlers:TypeMatcher.lookup('void')
DEBUG:pybindgen.typehandlers:try to lookup type handler for 'void' => success ((<class 'pybindgen.typehandlers.voidtype.VoidReturn'>, None, <pybindgen.typehandlers.ctypeparser.TypeTraits object at 0x7f5da839d6a0>))
DEBUG:pybindgen.typehandlers:TypeMatcher.lookup('std::basic_string< char >')
DEBUG:pybindgen.typehandlers:try to lookup type handler for 'std::basic_string< char >' => failure
'std::basic_string< char >' did not match
/home/cs18/tarballs/ns-allinone-3.34/ns-3.34/bindings/python/ns3modulegen_core_customizations.py:257: Warning: ***** Unable to register callback; parameter 'std::basic_string<char> arg1' error (used in ns3::Callback< void, std::basic_string<char>, ns3::Ptr<const ns3::Packet>, ns3::empty, ns3::empty, ns3::empty, ns3::empty, ns3::empty, ns3::empty, ns3::empty >): TypeLookupError(['std::basic_string< char >'],)
  Warning)
DEBUG:pybindgen.typehandlers:TypeMatcher.lookup('ns3::Ptr< ns3::Packet const >')
DEBUG:pybindgen.typehandlers:try to lookup type handler for 'ns3::Ptr< ns3::Packet const >' => failure
DEBUG:pybindgen.typehandlers:try to lookup type handler for 'ns3::Packet *' => success ((<class 'pybindgen.cppclass.MemoryPolicy.register_ptr_parameter_and_return.<locals>.ThisClassPtrParameter'>, <ns3modulegen_core_customizations.SmartPointerTransformation object at 0x7f5da907ba90>, <pybindgen.typehandlers.ctypeparser.TypeTraits object at 0x7f5da83a98d0>))
DEBUG:pybindgen.typehandlers:TypeMatcher.lookup('ns3::Callback< void, std::basic_string<char>, ns3::Ptr<const ns3::Packet>, ns3::empty, ns3::empty, ns3::empty, ns3::empty, ns3::empty, ns3::empty, ns3::empty >')
DEBUG:pybindgen.typehandlers:try to lookup type handler for 'ns3::Callback< void, std::basic_string<char>, ns3::Ptr<const ns3::Packet>, ns3::empty, ns3::empty, ns3::empty, ns3::empty, ns3::empty, ns3::empty, ns3::empty >' => failure
'ns3::Callback< void, std::basic_string<char>, ns3::Ptr<const ns3::Packet>, ns3::empty, ns3::empty, ns3::empty, ns3::empty, ns3::empty, ns3::empty, ns3::empty >' did not match
DEBUG:pybindgen.typehandlers:TypeMatcher.lookup('ns3::Callback< void, std::basic_string<char>, ns3::Ptr<const ns3::Packet>, ns3::empty, ns3::empty, ns3::empty, ns3::empty, ns3::empty, ns3::empty, ns3::empty >')
DEBUG:pybindgen.typehandlers:try to lookup type handler for 'ns3::Callback< void, std::basic_string<char>, ns3::Ptr<const ns3::Packet>, ns3::empty, ns3::empty, ns3::empty, ns3::empty, ns3::empty, ns3::empty, ns3::empty >' => success ((<class 'ns3modulegen_core_customizations.register_callback_classes.<locals>.PythonCallbackParameter'>, None, <pybindgen.typehandlers.ctypeparser.TypeTraits object at 0x7f5da83a97f0>))
