<ns3modulegen_core_customizations.SmartPointerTransformation object at 0x7f1d735b7ac8>
>>>>>>>>>>>>>>>> [['ns3::ObjectBase *', 'ns3::empty', 'ns3::empty', 'ns3::empty', 'ns3::empty', 'ns3::empty', 'ns3::empty', 'ns3::empty', 'ns3::empty', 'ns3::empty'], ['void', 'ns3::Ptr<ns3::Packet>', 'ns3::empty', 'ns3::empty', 'ns3::empty', 'ns3::empty', 'ns3::empty', 'ns3::empty', 'ns3::empty', 'ns3::empty']]
DEBUG:pybindgen.typehandlers:TypeMatcher.lookup('std::string')
DEBUG:pybindgen.typehandlers:try to lookup type handler for 'std::string' => success ((<class 'pybindgen.typehandlers.stringtype.StdStringReturn'>, None, <pybindgen.typehandlers.ctypeparser.TypeTraits object at 0x7f1d74da06d8>))
DEBUG:pybindgen.typehandlers:TypeMatcher.lookup('ns3::LogComponent *')
DEBUG:pybindgen.typehandlers:try to lookup type handler for 'ns3::LogComponent *' => success ((<class 'pybindgen.cppclass.CppClass.__init__.<locals>.ThisClassPtrReturn'>, None, <pybindgen.typehandlers.ctypeparser.TypeTraits object at 0x7f1d73426198>))
***** registering callback handler: 'ns3::Callback< ns3::ObjectBase *, ns3::empty, ns3::empty, ns3::empty, ns3::empty, ns3::empty, ns3::empty, ns3::empty, ns3::empty, ns3::empty >' ('ns3::Callback< ns3::ObjectBase *, ns3::empty, ns3::empty, ns3::empty, ns3::empty, ns3::empty, ns3::empty, ns3::empty, ns3::empty, ns3::empty >')
***** registering callback handler: 'ns3::Callback< void, ns3::Ptr< ns3::Packet >, ns3::empty, ns3::empty, ns3::empty, ns3::empty, ns3::empty, ns3::empty, ns3::empty, ns3::empty >' ('ns3::Callback< void, ns3::Ptr<ns3::Packet>, ns3::empty, ns3::empty, ns3::empty, ns3::empty, ns3::empty, ns3::empty, ns3::empty, ns3::empty >')
DEBUG:pybindgen.typehandlers:TypeMatcher.lookup('uint8_t')
DEBUG:pybindgen.typehandlers:try to lookup type handler for 'uint8_t' => success ((<class 'pybindgen.typehandlers.inttype.UInt8Param'>, None, <pybindgen.typehandlers.ctypeparser.TypeTraits object at 0x7f1d73444a90>))
DEBUG:pybindgen.typehandlers:TypeMatcher.lookup('uint8_t const *')
DEBUG:pybindgen.typehandlers:try to lookup type handler for 'uint8_t const *' => success ((<class 'pybindgen.typehandlers.inttype.UInt8PtrParam'>, None, <pybindgen.typehandlers.ctypeparser.TypeTraits object at 0x7f1d73444b70>))
/home/cs18/tarballs/ns-allinone-3.34/ns-3.34/src/mpi/bindings/modulegen__gcc_LP64.py:449: Warning: exception TypeConfigurationError('direction not given',) in wrapper <pybindgen.cppmethod.CppConstructor object at 0x7f1d73444a20>
  cls.add_constructor([param('uint8_t', 'type'), param('uint8_t const *', 'buffer'), param('uint8_t', 'len')])
DEBUG:pybindgen.typehandlers:TypeMatcher.lookup('ns3::Address const &')
DEBUG:pybindgen.typehandlers:try to lookup type handler for 'ns3::Address const &' => success ((<class 'pybindgen.cppclass.CppClass.__init__.<locals>.ThisClassRefParameter'>, None, <pybindgen.typehandlers.ctypeparser.TypeTraits object at 0x7f1d73444b00>))
DEBUG:pybindgen.typehandlers:TypeMatcher.lookup('bool')
DEBUG:pybindgen.typehandlers:try to lookup type handler for 'bool' => success ((<class 'pybindgen.typehandlers.booltype.BoolReturn'>, None, <pybindgen.typehandlers.ctypeparser.TypeTraits object at 0x7f1d733bc0b8>))
DEBUG:pybindgen.typehandlers:TypeMatcher.lookup('uint8_t')
DEBUG:pybindgen.typehandlers:try to lookup type handler for 'uint8_t' => success ((<class 'pybindgen.typehandlers.inttype.UInt8Param'>, None, <pybindgen.typehandlers.ctypeparser.TypeTraits object at 0x7f1d733bc208>))
DEBUG:pybindgen.typehandlers:TypeMatcher.lookup('uint8_t')
DEBUG:pybindgen.typehandlers:try to lookup type handler for 'uint8_t' => success ((<class 'pybindgen.typehandlers.inttype.UInt8Param'>, None, <pybindgen.typehandlers.ctypeparser.TypeTraits object at 0x7f1d733bc2e8>))
DEBUG:pybindgen.typehandlers:TypeMatcher.lookup('uint32_t')
DEBUG:pybindgen.typehandlers:try to lookup type handler for 'uint32_t' => success ((<class 'pybindgen.typehandlers.inttype.UnsignedIntReturn'>, None, <pybindgen.typehandlers.ctypeparser.TypeTraits object at 0x7f1d733bc6a0>))
DEBUG:pybindgen.typehandlers:TypeMatcher.lookup('uint8_t const *')
DEBUG:pybindgen.typehandlers:try to lookup type handler for 'uint8_t const *' => success ((<class 'pybindgen.typehandlers.inttype.UInt8PtrParam'>, None, <pybindgen.typehandlers.ctypeparser.TypeTraits object at 0x7f1d733bc7b8>))
/home/cs18/tarballs/ns-allinone-3.34/ns-3.34/src/mpi/bindings/modulegen__gcc_LP64.py:460: Warning: exception TypeConfigurationError('direction not given',) in wrapper public: retval? ???::CopyAllFrom (params?);
  [param('uint8_t const *', 'buffer'), param('uint8_t', 'len')])
DEBUG:pybindgen.typehandlers:TypeMatcher.lookup('uint32_t')
DEBUG:pybindgen.typehandlers:try to lookup type handler for 'uint32_t' => success ((<class 'pybindgen.typehandlers.inttype.UnsignedIntReturn'>, None, <pybindgen.typehandlers.ctypeparser.TypeTraits object at 0x7f1d733bc908>))
DEBUG:pybindgen.typehandlers:TypeMatcher.lookup('uint8_t *')
DEBUG:pybindgen.typehandlers:try to lookup type handler for 'uint8_t *' => success ((<class 'pybindgen.typehandlers.inttype.UInt8PtrParam'>, None, <pybindgen.typehandlers.ctypeparser.TypeTraits object at 0x7f1d733bcac8>))
/home/cs18/tarballs/ns-allinone-3.34/ns-3.34/src/mpi/bindings/modulegen__gcc_LP64.py:465: Warning: exception TypeConfigurationError('direction not given',) in wrapper public: retval? ???::CopyAllTo (params?) const;
  is_const=True)
DEBUG:pybindgen.typehandlers:TypeMatcher.lookup('uint32_t')
DEBUG:pybindgen.typehandlers:try to lookup type handler for 'uint32_t' => success ((<class 'pybindgen.typehandlers.inttype.UnsignedIntReturn'>, None, <pybindgen.typehandlers.ctypeparser.TypeTraits object at 0x7f1d733bcba8>))
DEBUG:pybindgen.typehandlers:TypeMatcher.lookup('uint8_t const *')
DEBUG:pybindgen.typehandlers:try to lookup type handler for 'uint8_t const *' => success ((<class 'pybindgen.typehandlers.inttype.UInt8PtrParam'>, None, <pybindgen.typehandlers.ctypeparser.TypeTraits object at 0x7f1d733bcd68>))
/home/cs18/tarballs/ns-allinone-3.34/ns-3.34/src/mpi/bindings/modulegen__gcc_LP64.py:469: Warning: exception TypeConfigurationError('direction not given',) in wrapper public: retval? ???::CopyFrom (params?);
  [param('uint8_t const *', 'buffer'), param('uint8_t', 'len')])
DEBUG:pybindgen.typehandlers:TypeMatcher.lookup('uint32_t')
DEBUG:pybindgen.typehandlers:try to lookup type handler for 'uint32_t' => success ((<class 'pybindgen.typehandlers.inttype.UnsignedIntReturn'>, None, <pybindgen.typehandlers.ctypeparser.TypeTraits object at 0x7f1d733bceb8>))
DEBUG:pybindgen.typehandlers:TypeMatcher.lookup('uint8_t *')
DEBUG:pybindgen.typehandlers:try to lookup type handler for 'uint8_t *' => success ((<class 'pybindgen.typehandlers.inttype.UInt8PtrParam'>, None, <pybindgen.typehandlers.ctypeparser.TypeTraits object at 0x7f1d733c10b8>))
/home/cs18/tarballs/ns-allinone-3.34/ns-3.34/src/mpi/bindings/modulegen__gcc_LP64.py:474: Warning: exception TypeConfigurationError('direction not given',) in wrapper public: retval? ???::CopyTo (params?) const;
  is_const=True)
DEBUG:pybindgen.typehandlers:TypeMatcher.lookup('void')
DEBUG:pybindgen.typehandlers:try to lookup type handler for 'void' => success ((<class 'pybindgen.typehandlers.voidtype.VoidReturn'>, None, <pybindgen.typehandlers.ctypeparser.TypeTraits object at 0x7f1d733c1198>))
DEBUG:pybindgen.typehandlers:TypeMatcher.lookup('ns3::TagBuffer')
DEBUG:pybindgen.typehandlers:try to lookup type handler for 'ns3::TagBuffer' => success ((<class 'pybindgen.cppclass.CppClass.__init__.<locals>.ThisClassParameter'>, None, <pybindgen.typehandlers.ctypeparser.TypeTraits object at 0x7f1d733c1390>))
DEBUG:pybindgen.typehandlers:TypeMatcher.lookup('uint8_t')
DEBUG:pybindgen.typehandlers:try to lookup type handler for 'uint8_t' => success ((<class 'pybindgen.typehandlers.inttype.UInt8Return'>, None, <pybindgen.typehandlers.ctypeparser.TypeTraits object at 0x7f1d733c16d8>))
DEBUG:pybindgen.typehandlers:TypeMatcher.lookup('uint32_t')
DEBUG:pybindgen.typehandlers:try to lookup type handler for 'uint32_t' => success ((<class 'pybindgen.typehandlers.inttype.UnsignedIntReturn'>, None, <pybindgen.typehandlers.ctypeparser.TypeTraits object at 0x7f1d733c1a90>))
DEBUG:pybindgen.typehandlers:TypeMatcher.lookup('bool')
DEBUG:pybindgen.typehandlers:try to lookup type handler for 'bool' => success ((<class 'pybindgen.typehandlers.booltype.BoolReturn'>, None, <pybindgen.typehandlers.ctypeparser.TypeTraits object at 0x7f1d733bce48>))
DEBUG:pybindgen.typehandlers:TypeMatcher.lookup('bool')
DEBUG:pybindgen.typehandlers:try to lookup type handler for 'bool' => success ((<class 'pybindgen.typehandlers.booltype.BoolReturn'>, None, <pybindgen.typehandlers.ctypeparser.TypeTraits object at 0x7f1d733bc9e8>))
DEBUG:pybindgen.typehandlers:TypeMatcher.lookup('uint8_t')
DEBUG:pybindgen.typehandlers:try to lookup type handler for 'uint8_t' => success ((<class 'pybindgen.typehandlers.inttype.UInt8Param'>, None, <pybindgen.typehandlers.ctypeparser.TypeTraits object at 0x7f1d733bc828>))
DEBUG:pybindgen.typehandlers:TypeMatcher.lookup('uint8_t')
DEBUG:pybindgen.typehandlers:try to lookup type handler for 'uint8_t' => success ((<class 'pybindgen.typehandlers.inttype.UInt8Return'>, None, <pybindgen.typehandlers.ctypeparser.TypeTraits object at 0x7f1d73444cc0>))
DEBUG:pybindgen.typehandlers:TypeMatcher.lookup('void')
DEBUG:pybindgen.typehandlers:try to lookup type handler for 'void' => success ((<class 'pybindgen.typehandlers.voidtype.VoidReturn'>, None, <pybindgen.typehandlers.ctypeparser.TypeTraits object at 0x7f1d733c1dd8>))
DEBUG:pybindgen.typehandlers:TypeMatcher.lookup('ns3::TagBuffer')
DEBUG:pybindgen.typehandlers:try to lookup type handler for 'ns3::TagBuffer' => success ((<class 'pybindgen.cppclass.CppClass.__init__.<locals>.ThisClassParameter'>, None, <pybindgen.typehandlers.ctypeparser.TypeTraits object at 0x7f1d733c1f28>))
DEBUG:pybindgen.typehandlers:TypeMatcher.lookup('ns3::AttributeConstructionList const &')
DEBUG:pybindgen.typehandlers:try to lookup type handler for 'ns3::AttributeConstructionList const &' => success ((<class 'pybindgen.cppclass.CppClass.__init__.<locals>.ThisClassRefParameter'>, None, <pybindgen.typehandlers.ctypeparser.TypeTraits object at 0x7f1d733cc2e8>))
DEBUG:pybindgen.typehandlers:TypeMatcher.lookup('void')
DEBUG:pybindgen.typehandlers:try to lookup type handler for 'void' => success ((<class 'pybindgen.typehandlers.voidtype.VoidReturn'>, None, <pybindgen.typehandlers.ctypeparser.TypeTraits object at 0x7f1d733cc908>))
DEBUG:pybindgen.typehandlers:TypeMatcher.lookup('std::string')
DEBUG:pybindgen.typehandlers:try to lookup type handler for 'std::string' => success ((<class 'pybindgen.typehandlers.stringtype.StdStringParam'>, None, <pybindgen.typehandlers.ctypeparser.TypeTraits object at 0x7f1d733cca58>))
DEBUG:pybindgen.typehandlers:TypeMatcher.lookup('ns3::Ptr< ns3::AttributeChecker const >')
DEBUG:pybindgen.typehandlers:try to lookup type handler for 'ns3::Ptr< ns3::AttributeChecker const >' => failure
DEBUG:pybindgen.typehandlers:try to lookup type handler for 'ns3::AttributeChecker *' => success ((<class 'pybindgen.cppclass.MemoryPolicy.register_ptr_parameter_and_return.<locals>.ThisClassPtrParameter'>, <ns3modulegen_core_customizations.SmartPointerTransformation object at 0x7f1d735b7ac8>, <pybindgen.typehandlers.ctypeparser.TypeTraits object at 0x7f1d733ccda0>))
DEBUG:pybindgen.typehandlers:TypeMatcher.lookup('ns3::Ptr< ns3::AttributeValue >')
DEBUG:pybindgen.typehandlers:try to lookup type handler for 'ns3::Ptr< ns3::AttributeValue >' => failure
DEBUG:pybindgen.typehandlers:try to lookup type handler for 'ns3::AttributeValue *' => success ((<class 'pybindgen.cppclass.MemoryPolicy.register_ptr_parameter_and_return.<locals>.ThisClassPtrParameter'>, <ns3modulegen_core_customizations.SmartPointerTransformation object at 0x7f1d735b7ac8>, <pybindgen.typehandlers.ctypeparser.TypeTraits object at 0x7f1d733ccfd0>))
DEBUG:pybindgen.typehandlers:TypeMatcher.lookup('ns3::AttributeConstructionList::CIterator')
DEBUG:pybindgen.typehandlers:try to lookup type handler for 'ns3::AttributeConstructionList::CIterator' => failure
'ns3::AttributeConstructionList::CIterator' did not match
/home/cs18/tarballs/ns-allinone-3.34/ns-3.34/src/mpi/bindings/modulegen__gcc_LP64.py:524: Warning: exception TypeLookupError(['ns3::AttributeConstructionList::CIterator'],) in wrapper public: retval? ???::Begin (params?) const;
  is_const=True)
DEBUG:pybindgen.typehandlers:TypeMatcher.lookup('ns3::AttributeConstructionList::CIterator')
DEBUG:pybindgen.typehandlers:try to lookup type handler for 'ns3::AttributeConstructionList::CIterator' => failure
'ns3::AttributeConstructionList::CIterator' did not match
/home/cs18/tarballs/ns-allinone-3.34/ns-3.34/src/mpi/bindings/modulegen__gcc_LP64.py:529: Warning: exception TypeLookupError(['ns3::AttributeConstructionList::CIterator'],) in wrapper public: retval? ???::End (params?) const;
  is_const=True)
DEBUG:pybindgen.typehandlers:TypeMatcher.lookup('ns3::Ptr< ns3::AttributeValue >')
DEBUG:pybindgen.typehandlers:try to lookup type handler for 'ns3::Ptr< ns3::AttributeValue >' => failure
DEBUG:pybindgen.typehandlers:try to lookup type handler for 'ns3::AttributeValue *' => success ((<class 'pybindgen.cppclass.MemoryPolicy.register_ptr_parameter_and_return.<locals>.ThisClassPtrReturn'>, <ns3modulegen_core_customizations.SmartPointerTransformation object at 0x7f1d735b7ac8>, <pybindgen.typehandlers.ctypeparser.TypeTraits object at 0x7f1d733d26d8>))
DEBUG:pybindgen.typehandlers:TypeMatcher.lookup('ns3::Ptr< ns3::AttributeChecker const >')
DEBUG:pybindgen.typehandlers:try to lookup type handler for 'ns3::Ptr< ns3::AttributeChecker const >' => failure
DEBUG:pybindgen.typehandlers:try to lookup type handler for 'ns3::AttributeChecker *' => success ((<class 'pybindgen.cppclass.MemoryPolicy.register_ptr_parameter_and_return.<locals>.ThisClassPtrParameter'>, <ns3modulegen_core_customizations.SmartPointerTransformation object at 0x7f1d735b7ac8>, <pybindgen.typehandlers.ctypeparser.TypeTraits object at 0x7f1d733d2940>))
DEBUG:pybindgen.typehandlers:TypeMatcher.lookup('ns3::AttributeConstructionList::Item const &')
DEBUG:pybindgen.typehandlers:try to lookup type handler for 'ns3::AttributeConstructionList::Item const &' => success ((<class 'pybindgen.cppclass.CppClass.__init__.<locals>.ThisClassRefParameter'>, None, <pybindgen.typehandlers.ctypeparser.TypeTraits object at 0x7f1d733d2e48>))
DEBUG:pybindgen.typehandlers:TypeMatcher.lookup('ns3::Ptr< ns3::AttributeChecker const >')
DEBUG:pybindgen.typehandlers:try to lookup type handler for 'ns3::Ptr< ns3::AttributeChecker const >' => failure
DEBUG:pybindgen.typehandlers:try to lookup type handler for 'ns3::AttributeChecker *' => success ((<class 'pybindgen.cppclass.MemoryPolicy.register_ptr_parameter_and_return.<locals>.ThisClassPtrReturn'>, <ns3modulegen_core_customizations.SmartPointerTransformation object at 0x7f1d735b7ac8>, <pybindgen.typehandlers.ctypeparser.TypeTraits object at 0x7f1d73358320>))
DEBUG:pybindgen.typehandlers:TypeMatcher.lookup('std::string')
DEBUG:pybindgen.typehandlers:try to lookup type handler for 'std::string' => success ((<class 'pybindgen.typehandlers.stringtype.StdStringReturn'>, None, <pybindgen.typehandlers.ctypeparser.TypeTraits object at 0x7f1d73358780>))
DEBUG:pybindgen.typehandlers:TypeMatcher.lookup('ns3::Ptr< ns3::AttributeValue >')
DEBUG:pybindgen.typehandlers:try to lookup type handler for 'ns3::Ptr< ns3::AttributeValue >' => failure
DEBUG:pybindgen.typehandlers:try to lookup type handler for 'ns3::AttributeValue *' => success ((<class 'pybindgen.cppclass.MemoryPolicy.register_ptr_parameter_and_return.<locals>.ThisClassPtrReturn'>, <ns3modulegen_core_customizations.SmartPointerTransformation object at 0x7f1d735b7ac8>, <pybindgen.typehandlers.ctypeparser.TypeTraits object at 0x7f1d73358ef0>))
DEBUG:pybindgen.typehandlers:TypeMatcher.lookup('ns3::Buffer const &')
DEBUG:pybindgen.typehandlers:try to lookup type handler for 'ns3::Buffer const &' => success ((<class 'pybindgen.cppclass.CppClass.__init__.<locals>.ThisClassRefParameter'>, None, <pybindgen.typehandlers.ctypeparser.TypeTraits object at 0x7f1d7335f3c8>))
DEBUG:pybindgen.typehandlers:TypeMatcher.lookup('uint32_t')
DEBUG:pybindgen.typehandlers:try to lookup type handler for 'uint32_t' => success ((<class 'pybindgen.typehandlers.inttype.UnsignedIntParam'>, None, <pybindgen.typehandlers.ctypeparser.TypeTraits object at 0x7f1d7335fa20>))
DEBUG:pybindgen.typehandlers:TypeMatcher.lookup('uint32_t')
DEBUG:pybindgen.typehandlers:try to lookup type handler for 'uint32_t' => success ((<class 'pybindgen.typehandlers.inttype.UnsignedIntParam'>, None, <pybindgen.typehandlers.ctypeparser.TypeTraits object at 0x7f1d7335fd68>))
DEBUG:pybindgen.typehandlers:TypeMatcher.lookup('bool')
DEBUG:pybindgen.typehandlers:try to lookup type handler for 'bool' => success ((<class 'pybindgen.typehandlers.booltype.BoolParam'>, None, <pybindgen.typehandlers.ctypeparser.TypeTraits object at 0x7f1d7335fe10>))
DEBUG:pybindgen.typehandlers:TypeMatcher.lookup('void')
DEBUG:pybindgen.typehandlers:try to lookup type handler for 'void' => success ((<class 'pybindgen.typehandlers.voidtype.VoidReturn'>, None, <pybindgen.typehandlers.ctypeparser.TypeTraits object at 0x7f1d733671d0>))
DEBUG:pybindgen.typehandlers:TypeMatcher.lookup('uint32_t')
DEBUG:pybindgen.typehandlers:try to lookup type handler for 'uint32_t' => success ((<class 'pybindgen.typehandlers.inttype.UnsignedIntParam'>, None, <pybindgen.typehandlers.ctypeparser.TypeTraits object at 0x7f1d73367320>))
DEBUG:pybindgen.typehandlers:TypeMatcher.lookup('void')
DEBUG:pybindgen.typehandlers:try to lookup type handler for 'void' => success ((<class 'pybindgen.typehandlers.voidtype.VoidReturn'>, None, <pybindgen.typehandlers.ctypeparser.TypeTraits object at 0x7f1d73367668>))
DEBUG:pybindgen.typehandlers:TypeMatcher.lookup('ns3::Buffer const &')
DEBUG:pybindgen.typehandlers:try to lookup type handler for 'ns3::Buffer const &' => success ((<class 'pybindgen.cppclass.CppClass.__init__.<locals>.ThisClassRefParameter'>, None, <pybindgen.typehandlers.ctypeparser.TypeTraits object at 0x7f1d733677b8>))
DEBUG:pybindgen.typehandlers:TypeMatcher.lookup('void')
DEBUG:pybindgen.typehandlers:try to lookup type handler for 'void' => success ((<class 'pybindgen.typehandlers.voidtype.VoidReturn'>, None, <pybindgen.typehandlers.ctypeparser.TypeTraits object at 0x7f1d73367b70>))
DEBUG:pybindgen.typehandlers:TypeMatcher.lookup('uint32_t')
DEBUG:pybindgen.typehandlers:try to lookup type handler for 'uint32_t' => success ((<class 'pybindgen.typehandlers.inttype.UnsignedIntParam'>, None, <pybindgen.typehandlers.ctypeparser.TypeTraits object at 0x7f1d73367cc0>))
DEBUG:pybindgen.typehandlers:TypeMatcher.lookup('ns3::Buffer::Iterator')
DEBUG:pybindgen.typehandlers:try to lookup type handler for 'ns3::Buffer::Iterator' => success ((<class 'pybindgen.cppclass.CppClass.__init__.<locals>.ThisClassReturn'>, None, <pybindgen.typehandlers.ctypeparser.TypeTraits object at 0x7f1d7336f048>))
DEBUG:pybindgen.typehandlers:TypeMatcher.lookup('void')
DEBUG:pybindgen.typehandlers:try to lookup type handler for 'void' => success ((<class 'pybindgen.typehandlers.voidtype.VoidReturn'>, None, <pybindgen.typehandlers.ctypeparser.TypeTraits object at 0x7f1d7336f3c8>))
DEBUG:pybindgen.typehandlers:TypeMatcher.lookup('std::ostream *')
DEBUG:pybindgen.typehandlers:try to lookup type handler for 'std::ostream *' => failure
'std::ostream *' did not match
/home/cs18/tarballs/ns-allinone-3.34/ns-3.34/src/mpi/bindings/modulegen__gcc_LP64.py:580: Warning: exception TypeLookupError(['std::ostream *'],) in wrapper public: retval? ???::CopyData (params?) const;
  is_const=True)
DEBUG:pybindgen.typehandlers:TypeMatcher.lookup('uint32_t')
DEBUG:pybindgen.typehandlers:try to lookup type handler for 'uint32_t' => success ((<class 'pybindgen.typehandlers.inttype.UnsignedIntReturn'>, None, <pybindgen.typehandlers.ctypeparser.TypeTraits object at 0x7f1d7336f630>))
DEBUG:pybindgen.typehandlers:TypeMatcher.lookup('uint8_t *')
DEBUG:pybindgen.typehandlers:try to lookup type handler for 'uint8_t *' => success ((<class 'pybindgen.typehandlers.inttype.UInt8PtrParam'>, None, <pybindgen.typehandlers.ctypeparser.TypeTraits object at 0x7f1d7336f710>))
/home/cs18/tarballs/ns-allinone-3.34/ns-3.34/src/mpi/bindings/modulegen__gcc_LP64.py:585: Warning: exception TypeConfigurationError('direction not given',) in wrapper public: retval? ???::CopyData (params?) const;
  is_const=True)
DEBUG:pybindgen.typehandlers:TypeMatcher.lookup('ns3::Buffer')
DEBUG:pybindgen.typehandlers:try to lookup type handler for 'ns3::Buffer' => success ((<class 'pybindgen.cppclass.CppClass.__init__.<locals>.ThisClassReturn'>, None, <pybindgen.typehandlers.ctypeparser.TypeTraits object at 0x7f1d7336f7f0>))
DEBUG:pybindgen.typehandlers:TypeMatcher.lookup('uint32_t')
DEBUG:pybindgen.typehandlers:try to lookup type handler for 'uint32_t' => success ((<class 'pybindgen.typehandlers.inttype.UnsignedIntParam'>, None, <pybindgen.typehandlers.ctypeparser.TypeTraits object at 0x7f1d7336f978>))
DEBUG:pybindgen.typehandlers:TypeMatcher.lookup('uint32_t')
DEBUG:pybindgen.typehandlers:try to lookup type handler for 'uint32_t' => success ((<class 'pybindgen.typehandlers.inttype.UnsignedIntParam'>, None, <pybindgen.typehandlers.ctypeparser.TypeTraits object at 0x7f1d7336fa20>))
DEBUG:pybindgen.typehandlers:TypeMatcher.lookup('uint32_t')
DEBUG:pybindgen.typehandlers:try to lookup type handler for 'uint32_t' => success ((<class 'pybindgen.typehandlers.inttype.UnsignedIntReturn'>, None, <pybindgen.typehandlers.ctypeparser.TypeTraits object at 0x7f1d7336fda0>))
DEBUG:pybindgen.typehandlers:TypeMatcher.lookup('uint8_t const *')
DEBUG:pybindgen.typehandlers:try to lookup type handler for 'uint8_t const *' => success ((<class 'pybindgen.typehandlers.inttype.UInt8PtrParam'>, None, <pybindgen.typehandlers.ctypeparser.TypeTraits object at 0x7f1d7336feb8>))
/home/cs18/tarballs/ns-allinone-3.34/ns-3.34/src/mpi/bindings/modulegen__gcc_LP64.py:594: Warning: exception TypeConfigurationError('direction not given',) in wrapper public: retval? ???::Deserialize (params?);
  [param('uint8_t const *', 'buffer'), param('uint32_t', 'size')])
DEBUG:pybindgen.typehandlers:TypeMatcher.lookup('ns3::Buffer::Iterator')
DEBUG:pybindgen.typehandlers:try to lookup type handler for 'ns3::Buffer::Iterator' => success ((<class 'pybindgen.cppclass.CppClass.__init__.<locals>.ThisClassReturn'>, None, <pybindgen.typehandlers.ctypeparser.TypeTraits object at 0x7f1d73375048>))
DEBUG:pybindgen.typehandlers:TypeMatcher.lookup('uint32_t')
DEBUG:pybindgen.typehandlers:try to lookup type handler for 'uint32_t' => success ((<class 'pybindgen.typehandlers.inttype.UnsignedIntReturn'>, None, <pybindgen.typehandlers.ctypeparser.TypeTraits object at 0x7f1d73375438>))
DEBUG:pybindgen.typehandlers:TypeMatcher.lookup('uint32_t')
DEBUG:pybindgen.typehandlers:try to lookup type handler for 'uint32_t' => success ((<class 'pybindgen.typehandlers.inttype.UnsignedIntReturn'>, None, <pybindgen.typehandlers.ctypeparser.TypeTraits object at 0x7f1d733757b8>))
DEBUG:pybindgen.typehandlers:TypeMatcher.lookup('uint8_t const *')
DEBUG:pybindgen.typehandlers:try to lookup type handler for 'uint8_t const *' => failure
'uint8_t const *' did not match
/home/cs18/tarballs/ns-allinone-3.34/ns-3.34/src/mpi/bindings/modulegen__gcc_LP64.py:614: Warning: exception TypeLookupError(['uint8_t *'],) in wrapper public: retval? ???::PeekData (params?) const;
  is_const=True)
DEBUG:pybindgen.typehandlers:TypeMatcher.lookup('void')
DEBUG:pybindgen.typehandlers:try to lookup type handler for 'void' => success ((<class 'pybindgen.typehandlers.voidtype.VoidReturn'>, None, <pybindgen.typehandlers.ctypeparser.TypeTraits object at 0x7f1d7336fef0>))
DEBUG:pybindgen.typehandlers:TypeMatcher.lookup('uint32_t')
DEBUG:pybindgen.typehandlers:try to lookup type handler for 'uint32_t' => success ((<class 'pybindgen.typehandlers.inttype.UnsignedIntParam'>, None, <pybindgen.typehandlers.ctypeparser.TypeTraits object at 0x7f1d7336fe48>))
DEBUG:pybindgen.typehandlers:TypeMatcher.lookup('void')
DEBUG:pybindgen.typehandlers:try to lookup type handler for 'void' => success ((<class 'pybindgen.typehandlers.voidtype.VoidReturn'>, None, <pybindgen.typehandlers.ctypeparser.TypeTraits object at 0x7f1d7336f668>))
DEBUG:pybindgen.typehandlers:TypeMatcher.lookup('uint32_t')
DEBUG:pybindgen.typehandlers:try to lookup type handler for 'uint32_t' => success ((<class 'pybindgen.typehandlers.inttype.UnsignedIntParam'>, None, <pybindgen.typehandlers.ctypeparser.TypeTraits object at 0x7f1d7336f438>))
DEBUG:pybindgen.typehandlers:TypeMatcher.lookup('uint32_t')
DEBUG:pybindgen.typehandlers:try to lookup type handler for 'uint32_t' => success ((<class 'pybindgen.typehandlers.inttype.UnsignedIntReturn'>, None, <pybindgen.typehandlers.ctypeparser.TypeTraits object at 0x7f1d73375e80>))
DEBUG:pybindgen.typehandlers:TypeMatcher.lookup('uint8_t *')
DEBUG:pybindgen.typehandlers:try to lookup type handler for 'uint8_t *' => success ((<class 'pybindgen.typehandlers.inttype.UInt8PtrParam'>, None, <pybindgen.typehandlers.ctypeparser.TypeTraits object at 0x7f1d73375f98>))
/home/cs18/tarballs/ns-allinone-3.34/ns-3.34/src/mpi/bindings/modulegen__gcc_LP64.py:627: Warning: exception TypeConfigurationError('direction not given',) in wrapper public: retval? ???::Serialize (params?) const;
  is_const=True)
DEBUG:pybindgen.typehandlers:TypeMatcher.lookup('ns3::Buffer::Iterator const &')
DEBUG:pybindgen.typehandlers:try to lookup type handler for 'ns3::Buffer::Iterator const &' => success ((<class 'pybindgen.cppclass.CppClass.__init__.<locals>.ThisClassRefParameter'>, None, <pybindgen.typehandlers.ctypeparser.TypeTraits object at 0x7f1d7337f160>))
DEBUG:pybindgen.typehandlers:TypeMatcher.lookup('uint16_t')
DEBUG:pybindgen.typehandlers:try to lookup type handler for 'uint16_t' => success ((<class 'pybindgen.typehandlers.inttype.UInt16Return'>, None, <pybindgen.typehandlers.ctypeparser.TypeTraits object at 0x7f1d7337f780>))
DEBUG:pybindgen.typehandlers:TypeMatcher.lookup('uint16_t')
DEBUG:pybindgen.typehandlers:try to lookup type handler for 'uint16_t' => success ((<class 'pybindgen.typehandlers.inttype.UInt16Param'>, None, <pybindgen.typehandlers.ctypeparser.TypeTraits object at 0x7f1d7337f898>))
DEBUG:pybindgen.typehandlers:TypeMatcher.lookup('uint16_t')
DEBUG:pybindgen.typehandlers:try to lookup type handler for 'uint16_t' => success ((<class 'pybindgen.typehandlers.inttype.UInt16Return'>, None, <pybindgen.typehandlers.ctypeparser.TypeTraits object at 0x7f1d7337fbe0>))
DEBUG:pybindgen.typehandlers:TypeMatcher.lookup('uint16_t')
DEBUG:pybindgen.typehandlers:try to lookup type handler for 'uint16_t' => success ((<class 'pybindgen.typehandlers.inttype.UInt16Param'>, None, <pybindgen.typehandlers.ctypeparser.TypeTraits object at 0x7f1d7337fcf8>))
DEBUG:pybindgen.typehandlers:TypeMatcher.lookup('uint32_t')
DEBUG:pybindgen.typehandlers:try to lookup type handler for 'uint32_t' => success ((<class 'pybindgen.typehandlers.inttype.UnsignedIntParam'>, None, <pybindgen.typehandlers.ctypeparser.TypeTraits object at 0x7f1d7337fda0>))
DEBUG:pybindgen.typehandlers:TypeMatcher.lookup('uint32_t')
DEBUG:pybindgen.typehandlers:try to lookup type handler for 'uint32_t' => success ((<class 'pybindgen.typehandlers.inttype.UnsignedIntReturn'>, None, <pybindgen.typehandlers.ctypeparser.TypeTraits object at 0x7f1d73386128>))
DEBUG:pybindgen.typehandlers:TypeMatcher.lookup('ns3::Buffer::Iterator const &')
DEBUG:pybindgen.typehandlers:try to lookup type handler for 'ns3::Buffer::Iterator const &' => success ((<class 'pybindgen.cppclass.CppClass.__init__.<locals>.ThisClassRefParameter'>, None, <pybindgen.typehandlers.ctypeparser.TypeTraits object at 0x7f1d73386240>))
DEBUG:pybindgen.typehandlers:TypeMatcher.lookup('uint32_t')
DEBUG:pybindgen.typehandlers:try to lookup type handler for 'uint32_t' => success ((<class 'pybindgen.typehandlers.inttype.UnsignedIntReturn'>, None, <pybindgen.typehandlers.ctypeparser.TypeTraits object at 0x7f1d73386630>))
DEBUG:pybindgen.typehandlers:TypeMatcher.lookup('uint32_t')
DEBUG:pybindgen.typehandlers:try to lookup type handler for 'uint32_t' => success ((<class 'pybindgen.typehandlers.inttype.UnsignedIntReturn'>, None, <pybindgen.typehandlers.ctypeparser.TypeTraits object at 0x7f1d733869b0>))
DEBUG:pybindgen.typehandlers:TypeMatcher.lookup('bool')
DEBUG:pybindgen.typehandlers:try to lookup type handler for 'bool' => success ((<class 'pybindgen.typehandlers.booltype.BoolReturn'>, None, <pybindgen.typehandlers.ctypeparser.TypeTraits object at 0x7f1d73386d30>))
DEBUG:pybindgen.typehandlers:TypeMatcher.lookup('bool')
DEBUG:pybindgen.typehandlers:try to lookup type handler for 'bool' => success ((<class 'pybindgen.typehandlers.booltype.BoolReturn'>, None, <pybindgen.typehandlers.ctypeparser.TypeTraits object at 0x7f1d73375f28>))
DEBUG:pybindgen.typehandlers:TypeMatcher.lookup('void')
DEBUG:pybindgen.typehandlers:try to lookup type handler for 'void' => success ((<class 'pybindgen.typehandlers.voidtype.VoidReturn'>, None, <pybindgen.typehandlers.ctypeparser.TypeTraits object at 0x7f1d7338e278>))
DEBUG:pybindgen.typehandlers:TypeMatcher.lookup('void')
DEBUG:pybindgen.typehandlers:try to lookup type handler for 'void' => success ((<class 'pybindgen.typehandlers.voidtype.VoidReturn'>, None, <pybindgen.typehandlers.ctypeparser.TypeTraits object at 0x7f1d7338e668>))
DEBUG:pybindgen.typehandlers:TypeMatcher.lookup('uint32_t')
DEBUG:pybindgen.typehandlers:try to lookup type handler for 'uint32_t' => success ((<class 'pybindgen.typehandlers.inttype.UnsignedIntParam'>, None, <pybindgen.typehandlers.ctypeparser.TypeTraits object at 0x7f1d7338e7b8>))
DEBUG:pybindgen.typehandlers:TypeMatcher.lookup('uint8_t')
DEBUG:pybindgen.typehandlers:try to lookup type handler for 'uint8_t' => success ((<class 'pybindgen.typehandlers.inttype.UInt8Return'>, None, <pybindgen.typehandlers.ctypeparser.TypeTraits object at 0x7f1d7338eac8>))
DEBUG:pybindgen.typehandlers:TypeMatcher.lookup('void')
DEBUG:pybindgen.typehandlers:try to lookup type handler for 'void' => success ((<class 'pybindgen.typehandlers.voidtype.VoidReturn'>, None, <pybindgen.typehandlers.ctypeparser.TypeTraits object at 0x7f1d7338eeb8>))
DEBUG:pybindgen.typehandlers:TypeMatcher.lookup('void')
DEBUG:pybindgen.typehandlers:try to lookup type handler for 'void' => success ((<class 'pybindgen.typehandlers.voidtype.VoidReturn'>, None, <pybindgen.typehandlers.ctypeparser.TypeTraits object at 0x7f1d733162e8>))
DEBUG:pybindgen.typehandlers:TypeMatcher.lookup('uint32_t')
DEBUG:pybindgen.typehandlers:try to lookup type handler for 'uint32_t' => success ((<class 'pybindgen.typehandlers.inttype.UnsignedIntParam'>, None, <pybindgen.typehandlers.ctypeparser.TypeTraits object at 0x7f1d73316438>))
DEBUG:pybindgen.typehandlers:TypeMatcher.lookup('void')
DEBUG:pybindgen.typehandlers:try to lookup type handler for 'void' => success ((<class 'pybindgen.typehandlers.voidtype.VoidReturn'>, None, <pybindgen.typehandlers.ctypeparser.TypeTraits object at 0x7f1d73316748>))
DEBUG:pybindgen.typehandlers:TypeMatcher.lookup('uint8_t *')
DEBUG:pybindgen.typehandlers:try to lookup type handler for 'uint8_t *' => success ((<class 'pybindgen.typehandlers.inttype.UInt8PtrParam'>, None, <pybindgen.typehandlers.ctypeparser.TypeTraits object at 0x7f1d73316898>))
/home/cs18/tarballs/ns-allinone-3.34/ns-3.34/src/mpi/bindings/modulegen__gcc_LP64.py:691: Warning: exception TypeConfigurationError('direction not given',) in wrapper public: retval? ???::Read (params?);
  [param('uint8_t *', 'buffer'), param('uint32_t', 'size')])
DEBUG:pybindgen.typehandlers:TypeMatcher.lookup('void')
DEBUG:pybindgen.typehandlers:try to lookup type handler for 'void' => success ((<class 'pybindgen.typehandlers.voidtype.VoidReturn'>, None, <pybindgen.typehandlers.ctypeparser.TypeTraits object at 0x7f1d73316978>))
DEBUG:pybindgen.typehandlers:TypeMatcher.lookup('ns3::Buffer::Iterator')
DEBUG:pybindgen.typehandlers:try to lookup type handler for 'ns3::Buffer::Iterator' => success ((<class 'pybindgen.cppclass.CppClass.__init__.<locals>.ThisClassParameter'>, None, <pybindgen.typehandlers.ctypeparser.TypeTraits object at 0x7f1d73316b38>))
DEBUG:pybindgen.typehandlers:TypeMatcher.lookup('uint32_t')
DEBUG:pybindgen.typehandlers:try to lookup type handler for 'uint32_t' => success ((<class 'pybindgen.typehandlers.inttype.UnsignedIntParam'>, None, <pybindgen.typehandlers.ctypeparser.TypeTraits object at 0x7f1d73316be0>))
DEBUG:pybindgen.typehandlers:TypeMatcher.lookup('uint16_t')
DEBUG:pybindgen.typehandlers:try to lookup type handler for 'uint16_t' => success ((<class 'pybindgen.typehandlers.inttype.UInt16Return'>, None, <pybindgen.typehandlers.ctypeparser.TypeTraits object at 0x7f1d73316f60>))
DEBUG:pybindgen.typehandlers:TypeMatcher.lookup('uint32_t')
DEBUG:pybindgen.typehandlers:try to lookup type handler for 'uint32_t' => success ((<class 'pybindgen.typehandlers.inttype.UnsignedIntReturn'>, None, <pybindgen.typehandlers.ctypeparser.TypeTraits object at 0x7f1d7331d358>))
DEBUG:pybindgen.typehandlers:TypeMatcher.lookup('uint64_t')
DEBUG:pybindgen.typehandlers:try to lookup type handler for 'uint64_t' => success ((<class 'pybindgen.typehandlers.inttype.UnsignedLongLongReturn'>, None, <pybindgen.typehandlers.ctypeparser.TypeTraits object at 0x7f1d73316898>))
DEBUG:pybindgen.typehandlers:TypeMatcher.lookup('uint16_t')
DEBUG:pybindgen.typehandlers:try to lookup type handler for 'uint16_t' => success ((<class 'pybindgen.typehandlers.inttype.UInt16Return'>, None, <pybindgen.typehandlers.ctypeparser.TypeTraits object at 0x7f1d7331d828>))
DEBUG:pybindgen.typehandlers:TypeMatcher.lookup('uint32_t')
DEBUG:pybindgen.typehandlers:try to lookup type handler for 'uint32_t' => success ((<class 'pybindgen.typehandlers.inttype.UnsignedIntReturn'>, None, <pybindgen.typehandlers.ctypeparser.TypeTraits object at 0x7f1d7331dbe0>))
DEBUG:pybindgen.typehandlers:TypeMatcher.lookup('uint64_t')
DEBUG:pybindgen.typehandlers:try to lookup type handler for 'uint64_t' => success ((<class 'pybindgen.typehandlers.inttype.UnsignedLongLongReturn'>, None, <pybindgen.typehandlers.ctypeparser.TypeTraits object at 0x7f1d7331df98>))
DEBUG:pybindgen.typehandlers:TypeMatcher.lookup('uint16_t')
DEBUG:pybindgen.typehandlers:try to lookup type handler for 'uint16_t' => success ((<class 'pybindgen.typehandlers.inttype.UInt16Return'>, None, <pybindgen.typehandlers.ctypeparser.TypeTraits object at 0x7f1d73325390>))
DEBUG:pybindgen.typehandlers:TypeMatcher.lookup('uint32_t')
DEBUG:pybindgen.typehandlers:try to lookup type handler for 'uint32_t' => success ((<class 'pybindgen.typehandlers.inttype.UnsignedIntReturn'>, None, <pybindgen.typehandlers.ctypeparser.TypeTraits object at 0x7f1d73325748>))
DEBUG:pybindgen.typehandlers:TypeMatcher.lookup('uint64_t')
DEBUG:pybindgen.typehandlers:try to lookup type handler for 'uint64_t' => success ((<class 'pybindgen.typehandlers.inttype.UnsignedLongLongReturn'>, None, <pybindgen.typehandlers.ctypeparser.TypeTraits object at 0x7f1d73325b00>))
DEBUG:pybindgen.typehandlers:TypeMatcher.lookup('uint8_t')
DEBUG:pybindgen.typehandlers:try to lookup type handler for 'uint8_t' => success ((<class 'pybindgen.typehandlers.inttype.UInt8Return'>, None, <pybindgen.typehandlers.ctypeparser.TypeTraits object at 0x7f1d73325eb8>))
DEBUG:pybindgen.typehandlers:TypeMatcher.lookup('void')
DEBUG:pybindgen.typehandlers:try to lookup type handler for 'void' => success ((<class 'pybindgen.typehandlers.voidtype.VoidReturn'>, None, <pybindgen.typehandlers.ctypeparser.TypeTraits object at 0x7f1d7332c2e8>))
DEBUG:pybindgen.typehandlers:TypeMatcher.lookup('uint8_t const *')
DEBUG:pybindgen.typehandlers:try to lookup type handler for 'uint8_t const *' => success ((<class 'pybindgen.typehandlers.inttype.UInt8PtrParam'>, None, <pybindgen.typehandlers.ctypeparser.TypeTraits object at 0x7f1d7332c438>))
/home/cs18/tarballs/ns-allinone-3.34/ns-3.34/src/mpi/bindings/modulegen__gcc_LP64.py:739: Warning: exception TypeConfigurationError('direction not given',) in wrapper public: retval? ???::Write (params?);
  [param('uint8_t const *', 'buffer'), param('uint32_t', 'size')])
DEBUG:pybindgen.typehandlers:TypeMatcher.lookup('void')
DEBUG:pybindgen.typehandlers:try to lookup type handler for 'void' => success ((<class 'pybindgen.typehandlers.voidtype.VoidReturn'>, None, <pybindgen.typehandlers.ctypeparser.TypeTraits object at 0x7f1d7332c588>))
DEBUG:pybindgen.typehandlers:TypeMatcher.lookup('ns3::Buffer::Iterator')
DEBUG:pybindgen.typehandlers:try to lookup type handler for 'ns3::Buffer::Iterator' => success ((<class 'pybindgen.cppclass.CppClass.__init__.<locals>.ThisClassParameter'>, None, <pybindgen.typehandlers.ctypeparser.TypeTraits object at 0x7f1d7332c748>))
DEBUG:pybindgen.typehandlers:TypeMatcher.lookup('ns3::Buffer::Iterator')
DEBUG:pybindgen.typehandlers:try to lookup type handler for 'ns3::Buffer::Iterator' => success ((<class 'pybindgen.cppclass.CppClass.__init__.<locals>.ThisClassParameter'>, None, <pybindgen.typehandlers.ctypeparser.TypeTraits object at 0x7f1d7332c7f0>))
DEBUG:pybindgen.typehandlers:TypeMatcher.lookup('void')
DEBUG:pybindgen.typehandlers:try to lookup type handler for 'void' => success ((<class 'pybindgen.typehandlers.voidtype.VoidReturn'>, None, <pybindgen.typehandlers.ctypeparser.TypeTraits object at 0x7f1d7332cb70>))
DEBUG:pybindgen.typehandlers:TypeMatcher.lookup('uint16_t')
DEBUG:pybindgen.typehandlers:try to lookup type handler for 'uint16_t' => success ((<class 'pybindgen.typehandlers.inttype.UInt16Param'>, None, <pybindgen.typehandlers.ctypeparser.TypeTraits object at 0x7f1d7332ccc0>))
DEBUG:pybindgen.typehandlers:TypeMatcher.lookup('void')
DEBUG:pybindgen.typehandlers:try to lookup type handler for 'void' => success ((<class 'pybindgen.typehandlers.voidtype.VoidReturn'>, None, <pybindgen.typehandlers.ctypeparser.TypeTraits object at 0x7f1d7332c550>))
DEBUG:pybindgen.typehandlers:TypeMatcher.lookup('uint32_t')
DEBUG:pybindgen.typehandlers:try to lookup type handler for 'uint32_t' => success ((<class 'pybindgen.typehandlers.inttype.UnsignedIntParam'>, None, <pybindgen.typehandlers.ctypeparser.TypeTraits object at 0x7f1d7332c320>))
DEBUG:pybindgen.typehandlers:TypeMatcher.lookup('void')
DEBUG:pybindgen.typehandlers:try to lookup type handler for 'void' => success ((<class 'pybindgen.typehandlers.voidtype.VoidReturn'>, None, <pybindgen.typehandlers.ctypeparser.TypeTraits object at 0x7f1d73333048>))
DEBUG:pybindgen.typehandlers:TypeMatcher.lookup('uint64_t')
DEBUG:pybindgen.typehandlers:try to lookup type handler for 'uint64_t' => success ((<class 'pybindgen.typehandlers.inttype.UnsignedLongLongParam'>, None, <pybindgen.typehandlers.ctypeparser.TypeTraits object at 0x7f1d73333198>))
DEBUG:pybindgen.typehandlers:TypeMatcher.lookup('void')
DEBUG:pybindgen.typehandlers:try to lookup type handler for 'void' => success ((<class 'pybindgen.typehandlers.voidtype.VoidReturn'>, None, <pybindgen.typehandlers.ctypeparser.TypeTraits object at 0x7f1d733334e0>))
DEBUG:pybindgen.typehandlers:TypeMatcher.lookup('uint16_t')
DEBUG:pybindgen.typehandlers:try to lookup type handler for 'uint16_t' => success ((<class 'pybindgen.typehandlers.inttype.UInt16Param'>, None, <pybindgen.typehandlers.ctypeparser.TypeTraits object at 0x7f1d73333630>))
DEBUG:pybindgen.typehandlers:TypeMatcher.lookup('void')
DEBUG:pybindgen.typehandlers:try to lookup type handler for 'void' => success ((<class 'pybindgen.typehandlers.voidtype.VoidReturn'>, None, <pybindgen.typehandlers.ctypeparser.TypeTraits object at 0x7f1d73333978>))
DEBUG:pybindgen.typehandlers:TypeMatcher.lookup('uint32_t')
DEBUG:pybindgen.typehandlers:try to lookup type handler for 'uint32_t' => success ((<class 'pybindgen.typehandlers.inttype.UnsignedIntParam'>, None, <pybindgen.typehandlers.ctypeparser.TypeTraits object at 0x7f1d73333ac8>))
DEBUG:pybindgen.typehandlers:TypeMatcher.lookup('void')
DEBUG:pybindgen.typehandlers:try to lookup type handler for 'void' => success ((<class 'pybindgen.typehandlers.voidtype.VoidReturn'>, None, <pybindgen.typehandlers.ctypeparser.TypeTraits object at 0x7f1d73333e10>))
DEBUG:pybindgen.typehandlers:TypeMatcher.lookup('uint64_t')
DEBUG:pybindgen.typehandlers:try to lookup type handler for 'uint64_t' => success ((<class 'pybindgen.typehandlers.inttype.UnsignedLongLongParam'>, None, <pybindgen.typehandlers.ctypeparser.TypeTraits object at 0x7f1d73333f60>))
DEBUG:pybindgen.typehandlers:TypeMatcher.lookup('void')
DEBUG:pybindgen.typehandlers:try to lookup type handler for 'void' => success ((<class 'pybindgen.typehandlers.voidtype.VoidReturn'>, None, <pybindgen.typehandlers.ctypeparser.TypeTraits object at 0x7f1d7333b2e8>))
DEBUG:pybindgen.typehandlers:TypeMatcher.lookup('uint16_t')
DEBUG:pybindgen.typehandlers:try to lookup type handler for 'uint16_t' => success ((<class 'pybindgen.typehandlers.inttype.UInt16Param'>, None, <pybindgen.typehandlers.ctypeparser.TypeTraits object at 0x7f1d7333b438>))
DEBUG:pybindgen.typehandlers:TypeMatcher.lookup('void')
DEBUG:pybindgen.typehandlers:try to lookup type handler for 'void' => success ((<class 'pybindgen.typehandlers.voidtype.VoidReturn'>, None, <pybindgen.typehandlers.ctypeparser.TypeTraits object at 0x7f1d7333b780>))
DEBUG:pybindgen.typehandlers:TypeMatcher.lookup('uint32_t')
DEBUG:pybindgen.typehandlers:try to lookup type handler for 'uint32_t' => success ((<class 'pybindgen.typehandlers.inttype.UnsignedIntParam'>, None, <pybindgen.typehandlers.ctypeparser.TypeTraits object at 0x7f1d7333b8d0>))
DEBUG:pybindgen.typehandlers:TypeMatcher.lookup('void')
DEBUG:pybindgen.typehandlers:try to lookup type handler for 'void' => success ((<class 'pybindgen.typehandlers.voidtype.VoidReturn'>, None, <pybindgen.typehandlers.ctypeparser.TypeTraits object at 0x7f1d7333bc18>))
DEBUG:pybindgen.typehandlers:TypeMatcher.lookup('uint64_t')
DEBUG:pybindgen.typehandlers:try to lookup type handler for 'uint64_t' => success ((<class 'pybindgen.typehandlers.inttype.UnsignedLongLongParam'>, None, <pybindgen.typehandlers.ctypeparser.TypeTraits object at 0x7f1d7333bd68>))
DEBUG:pybindgen.typehandlers:TypeMatcher.lookup('void')
DEBUG:pybindgen.typehandlers:try to lookup type handler for 'void' => success ((<class 'pybindgen.typehandlers.voidtype.VoidReturn'>, None, <pybindgen.typehandlers.ctypeparser.TypeTraits object at 0x7f1d733420f0>))
DEBUG:pybindgen.typehandlers:TypeMatcher.lookup('uint8_t')
DEBUG:pybindgen.typehandlers:try to lookup type handler for 'uint8_t' => success ((<class 'pybindgen.typehandlers.inttype.UInt8Param'>, None, <pybindgen.typehandlers.ctypeparser.TypeTraits object at 0x7f1d73342240>))
DEBUG:pybindgen.typehandlers:TypeMatcher.lookup('void')
DEBUG:pybindgen.typehandlers:try to lookup type handler for 'void' => success ((<class 'pybindgen.typehandlers.voidtype.VoidReturn'>, None, <pybindgen.typehandlers.ctypeparser.TypeTraits object at 0x7f1d733425c0>))
DEBUG:pybindgen.typehandlers:TypeMatcher.lookup('uint8_t')
DEBUG:pybindgen.typehandlers:try to lookup type handler for 'uint8_t' => success ((<class 'pybindgen.typehandlers.inttype.UInt8Param'>, None, <pybindgen.typehandlers.ctypeparser.TypeTraits object at 0x7f1d73342710>))
DEBUG:pybindgen.typehandlers:TypeMatcher.lookup('uint32_t')
DEBUG:pybindgen.typehandlers:try to lookup type handler for 'uint32_t' => success ((<class 'pybindgen.typehandlers.inttype.UnsignedIntParam'>, None, <pybindgen.typehandlers.ctypeparser.TypeTraits object at 0x7f1d733427f0>))
DEBUG:pybindgen.typehandlers:TypeMatcher.lookup('ns3::ByteTagIterator const &')
DEBUG:pybindgen.typehandlers:try to lookup type handler for 'ns3::ByteTagIterator const &' => success ((<class 'pybindgen.cppclass.CppClass.__init__.<locals>.ThisClassRefParameter'>, None, <pybindgen.typehandlers.ctypeparser.TypeTraits object at 0x7f1d73342b70>))
DEBUG:pybindgen.typehandlers:TypeMatcher.lookup('bool')
DEBUG:pybindgen.typehandlers:try to lookup type handler for 'bool' => success ((<class 'pybindgen.typehandlers.booltype.BoolReturn'>, None, <pybindgen.typehandlers.ctypeparser.TypeTraits object at 0x7f1d73342f28>))
DEBUG:pybindgen.typehandlers:TypeMatcher.lookup('ns3::ByteTagIterator::Item')
DEBUG:pybindgen.typehandlers:try to lookup type handler for 'ns3::ByteTagIterator::Item' => success ((<class 'pybindgen.cppclass.CppClass.__init__.<locals>.ThisClassReturn'>, None, <pybindgen.typehandlers.ctypeparser.TypeTraits object at 0x7f1d73349320>))
DEBUG:pybindgen.typehandlers:TypeMatcher.lookup('ns3::ByteTagIterator::Item const &')
DEBUG:pybindgen.typehandlers:try to lookup type handler for 'ns3::ByteTagIterator::Item const &' => success ((<class 'pybindgen.cppclass.CppClass.__init__.<locals>.ThisClassRefParameter'>, None, <pybindgen.typehandlers.ctypeparser.TypeTraits object at 0x7f1d73349710>))
DEBUG:pybindgen.typehandlers:TypeMatcher.lookup('uint32_t')
DEBUG:pybindgen.typehandlers:try to lookup type handler for 'uint32_t' => success ((<class 'pybindgen.typehandlers.inttype.UnsignedIntReturn'>, None, <pybindgen.typehandlers.ctypeparser.TypeTraits object at 0x7f1d73349ac8>))
DEBUG:pybindgen.typehandlers:TypeMatcher.lookup('uint32_t')
DEBUG:pybindgen.typehandlers:try to lookup type handler for 'uint32_t' => success ((<class 'pybindgen.typehandlers.inttype.UnsignedIntReturn'>, None, <pybindgen.typehandlers.ctypeparser.TypeTraits object at 0x7f1d73349e48>))
DEBUG:pybindgen.typehandlers:TypeMatcher.lookup('void')
DEBUG:pybindgen.typehandlers:try to lookup type handler for 'void' => success ((<class 'pybindgen.typehandlers.voidtype.VoidReturn'>, None, <pybindgen.typehandlers.ctypeparser.TypeTraits object at 0x7f1d73350208>))
DEBUG:pybindgen.typehandlers:TypeMatcher.lookup('ns3::Tag &')
DEBUG:pybindgen.typehandlers:try to lookup type handler for 'ns3::Tag &' => success ((<class 'pybindgen.cppclass.CppClass.__init__.<locals>.ThisClassRefParameter'>, None, <pybindgen.typehandlers.ctypeparser.TypeTraits object at 0x7f1d73350358>))
DEBUG:pybindgen.typehandlers:TypeMatcher.lookup('ns3::TypeId')
DEBUG:pybindgen.typehandlers:try to lookup type handler for 'ns3::TypeId' => success ((<class 'pybindgen.cppclass.CppClass.__init__.<locals>.ThisClassReturn'>, None, <pybindgen.typehandlers.ctypeparser.TypeTraits object at 0x7f1d733506d8>))
DEBUG:pybindgen.typehandlers:TypeMatcher.lookup('ns3::ByteTagList const &')
DEBUG:pybindgen.typehandlers:try to lookup type handler for 'ns3::ByteTagList const &' => success ((<class 'pybindgen.cppclass.CppClass.__init__.<locals>.ThisClassRefParameter'>, None, <pybindgen.typehandlers.ctypeparser.TypeTraits object at 0x7f1d73350cf8>))
DEBUG:pybindgen.typehandlers:TypeMatcher.lookup('ns3::TagBuffer')
DEBUG:pybindgen.typehandlers:try to lookup type handler for 'ns3::TagBuffer' => success ((<class 'pybindgen.cppclass.CppClass.__init__.<locals>.ThisClassReturn'>, None, <pybindgen.typehandlers.ctypeparser.TypeTraits object at 0x7f1d732d90f0>))
DEBUG:pybindgen.typehandlers:TypeMatcher.lookup('ns3::TypeId')
DEBUG:pybindgen.typehandlers:try to lookup type handler for 'ns3::TypeId' => success ((<class 'pybindgen.cppclass.CppClass.__init__.<locals>.ThisClassParameter'>, None, <pybindgen.typehandlers.ctypeparser.TypeTraits object at 0x7f1d732d9208>))
DEBUG:pybindgen.typehandlers:TypeMatcher.lookup('uint32_t')
DEBUG:pybindgen.typehandlers:try to lookup type handler for 'uint32_t' => success ((<class 'pybindgen.typehandlers.inttype.UnsignedIntParam'>, None, <pybindgen.typehandlers.ctypeparser.TypeTraits object at 0x7f1d732d92b0>))
DEBUG:pybindgen.typehandlers:TypeMatcher.lookup('int32_t')
DEBUG:pybindgen.typehandlers:try to lookup type handler for 'int32_t' => success ((<class 'pybindgen.typehandlers.inttype.IntParam'>, None, <pybindgen.typehandlers.ctypeparser.TypeTraits object at 0x7f1d732d9390>))
DEBUG:pybindgen.typehandlers:TypeMatcher.lookup('int32_t')
DEBUG:pybindgen.typehandlers:try to lookup type handler for 'int32_t' => success ((<class 'pybindgen.typehandlers.inttype.IntParam'>, None, <pybindgen.typehandlers.ctypeparser.TypeTraits object at 0x7f1d732d94a8>))
DEBUG:pybindgen.typehandlers:TypeMatcher.lookup('void')
DEBUG:pybindgen.typehandlers:try to lookup type handler for 'void' => success ((<class 'pybindgen.typehandlers.voidtype.VoidReturn'>, None, <pybindgen.typehandlers.ctypeparser.TypeTraits object at 0x7f1d732d9860>))
DEBUG:pybindgen.typehandlers:TypeMatcher.lookup('ns3::ByteTagList const &')
DEBUG:pybindgen.typehandlers:try to lookup type handler for 'ns3::ByteTagList const &' => success ((<class 'pybindgen.cppclass.CppClass.__init__.<locals>.ThisClassRefParameter'>, None, <pybindgen.typehandlers.ctypeparser.TypeTraits object at 0x7f1d732d99b0>))
DEBUG:pybindgen.typehandlers:TypeMatcher.lookup('void')
DEBUG:pybindgen.typehandlers:try to lookup type handler for 'void' => success ((<class 'pybindgen.typehandlers.voidtype.VoidReturn'>, None, <pybindgen.typehandlers.ctypeparser.TypeTraits object at 0x7f1d732d9d68>))
DEBUG:pybindgen.typehandlers:TypeMatcher.lookup('int32_t')
DEBUG:pybindgen.typehandlers:try to lookup type handler for 'int32_t' => success ((<class 'pybindgen.typehandlers.inttype.IntParam'>, None, <pybindgen.typehandlers.ctypeparser.TypeTraits object at 0x7f1d732d9eb8>))
DEBUG:pybindgen.typehandlers:TypeMatcher.lookup('void')
DEBUG:pybindgen.typehandlers:try to lookup type handler for 'void' => success ((<class 'pybindgen.typehandlers.voidtype.VoidReturn'>, None, <pybindgen.typehandlers.ctypeparser.TypeTraits object at 0x7f1d732e0278>))
DEBUG:pybindgen.typehandlers:TypeMatcher.lookup('int32_t')
DEBUG:pybindgen.typehandlers:try to lookup type handler for 'int32_t' => success ((<class 'pybindgen.typehandlers.inttype.IntParam'>, None, <pybindgen.typehandlers.ctypeparser.TypeTraits object at 0x7f1d732e03c8>))
DEBUG:pybindgen.typehandlers:TypeMatcher.lookup('void')
DEBUG:pybindgen.typehandlers:try to lookup type handler for 'void' => success ((<class 'pybindgen.typehandlers.voidtype.VoidReturn'>, None, <pybindgen.typehandlers.ctypeparser.TypeTraits object at 0x7f1d732e0748>))
DEBUG:pybindgen.typehandlers:TypeMatcher.lookup('int32_t')
DEBUG:pybindgen.typehandlers:try to lookup type handler for 'int32_t' => success ((<class 'pybindgen.typehandlers.inttype.IntParam'>, None, <pybindgen.typehandlers.ctypeparser.TypeTraits object at 0x7f1d732e0898>))
DEBUG:pybindgen.typehandlers:TypeMatcher.lookup('ns3::ByteTagList::Iterator')
DEBUG:pybindgen.typehandlers:try to lookup type handler for 'ns3::ByteTagList::Iterator' => success ((<class 'pybindgen.cppclass.CppClass.__init__.<locals>.ThisClassReturn'>, None, <pybindgen.typehandlers.ctypeparser.TypeTraits object at 0x7f1d732e0c18>))
DEBUG:pybindgen.typehandlers:TypeMatcher.lookup('int32_t')
DEBUG:pybindgen.typehandlers:try to lookup type handler for 'int32_t' => success ((<class 'pybindgen.typehandlers.inttype.IntParam'>, None, <pybindgen.typehandlers.ctypeparser.TypeTraits object at 0x7f1d732e0d30>))
DEBUG:pybindgen.typehandlers:TypeMatcher.lookup('int32_t')
DEBUG:pybindgen.typehandlers:try to lookup type handler for 'int32_t' => success ((<class 'pybindgen.typehandlers.inttype.IntParam'>, None, <pybindgen.typehandlers.ctypeparser.TypeTraits object at 0x7f1d732e0e10>))
DEBUG:pybindgen.typehandlers:TypeMatcher.lookup('uint32_t')
DEBUG:pybindgen.typehandlers:try to lookup type handler for 'uint32_t' => success ((<class 'pybindgen.typehandlers.inttype.UnsignedIntReturn'>, None, <pybindgen.typehandlers.ctypeparser.TypeTraits object at 0x7f1d732e7208>))
DEBUG:pybindgen.typehandlers:TypeMatcher.lookup('uint32_t const *')
DEBUG:pybindgen.typehandlers:try to lookup type handler for 'uint32_t const *' => success ((<class 'pybindgen.typehandlers.inttype.UnsignedIntPtrParam'>, None, <pybindgen.typehandlers.ctypeparser.TypeTraits object at 0x7f1d732e7320>))
DEBUG:pybindgen.typehandlers:TypeMatcher.lookup('uint32_t')
DEBUG:pybindgen.typehandlers:try to lookup type handler for 'uint32_t' => success ((<class 'pybindgen.typehandlers.inttype.UnsignedIntParam'>, None, <pybindgen.typehandlers.ctypeparser.TypeTraits object at 0x7f1d732e74e0>))
DEBUG:pybindgen.typehandlers:TypeMatcher.lookup('uint32_t')
DEBUG:pybindgen.typehandlers:try to lookup type handler for 'uint32_t' => success ((<class 'pybindgen.typehandlers.inttype.UnsignedIntReturn'>, None, <pybindgen.typehandlers.ctypeparser.TypeTraits object at 0x7f1d732e77f0>))
DEBUG:pybindgen.typehandlers:TypeMatcher.lookup('void')
DEBUG:pybindgen.typehandlers:try to lookup type handler for 'void' => success ((<class 'pybindgen.typehandlers.voidtype.VoidReturn'>, None, <pybindgen.typehandlers.ctypeparser.TypeTraits object at 0x7f1d732e7b70>))
DEBUG:pybindgen.typehandlers:TypeMatcher.lookup('uint32_t')
DEBUG:pybindgen.typehandlers:try to lookup type handler for 'uint32_t' => success ((<class 'pybindgen.typehandlers.inttype.UnsignedIntReturn'>, None, <pybindgen.typehandlers.ctypeparser.TypeTraits object at 0x7f1d732e7f60>))
DEBUG:pybindgen.typehandlers:TypeMatcher.lookup('uint32_t *')
DEBUG:pybindgen.typehandlers:try to lookup type handler for 'uint32_t *' => success ((<class 'pybindgen.typehandlers.inttype.UnsignedIntPtrParam'>, None, <pybindgen.typehandlers.ctypeparser.TypeTraits object at 0x7f1d732ef0b8>))
DEBUG:pybindgen.typehandlers:TypeMatcher.lookup('uint32_t')
DEBUG:pybindgen.typehandlers:try to lookup type handler for 'uint32_t' => success ((<class 'pybindgen.typehandlers.inttype.UnsignedIntParam'>, None, <pybindgen.typehandlers.ctypeparser.TypeTraits object at 0x7f1d732ef1d0>))
DEBUG:pybindgen.typehandlers:TypeMatcher.lookup('ns3::ByteTagList::Iterator const &')
DEBUG:pybindgen.typehandlers:try to lookup type handler for 'ns3::ByteTagList::Iterator const &' => success ((<class 'pybindgen.cppclass.CppClass.__init__.<locals>.ThisClassRefParameter'>, None, <pybindgen.typehandlers.ctypeparser.TypeTraits object at 0x7f1d732ef550>))
DEBUG:pybindgen.typehandlers:TypeMatcher.lookup('uint32_t')
DEBUG:pybindgen.typehandlers:try to lookup type handler for 'uint32_t' => success ((<class 'pybindgen.typehandlers.inttype.UnsignedIntReturn'>, None, <pybindgen.typehandlers.ctypeparser.TypeTraits object at 0x7f1d732ef908>))
DEBUG:pybindgen.typehandlers:TypeMatcher.lookup('bool')
DEBUG:pybindgen.typehandlers:try to lookup type handler for 'bool' => success ((<class 'pybindgen.typehandlers.booltype.BoolReturn'>, None, <pybindgen.typehandlers.ctypeparser.TypeTraits object at 0x7f1d732efc88>))
DEBUG:pybindgen.typehandlers:TypeMatcher.lookup('ns3::ByteTagList::Iterator::Item')
DEBUG:pybindgen.typehandlers:try to lookup type handler for 'ns3::ByteTagList::Iterator::Item' => success ((<class 'pybindgen.cppclass.CppClass.__init__.<locals>.ThisClassReturn'>, None, <pybindgen.typehandlers.ctypeparser.TypeTraits object at 0x7f1d732f5080>))
DEBUG:pybindgen.typehandlers:TypeMatcher.lookup('ns3::ByteTagList::Iterator::Item const &')
DEBUG:pybindgen.typehandlers:try to lookup type handler for 'ns3::ByteTagList::Iterator::Item const &' => success ((<class 'pybindgen.cppclass.CppClass.__init__.<locals>.ThisClassRefParameter'>, None, <pybindgen.typehandlers.ctypeparser.TypeTraits object at 0x7f1d732f5470>))
DEBUG:pybindgen.typehandlers:TypeMatcher.lookup('ns3::TagBuffer')
DEBUG:pybindgen.typehandlers:try to lookup type handler for 'ns3::TagBuffer' => success ((<class 'pybindgen.cppclass.CppClass.__init__.<locals>.ThisClassParameter'>, None, <pybindgen.typehandlers.ctypeparser.TypeTraits object at 0x7f1d732f5860>))
DEBUG:pybindgen.typehandlers:TypeMatcher.lookup('ns3::TagBuffer')
DEBUG:pybindgen.typehandlers:try to lookup type handler for 'ns3::TagBuffer' => success ((<class 'pybindgen.cppclass.CppClass.__init__.<locals>.ThisClassReturn'>, None, <pybindgen.typehandlers.ctypeparser.TypeTraits object at 0x7f1d732f5b38>))
DEBUG:pybindgen.typehandlers:TypeMatcher.lookup('int32_t')
DEBUG:pybindgen.typehandlers:try to lookup type handler for 'int32_t' => success ((<class 'pybindgen.typehandlers.inttype.IntReturn'>, None, <pybindgen.typehandlers.ctypeparser.TypeTraits object at 0x7f1d732fc0b8>))
DEBUG:pybindgen.typehandlers:TypeMatcher.lookup('uint32_t')
DEBUG:pybindgen.typehandlers:try to lookup type handler for 'uint32_t' => success ((<class 'pybindgen.typehandlers.inttype.UnsignedIntReturn'>, None, <pybindgen.typehandlers.ctypeparser.TypeTraits object at 0x7f1d732fc630>))
DEBUG:pybindgen.typehandlers:TypeMatcher.lookup('int32_t')
DEBUG:pybindgen.typehandlers:try to lookup type handler for 'int32_t' => success ((<class 'pybindgen.typehandlers.inttype.IntReturn'>, None, <pybindgen.typehandlers.ctypeparser.TypeTraits object at 0x7f1d732fcb70>))
DEBUG:pybindgen.typehandlers:TypeMatcher.lookup('ns3::TypeId')
DEBUG:pybindgen.typehandlers:try to lookup type handler for 'ns3::TypeId' => success ((<class 'pybindgen.cppclass.CppClass.__init__.<locals>.ThisClassReturn'>, None, <pybindgen.typehandlers.ctypeparser.TypeTraits object at 0x7f1d73306128>))
DEBUG:pybindgen.typehandlers:TypeMatcher.lookup('ns3::CallbackBase const &')
DEBUG:pybindgen.typehandlers:try to lookup type handler for 'ns3::CallbackBase const &' => success ((<class 'pybindgen.cppclass.CppClass.__init__.<locals>.ThisClassRefParameter'>, None, <pybindgen.typehandlers.ctypeparser.TypeTraits object at 0x7f1d733066d8>))
DEBUG:pybindgen.typehandlers:TypeMatcher.lookup('ns3::Ptr< ns3::CallbackImplBase >')
DEBUG:pybindgen.typehandlers:try to lookup type handler for 'ns3::Ptr< ns3::CallbackImplBase >' => failure
DEBUG:pybindgen.typehandlers:try to lookup type handler for 'ns3::CallbackImplBase *' => success ((<class 'pybindgen.cppclass.MemoryPolicy.register_ptr_parameter_and_return.<locals>.ThisClassPtrReturn'>, <ns3modulegen_core_customizations.SmartPointerTransformation object at 0x7f1d735b7ac8>, <pybindgen.typehandlers.ctypeparser.TypeTraits object at 0x7f1d73306f28>))
DEBUG:pybindgen.typehandlers:TypeMatcher.lookup('ns3::Ptr< ns3::CallbackImplBase >')
DEBUG:pybindgen.typehandlers:try to lookup type handler for 'ns3::Ptr< ns3::CallbackImplBase >' => failure
DEBUG:pybindgen.typehandlers:try to lookup type handler for 'ns3::CallbackImplBase *' => success ((<class 'pybindgen.cppclass.MemoryPolicy.register_ptr_parameter_and_return.<locals>.ThisClassPtrParameter'>, <ns3modulegen_core_customizations.SmartPointerTransformation object at 0x7f1d735b7ac8>, <pybindgen.typehandlers.ctypeparser.TypeTraits object at 0x7f1d7330c438>))
DEBUG:pybindgen.typehandlers:TypeMatcher.lookup('ns3::DefaultDeleter< ns3::AttributeAccessor > const &')
DEBUG:pybindgen.typehandlers:try to lookup type handler for 'ns3::DefaultDeleter< ns3::AttributeAccessor > const &' => success ((<class 'pybindgen.cppclass.CppClass.__init__.<locals>.ThisClassRefParameter'>, None, <pybindgen.typehandlers.ctypeparser.TypeTraits object at 0x7f1d7330c8d0>))
DEBUG:pybindgen.typehandlers:TypeMatcher.lookup('void')
DEBUG:pybindgen.typehandlers:try to lookup type handler for 'void' => success ((<class 'pybindgen.typehandlers.voidtype.VoidReturn'>, None, <pybindgen.typehandlers.ctypeparser.TypeTraits object at 0x7f1d7330cd30>))
DEBUG:pybindgen.typehandlers:TypeMatcher.lookup('ns3::AttributeAccessor *')
DEBUG:pybindgen.typehandlers:try to lookup type handler for 'ns3::AttributeAccessor *' => success ((<class 'pybindgen.cppclass.MemoryPolicy.register_ptr_parameter_and_return.<locals>.ThisClassPtrParameter'>, None, <pybindgen.typehandlers.ctypeparser.TypeTraits object at 0x7f1d7330ce80>))
/home/cs18/tarballs/ns-allinone-3.34/ns-3.34/src/mpi/bindings/modulegen__gcc_LP64.py:939: Warning: exception TypeConfigurationError('Missing transfer_ownership option',) in wrapper public: retval? ???::Delete (params?);
  is_static=True)
DEBUG:pybindgen.typehandlers:TypeMatcher.lookup('ns3::DefaultDeleter< ns3::AttributeChecker > const &')
DEBUG:pybindgen.typehandlers:try to lookup type handler for 'ns3::DefaultDeleter< ns3::AttributeChecker > const &' => success ((<class 'pybindgen.cppclass.CppClass.__init__.<locals>.ThisClassRefParameter'>, None, <pybindgen.typehandlers.ctypeparser.TypeTraits object at 0x7f1d732982b0>))
DEBUG:pybindgen.typehandlers:TypeMatcher.lookup('void')
DEBUG:pybindgen.typehandlers:try to lookup type handler for 'void' => success ((<class 'pybindgen.typehandlers.voidtype.VoidReturn'>, None, <pybindgen.typehandlers.ctypeparser.TypeTraits object at 0x7f1d73298710>))
DEBUG:pybindgen.typehandlers:TypeMatcher.lookup('ns3::AttributeChecker *')
DEBUG:pybindgen.typehandlers:try to lookup type handler for 'ns3::AttributeChecker *' => success ((<class 'pybindgen.cppclass.MemoryPolicy.register_ptr_parameter_and_return.<locals>.ThisClassPtrParameter'>, None, <pybindgen.typehandlers.ctypeparser.TypeTraits object at 0x7f1d73298860>))
/home/cs18/tarballs/ns-allinone-3.34/ns-3.34/src/mpi/bindings/modulegen__gcc_LP64.py:951: Warning: exception TypeConfigurationError('Missing transfer_ownership option',) in wrapper public: retval? ???::Delete (params?);
  is_static=True)
DEBUG:pybindgen.typehandlers:TypeMatcher.lookup('ns3::DefaultDeleter< ns3::AttributeValue > const &')
DEBUG:pybindgen.typehandlers:try to lookup type handler for 'ns3::DefaultDeleter< ns3::AttributeValue > const &' => success ((<class 'pybindgen.cppclass.CppClass.__init__.<locals>.ThisClassRefParameter'>, None, <pybindgen.typehandlers.ctypeparser.TypeTraits object at 0x7f1d73298c50>))
DEBUG:pybindgen.typehandlers:TypeMatcher.lookup('void')
DEBUG:pybindgen.typehandlers:try to lookup type handler for 'void' => success ((<class 'pybindgen.typehandlers.voidtype.VoidReturn'>, None, <pybindgen.typehandlers.ctypeparser.TypeTraits object at 0x7f1d7329e0f0>))
DEBUG:pybindgen.typehandlers:TypeMatcher.lookup('ns3::AttributeValue *')
DEBUG:pybindgen.typehandlers:try to lookup type handler for 'ns3::AttributeValue *' => success ((<class 'pybindgen.cppclass.MemoryPolicy.register_ptr_parameter_and_return.<locals>.ThisClassPtrParameter'>, None, <pybindgen.typehandlers.ctypeparser.TypeTraits object at 0x7f1d7329e240>))
/home/cs18/tarballs/ns-allinone-3.34/ns-3.34/src/mpi/bindings/modulegen__gcc_LP64.py:963: Warning: exception TypeConfigurationError('Missing transfer_ownership option',) in wrapper public: retval? ???::Delete (params?);
  is_static=True)
DEBUG:pybindgen.typehandlers:TypeMatcher.lookup('ns3::DefaultDeleter< ns3::CallbackImplBase > const &')
DEBUG:pybindgen.typehandlers:try to lookup type handler for 'ns3::DefaultDeleter< ns3::CallbackImplBase > const &' => success ((<class 'pybindgen.cppclass.CppClass.__init__.<locals>.ThisClassRefParameter'>, None, <pybindgen.typehandlers.ctypeparser.TypeTraits object at 0x7f1d7329e630>))
DEBUG:pybindgen.typehandlers:TypeMatcher.lookup('void')
DEBUG:pybindgen.typehandlers:try to lookup type handler for 'void' => success ((<class 'pybindgen.typehandlers.voidtype.VoidReturn'>, None, <pybindgen.typehandlers.ctypeparser.TypeTraits object at 0x7f1d73298860>))
DEBUG:pybindgen.typehandlers:TypeMatcher.lookup('ns3::CallbackImplBase *')
DEBUG:pybindgen.typehandlers:try to lookup type handler for 'ns3::CallbackImplBase *' => success ((<class 'pybindgen.cppclass.MemoryPolicy.register_ptr_parameter_and_return.<locals>.ThisClassPtrParameter'>, None, <pybindgen.typehandlers.ctypeparser.TypeTraits object at 0x7f1d732987f0>))
/home/cs18/tarballs/ns-allinone-3.34/ns-3.34/src/mpi/bindings/modulegen__gcc_LP64.py:975: Warning: exception TypeConfigurationError('Missing transfer_ownership option',) in wrapper public: retval? ???::Delete (params?);
  is_static=True)
DEBUG:pybindgen.typehandlers:TypeMatcher.lookup('ns3::DefaultDeleter< ns3::EventImpl > const &')
DEBUG:pybindgen.typehandlers:try to lookup type handler for 'ns3::DefaultDeleter< ns3::EventImpl > const &' => success ((<class 'pybindgen.cppclass.CppClass.__init__.<locals>.ThisClassRefParameter'>, None, <pybindgen.typehandlers.ctypeparser.TypeTraits object at 0x7f1d7329e240>))
DEBUG:pybindgen.typehandlers:TypeMatcher.lookup('void')
DEBUG:pybindgen.typehandlers:try to lookup type handler for 'void' => success ((<class 'pybindgen.typehandlers.voidtype.VoidReturn'>, None, <pybindgen.typehandlers.ctypeparser.TypeTraits object at 0x7f1d7329ec50>))
DEBUG:pybindgen.typehandlers:TypeMatcher.lookup('ns3::EventImpl *')
DEBUG:pybindgen.typehandlers:try to lookup type handler for 'ns3::EventImpl *' => success ((<class 'pybindgen.cppclass.MemoryPolicy.register_ptr_parameter_and_return.<locals>.ThisClassPtrParameter'>, None, <pybindgen.typehandlers.ctypeparser.TypeTraits object at 0x7f1d7329eda0>))
/home/cs18/tarballs/ns-allinone-3.34/ns-3.34/src/mpi/bindings/modulegen__gcc_LP64.py:987: Warning: exception TypeConfigurationError('Missing transfer_ownership option',) in wrapper public: retval? ???::Delete (params?);
  is_static=True)
DEBUG:pybindgen.typehandlers:TypeMatcher.lookup('ns3::DefaultDeleter< ns3::Hash::Implementation > const &')
DEBUG:pybindgen.typehandlers:try to lookup type handler for 'ns3::DefaultDeleter< ns3::Hash::Implementation > const &' => success ((<class 'pybindgen.cppclass.CppClass.__init__.<locals>.ThisClassRefParameter'>, None, <pybindgen.typehandlers.ctypeparser.TypeTraits object at 0x7f1d732a51d0>))
DEBUG:pybindgen.typehandlers:TypeMatcher.lookup('void')
DEBUG:pybindgen.typehandlers:try to lookup type handler for 'void' => success ((<class 'pybindgen.typehandlers.voidtype.VoidReturn'>, None, <pybindgen.typehandlers.ctypeparser.TypeTraits object at 0x7f1d732a5630>))
DEBUG:pybindgen.typehandlers:TypeMatcher.lookup('ns3::Hash::Implementation *')
DEBUG:pybindgen.typehandlers:try to lookup type handler for 'ns3::Hash::Implementation *' => success ((<class 'pybindgen.cppclass.MemoryPolicy.register_ptr_parameter_and_return.<locals>.ThisClassPtrParameter'>, None, <pybindgen.typehandlers.ctypeparser.TypeTraits object at 0x7f1d732a5780>))
/home/cs18/tarballs/ns-allinone-3.34/ns-3.34/src/mpi/bindings/modulegen__gcc_LP64.py:999: Warning: exception TypeConfigurationError('Missing transfer_ownership option',) in wrapper public: retval? ???::Delete (params?);
  is_static=True)
DEBUG:pybindgen.typehandlers:TypeMatcher.lookup('ns3::DefaultDeleter< ns3::NixVector > const &')
DEBUG:pybindgen.typehandlers:try to lookup type handler for 'ns3::DefaultDeleter< ns3::NixVector > const &' => success ((<class 'pybindgen.cppclass.CppClass.__init__.<locals>.ThisClassRefParameter'>, None, <pybindgen.typehandlers.ctypeparser.TypeTraits object at 0x7f1d732a5b70>))
DEBUG:pybindgen.typehandlers:TypeMatcher.lookup('void')
DEBUG:pybindgen.typehandlers:try to lookup type handler for 'void' => success ((<class 'pybindgen.typehandlers.voidtype.VoidReturn'>, None, <pybindgen.typehandlers.ctypeparser.TypeTraits object at 0x7f1d732a5fd0>))
DEBUG:pybindgen.typehandlers:TypeMatcher.lookup('ns3::NixVector *')
DEBUG:pybindgen.typehandlers:try to lookup type handler for 'ns3::NixVector *' => success ((<class 'pybindgen.cppclass.MemoryPolicy.register_ptr_parameter_and_return.<locals>.ThisClassPtrParameter'>, None, <pybindgen.typehandlers.ctypeparser.TypeTraits object at 0x7f1d732ad160>))
/home/cs18/tarballs/ns-allinone-3.34/ns-3.34/src/mpi/bindings/modulegen__gcc_LP64.py:1011: Warning: exception TypeConfigurationError('Missing transfer_ownership option',) in wrapper public: retval? ???::Delete (params?);
  is_static=True)
DEBUG:pybindgen.typehandlers:TypeMatcher.lookup('ns3::DefaultDeleter< ns3::Packet > const &')
DEBUG:pybindgen.typehandlers:try to lookup type handler for 'ns3::DefaultDeleter< ns3::Packet > const &' => success ((<class 'pybindgen.cppclass.CppClass.__init__.<locals>.ThisClassRefParameter'>, None, <pybindgen.typehandlers.ctypeparser.TypeTraits object at 0x7f1d732ad550>))
DEBUG:pybindgen.typehandlers:TypeMatcher.lookup('void')
DEBUG:pybindgen.typehandlers:try to lookup type handler for 'void' => success ((<class 'pybindgen.typehandlers.voidtype.VoidReturn'>, None, <pybindgen.typehandlers.ctypeparser.TypeTraits object at 0x7f1d732ad9b0>))
DEBUG:pybindgen.typehandlers:TypeMatcher.lookup('ns3::Packet *')
DEBUG:pybindgen.typehandlers:try to lookup type handler for 'ns3::Packet *' => success ((<class 'pybindgen.cppclass.MemoryPolicy.register_ptr_parameter_and_return.<locals>.ThisClassPtrParameter'>, None, <pybindgen.typehandlers.ctypeparser.TypeTraits object at 0x7f1d732adb00>))
/home/cs18/tarballs/ns-allinone-3.34/ns-3.34/src/mpi/bindings/modulegen__gcc_LP64.py:1023: Warning: exception TypeConfigurationError('Missing transfer_ownership option',) in wrapper public: retval? ???::Delete (params?);
  is_static=True)
DEBUG:pybindgen.typehandlers:TypeMatcher.lookup('ns3::DefaultDeleter< ns3::TraceSourceAccessor > const &')
DEBUG:pybindgen.typehandlers:try to lookup type handler for 'ns3::DefaultDeleter< ns3::TraceSourceAccessor > const &' => success ((<class 'pybindgen.cppclass.CppClass.__init__.<locals>.ThisClassRefParameter'>, None, <pybindgen.typehandlers.ctypeparser.TypeTraits object at 0x7f1d7329ee10>))
DEBUG:pybindgen.typehandlers:TypeMatcher.lookup('void')
DEBUG:pybindgen.typehandlers:try to lookup type handler for 'void' => success ((<class 'pybindgen.typehandlers.voidtype.VoidReturn'>, None, <pybindgen.typehandlers.ctypeparser.TypeTraits object at 0x7f1d73298710>))
DEBUG:pybindgen.typehandlers:TypeMatcher.lookup('ns3::TraceSourceAccessor *')
DEBUG:pybindgen.typehandlers:try to lookup type handler for 'ns3::TraceSourceAccessor *' => success ((<class 'pybindgen.cppclass.MemoryPolicy.register_ptr_parameter_and_return.<locals>.ThisClassPtrParameter'>, None, <pybindgen.typehandlers.ctypeparser.TypeTraits object at 0x7f1d732ad198>))
/home/cs18/tarballs/ns-allinone-3.34/ns-3.34/src/mpi/bindings/modulegen__gcc_LP64.py:1035: Warning: exception TypeConfigurationError('Missing transfer_ownership option',) in wrapper public: retval? ???::Delete (params?);
  is_static=True)
DEBUG:pybindgen.typehandlers:TypeMatcher.lookup('ns3::EventId const &')
DEBUG:pybindgen.typehandlers:try to lookup type handler for 'ns3::EventId const &' => success ((<class 'pybindgen.cppclass.CppClass.__init__.<locals>.ThisClassRefParameter'>, None, <pybindgen.typehandlers.ctypeparser.TypeTraits object at 0x7f1d732ad0b8>))
DEBUG:pybindgen.typehandlers:TypeMatcher.lookup('ns3::Ptr< ns3::EventImpl > const &')
DEBUG:pybindgen.typehandlers:try to lookup type handler for 'ns3::Ptr< ns3::EventImpl > const &' => failure
'ns3::Ptr< ns3::EventImpl > const &' did not match
/home/cs18/tarballs/ns-allinone-3.34/ns-3.34/src/mpi/bindings/modulegen__gcc_LP64.py:1047: Warning: exception TypeLookupError(['ns3::Ptr< ns3::EventImpl > &'],) in wrapper <pybindgen.cppmethod.CppConstructor object at 0x7f1d732b61d0>
  cls.add_constructor([param('ns3::Ptr< ns3::EventImpl > const &', 'impl'), param('uint64_t', 'ts'), param('uint32_t', 'context'), param('uint32_t', 'uid')])
DEBUG:pybindgen.typehandlers:TypeMatcher.lookup('void')
DEBUG:pybindgen.typehandlers:try to lookup type handler for 'void' => success ((<class 'pybindgen.typehandlers.voidtype.VoidReturn'>, None, <pybindgen.typehandlers.ctypeparser.TypeTraits object at 0x7f1d732b6400>))
DEBUG:pybindgen.typehandlers:TypeMatcher.lookup('uint32_t')
DEBUG:pybindgen.typehandlers:try to lookup type handler for 'uint32_t' => success ((<class 'pybindgen.typehandlers.inttype.UnsignedIntReturn'>, None, <pybindgen.typehandlers.ctypeparser.TypeTraits object at 0x7f1d732b6828>))
DEBUG:pybindgen.typehandlers:TypeMatcher.lookup('uint64_t')
DEBUG:pybindgen.typehandlers:try to lookup type handler for 'uint64_t' => success ((<class 'pybindgen.typehandlers.inttype.UnsignedLongLongReturn'>, None, <pybindgen.typehandlers.ctypeparser.TypeTraits object at 0x7f1d732b6ba8>))
DEBUG:pybindgen.typehandlers:TypeMatcher.lookup('uint32_t')
DEBUG:pybindgen.typehandlers:try to lookup type handler for 'uint32_t' => success ((<class 'pybindgen.typehandlers.inttype.UnsignedIntReturn'>, None, <pybindgen.typehandlers.ctypeparser.TypeTraits object at 0x7f1d732b6f28>))
DEBUG:pybindgen.typehandlers:TypeMatcher.lookup('bool')
DEBUG:pybindgen.typehandlers:try to lookup type handler for 'bool' => success ((<class 'pybindgen.typehandlers.booltype.BoolReturn'>, None, <pybindgen.typehandlers.ctypeparser.TypeTraits object at 0x7f1d732bd2e8>))
DEBUG:pybindgen.typehandlers:TypeMatcher.lookup('bool')
DEBUG:pybindgen.typehandlers:try to lookup type handler for 'bool' => success ((<class 'pybindgen.typehandlers.booltype.BoolReturn'>, None, <pybindgen.typehandlers.ctypeparser.TypeTraits object at 0x7f1d732bd6a0>))
DEBUG:pybindgen.typehandlers:TypeMatcher.lookup('ns3::EventImpl *')
DEBUG:pybindgen.typehandlers:try to lookup type handler for 'ns3::EventImpl *' => success ((<class 'pybindgen.cppclass.MemoryPolicy.register_ptr_parameter_and_return.<locals>.ThisClassPtrReturn'>, None, <pybindgen.typehandlers.ctypeparser.TypeTraits object at 0x7f1d732bda58>))
DEBUG:pybindgen.typehandlers:TypeMatcher.lookup('void')
DEBUG:pybindgen.typehandlers:try to lookup type handler for 'void' => success ((<class 'pybindgen.typehandlers.voidtype.VoidReturn'>, None, <pybindgen.typehandlers.ctypeparser.TypeTraits object at 0x7f1d732ad198>))
DEBUG:pybindgen.typehandlers:TypeMatcher.lookup('ns3::Hasher const &')
DEBUG:pybindgen.typehandlers:try to lookup type handler for 'ns3::Hasher const &' => success ((<class 'pybindgen.cppclass.CppClass.__init__.<locals>.ThisClassRefParameter'>, None, <pybindgen.typehandlers.ctypeparser.TypeTraits object at 0x7f1d732bdd68>))
DEBUG:pybindgen.typehandlers:TypeMatcher.lookup('ns3::Ptr< ns3::Hash::Implementation >')
DEBUG:pybindgen.typehandlers:try to lookup type handler for 'ns3::Ptr< ns3::Hash::Implementation >' => failure
DEBUG:pybindgen.typehandlers:try to lookup type handler for 'ns3::Hash::Implementation *' => success ((<class 'pybindgen.cppclass.MemoryPolicy.register_ptr_parameter_and_return.<locals>.ThisClassPtrParameter'>, <ns3modulegen_core_customizations.SmartPointerTransformation object at 0x7f1d735b7ac8>, <pybindgen.typehandlers.ctypeparser.TypeTraits object at 0x7f1d732c4630>))
DEBUG:pybindgen.typehandlers:TypeMatcher.lookup('uint32_t')
DEBUG:pybindgen.typehandlers:try to lookup type handler for 'uint32_t' => success ((<class 'pybindgen.typehandlers.inttype.UnsignedIntReturn'>, None, <pybindgen.typehandlers.ctypeparser.TypeTraits object at 0x7f1d732c4828>))
DEBUG:pybindgen.typehandlers:TypeMatcher.lookup('char const *')
DEBUG:pybindgen.typehandlers:try to lookup type handler for 'char const *' => success ((<class 'pybindgen.typehandlers.stringtype.CStringParam'>, None, <pybindgen.typehandlers.ctypeparser.TypeTraits object at 0x7f1d732c4940>))
DEBUG:pybindgen.typehandlers:TypeMatcher.lookup('std::size_t const')
DEBUG:pybindgen.typehandlers:try to lookup type handler for 'std::size_t const' => success ((<class 'pybindgen.typehandlers.inttype.SizeTParam'>, None, <pybindgen.typehandlers.ctypeparser.TypeTraits object at 0x7f1d732c4b00>))
DEBUG:pybindgen.typehandlers:TypeMatcher.lookup('uint32_t')
DEBUG:pybindgen.typehandlers:try to lookup type handler for 'uint32_t' => success ((<class 'pybindgen.typehandlers.inttype.UnsignedIntReturn'>, None, <pybindgen.typehandlers.ctypeparser.TypeTraits object at 0x7f1d732c4eb8>))
DEBUG:pybindgen.typehandlers:TypeMatcher.lookup('std::string const')
DEBUG:pybindgen.typehandlers:try to lookup type handler for 'std::string const' => success ((<class 'pybindgen.typehandlers.stringtype.StdStringParam'>, None, <pybindgen.typehandlers.ctypeparser.TypeTraits object at 0x7f1d732c4fd0>))
DEBUG:pybindgen.typehandlers:TypeMatcher.lookup('uint64_t')
DEBUG:pybindgen.typehandlers:try to lookup type handler for 'uint64_t' => success ((<class 'pybindgen.typehandlers.inttype.UnsignedLongLongReturn'>, None, <pybindgen.typehandlers.ctypeparser.TypeTraits object at 0x7f1d732cb390>))
DEBUG:pybindgen.typehandlers:TypeMatcher.lookup('char const *')
DEBUG:pybindgen.typehandlers:try to lookup type handler for 'char const *' => success ((<class 'pybindgen.typehandlers.stringtype.CStringParam'>, None, <pybindgen.typehandlers.ctypeparser.TypeTraits object at 0x7f1d732cb4a8>))
DEBUG:pybindgen.typehandlers:TypeMatcher.lookup('std::size_t const')
DEBUG:pybindgen.typehandlers:try to lookup type handler for 'std::size_t const' => success ((<class 'pybindgen.typehandlers.inttype.SizeTParam'>, None, <pybindgen.typehandlers.ctypeparser.TypeTraits object at 0x7f1d732cb668>))
DEBUG:pybindgen.typehandlers:TypeMatcher.lookup('uint64_t')
DEBUG:pybindgen.typehandlers:try to lookup type handler for 'uint64_t' => success ((<class 'pybindgen.typehandlers.inttype.UnsignedLongLongReturn'>, None, <pybindgen.typehandlers.ctypeparser.TypeTraits object at 0x7f1d732cba20>))
DEBUG:pybindgen.typehandlers:TypeMatcher.lookup('std::string const')
DEBUG:pybindgen.typehandlers:try to lookup type handler for 'std::string const' => success ((<class 'pybindgen.typehandlers.stringtype.StdStringParam'>, None, <pybindgen.typehandlers.ctypeparser.TypeTraits object at 0x7f1d732cbb38>))
DEBUG:pybindgen.typehandlers:TypeMatcher.lookup('ns3::Hasher &')
DEBUG:pybindgen.typehandlers:try to lookup type handler for 'ns3::Hasher &' => success ((<class 'pybindgen.cppclass.CppClass.__init__.<locals>.ThisClassRefReturn'>, None, <pybindgen.typehandlers.ctypeparser.TypeTraits object at 0x7f1d732cbeb8>))
DEBUG:pybindgen.typehandlers:TypeMatcher.lookup('ns3::Ipv4Address const &')
DEBUG:pybindgen.typehandlers:try to lookup type handler for 'ns3::Ipv4Address const &' => success ((<class 'pybindgen.cppclass.CppClass.__init__.<locals>.ThisClassRefParameter'>, None, <pybindgen.typehandlers.ctypeparser.TypeTraits object at 0x7f1d73253320>))
DEBUG:pybindgen.typehandlers:TypeMatcher.lookup('uint32_t')
DEBUG:pybindgen.typehandlers:try to lookup type handler for 'uint32_t' => success ((<class 'pybindgen.typehandlers.inttype.UnsignedIntParam'>, None, <pybindgen.typehandlers.ctypeparser.TypeTraits object at 0x7f1d73253978>))
DEBUG:pybindgen.typehandlers:TypeMatcher.lookup('char const *')
DEBUG:pybindgen.typehandlers:try to lookup type handler for 'char const *' => success ((<class 'pybindgen.typehandlers.stringtype.CStringParam'>, None, <pybindgen.typehandlers.ctypeparser.TypeTraits object at 0x7f1d73253cc0>))
DEBUG:pybindgen.typehandlers:TypeMatcher.lookup('ns3::Ipv4Address')
DEBUG:pybindgen.typehandlers:try to lookup type handler for 'ns3::Ipv4Address' => success ((<class 'pybindgen.cppclass.CppClass.__init__.<locals>.ThisClassReturn'>, None, <pybindgen.typehandlers.ctypeparser.TypeTraits object at 0x7f1d7325b0f0>))
DEBUG:pybindgen.typehandlers:TypeMatcher.lookup('ns3::Ipv4Mask const &')
DEBUG:pybindgen.typehandlers:try to lookup type handler for 'ns3::Ipv4Mask const &' => success ((<class 'pybindgen.cppclass.CppClass.__init__.<locals>.ThisClassRefParameter'>, None, <pybindgen.typehandlers.ctypeparser.TypeTraits object at 0x7f1d7325b208>))
DEBUG:pybindgen.typehandlers:TypeMatcher.lookup('ns3::Ipv4Address')
DEBUG:pybindgen.typehandlers:try to lookup type handler for 'ns3::Ipv4Address' => success ((<class 'pybindgen.cppclass.CppClass.__init__.<locals>.ThisClassReturn'>, None, <pybindgen.typehandlers.ctypeparser.TypeTraits object at 0x7f1d7325b5f8>))
DEBUG:pybindgen.typehandlers:TypeMatcher.lookup('ns3::Address const &')
DEBUG:pybindgen.typehandlers:try to lookup type handler for 'ns3::Address const &' => success ((<class 'pybindgen.cppclass.CppClass.__init__.<locals>.ThisClassRefParameter'>, None, <pybindgen.typehandlers.ctypeparser.TypeTraits object at 0x7f1d7325b710>))
DEBUG:pybindgen.typehandlers:TypeMatcher.lookup('ns3::Ipv4Address')
DEBUG:pybindgen.typehandlers:try to lookup type handler for 'ns3::Ipv4Address' => success ((<class 'pybindgen.cppclass.CppClass.__init__.<locals>.ThisClassReturn'>, None, <pybindgen.typehandlers.ctypeparser.TypeTraits object at 0x7f1d7325bb00>))
DEBUG:pybindgen.typehandlers:TypeMatcher.lookup('uint8_t const *')
DEBUG:pybindgen.typehandlers:try to lookup type handler for 'uint8_t const *' => success ((<class 'pybindgen.typehandlers.inttype.UInt8PtrParam'>, None, <pybindgen.typehandlers.ctypeparser.TypeTraits object at 0x7f1d7325bc18>))
/home/cs18/tarballs/ns-allinone-3.34/ns-3.34/src/mpi/bindings/modulegen__gcc_LP64.py:1144: Warning: exception TypeConfigurationError('direction not given',) in wrapper public: retval? ???::Deserialize (params?);
  is_static=True)
DEBUG:pybindgen.typehandlers:TypeMatcher.lookup('uint32_t')
DEBUG:pybindgen.typehandlers:try to lookup type handler for 'uint32_t' => success ((<class 'pybindgen.typehandlers.inttype.UnsignedIntReturn'>, None, <pybindgen.typehandlers.ctypeparser.TypeTraits object at 0x7f1d7325bd68>))
DEBUG:pybindgen.typehandlers:TypeMatcher.lookup('ns3::Ipv4Address')
DEBUG:pybindgen.typehandlers:try to lookup type handler for 'ns3::Ipv4Address' => success ((<class 'pybindgen.cppclass.CppClass.__init__.<locals>.ThisClassReturn'>, None, <pybindgen.typehandlers.ctypeparser.TypeTraits object at 0x7f1d73262198>))
DEBUG:pybindgen.typehandlers:TypeMatcher.lookup('ns3::Ipv4Address')
DEBUG:pybindgen.typehandlers:try to lookup type handler for 'ns3::Ipv4Address' => success ((<class 'pybindgen.cppclass.CppClass.__init__.<locals>.ThisClassReturn'>, None, <pybindgen.typehandlers.ctypeparser.TypeTraits object at 0x7f1d73262518>))
DEBUG:pybindgen.typehandlers:TypeMatcher.lookup('ns3::Ipv4Address')
DEBUG:pybindgen.typehandlers:try to lookup type handler for 'ns3::Ipv4Address' => success ((<class 'pybindgen.cppclass.CppClass.__init__.<locals>.ThisClassReturn'>, None, <pybindgen.typehandlers.ctypeparser.TypeTraits object at 0x7f1d73262898>))
DEBUG:pybindgen.typehandlers:TypeMatcher.lookup('ns3::Ipv4Address')
DEBUG:pybindgen.typehandlers:try to lookup type handler for 'ns3::Ipv4Address' => success ((<class 'pybindgen.cppclass.CppClass.__init__.<locals>.ThisClassReturn'>, None, <pybindgen.typehandlers.ctypeparser.TypeTraits object at 0x7f1d7325bba8>))
DEBUG:pybindgen.typehandlers:TypeMatcher.lookup('ns3::Ipv4Mask const &')
DEBUG:pybindgen.typehandlers:try to lookup type handler for 'ns3::Ipv4Mask const &' => success ((<class 'pybindgen.cppclass.CppClass.__init__.<locals>.ThisClassRefParameter'>, None, <pybindgen.typehandlers.ctypeparser.TypeTraits object at 0x7f1d73262a58>))
DEBUG:pybindgen.typehandlers:TypeMatcher.lookup('ns3::Ipv4Address')
DEBUG:pybindgen.typehandlers:try to lookup type handler for 'ns3::Ipv4Address' => success ((<class 'pybindgen.cppclass.CppClass.__init__.<locals>.ThisClassReturn'>, None, <pybindgen.typehandlers.ctypeparser.TypeTraits object at 0x7f1d73262e48>))
DEBUG:pybindgen.typehandlers:TypeMatcher.lookup('bool')
DEBUG:pybindgen.typehandlers:try to lookup type handler for 'bool' => success ((<class 'pybindgen.typehandlers.booltype.BoolReturn'>, None, <pybindgen.typehandlers.ctypeparser.TypeTraits object at 0x7f1d73267208>))
DEBUG:pybindgen.typehandlers:TypeMatcher.lookup('bool')
DEBUG:pybindgen.typehandlers:try to lookup type handler for 'bool' => success ((<class 'pybindgen.typehandlers.booltype.BoolReturn'>, None, <pybindgen.typehandlers.ctypeparser.TypeTraits object at 0x7f1d732675c0>))
DEBUG:pybindgen.typehandlers:TypeMatcher.lookup('bool')
DEBUG:pybindgen.typehandlers:try to lookup type handler for 'bool' => success ((<class 'pybindgen.typehandlers.booltype.BoolReturn'>, None, <pybindgen.typehandlers.ctypeparser.TypeTraits object at 0x7f1d73267978>))
DEBUG:pybindgen.typehandlers:TypeMatcher.lookup('ns3::Ipv4Address const &')
DEBUG:pybindgen.typehandlers:try to lookup type handler for 'ns3::Ipv4Address const &' => success ((<class 'pybindgen.cppclass.CppClass.__init__.<locals>.ThisClassRefParameter'>, None, <pybindgen.typehandlers.ctypeparser.TypeTraits object at 0x7f1d73267ac8>))
DEBUG:pybindgen.typehandlers:TypeMatcher.lookup('bool')
DEBUG:pybindgen.typehandlers:try to lookup type handler for 'bool' => success ((<class 'pybindgen.typehandlers.booltype.BoolReturn'>, None, <pybindgen.typehandlers.ctypeparser.TypeTraits object at 0x7f1d73267eb8>))
DEBUG:pybindgen.typehandlers:TypeMatcher.lookup('bool')
DEBUG:pybindgen.typehandlers:try to lookup type handler for 'bool' => success ((<class 'pybindgen.typehandlers.booltype.BoolReturn'>, None, <pybindgen.typehandlers.ctypeparser.TypeTraits object at 0x7f1d732722b0>))
DEBUG:pybindgen.typehandlers:TypeMatcher.lookup('bool')
DEBUG:pybindgen.typehandlers:try to lookup type handler for 'bool' => success ((<class 'pybindgen.typehandlers.booltype.BoolReturn'>, None, <pybindgen.typehandlers.ctypeparser.TypeTraits object at 0x7f1d73272668>))
DEBUG:pybindgen.typehandlers:TypeMatcher.lookup('bool')
DEBUG:pybindgen.typehandlers:try to lookup type handler for 'bool' => success ((<class 'pybindgen.typehandlers.booltype.BoolReturn'>, None, <pybindgen.typehandlers.ctypeparser.TypeTraits object at 0x7f1d73272a20>))
DEBUG:pybindgen.typehandlers:TypeMatcher.lookup('ns3::Address const &')
DEBUG:pybindgen.typehandlers:try to lookup type handler for 'ns3::Address const &' => success ((<class 'pybindgen.cppclass.CppClass.__init__.<locals>.ThisClassRefParameter'>, None, <pybindgen.typehandlers.ctypeparser.TypeTraits object at 0x7f1d73272b70>))
DEBUG:pybindgen.typehandlers:TypeMatcher.lookup('bool')
DEBUG:pybindgen.typehandlers:try to lookup type handler for 'bool' => success ((<class 'pybindgen.typehandlers.booltype.BoolReturn'>, None, <pybindgen.typehandlers.ctypeparser.TypeTraits object at 0x7f1d73272f60>))
DEBUG:pybindgen.typehandlers:TypeMatcher.lookup('bool')
DEBUG:pybindgen.typehandlers:try to lookup type handler for 'bool' => success ((<class 'pybindgen.typehandlers.booltype.BoolReturn'>, None, <pybindgen.typehandlers.ctypeparser.TypeTraits object at 0x7f1d73279358>))
DEBUG:pybindgen.typehandlers:TypeMatcher.lookup('ns3::Ipv4Mask const &')
DEBUG:pybindgen.typehandlers:try to lookup type handler for 'ns3::Ipv4Mask const &' => success ((<class 'pybindgen.cppclass.CppClass.__init__.<locals>.ThisClassRefParameter'>, None, <pybindgen.typehandlers.ctypeparser.TypeTraits object at 0x7f1d732794a8>))
DEBUG:pybindgen.typehandlers:TypeMatcher.lookup('void')
DEBUG:pybindgen.typehandlers:try to lookup type handler for 'void' => success ((<class 'pybindgen.typehandlers.voidtype.VoidReturn'>, None, <pybindgen.typehandlers.ctypeparser.TypeTraits object at 0x7f1d73279898>))
DEBUG:pybindgen.typehandlers:TypeMatcher.lookup('std::ostream &')
DEBUG:pybindgen.typehandlers:try to lookup type handler for 'std::ostream &' => failure
'std::ostream &' did not match
/home/cs18/tarballs/ns-allinone-3.34/ns-3.34/src/mpi/bindings/modulegen__gcc_LP64.py:1224: Warning: exception TypeLookupError(['std::ostream &'],) in wrapper public: retval? ???::Print (params?) const;
  is_const=True)
DEBUG:pybindgen.typehandlers:TypeMatcher.lookup('void')
DEBUG:pybindgen.typehandlers:try to lookup type handler for 'void' => success ((<class 'pybindgen.typehandlers.voidtype.VoidReturn'>, None, <pybindgen.typehandlers.ctypeparser.TypeTraits object at 0x7f1d73279b00>))
DEBUG:pybindgen.typehandlers:TypeMatcher.lookup('uint8_t *')
DEBUG:pybindgen.typehandlers:try to lookup type handler for 'uint8_t *' => success ((<class 'pybindgen.typehandlers.inttype.UInt8PtrParam'>, None, <pybindgen.typehandlers.ctypeparser.TypeTraits object at 0x7f1d73279c18>))
/home/cs18/tarballs/ns-allinone-3.34/ns-3.34/src/mpi/bindings/modulegen__gcc_LP64.py:1229: Warning: exception TypeConfigurationError('direction not given',) in wrapper public: retval? ???::Serialize (params?) const;
  is_const=True)
DEBUG:pybindgen.typehandlers:TypeMatcher.lookup('void')
DEBUG:pybindgen.typehandlers:try to lookup type handler for 'void' => success ((<class 'pybindgen.typehandlers.voidtype.VoidReturn'>, None, <pybindgen.typehandlers.ctypeparser.TypeTraits object at 0x7f1d73279cf8>))
DEBUG:pybindgen.typehandlers:TypeMatcher.lookup('uint32_t')
DEBUG:pybindgen.typehandlers:try to lookup type handler for 'uint32_t' => success ((<class 'pybindgen.typehandlers.inttype.UnsignedIntParam'>, None, <pybindgen.typehandlers.ctypeparser.TypeTraits object at 0x7f1d73279eb8>))
DEBUG:pybindgen.typehandlers:TypeMatcher.lookup('void')
DEBUG:pybindgen.typehandlers:try to lookup type handler for 'void' => success ((<class 'pybindgen.typehandlers.voidtype.VoidReturn'>, None, <pybindgen.typehandlers.ctypeparser.TypeTraits object at 0x7f1d73281240>))
DEBUG:pybindgen.typehandlers:TypeMatcher.lookup('char const *')
DEBUG:pybindgen.typehandlers:try to lookup type handler for 'char const *' => success ((<class 'pybindgen.typehandlers.stringtype.CStringParam'>, None, <pybindgen.typehandlers.ctypeparser.TypeTraits object at 0x7f1d73281390>))
DEBUG:pybindgen.typehandlers:TypeMatcher.lookup('ns3::Ipv4Mask const &')
DEBUG:pybindgen.typehandlers:try to lookup type handler for 'ns3::Ipv4Mask const &' => success ((<class 'pybindgen.cppclass.CppClass.__init__.<locals>.ThisClassRefParameter'>, None, <pybindgen.typehandlers.ctypeparser.TypeTraits object at 0x7f1d732817b8>))
DEBUG:pybindgen.typehandlers:TypeMatcher.lookup('uint32_t')
DEBUG:pybindgen.typehandlers:try to lookup type handler for 'uint32_t' => success ((<class 'pybindgen.typehandlers.inttype.UnsignedIntParam'>, None, <pybindgen.typehandlers.ctypeparser.TypeTraits object at 0x7f1d73281e10>))
DEBUG:pybindgen.typehandlers:TypeMatcher.lookup('char const *')
DEBUG:pybindgen.typehandlers:try to lookup type handler for 'char const *' => success ((<class 'pybindgen.typehandlers.stringtype.CStringParam'>, None, <pybindgen.typehandlers.ctypeparser.TypeTraits object at 0x7f1d73287198>))
DEBUG:pybindgen.typehandlers:TypeMatcher.lookup('uint32_t')
DEBUG:pybindgen.typehandlers:try to lookup type handler for 'uint32_t' => success ((<class 'pybindgen.typehandlers.inttype.UnsignedIntReturn'>, None, <pybindgen.typehandlers.ctypeparser.TypeTraits object at 0x7f1d73287588>))
DEBUG:pybindgen.typehandlers:TypeMatcher.lookup('uint32_t')
DEBUG:pybindgen.typehandlers:try to lookup type handler for 'uint32_t' => success ((<class 'pybindgen.typehandlers.inttype.UnsignedIntReturn'>, None, <pybindgen.typehandlers.ctypeparser.TypeTraits object at 0x7f1d73279c88>))
DEBUG:pybindgen.typehandlers:TypeMatcher.lookup('ns3::Ipv4Mask')
DEBUG:pybindgen.typehandlers:try to lookup type handler for 'ns3::Ipv4Mask' => success ((<class 'pybindgen.cppclass.CppClass.__init__.<locals>.ThisClassReturn'>, None, <pybindgen.typehandlers.ctypeparser.TypeTraits object at 0x7f1d732799b0>))
DEBUG:pybindgen.typehandlers:TypeMatcher.lookup('ns3::Ipv4Mask')
DEBUG:pybindgen.typehandlers:try to lookup type handler for 'ns3::Ipv4Mask' => success ((<class 'pybindgen.cppclass.CppClass.__init__.<locals>.ThisClassReturn'>, None, <pybindgen.typehandlers.ctypeparser.TypeTraits object at 0x7f1d73287898>))
DEBUG:pybindgen.typehandlers:TypeMatcher.lookup('uint16_t')
DEBUG:pybindgen.typehandlers:try to lookup type handler for 'uint16_t' => success ((<class 'pybindgen.typehandlers.inttype.UInt16Return'>, None, <pybindgen.typehandlers.ctypeparser.TypeTraits object at 0x7f1d73287c18>))
DEBUG:pybindgen.typehandlers:TypeMatcher.lookup('ns3::Ipv4Mask')
DEBUG:pybindgen.typehandlers:try to lookup type handler for 'ns3::Ipv4Mask' => success ((<class 'pybindgen.cppclass.CppClass.__init__.<locals>.ThisClassReturn'>, None, <pybindgen.typehandlers.ctypeparser.TypeTraits object at 0x7f1d73287f98>))
DEBUG:pybindgen.typehandlers:TypeMatcher.lookup('bool')
DEBUG:pybindgen.typehandlers:try to lookup type handler for 'bool' => success ((<class 'pybindgen.typehandlers.booltype.BoolReturn'>, None, <pybindgen.typehandlers.ctypeparser.TypeTraits object at 0x7f1d7328f358>))
DEBUG:pybindgen.typehandlers:TypeMatcher.lookup('ns3::Ipv4Mask')
DEBUG:pybindgen.typehandlers:try to lookup type handler for 'ns3::Ipv4Mask' => success ((<class 'pybindgen.cppclass.CppClass.__init__.<locals>.ThisClassParameter'>, None, <pybindgen.typehandlers.ctypeparser.TypeTraits object at 0x7f1d7328f4a8>))
DEBUG:pybindgen.typehandlers:TypeMatcher.lookup('bool')
DEBUG:pybindgen.typehandlers:try to lookup type handler for 'bool' => success ((<class 'pybindgen.typehandlers.booltype.BoolReturn'>, None, <pybindgen.typehandlers.ctypeparser.TypeTraits object at 0x7f1d7328f7f0>))
DEBUG:pybindgen.typehandlers:TypeMatcher.lookup('ns3::Ipv4Address')
DEBUG:pybindgen.typehandlers:try to lookup type handler for 'ns3::Ipv4Address' => success ((<class 'pybindgen.cppclass.CppClass.__init__.<locals>.ThisClassParameter'>, None, <pybindgen.typehandlers.ctypeparser.TypeTraits object at 0x7f1d7328f940>))
DEBUG:pybindgen.typehandlers:TypeMatcher.lookup('ns3::Ipv4Address')
DEBUG:pybindgen.typehandlers:try to lookup type handler for 'ns3::Ipv4Address' => success ((<class 'pybindgen.cppclass.CppClass.__init__.<locals>.ThisClassParameter'>, None, <pybindgen.typehandlers.ctypeparser.TypeTraits object at 0x7f1d7328f9e8>))
DEBUG:pybindgen.typehandlers:TypeMatcher.lookup('void')
DEBUG:pybindgen.typehandlers:try to lookup type handler for 'void' => success ((<class 'pybindgen.typehandlers.voidtype.VoidReturn'>, None, <pybindgen.typehandlers.ctypeparser.TypeTraits object at 0x7f1d7328fd68>))
DEBUG:pybindgen.typehandlers:TypeMatcher.lookup('std::ostream &')
DEBUG:pybindgen.typehandlers:try to lookup type handler for 'std::ostream &' => failure
'std::ostream &' did not match
/home/cs18/tarballs/ns-allinone-3.34/ns-3.34/src/mpi/bindings/modulegen__gcc_LP64.py:1296: Warning: exception TypeLookupError(['std::ostream &'],) in wrapper public: retval? ???::Print (params?) const;
  is_const=True)
DEBUG:pybindgen.typehandlers:TypeMatcher.lookup('void')
DEBUG:pybindgen.typehandlers:try to lookup type handler for 'void' => success ((<class 'pybindgen.typehandlers.voidtype.VoidReturn'>, None, <pybindgen.typehandlers.ctypeparser.TypeTraits object at 0x7f1d7328ffd0>))
DEBUG:pybindgen.typehandlers:TypeMatcher.lookup('uint32_t')
DEBUG:pybindgen.typehandlers:try to lookup type handler for 'uint32_t' => success ((<class 'pybindgen.typehandlers.inttype.UnsignedIntParam'>, None, <pybindgen.typehandlers.ctypeparser.TypeTraits object at 0x7f1d73216128>))
DEBUG:pybindgen.typehandlers:TypeMatcher.lookup('char const *')
DEBUG:pybindgen.typehandlers:try to lookup type handler for 'char const *' => success ((<class 'pybindgen.typehandlers.stringtype.CStringParam'>, None, <pybindgen.typehandlers.ctypeparser.TypeTraits object at 0x7f1d73216710>))
DEBUG:pybindgen.typehandlers:TypeMatcher.lookup('uint8_t *')
DEBUG:pybindgen.typehandlers:try to lookup type handler for 'uint8_t *' => success ((<class 'pybindgen.typehandlers.inttype.UInt8PtrParam'>, None, <pybindgen.typehandlers.ctypeparser.TypeTraits object at 0x7f1d7328fef0>))
/home/cs18/tarballs/ns-allinone-3.34/ns-3.34/src/mpi/bindings/modulegen__gcc_LP64.py:1313: Warning: exception TypeConfigurationError('direction not given',) in wrapper <pybindgen.cppmethod.CppConstructor object at 0x7f1d7328feb8>
  cls.add_constructor([param('uint8_t *', 'address')])
DEBUG:pybindgen.typehandlers:TypeMatcher.lookup('ns3::Ipv6Address const &')
DEBUG:pybindgen.typehandlers:try to lookup type handler for 'ns3::Ipv6Address const &' => success ((<class 'pybindgen.cppclass.CppClass.__init__.<locals>.ThisClassRefParameter'>, None, <pybindgen.typehandlers.ctypeparser.TypeTraits object at 0x7f1d7328fe10>))
DEBUG:pybindgen.typehandlers:TypeMatcher.lookup('ns3::Ipv6Address const *')
DEBUG:pybindgen.typehandlers:try to lookup type handler for 'ns3::Ipv6Address const *' => success ((<class 'pybindgen.cppclass.CppClass.__init__.<locals>.ThisClassPtrParameter'>, None, <pybindgen.typehandlers.ctypeparser.TypeTraits object at 0x7f1d73216e80>))
DEBUG:pybindgen.typehandlers:TypeMatcher.lookup('ns3::Ipv6Address')
DEBUG:pybindgen.typehandlers:try to lookup type handler for 'ns3::Ipv6Address' => success ((<class 'pybindgen.cppclass.CppClass.__init__.<locals>.ThisClassReturn'>, None, <pybindgen.typehandlers.ctypeparser.TypeTraits object at 0x7f1d7321e278>))
DEBUG:pybindgen.typehandlers:TypeMatcher.lookup('ns3::Ipv6Prefix const &')
DEBUG:pybindgen.typehandlers:try to lookup type handler for 'ns3::Ipv6Prefix const &' => success ((<class 'pybindgen.cppclass.CppClass.__init__.<locals>.ThisClassRefParameter'>, None, <pybindgen.typehandlers.ctypeparser.TypeTraits object at 0x7f1d7321e390>))
DEBUG:pybindgen.typehandlers:TypeMatcher.lookup('ns3::Ipv6Address')
DEBUG:pybindgen.typehandlers:try to lookup type handler for 'ns3::Ipv6Address' => success ((<class 'pybindgen.cppclass.CppClass.__init__.<locals>.ThisClassReturn'>, None, <pybindgen.typehandlers.ctypeparser.TypeTraits object at 0x7f1d7321e780>))
DEBUG:pybindgen.typehandlers:TypeMatcher.lookup('ns3::Address const &')
DEBUG:pybindgen.typehandlers:try to lookup type handler for 'ns3::Address const &' => success ((<class 'pybindgen.cppclass.CppClass.__init__.<locals>.ThisClassRefParameter'>, None, <pybindgen.typehandlers.ctypeparser.TypeTraits object at 0x7f1d7321e898>))
DEBUG:pybindgen.typehandlers:TypeMatcher.lookup('ns3::Ipv6Address')
DEBUG:pybindgen.typehandlers:try to lookup type handler for 'ns3::Ipv6Address' => success ((<class 'pybindgen.cppclass.CppClass.__init__.<locals>.ThisClassReturn'>, None, <pybindgen.typehandlers.ctypeparser.TypeTraits object at 0x7f1d7321ec88>))
DEBUG:pybindgen.typehandlers:TypeMatcher.lookup('uint8_t const *')
DEBUG:pybindgen.typehandlers:try to lookup type handler for 'uint8_t const *' => success ((<class 'pybindgen.typehandlers.inttype.UInt8PtrParam'>, None, <pybindgen.typehandlers.ctypeparser.TypeTraits object at 0x7f1d7321eda0>))
/home/cs18/tarballs/ns-allinone-3.34/ns-3.34/src/mpi/bindings/modulegen__gcc_LP64.py:1332: Warning: exception TypeConfigurationError('direction not given',) in wrapper public: retval? ???::Deserialize (params?);
  is_static=True)
DEBUG:pybindgen.typehandlers:TypeMatcher.lookup('ns3::Ipv6Address')
DEBUG:pybindgen.typehandlers:try to lookup type handler for 'ns3::Ipv6Address' => success ((<class 'pybindgen.cppclass.CppClass.__init__.<locals>.ThisClassReturn'>, None, <pybindgen.typehandlers.ctypeparser.TypeTraits object at 0x7f1d7321eef0>))
DEBUG:pybindgen.typehandlers:TypeMatcher.lookup('ns3::Ipv6Address')
DEBUG:pybindgen.typehandlers:try to lookup type handler for 'ns3::Ipv6Address' => success ((<class 'pybindgen.cppclass.CppClass.__init__.<locals>.ThisClassReturn'>, None, <pybindgen.typehandlers.ctypeparser.TypeTraits object at 0x7f1d73226320>))
DEBUG:pybindgen.typehandlers:TypeMatcher.lookup('ns3::Ipv6Address')
DEBUG:pybindgen.typehandlers:try to lookup type handler for 'ns3::Ipv6Address' => success ((<class 'pybindgen.cppclass.CppClass.__init__.<locals>.ThisClassReturn'>, None, <pybindgen.typehandlers.ctypeparser.TypeTraits object at 0x7f1d732266a0>))
DEBUG:pybindgen.typehandlers:TypeMatcher.lookup('ns3::Ipv6Address')
DEBUG:pybindgen.typehandlers:try to lookup type handler for 'ns3::Ipv6Address' => success ((<class 'pybindgen.cppclass.CppClass.__init__.<locals>.ThisClassReturn'>, None, <pybindgen.typehandlers.ctypeparser.TypeTraits object at 0x7f1d73226a20>))
DEBUG:pybindgen.typehandlers:TypeMatcher.lookup('void')
DEBUG:pybindgen.typehandlers:try to lookup type handler for 'void' => success ((<class 'pybindgen.typehandlers.voidtype.VoidReturn'>, None, <pybindgen.typehandlers.ctypeparser.TypeTraits object at 0x7f1d73226da0>))
DEBUG:pybindgen.typehandlers:TypeMatcher.lookup('uint8_t *')
DEBUG:pybindgen.typehandlers:try to lookup type handler for 'uint8_t *' => success ((<class 'pybindgen.typehandlers.inttype.UInt8PtrParam'>, None, <pybindgen.typehandlers.ctypeparser.TypeTraits object at 0x7f1d73226ef0>))
/home/cs18/tarballs/ns-allinone-3.34/ns-3.34/src/mpi/bindings/modulegen__gcc_LP64.py:1357: Warning: exception TypeConfigurationError('direction not given',) in wrapper public: retval? ???::GetBytes (params?) const;
  is_const=True)
DEBUG:pybindgen.typehandlers:TypeMatcher.lookup('ns3::Ipv4Address')
DEBUG:pybindgen.typehandlers:try to lookup type handler for 'ns3::Ipv4Address' => success ((<class 'pybindgen.cppclass.CppClass.__init__.<locals>.ThisClassReturn'>, None, <pybindgen.typehandlers.ctypeparser.TypeTraits object at 0x7f1d7321edd8>))
DEBUG:pybindgen.typehandlers:TypeMatcher.lookup('ns3::Ipv6Address')
DEBUG:pybindgen.typehandlers:try to lookup type handler for 'ns3::Ipv6Address' => success ((<class 'pybindgen.cppclass.CppClass.__init__.<locals>.ThisClassReturn'>, None, <pybindgen.typehandlers.ctypeparser.TypeTraits object at 0x7f1d7328fda0>))
DEBUG:pybindgen.typehandlers:TypeMatcher.lookup('ns3::Ipv6Address')
DEBUG:pybindgen.typehandlers:try to lookup type handler for 'ns3::Ipv6Address' => success ((<class 'pybindgen.cppclass.CppClass.__init__.<locals>.ThisClassReturn'>, None, <pybindgen.typehandlers.ctypeparser.TypeTraits object at 0x7f1d7322b320>))
DEBUG:pybindgen.typehandlers:TypeMatcher.lookup('ns3::Ipv6Address')
DEBUG:pybindgen.typehandlers:try to lookup type handler for 'ns3::Ipv6Address' => success ((<class 'pybindgen.cppclass.CppClass.__init__.<locals>.ThisClassReturn'>, None, <pybindgen.typehandlers.ctypeparser.TypeTraits object at 0x7f1d7322b6a0>))
DEBUG:pybindgen.typehandlers:TypeMatcher.lookup('bool')
DEBUG:pybindgen.typehandlers:try to lookup type handler for 'bool' => success ((<class 'pybindgen.typehandlers.booltype.BoolReturn'>, None, <pybindgen.typehandlers.ctypeparser.TypeTraits object at 0x7f1d7322ba20>))
DEBUG:pybindgen.typehandlers:TypeMatcher.lookup('ns3::Ipv6Prefix const &')
DEBUG:pybindgen.typehandlers:try to lookup type handler for 'ns3::Ipv6Prefix const &' => success ((<class 'pybindgen.cppclass.CppClass.__init__.<locals>.ThisClassRefParameter'>, None, <pybindgen.typehandlers.ctypeparser.TypeTraits object at 0x7f1d7322bb70>))
DEBUG:pybindgen.typehandlers:TypeMatcher.lookup('bool')
DEBUG:pybindgen.typehandlers:try to lookup type handler for 'bool' => success ((<class 'pybindgen.typehandlers.booltype.BoolReturn'>, None, <pybindgen.typehandlers.ctypeparser.TypeTraits object at 0x7f1d7322bf60>))
DEBUG:pybindgen.typehandlers:TypeMatcher.lookup('bool')
DEBUG:pybindgen.typehandlers:try to lookup type handler for 'bool' => success ((<class 'pybindgen.typehandlers.booltype.BoolReturn'>, None, <pybindgen.typehandlers.ctypeparser.TypeTraits object at 0x7f1d73237358>))
DEBUG:pybindgen.typehandlers:TypeMatcher.lookup('bool')
DEBUG:pybindgen.typehandlers:try to lookup type handler for 'bool' => success ((<class 'pybindgen.typehandlers.booltype.BoolReturn'>, None, <pybindgen.typehandlers.ctypeparser.TypeTraits object at 0x7f1d73237710>))
DEBUG:pybindgen.typehandlers:TypeMatcher.lookup('bool')
DEBUG:pybindgen.typehandlers:try to lookup type handler for 'bool' => success ((<class 'pybindgen.typehandlers.booltype.BoolReturn'>, None, <pybindgen.typehandlers.ctypeparser.TypeTraits object at 0x7f1d73237ac8>))
DEBUG:pybindgen.typehandlers:TypeMatcher.lookup('bool')
DEBUG:pybindgen.typehandlers:try to lookup type handler for 'bool' => success ((<class 'pybindgen.typehandlers.booltype.BoolReturn'>, None, <pybindgen.typehandlers.ctypeparser.TypeTraits object at 0x7f1d73237e80>))
DEBUG:pybindgen.typehandlers:TypeMatcher.lookup('ns3::Ipv6Address const &')
DEBUG:pybindgen.typehandlers:try to lookup type handler for 'ns3::Ipv6Address const &' => success ((<class 'pybindgen.cppclass.CppClass.__init__.<locals>.ThisClassRefParameter'>, None, <pybindgen.typehandlers.ctypeparser.TypeTraits object at 0x7f1d73237fd0>))
DEBUG:pybindgen.typehandlers:TypeMatcher.lookup('bool')
DEBUG:pybindgen.typehandlers:try to lookup type handler for 'bool' => success ((<class 'pybindgen.typehandlers.booltype.BoolReturn'>, None, <pybindgen.typehandlers.ctypeparser.TypeTraits object at 0x7f1d7323e400>))
DEBUG:pybindgen.typehandlers:TypeMatcher.lookup('bool')
DEBUG:pybindgen.typehandlers:try to lookup type handler for 'bool' => success ((<class 'pybindgen.typehandlers.booltype.BoolReturn'>, None, <pybindgen.typehandlers.ctypeparser.TypeTraits object at 0x7f1d7323e7b8>))
DEBUG:pybindgen.typehandlers:TypeMatcher.lookup('bool')
DEBUG:pybindgen.typehandlers:try to lookup type handler for 'bool' => success ((<class 'pybindgen.typehandlers.booltype.BoolReturn'>, None, <pybindgen.typehandlers.ctypeparser.TypeTraits object at 0x7f1d7323eb70>))
DEBUG:pybindgen.typehandlers:TypeMatcher.lookup('bool')
DEBUG:pybindgen.typehandlers:try to lookup type handler for 'bool' => success ((<class 'pybindgen.typehandlers.booltype.BoolReturn'>, None, <pybindgen.typehandlers.ctypeparser.TypeTraits object at 0x7f1d7323ef28>))
DEBUG:pybindgen.typehandlers:TypeMatcher.lookup('bool')
DEBUG:pybindgen.typehandlers:try to lookup type handler for 'bool' => success ((<class 'pybindgen.typehandlers.booltype.BoolReturn'>, None, <pybindgen.typehandlers.ctypeparser.TypeTraits object at 0x7f1d73244320>))
DEBUG:pybindgen.typehandlers:TypeMatcher.lookup('bool')
DEBUG:pybindgen.typehandlers:try to lookup type handler for 'bool' => success ((<class 'pybindgen.typehandlers.booltype.BoolReturn'>, None, <pybindgen.typehandlers.ctypeparser.TypeTraits object at 0x7f1d732446d8>))
DEBUG:pybindgen.typehandlers:TypeMatcher.lookup('ns3::Address const &')
DEBUG:pybindgen.typehandlers:try to lookup type handler for 'ns3::Address const &' => success ((<class 'pybindgen.cppclass.CppClass.__init__.<locals>.ThisClassRefParameter'>, None, <pybindgen.typehandlers.ctypeparser.TypeTraits object at 0x7f1d73244828>))
DEBUG:pybindgen.typehandlers:TypeMatcher.lookup('bool')
DEBUG:pybindgen.typehandlers:try to lookup type handler for 'bool' => success ((<class 'pybindgen.typehandlers.booltype.BoolReturn'>, None, <pybindgen.typehandlers.ctypeparser.TypeTraits object at 0x7f1d73244c18>))
DEBUG:pybindgen.typehandlers:TypeMatcher.lookup('bool')
DEBUG:pybindgen.typehandlers:try to lookup type handler for 'bool' => success ((<class 'pybindgen.typehandlers.booltype.BoolReturn'>, None, <pybindgen.typehandlers.ctypeparser.TypeTraits object at 0x7f1d73244fd0>))
DEBUG:pybindgen.typehandlers:TypeMatcher.lookup('ns3::Ipv6Address')
DEBUG:pybindgen.typehandlers:try to lookup type handler for 'ns3::Ipv6Address' => success ((<class 'pybindgen.cppclass.CppClass.__init__.<locals>.ThisClassReturn'>, None, <pybindgen.typehandlers.ctypeparser.TypeTraits object at 0x7f1d7324a3c8>))
DEBUG:pybindgen.typehandlers:TypeMatcher.lookup('ns3::Address')
DEBUG:pybindgen.typehandlers:try to lookup type handler for 'ns3::Address' => success ((<class 'pybindgen.cppclass.CppClass.__init__.<locals>.ThisClassParameter'>, None, <pybindgen.typehandlers.ctypeparser.TypeTraits object at 0x7f1d7324a4e0>))
DEBUG:pybindgen.typehandlers:TypeMatcher.lookup('ns3::Ipv6Address')
DEBUG:pybindgen.typehandlers:try to lookup type handler for 'ns3::Ipv6Address' => success ((<class 'pybindgen.cppclass.CppClass.__init__.<locals>.ThisClassParameter'>, None, <pybindgen.typehandlers.ctypeparser.TypeTraits object at 0x7f1d7324a588>))
DEBUG:pybindgen.typehandlers:TypeMatcher.lookup('ns3::Ipv6Address')
DEBUG:pybindgen.typehandlers:try to lookup type handler for 'ns3::Ipv6Address' => success ((<class 'pybindgen.cppclass.CppClass.__init__.<locals>.ThisClassReturn'>, None, <pybindgen.typehandlers.ctypeparser.TypeTraits object at 0x7f1d7324a908>))
DEBUG:pybindgen.typehandlers:TypeMatcher.lookup('ns3::Mac16Address')
DEBUG:pybindgen.typehandlers:try to lookup type handler for 'ns3::Mac16Address' => failure
'ns3::Mac16Address' did not match
/home/cs18/tarballs/ns-allinone-3.34/ns-3.34/src/mpi/bindings/modulegen__gcc_LP64.py:1457: Warning: exception TypeLookupError(['ns3::Mac16Address'],) in wrapper public: retval? ???::MakeAutoconfiguredAddress (params?);
  is_static=True)
DEBUG:pybindgen.typehandlers:TypeMatcher.lookup('ns3::Ipv6Address')
DEBUG:pybindgen.typehandlers:try to lookup type handler for 'ns3::Ipv6Address' => success ((<class 'pybindgen.cppclass.CppClass.__init__.<locals>.ThisClassReturn'>, None, <pybindgen.typehandlers.ctypeparser.TypeTraits object at 0x7f1d7324ab00>))
DEBUG:pybindgen.typehandlers:TypeMatcher.lookup('ns3::Mac48Address')
DEBUG:pybindgen.typehandlers:try to lookup type handler for 'ns3::Mac48Address' => success ((<class 'pybindgen.cppclass.CppClass.__init__.<locals>.ThisClassParameter'>, None, <pybindgen.typehandlers.ctypeparser.TypeTraits object at 0x7f1d7324a8d0>))
DEBUG:pybindgen.typehandlers:TypeMatcher.lookup('ns3::Ipv6Address')
DEBUG:pybindgen.typehandlers:try to lookup type handler for 'ns3::Ipv6Address' => success ((<class 'pybindgen.cppclass.CppClass.__init__.<locals>.ThisClassParameter'>, None, <pybindgen.typehandlers.ctypeparser.TypeTraits object at 0x7f1d7324a9e8>))
DEBUG:pybindgen.typehandlers:TypeMatcher.lookup('ns3::Ipv6Address')
DEBUG:pybindgen.typehandlers:try to lookup type handler for 'ns3::Ipv6Address' => success ((<class 'pybindgen.cppclass.CppClass.__init__.<locals>.ThisClassReturn'>, None, <pybindgen.typehandlers.ctypeparser.TypeTraits object at 0x7f1d7324ae10>))
DEBUG:pybindgen.typehandlers:TypeMatcher.lookup('ns3::Mac64Address')
DEBUG:pybindgen.typehandlers:try to lookup type handler for 'ns3::Mac64Address' => failure
'ns3::Mac64Address' did not match
/home/cs18/tarballs/ns-allinone-3.34/ns-3.34/src/mpi/bindings/modulegen__gcc_LP64.py:1467: Warning: exception TypeLookupError(['ns3::Mac64Address'],) in wrapper public: retval? ???::MakeAutoconfiguredAddress (params?);
  is_static=True)
DEBUG:pybindgen.typehandlers:TypeMatcher.lookup('ns3::Ipv6Address')
DEBUG:pybindgen.typehandlers:try to lookup type handler for 'ns3::Ipv6Address' => success ((<class 'pybindgen.cppclass.CppClass.__init__.<locals>.ThisClassReturn'>, None, <pybindgen.typehandlers.ctypeparser.TypeTraits object at 0x7f1d7324afd0>))
DEBUG:pybindgen.typehandlers:TypeMatcher.lookup('ns3::Mac8Address')
DEBUG:pybindgen.typehandlers:try to lookup type handler for 'ns3::Mac8Address' => success ((<class 'pybindgen.cppclass.CppClass.__init__.<locals>.ThisClassParameter'>, None, <pybindgen.typehandlers.ctypeparser.TypeTraits object at 0x7f1d731d6128>))
DEBUG:pybindgen.typehandlers:TypeMatcher.lookup('ns3::Ipv6Address')
DEBUG:pybindgen.typehandlers:try to lookup type handler for 'ns3::Ipv6Address' => success ((<class 'pybindgen.cppclass.CppClass.__init__.<locals>.ThisClassParameter'>, None, <pybindgen.typehandlers.ctypeparser.TypeTraits object at 0x7f1d731d61d0>))
DEBUG:pybindgen.typehandlers:TypeMatcher.lookup('ns3::Ipv6Address')
DEBUG:pybindgen.typehandlers:try to lookup type handler for 'ns3::Ipv6Address' => success ((<class 'pybindgen.cppclass.CppClass.__init__.<locals>.ThisClassReturn'>, None, <pybindgen.typehandlers.ctypeparser.TypeTraits object at 0x7f1d731d6518>))
DEBUG:pybindgen.typehandlers:TypeMatcher.lookup('ns3::Address')
DEBUG:pybindgen.typehandlers:try to lookup type handler for 'ns3::Address' => success ((<class 'pybindgen.cppclass.CppClass.__init__.<locals>.ThisClassParameter'>, None, <pybindgen.typehandlers.ctypeparser.TypeTraits object at 0x7f1d731d6630>))
DEBUG:pybindgen.typehandlers:TypeMatcher.lookup('ns3::Ipv6Address')
DEBUG:pybindgen.typehandlers:try to lookup type handler for 'ns3::Ipv6Address' => success ((<class 'pybindgen.cppclass.CppClass.__init__.<locals>.ThisClassReturn'>, None, <pybindgen.typehandlers.ctypeparser.TypeTraits object at 0x7f1d731d6978>))
DEBUG:pybindgen.typehandlers:TypeMatcher.lookup('ns3::Mac16Address')
DEBUG:pybindgen.typehandlers:try to lookup type handler for 'ns3::Mac16Address' => failure
'ns3::Mac16Address' did not match
/home/cs18/tarballs/ns-allinone-3.34/ns-3.34/src/mpi/bindings/modulegen__gcc_LP64.py:1482: Warning: exception TypeLookupError(['ns3::Mac16Address'],) in wrapper public: retval? ???::MakeAutoconfiguredLinkLocalAddress (params?);
  is_static=True)
DEBUG:pybindgen.typehandlers:TypeMatcher.lookup('ns3::Ipv6Address')
DEBUG:pybindgen.typehandlers:try to lookup type handler for 'ns3::Ipv6Address' => success ((<class 'pybindgen.cppclass.CppClass.__init__.<locals>.ThisClassReturn'>, None, <pybindgen.typehandlers.ctypeparser.TypeTraits object at 0x7f1d731d6b70>))
DEBUG:pybindgen.typehandlers:TypeMatcher.lookup('ns3::Mac48Address')
DEBUG:pybindgen.typehandlers:try to lookup type handler for 'ns3::Mac48Address' => success ((<class 'pybindgen.cppclass.CppClass.__init__.<locals>.ThisClassParameter'>, None, <pybindgen.typehandlers.ctypeparser.TypeTraits object at 0x7f1d731d6c50>))
DEBUG:pybindgen.typehandlers:TypeMatcher.lookup('ns3::Ipv6Address')
DEBUG:pybindgen.typehandlers:try to lookup type handler for 'ns3::Ipv6Address' => success ((<class 'pybindgen.cppclass.CppClass.__init__.<locals>.ThisClassReturn'>, None, <pybindgen.typehandlers.ctypeparser.TypeTraits object at 0x7f1d731d6f60>))
DEBUG:pybindgen.typehandlers:TypeMatcher.lookup('ns3::Mac64Address')
DEBUG:pybindgen.typehandlers:try to lookup type handler for 'ns3::Mac64Address' => failure
'ns3::Mac64Address' did not match
/home/cs18/tarballs/ns-allinone-3.34/ns-3.34/src/mpi/bindings/modulegen__gcc_LP64.py:1492: Warning: exception TypeLookupError(['ns3::Mac64Address'],) in wrapper public: retval? ???::MakeAutoconfiguredLinkLocalAddress (params?);
  is_static=True)
DEBUG:pybindgen.typehandlers:TypeMatcher.lookup('ns3::Ipv6Address')
DEBUG:pybindgen.typehandlers:try to lookup type handler for 'ns3::Ipv6Address' => success ((<class 'pybindgen.cppclass.CppClass.__init__.<locals>.ThisClassReturn'>, None, <pybindgen.typehandlers.ctypeparser.TypeTraits object at 0x7f1d731db198>))
DEBUG:pybindgen.typehandlers:TypeMatcher.lookup('ns3::Mac8Address')
DEBUG:pybindgen.typehandlers:try to lookup type handler for 'ns3::Mac8Address' => success ((<class 'pybindgen.cppclass.CppClass.__init__.<locals>.ThisClassParameter'>, None, <pybindgen.typehandlers.ctypeparser.TypeTraits object at 0x7f1d731db278>))
DEBUG:pybindgen.typehandlers:TypeMatcher.lookup('ns3::Ipv6Address')
DEBUG:pybindgen.typehandlers:try to lookup type handler for 'ns3::Ipv6Address' => success ((<class 'pybindgen.cppclass.CppClass.__init__.<locals>.ThisClassReturn'>, None, <pybindgen.typehandlers.ctypeparser.TypeTraits object at 0x7f1d731db588>))
DEBUG:pybindgen.typehandlers:TypeMatcher.lookup('ns3::Ipv4Address')
DEBUG:pybindgen.typehandlers:try to lookup type handler for 'ns3::Ipv4Address' => success ((<class 'pybindgen.cppclass.CppClass.__init__.<locals>.ThisClassParameter'>, None, <pybindgen.typehandlers.ctypeparser.TypeTraits object at 0x7f1d731db6a0>))
DEBUG:pybindgen.typehandlers:TypeMatcher.lookup('ns3::Ipv6Address')
DEBUG:pybindgen.typehandlers:try to lookup type handler for 'ns3::Ipv6Address' => success ((<class 'pybindgen.cppclass.CppClass.__init__.<locals>.ThisClassReturn'>, None, <pybindgen.typehandlers.ctypeparser.TypeTraits object at 0x7f1d731db9e8>))
DEBUG:pybindgen.typehandlers:TypeMatcher.lookup('ns3::Ipv6Address')
DEBUG:pybindgen.typehandlers:try to lookup type handler for 'ns3::Ipv6Address' => success ((<class 'pybindgen.cppclass.CppClass.__init__.<locals>.ThisClassParameter'>, None, <pybindgen.typehandlers.ctypeparser.TypeTraits object at 0x7f1d731dbb00>))
DEBUG:pybindgen.typehandlers:TypeMatcher.lookup('void')
DEBUG:pybindgen.typehandlers:try to lookup type handler for 'void' => success ((<class 'pybindgen.typehandlers.voidtype.VoidReturn'>, None, <pybindgen.typehandlers.ctypeparser.TypeTraits object at 0x7f1d731d6a90>))
DEBUG:pybindgen.typehandlers:TypeMatcher.lookup('std::ostream &')
DEBUG:pybindgen.typehandlers:try to lookup type handler for 'std::ostream &' => failure
'std::ostream &' did not match
/home/cs18/tarballs/ns-allinone-3.34/ns-3.34/src/mpi/bindings/modulegen__gcc_LP64.py:1512: Warning: exception TypeLookupError(['std::ostream &'],) in wrapper public: retval? ???::Print (params?) const;
  is_const=True)
DEBUG:pybindgen.typehandlers:TypeMatcher.lookup('void')
DEBUG:pybindgen.typehandlers:try to lookup type handler for 'void' => success ((<class 'pybindgen.typehandlers.voidtype.VoidReturn'>, None, <pybindgen.typehandlers.ctypeparser.TypeTraits object at 0x7f1d7324aeb8>))
DEBUG:pybindgen.typehandlers:TypeMatcher.lookup('uint8_t *')
DEBUG:pybindgen.typehandlers:try to lookup type handler for 'uint8_t *' => success ((<class 'pybindgen.typehandlers.inttype.UInt8PtrParam'>, None, <pybindgen.typehandlers.ctypeparser.TypeTraits object at 0x7f1d731db0b8>))
/home/cs18/tarballs/ns-allinone-3.34/ns-3.34/src/mpi/bindings/modulegen__gcc_LP64.py:1517: Warning: exception TypeConfigurationError('direction not given',) in wrapper public: retval? ???::Serialize (params?) const;
  is_const=True)
DEBUG:pybindgen.typehandlers:TypeMatcher.lookup('void')
DEBUG:pybindgen.typehandlers:try to lookup type handler for 'void' => success ((<class 'pybindgen.typehandlers.voidtype.VoidReturn'>, None, <pybindgen.typehandlers.ctypeparser.TypeTraits object at 0x7f1d731dbd68>))
DEBUG:pybindgen.typehandlers:TypeMatcher.lookup('char const *')
DEBUG:pybindgen.typehandlers:try to lookup type handler for 'char const *' => success ((<class 'pybindgen.typehandlers.stringtype.CStringParam'>, None, <pybindgen.typehandlers.ctypeparser.TypeTraits object at 0x7f1d731dbf28>))
DEBUG:pybindgen.typehandlers:TypeMatcher.lookup('void')
DEBUG:pybindgen.typehandlers:try to lookup type handler for 'void' => success ((<class 'pybindgen.typehandlers.voidtype.VoidReturn'>, None, <pybindgen.typehandlers.ctypeparser.TypeTraits object at 0x7f1d731e5390>))
DEBUG:pybindgen.typehandlers:TypeMatcher.lookup('uint8_t *')
DEBUG:pybindgen.typehandlers:try to lookup type handler for 'uint8_t *' => success ((<class 'pybindgen.typehandlers.inttype.UInt8PtrParam'>, None, <pybindgen.typehandlers.ctypeparser.TypeTraits object at 0x7f1d731e54e0>))
/home/cs18/tarballs/ns-allinone-3.34/ns-3.34/src/mpi/bindings/modulegen__gcc_LP64.py:1525: Warning: exception TypeConfigurationError('direction not given',) in wrapper public: retval? ???::Set (params?);
  [param('uint8_t *', 'address')])
DEBUG:pybindgen.typehandlers:TypeMatcher.lookup('uint8_t *')
DEBUG:pybindgen.typehandlers:try to lookup type handler for 'uint8_t *' => success ((<class 'pybindgen.typehandlers.inttype.UInt8PtrParam'>, None, <pybindgen.typehandlers.ctypeparser.TypeTraits object at 0x7f1d731e58d0>))
/home/cs18/tarballs/ns-allinone-3.34/ns-3.34/src/mpi/bindings/modulegen__gcc_LP64.py:1535: Warning: exception TypeConfigurationError('direction not given',) in wrapper <pybindgen.cppmethod.CppConstructor object at 0x7f1d731e5860>
  cls.add_constructor([param('uint8_t *', 'prefix')])
DEBUG:pybindgen.typehandlers:TypeMatcher.lookup('char const *')
DEBUG:pybindgen.typehandlers:try to lookup type handler for 'char const *' => success ((<class 'pybindgen.typehandlers.stringtype.CStringParam'>, None, <pybindgen.typehandlers.ctypeparser.TypeTraits object at 0x7f1d731e5a58>))
DEBUG:pybindgen.typehandlers:TypeMatcher.lookup('uint8_t *')
DEBUG:pybindgen.typehandlers:try to lookup type handler for 'uint8_t *' => success ((<class 'pybindgen.typehandlers.inttype.UInt8PtrParam'>, None, <pybindgen.typehandlers.ctypeparser.TypeTraits object at 0x7f1d731e5e80>))
/home/cs18/tarballs/ns-allinone-3.34/ns-3.34/src/mpi/bindings/modulegen__gcc_LP64.py:1539: Warning: exception TypeConfigurationError('direction not given',) in wrapper <pybindgen.cppmethod.CppConstructor object at 0x7f1d731e5e10>
  cls.add_constructor([param('uint8_t *', 'prefix'), param('uint8_t', 'prefixLength')])
DEBUG:pybindgen.typehandlers:TypeMatcher.lookup('char const *')
DEBUG:pybindgen.typehandlers:try to lookup type handler for 'char const *' => success ((<class 'pybindgen.typehandlers.stringtype.CStringParam'>, None, <pybindgen.typehandlers.ctypeparser.TypeTraits object at 0x7f1d731e9048>))
DEBUG:pybindgen.typehandlers:TypeMatcher.lookup('uint8_t')
DEBUG:pybindgen.typehandlers:try to lookup type handler for 'uint8_t' => success ((<class 'pybindgen.typehandlers.inttype.UInt8Param'>, None, <pybindgen.typehandlers.ctypeparser.TypeTraits object at 0x7f1d731e9208>))
DEBUG:pybindgen.typehandlers:TypeMatcher.lookup('uint8_t')
DEBUG:pybindgen.typehandlers:try to lookup type handler for 'uint8_t' => success ((<class 'pybindgen.typehandlers.inttype.UInt8Param'>, None, <pybindgen.typehandlers.ctypeparser.TypeTraits object at 0x7f1d731e9588>))
DEBUG:pybindgen.typehandlers:TypeMatcher.lookup('ns3::Ipv6Prefix const &')
DEBUG:pybindgen.typehandlers:try to lookup type handler for 'ns3::Ipv6Prefix const &' => success ((<class 'pybindgen.cppclass.CppClass.__init__.<locals>.ThisClassRefParameter'>, None, <pybindgen.typehandlers.ctypeparser.TypeTraits object at 0x7f1d731e9908>))
DEBUG:pybindgen.typehandlers:TypeMatcher.lookup('ns3::Ipv6Prefix const *')
DEBUG:pybindgen.typehandlers:try to lookup type handler for 'ns3::Ipv6Prefix const *' => success ((<class 'pybindgen.cppclass.CppClass.__init__.<locals>.ThisClassPtrParameter'>, None, <pybindgen.typehandlers.ctypeparser.TypeTraits object at 0x7f1d731e9cf8>))
DEBUG:pybindgen.typehandlers:TypeMatcher.lookup('void')
DEBUG:pybindgen.typehandlers:try to lookup type handler for 'void' => success ((<class 'pybindgen.typehandlers.voidtype.VoidReturn'>, None, <pybindgen.typehandlers.ctypeparser.TypeTraits object at 0x7f1d731e5e80>))
DEBUG:pybindgen.typehandlers:TypeMatcher.lookup('uint8_t *')
DEBUG:pybindgen.typehandlers:try to lookup type handler for 'uint8_t *' => success ((<class 'pybindgen.typehandlers.inttype.UInt8PtrParam'>, None, <pybindgen.typehandlers.ctypeparser.TypeTraits object at 0x7f1d731e5e48>))
/home/cs18/tarballs/ns-allinone-3.34/ns-3.34/src/mpi/bindings/modulegen__gcc_LP64.py:1552: Warning: exception TypeConfigurationError('direction not given',) in wrapper public: retval? ???::GetBytes (params?) const;
  is_const=True)
DEBUG:pybindgen.typehandlers:TypeMatcher.lookup('ns3::Ipv6Prefix')
DEBUG:pybindgen.typehandlers:try to lookup type handler for 'ns3::Ipv6Prefix' => success ((<class 'pybindgen.cppclass.CppClass.__init__.<locals>.ThisClassReturn'>, None, <pybindgen.typehandlers.ctypeparser.TypeTraits object at 0x7f1d731e5978>))
DEBUG:pybindgen.typehandlers:TypeMatcher.lookup('uint8_t')
DEBUG:pybindgen.typehandlers:try to lookup type handler for 'uint8_t' => success ((<class 'pybindgen.typehandlers.inttype.UInt8Return'>, None, <pybindgen.typehandlers.ctypeparser.TypeTraits object at 0x7f1d731db048>))
DEBUG:pybindgen.typehandlers:TypeMatcher.lookup('ns3::Ipv6Prefix')
DEBUG:pybindgen.typehandlers:try to lookup type handler for 'ns3::Ipv6Prefix' => success ((<class 'pybindgen.cppclass.CppClass.__init__.<locals>.ThisClassReturn'>, None, <pybindgen.typehandlers.ctypeparser.TypeTraits object at 0x7f1d731d6b00>))
DEBUG:pybindgen.typehandlers:TypeMatcher.lookup('uint8_t')
DEBUG:pybindgen.typehandlers:try to lookup type handler for 'uint8_t' => success ((<class 'pybindgen.typehandlers.inttype.UInt8Return'>, None, <pybindgen.typehandlers.ctypeparser.TypeTraits object at 0x7f1d731f03c8>))
DEBUG:pybindgen.typehandlers:TypeMatcher.lookup('ns3::Ipv6Prefix')
DEBUG:pybindgen.typehandlers:try to lookup type handler for 'ns3::Ipv6Prefix' => success ((<class 'pybindgen.cppclass.CppClass.__init__.<locals>.ThisClassReturn'>, None, <pybindgen.typehandlers.ctypeparser.TypeTraits object at 0x7f1d731f0780>))
DEBUG:pybindgen.typehandlers:TypeMatcher.lookup('bool')
DEBUG:pybindgen.typehandlers:try to lookup type handler for 'bool' => success ((<class 'pybindgen.typehandlers.booltype.BoolReturn'>, None, <pybindgen.typehandlers.ctypeparser.TypeTraits object at 0x7f1d731f0b00>))
DEBUG:pybindgen.typehandlers:TypeMatcher.lookup('ns3::Ipv6Prefix const &')
DEBUG:pybindgen.typehandlers:try to lookup type handler for 'ns3::Ipv6Prefix const &' => success ((<class 'pybindgen.cppclass.CppClass.__init__.<locals>.ThisClassRefParameter'>, None, <pybindgen.typehandlers.ctypeparser.TypeTraits object at 0x7f1d731f0c50>))
DEBUG:pybindgen.typehandlers:TypeMatcher.lookup('bool')
DEBUG:pybindgen.typehandlers:try to lookup type handler for 'bool' => success ((<class 'pybindgen.typehandlers.booltype.BoolReturn'>, None, <pybindgen.typehandlers.ctypeparser.TypeTraits object at 0x7f1d731f7080>))
DEBUG:pybindgen.typehandlers:TypeMatcher.lookup('ns3::Ipv6Address')
DEBUG:pybindgen.typehandlers:try to lookup type handler for 'ns3::Ipv6Address' => success ((<class 'pybindgen.cppclass.CppClass.__init__.<locals>.ThisClassParameter'>, None, <pybindgen.typehandlers.ctypeparser.TypeTraits object at 0x7f1d731f71d0>))
DEBUG:pybindgen.typehandlers:TypeMatcher.lookup('ns3::Ipv6Address')
DEBUG:pybindgen.typehandlers:try to lookup type handler for 'ns3::Ipv6Address' => success ((<class 'pybindgen.cppclass.CppClass.__init__.<locals>.ThisClassParameter'>, None, <pybindgen.typehandlers.ctypeparser.TypeTraits object at 0x7f1d731f7278>))
DEBUG:pybindgen.typehandlers:TypeMatcher.lookup('void')
DEBUG:pybindgen.typehandlers:try to lookup type handler for 'void' => success ((<class 'pybindgen.typehandlers.voidtype.VoidReturn'>, None, <pybindgen.typehandlers.ctypeparser.TypeTraits object at 0x7f1d731f75f8>))
DEBUG:pybindgen.typehandlers:TypeMatcher.lookup('std::ostream &')
DEBUG:pybindgen.typehandlers:try to lookup type handler for 'std::ostream &' => failure
'std::ostream &' did not match
/home/cs18/tarballs/ns-allinone-3.34/ns-3.34/src/mpi/bindings/modulegen__gcc_LP64.py:1592: Warning: exception TypeLookupError(['std::ostream &'],) in wrapper public: retval? ???::Print (params?) const;
  is_const=True)
DEBUG:pybindgen.typehandlers:TypeMatcher.lookup('void')
DEBUG:pybindgen.typehandlers:try to lookup type handler for 'void' => success ((<class 'pybindgen.typehandlers.voidtype.VoidReturn'>, None, <pybindgen.typehandlers.ctypeparser.TypeTraits object at 0x7f1d731f7860>))
DEBUG:pybindgen.typehandlers:TypeMatcher.lookup('uint8_t')
DEBUG:pybindgen.typehandlers:try to lookup type handler for 'uint8_t' => success ((<class 'pybindgen.typehandlers.inttype.UInt8Param'>, None, <pybindgen.typehandlers.ctypeparser.TypeTraits object at 0x7f1d731f7978>))
DEBUG:pybindgen.typehandlers:TypeMatcher.lookup('ns3::LogComponent const &')
DEBUG:pybindgen.typehandlers:try to lookup type handler for 'ns3::LogComponent const &' => success ((<class 'pybindgen.cppclass.CppClass.__init__.<locals>.ThisClassRefParameter'>, None, <pybindgen.typehandlers.ctypeparser.TypeTraits object at 0x7f1d731f7d30>))
DEBUG:pybindgen.typehandlers:TypeMatcher.lookup('std::string const &')
DEBUG:pybindgen.typehandlers:try to lookup type handler for 'std::string const &' => success ((<class 'pybindgen.typehandlers.stringtype.StdStringRefParam'>, None, <pybindgen.typehandlers.ctypeparser.TypeTraits object at 0x7f1d731ff160>))
DEBUG:pybindgen.typehandlers:TypeMatcher.lookup('std::string const &')
DEBUG:pybindgen.typehandlers:try to lookup type handler for 'std::string const &' => success ((<class 'pybindgen.typehandlers.stringtype.StdStringRefParam'>, None, <pybindgen.typehandlers.ctypeparser.TypeTraits object at 0x7f1d731f75c0>))
DEBUG:pybindgen.typehandlers:TypeMatcher.lookup('ns3::LogLevel const')
DEBUG:pybindgen.typehandlers:try to lookup type handler for 'ns3::LogLevel const' => success ((<class 'pybindgen.enum.Enum.set_module.<locals>.ThisEnumParameter'>, None, <pybindgen.typehandlers.ctypeparser.TypeTraits object at 0x7f1d731f7630>))
DEBUG:pybindgen.typehandlers:TypeMatcher.lookup('void')
DEBUG:pybindgen.typehandlers:try to lookup type handler for 'void' => success ((<class 'pybindgen.typehandlers.voidtype.VoidReturn'>, None, <pybindgen.typehandlers.ctypeparser.TypeTraits object at 0x7f1d731ff2b0>))
DEBUG:pybindgen.typehandlers:TypeMatcher.lookup('ns3::LogLevel const')
DEBUG:pybindgen.typehandlers:try to lookup type handler for 'ns3::LogLevel const' => success ((<class 'pybindgen.enum.Enum.set_module.<locals>.ThisEnumParameter'>, None, <pybindgen.typehandlers.ctypeparser.TypeTraits object at 0x7f1d731ff400>))
DEBUG:pybindgen.typehandlers:TypeMatcher.lookup('void')
DEBUG:pybindgen.typehandlers:try to lookup type handler for 'void' => success ((<class 'pybindgen.typehandlers.voidtype.VoidReturn'>, None, <pybindgen.typehandlers.ctypeparser.TypeTraits object at 0x7f1d731ff748>))
DEBUG:pybindgen.typehandlers:TypeMatcher.lookup('ns3::LogLevel const')
DEBUG:pybindgen.typehandlers:try to lookup type handler for 'ns3::LogLevel const' => success ((<class 'pybindgen.enum.Enum.set_module.<locals>.ThisEnumParameter'>, None, <pybindgen.typehandlers.ctypeparser.TypeTraits object at 0x7f1d731ff898>))
DEBUG:pybindgen.typehandlers:TypeMatcher.lookup('std::string')
DEBUG:pybindgen.typehandlers:try to lookup type handler for 'std::string' => success ((<class 'pybindgen.typehandlers.stringtype.StdStringReturn'>, None, <pybindgen.typehandlers.ctypeparser.TypeTraits object at 0x7f1d731ffbe0>))
DEBUG:pybindgen.typehandlers:TypeMatcher.lookup('ns3::LogComponent::ComponentList *')
DEBUG:pybindgen.typehandlers:try to lookup type handler for 'ns3::LogComponent::ComponentList *' => failure
'ns3::LogComponent::ComponentList *' did not match
/home/cs18/tarballs/ns-allinone-3.34/ns-3.34/src/mpi/bindings/modulegen__gcc_LP64.py:1621: Warning: exception TypeLookupError(['ns3::LogComponent::ComponentList *'],) in wrapper public: retval? ???::GetComponentList (params?);
  is_static=True)
DEBUG:pybindgen.typehandlers:TypeMatcher.lookup('std::string')
DEBUG:pybindgen.typehandlers:try to lookup type handler for 'std::string' => success ((<class 'pybindgen.typehandlers.stringtype.StdStringReturn'>, None, <pybindgen.typehandlers.ctypeparser.TypeTraits object at 0x7f1d732060b8>))
DEBUG:pybindgen.typehandlers:TypeMatcher.lookup('ns3::LogLevel const')
DEBUG:pybindgen.typehandlers:try to lookup type handler for 'ns3::LogLevel const' => success ((<class 'pybindgen.enum.Enum.set_module.<locals>.ThisEnumParameter'>, None, <pybindgen.typehandlers.ctypeparser.TypeTraits object at 0x7f1d73206198>))
DEBUG:pybindgen.typehandlers:TypeMatcher.lookup('bool')
DEBUG:pybindgen.typehandlers:try to lookup type handler for 'bool' => success ((<class 'pybindgen.typehandlers.booltype.BoolReturn'>, None, <pybindgen.typehandlers.ctypeparser.TypeTraits object at 0x7f1d732064e0>))
DEBUG:pybindgen.typehandlers:TypeMatcher.lookup('ns3::LogLevel const')
DEBUG:pybindgen.typehandlers:try to lookup type handler for 'ns3::LogLevel const' => success ((<class 'pybindgen.enum.Enum.set_module.<locals>.ThisEnumParameter'>, None, <pybindgen.typehandlers.ctypeparser.TypeTraits object at 0x7f1d73206630>))
DEBUG:pybindgen.typehandlers:TypeMatcher.lookup('bool')
DEBUG:pybindgen.typehandlers:try to lookup type handler for 'bool' => success ((<class 'pybindgen.typehandlers.booltype.BoolReturn'>, None, <pybindgen.typehandlers.ctypeparser.TypeTraits object at 0x7f1d73206978>))
DEBUG:pybindgen.typehandlers:TypeMatcher.lookup('char const *')
DEBUG:pybindgen.typehandlers:try to lookup type handler for 'char const *' => success ((<class 'pybindgen.typehandlers.stringtype.CStringReturn'>, None, <pybindgen.typehandlers.ctypeparser.TypeTraits object at 0x7f1d73206d30>))
DEBUG:pybindgen.typehandlers:TypeMatcher.lookup('void')
DEBUG:pybindgen.typehandlers:try to lookup type handler for 'void' => success ((<class 'pybindgen.typehandlers.voidtype.VoidReturn'>, None, <pybindgen.typehandlers.ctypeparser.TypeTraits object at 0x7f1d7320f160>))
DEBUG:pybindgen.typehandlers:TypeMatcher.lookup('ns3::LogLevel const')
DEBUG:pybindgen.typehandlers:try to lookup type handler for 'ns3::LogLevel const' => success ((<class 'pybindgen.enum.Enum.set_module.<locals>.ThisEnumParameter'>, None, <pybindgen.typehandlers.ctypeparser.TypeTraits object at 0x7f1d7320f320>))
DEBUG:pybindgen.typehandlers:TypeMatcher.lookup('ns3::Mac48Address const &')
DEBUG:pybindgen.typehandlers:try to lookup type handler for 'ns3::Mac48Address const &' => success ((<class 'pybindgen.cppclass.CppClass.__init__.<locals>.ThisClassRefParameter'>, None, <pybindgen.typehandlers.ctypeparser.TypeTraits object at 0x7f1d731fffd0>))
DEBUG:pybindgen.typehandlers:TypeMatcher.lookup('char const *')
DEBUG:pybindgen.typehandlers:try to lookup type handler for 'char const *' => success ((<class 'pybindgen.typehandlers.stringtype.CStringParam'>, None, <pybindgen.typehandlers.ctypeparser.TypeTraits object at 0x7f1d7320fc18>))
DEBUG:pybindgen.typehandlers:TypeMatcher.lookup('ns3::Mac48Address')
DEBUG:pybindgen.typehandlers:try to lookup type handler for 'ns3::Mac48Address' => success ((<class 'pybindgen.cppclass.CppClass.__init__.<locals>.ThisClassReturn'>, None, <pybindgen.typehandlers.ctypeparser.TypeTraits object at 0x7f1d73197048>))
DEBUG:pybindgen.typehandlers:TypeMatcher.lookup('ns3::Mac48Address')
DEBUG:pybindgen.typehandlers:try to lookup type handler for 'ns3::Mac48Address' => success ((<class 'pybindgen.cppclass.CppClass.__init__.<locals>.ThisClassReturn'>, None, <pybindgen.typehandlers.ctypeparser.TypeTraits object at 0x7f1d731973c8>))
DEBUG:pybindgen.typehandlers:TypeMatcher.lookup('ns3::Address const &')
DEBUG:pybindgen.typehandlers:try to lookup type handler for 'ns3::Address const &' => success ((<class 'pybindgen.cppclass.CppClass.__init__.<locals>.ThisClassRefParameter'>, None, <pybindgen.typehandlers.ctypeparser.TypeTraits object at 0x7f1d731974e0>))
DEBUG:pybindgen.typehandlers:TypeMatcher.lookup('void')
DEBUG:pybindgen.typehandlers:try to lookup type handler for 'void' => success ((<class 'pybindgen.typehandlers.voidtype.VoidReturn'>, None, <pybindgen.typehandlers.ctypeparser.TypeTraits object at 0x7f1d731978d0>))
DEBUG:pybindgen.typehandlers:TypeMatcher.lookup('uint8_t const *')
DEBUG:pybindgen.typehandlers:try to lookup type handler for 'uint8_t const *' => success ((<class 'pybindgen.typehandlers.inttype.UInt8PtrParam'>, None, <pybindgen.typehandlers.ctypeparser.TypeTraits object at 0x7f1d73197a20>))
/home/cs18/tarballs/ns-allinone-3.34/ns-3.34/src/mpi/bindings/modulegen__gcc_LP64.py:1672: Warning: exception TypeConfigurationError('direction not given',) in wrapper public: retval? ???::CopyFrom (params?);
  [param('uint8_t const *', 'buffer')])
DEBUG:pybindgen.typehandlers:TypeMatcher.lookup('void')
DEBUG:pybindgen.typehandlers:try to lookup type handler for 'void' => success ((<class 'pybindgen.typehandlers.voidtype.VoidReturn'>, None, <pybindgen.typehandlers.ctypeparser.TypeTraits object at 0x7f1d73197b70>))
DEBUG:pybindgen.typehandlers:TypeMatcher.lookup('uint8_t *')
DEBUG:pybindgen.typehandlers:try to lookup type handler for 'uint8_t *' => success ((<class 'pybindgen.typehandlers.inttype.UInt8PtrParam'>, None, <pybindgen.typehandlers.ctypeparser.TypeTraits object at 0x7f1d73197d30>))
/home/cs18/tarballs/ns-allinone-3.34/ns-3.34/src/mpi/bindings/modulegen__gcc_LP64.py:1677: Warning: exception TypeConfigurationError('direction not given',) in wrapper public: retval? ???::CopyTo (params?) const;
  is_const=True)
DEBUG:pybindgen.typehandlers:TypeMatcher.lookup('ns3::Mac48Address')
DEBUG:pybindgen.typehandlers:try to lookup type handler for 'ns3::Mac48Address' => success ((<class 'pybindgen.cppclass.CppClass.__init__.<locals>.ThisClassReturn'>, None, <pybindgen.typehandlers.ctypeparser.TypeTraits object at 0x7f1d73197e10>))
DEBUG:pybindgen.typehandlers:TypeMatcher.lookup('ns3::Mac48Address')
DEBUG:pybindgen.typehandlers:try to lookup type handler for 'ns3::Mac48Address' => success ((<class 'pybindgen.cppclass.CppClass.__init__.<locals>.ThisClassReturn'>, None, <pybindgen.typehandlers.ctypeparser.TypeTraits object at 0x7f1d7319d240>))
DEBUG:pybindgen.typehandlers:TypeMatcher.lookup('ns3::Ipv4Address')
DEBUG:pybindgen.typehandlers:try to lookup type handler for 'ns3::Ipv4Address' => success ((<class 'pybindgen.cppclass.CppClass.__init__.<locals>.ThisClassParameter'>, None, <pybindgen.typehandlers.ctypeparser.TypeTraits object at 0x7f1d7319d358>))
DEBUG:pybindgen.typehandlers:TypeMatcher.lookup('ns3::Mac48Address')
DEBUG:pybindgen.typehandlers:try to lookup type handler for 'ns3::Mac48Address' => success ((<class 'pybindgen.cppclass.CppClass.__init__.<locals>.ThisClassReturn'>, None, <pybindgen.typehandlers.ctypeparser.TypeTraits object at 0x7f1d7319d6a0>))
DEBUG:pybindgen.typehandlers:TypeMatcher.lookup('ns3::Ipv6Address')
DEBUG:pybindgen.typehandlers:try to lookup type handler for 'ns3::Ipv6Address' => success ((<class 'pybindgen.cppclass.CppClass.__init__.<locals>.ThisClassParameter'>, None, <pybindgen.typehandlers.ctypeparser.TypeTraits object at 0x7f1d7319d7b8>))
DEBUG:pybindgen.typehandlers:TypeMatcher.lookup('ns3::Mac48Address')
DEBUG:pybindgen.typehandlers:try to lookup type handler for 'ns3::Mac48Address' => success ((<class 'pybindgen.cppclass.CppClass.__init__.<locals>.ThisClassReturn'>, None, <pybindgen.typehandlers.ctypeparser.TypeTraits object at 0x7f1d7319dac8>))
DEBUG:pybindgen.typehandlers:TypeMatcher.lookup('ns3::Mac48Address')
DEBUG:pybindgen.typehandlers:try to lookup type handler for 'ns3::Mac48Address' => success ((<class 'pybindgen.cppclass.CppClass.__init__.<locals>.ThisClassReturn'>, None, <pybindgen.typehandlers.ctypeparser.TypeTraits object at 0x7f1d73197da0>))
DEBUG:pybindgen.typehandlers:TypeMatcher.lookup('bool')
DEBUG:pybindgen.typehandlers:try to lookup type handler for 'bool' => success ((<class 'pybindgen.typehandlers.booltype.BoolReturn'>, None, <pybindgen.typehandlers.ctypeparser.TypeTraits object at 0x7f1d73197ba8>))
DEBUG:pybindgen.typehandlers:TypeMatcher.lookup('bool')
DEBUG:pybindgen.typehandlers:try to lookup type handler for 'bool' => success ((<class 'pybindgen.typehandlers.booltype.BoolReturn'>, None, <pybindgen.typehandlers.ctypeparser.TypeTraits object at 0x7f1d7319dfd0>))
DEBUG:pybindgen.typehandlers:TypeMatcher.lookup('bool')
DEBUG:pybindgen.typehandlers:try to lookup type handler for 'bool' => success ((<class 'pybindgen.typehandlers.booltype.BoolReturn'>, None, <pybindgen.typehandlers.ctypeparser.TypeTraits object at 0x7f1d731a43c8>))
DEBUG:pybindgen.typehandlers:TypeMatcher.lookup('ns3::Address const &')
DEBUG:pybindgen.typehandlers:try to lookup type handler for 'ns3::Address const &' => success ((<class 'pybindgen.cppclass.CppClass.__init__.<locals>.ThisClassRefParameter'>, None, <pybindgen.typehandlers.ctypeparser.TypeTraits object at 0x7f1d731a4518>))
DEBUG:pybindgen.typehandlers:TypeMatcher.lookup('ns3::Mac8Address const &')
DEBUG:pybindgen.typehandlers:try to lookup type handler for 'ns3::Mac8Address const &' => success ((<class 'pybindgen.cppclass.CppClass.__init__.<locals>.ThisClassRefParameter'>, None, <pybindgen.typehandlers.ctypeparser.TypeTraits object at 0x7f1d731a4940>))
DEBUG:pybindgen.typehandlers:TypeMatcher.lookup('uint8_t')
DEBUG:pybindgen.typehandlers:try to lookup type handler for 'uint8_t' => success ((<class 'pybindgen.typehandlers.inttype.UInt8Param'>, None, <pybindgen.typehandlers.ctypeparser.TypeTraits object at 0x7f1d731a4f98>))
DEBUG:pybindgen.typehandlers:TypeMatcher.lookup('ns3::Mac8Address')
DEBUG:pybindgen.typehandlers:try to lookup type handler for 'ns3::Mac8Address' => success ((<class 'pybindgen.cppclass.CppClass.__init__.<locals>.ThisClassReturn'>, None, <pybindgen.typehandlers.ctypeparser.TypeTraits object at 0x7f1d731ad320>))
DEBUG:pybindgen.typehandlers:TypeMatcher.lookup('ns3::Mac8Address')
DEBUG:pybindgen.typehandlers:try to lookup type handler for 'ns3::Mac8Address' => success ((<class 'pybindgen.cppclass.CppClass.__init__.<locals>.ThisClassReturn'>, None, <pybindgen.typehandlers.ctypeparser.TypeTraits object at 0x7f1d731ad6a0>))
DEBUG:pybindgen.typehandlers:TypeMatcher.lookup('ns3::Address const &')
DEBUG:pybindgen.typehandlers:try to lookup type handler for 'ns3::Address const &' => success ((<class 'pybindgen.cppclass.CppClass.__init__.<locals>.ThisClassRefParameter'>, None, <pybindgen.typehandlers.ctypeparser.TypeTraits object at 0x7f1d731ad7b8>))
DEBUG:pybindgen.typehandlers:TypeMatcher.lookup('void')
DEBUG:pybindgen.typehandlers:try to lookup type handler for 'void' => success ((<class 'pybindgen.typehandlers.voidtype.VoidReturn'>, None, <pybindgen.typehandlers.ctypeparser.TypeTraits object at 0x7f1d731adba8>))
DEBUG:pybindgen.typehandlers:TypeMatcher.lookup('uint8_t const *')
DEBUG:pybindgen.typehandlers:try to lookup type handler for 'uint8_t const *' => success ((<class 'pybindgen.typehandlers.inttype.UInt8PtrParam'>, None, <pybindgen.typehandlers.ctypeparser.TypeTraits object at 0x7f1d731adcf8>))
/home/cs18/tarballs/ns-allinone-3.34/ns-3.34/src/mpi/bindings/modulegen__gcc_LP64.py:1744: Warning: exception TypeConfigurationError('direction not given',) in wrapper public: retval? ???::CopyFrom (params?);
  [param('uint8_t const *', 'pBuffer')])
DEBUG:pybindgen.typehandlers:TypeMatcher.lookup('void')
DEBUG:pybindgen.typehandlers:try to lookup type handler for 'void' => success ((<class 'pybindgen.typehandlers.voidtype.VoidReturn'>, None, <pybindgen.typehandlers.ctypeparser.TypeTraits object at 0x7f1d731ade48>))
DEBUG:pybindgen.typehandlers:TypeMatcher.lookup('uint8_t *')
DEBUG:pybindgen.typehandlers:try to lookup type handler for 'uint8_t *' => success ((<class 'pybindgen.typehandlers.inttype.UInt8PtrParam'>, None, <pybindgen.typehandlers.ctypeparser.TypeTraits object at 0x7f1d731b3048>))
/home/cs18/tarballs/ns-allinone-3.34/ns-3.34/src/mpi/bindings/modulegen__gcc_LP64.py:1749: Warning: exception TypeConfigurationError('direction not given',) in wrapper public: retval? ???::CopyTo (params?) const;
  is_const=True)
DEBUG:pybindgen.typehandlers:TypeMatcher.lookup('ns3::Mac8Address')
DEBUG:pybindgen.typehandlers:try to lookup type handler for 'ns3::Mac8Address' => success ((<class 'pybindgen.cppclass.CppClass.__init__.<locals>.ThisClassReturn'>, None, <pybindgen.typehandlers.ctypeparser.TypeTraits object at 0x7f1d731adeb8>))
DEBUG:pybindgen.typehandlers:TypeMatcher.lookup('bool')
DEBUG:pybindgen.typehandlers:try to lookup type handler for 'bool' => success ((<class 'pybindgen.typehandlers.booltype.BoolReturn'>, None, <pybindgen.typehandlers.ctypeparser.TypeTraits object at 0x7f1d731adc18>))
DEBUG:pybindgen.typehandlers:TypeMatcher.lookup('ns3::Address const &')
DEBUG:pybindgen.typehandlers:try to lookup type handler for 'ns3::Address const &' => success ((<class 'pybindgen.cppclass.CppClass.__init__.<locals>.ThisClassRefParameter'>, None, <pybindgen.typehandlers.ctypeparser.TypeTraits object at 0x7f1d731b3080>))
DEBUG:pybindgen.typehandlers:TypeMatcher.lookup('ns3::MpiInterface const &')
DEBUG:pybindgen.typehandlers:try to lookup type handler for 'ns3::MpiInterface const &' => success ((<class 'pybindgen.cppclass.CppClass.__init__.<locals>.ThisClassRefParameter'>, None, <pybindgen.typehandlers.ctypeparser.TypeTraits object at 0x7f1d731b3748>))
DEBUG:pybindgen.typehandlers:TypeMatcher.lookup('void')
DEBUG:pybindgen.typehandlers:try to lookup type handler for 'void' => success ((<class 'pybindgen.typehandlers.voidtype.VoidReturn'>, None, <pybindgen.typehandlers.ctypeparser.TypeTraits object at 0x7f1d731b3b00>))
DEBUG:pybindgen.typehandlers:TypeMatcher.lookup('void')
DEBUG:pybindgen.typehandlers:try to lookup type handler for 'void' => success ((<class 'pybindgen.typehandlers.voidtype.VoidReturn'>, None, <pybindgen.typehandlers.ctypeparser.TypeTraits object at 0x7f1d731b3eb8>))
DEBUG:pybindgen.typehandlers:TypeMatcher.lookup('void')
DEBUG:pybindgen.typehandlers:try to lookup type handler for 'void' => success ((<class 'pybindgen.typehandlers.voidtype.VoidReturn'>, None, <pybindgen.typehandlers.ctypeparser.TypeTraits object at 0x7f1d731ba2b0>))
DEBUG:pybindgen.typehandlers:TypeMatcher.lookup('int *')
DEBUG:pybindgen.typehandlers:try to lookup type handler for 'int *' => success ((<class 'pybindgen.typehandlers.inttype.IntPtrParam'>, None, <pybindgen.typehandlers.ctypeparser.TypeTraits object at 0x7f1d731ba400>))
/home/cs18/tarballs/ns-allinone-3.34/ns-3.34/src/mpi/bindings/modulegen__gcc_LP64.py:1781: Warning: exception TypeConfigurationError('direction not given',) in wrapper public: retval? ???::Enable (params?);
  is_static=True)
DEBUG:pybindgen.typehandlers:TypeMatcher.lookup('void')
DEBUG:pybindgen.typehandlers:try to lookup type handler for 'void' => success ((<class 'pybindgen.typehandlers.voidtype.VoidReturn'>, None, <pybindgen.typehandlers.ctypeparser.TypeTraits object at 0x7f1d731ba588>))
DEBUG:pybindgen.typehandlers:TypeMatcher.lookup('MPI_Comm')
DEBUG:pybindgen.typehandlers:try to lookup type handler for 'MPI_Comm' => failure
'MPI_Comm' did not match
/home/cs18/tarballs/ns-allinone-3.34/ns-3.34/src/mpi/bindings/modulegen__gcc_LP64.py:1786: Warning: exception TypeLookupError(['MPI_Comm'],) in wrapper public: retval? ???::Enable (params?);
  is_static=True)
DEBUG:pybindgen.typehandlers:TypeMatcher.lookup('MPI_Comm')
DEBUG:pybindgen.typehandlers:try to lookup type handler for 'MPI_Comm' => failure
'MPI_Comm' did not match
/home/cs18/tarballs/ns-allinone-3.34/ns-3.34/src/mpi/bindings/modulegen__gcc_LP64.py:1791: Warning: exception TypeLookupError(['MPI_Comm'],) in wrapper public: retval? ???::GetCommunicator (params?);
  is_static=True)
DEBUG:pybindgen.typehandlers:TypeMatcher.lookup('uint32_t')
DEBUG:pybindgen.typehandlers:try to lookup type handler for 'uint32_t' => success ((<class 'pybindgen.typehandlers.inttype.UnsignedIntReturn'>, None, <pybindgen.typehandlers.ctypeparser.TypeTraits object at 0x7f1d731ba828>))
DEBUG:pybindgen.typehandlers:TypeMatcher.lookup('uint32_t')
DEBUG:pybindgen.typehandlers:try to lookup type handler for 'uint32_t' => success ((<class 'pybindgen.typehandlers.inttype.UnsignedIntReturn'>, None, <pybindgen.typehandlers.ctypeparser.TypeTraits object at 0x7f1d731bab70>))
DEBUG:pybindgen.typehandlers:TypeMatcher.lookup('bool')
DEBUG:pybindgen.typehandlers:try to lookup type handler for 'bool' => success ((<class 'pybindgen.typehandlers.booltype.BoolReturn'>, None, <pybindgen.typehandlers.ctypeparser.TypeTraits object at 0x7f1d731baef0>))
DEBUG:pybindgen.typehandlers:TypeMatcher.lookup('void')
DEBUG:pybindgen.typehandlers:try to lookup type handler for 'void' => success ((<class 'pybindgen.typehandlers.voidtype.VoidReturn'>, None, <pybindgen.typehandlers.ctypeparser.TypeTraits object at 0x7f1d731ba780>))
DEBUG:pybindgen.typehandlers:TypeMatcher.lookup('ns3::Ptr< ns3::Packet >')
DEBUG:pybindgen.typehandlers:try to lookup type handler for 'ns3::Ptr< ns3::Packet >' => failure
DEBUG:pybindgen.typehandlers:try to lookup type handler for 'ns3::Packet *' => success ((<class 'pybindgen.cppclass.MemoryPolicy.register_ptr_parameter_and_return.<locals>.ThisClassPtrParameter'>, <ns3modulegen_core_customizations.SmartPointerTransformation object at 0x7f1d735b7ac8>, <pybindgen.typehandlers.ctypeparser.TypeTraits object at 0x7f1d731ba470>))
DEBUG:pybindgen.typehandlers:TypeMatcher.lookup('ns3::Time const &')
DEBUG:pybindgen.typehandlers:try to lookup type handler for 'ns3::Time const &' => success ((<class 'pybindgen.cppclass.CppClass.__init__.<locals>.ThisClassRefParameter'>, None, <pybindgen.typehandlers.ctypeparser.TypeTraits object at 0x7f1d731ba470>))
DEBUG:pybindgen.typehandlers:TypeMatcher.lookup('uint32_t')
DEBUG:pybindgen.typehandlers:try to lookup type handler for 'uint32_t' => success ((<class 'pybindgen.typehandlers.inttype.UnsignedIntParam'>, None, <pybindgen.typehandlers.ctypeparser.TypeTraits object at 0x7f1d731ba358>))
DEBUG:pybindgen.typehandlers:TypeMatcher.lookup('uint32_t')
DEBUG:pybindgen.typehandlers:try to lookup type handler for 'uint32_t' => success ((<class 'pybindgen.typehandlers.inttype.UnsignedIntParam'>, None, <pybindgen.typehandlers.ctypeparser.TypeTraits object at 0x7f1d731c6320>))
DEBUG:pybindgen.typehandlers:TypeMatcher.lookup('ns3::ObjectBase const &')
DEBUG:pybindgen.typehandlers:try to lookup type handler for 'ns3::ObjectBase const &' => success ((<class 'pybindgen.cppclass.CppClass.__init__.<locals>.ThisClassRefParameter'>, None, <pybindgen.typehandlers.ctypeparser.TypeTraits object at 0x7f1d731c6940>))
DEBUG:pybindgen.typehandlers:TypeMatcher.lookup('void')
DEBUG:pybindgen.typehandlers:try to lookup type handler for 'void' => success ((<class 'pybindgen.typehandlers.voidtype.VoidReturn'>, None, <pybindgen.typehandlers.ctypeparser.TypeTraits object at 0x7f1d731c6cf8>))
DEBUG:pybindgen.typehandlers:TypeMatcher.lookup('std::string')
DEBUG:pybindgen.typehandlers:try to lookup type handler for 'std::string' => success ((<class 'pybindgen.typehandlers.stringtype.StdStringParam'>, None, <pybindgen.typehandlers.ctypeparser.TypeTraits object at 0x7f1d731c6e48>))
DEBUG:pybindgen.typehandlers:TypeMatcher.lookup('ns3::AttributeValue &')
DEBUG:pybindgen.typehandlers:try to lookup type handler for 'ns3::AttributeValue &' => success ((<class 'pybindgen.cppclass.CppClass.__init__.<locals>.ThisClassRefParameter'>, None, <pybindgen.typehandlers.ctypeparser.TypeTraits object at 0x7f1d731c6ef0>))
DEBUG:pybindgen.typehandlers:TypeMatcher.lookup('bool')
DEBUG:pybindgen.typehandlers:try to lookup type handler for 'bool' => success ((<class 'pybindgen.typehandlers.booltype.BoolReturn'>, None, <pybindgen.typehandlers.ctypeparser.TypeTraits object at 0x7f1d731cc2e8>))
DEBUG:pybindgen.typehandlers:TypeMatcher.lookup('std::string')
DEBUG:pybindgen.typehandlers:try to lookup type handler for 'std::string' => success ((<class 'pybindgen.typehandlers.stringtype.StdStringParam'>, None, <pybindgen.typehandlers.ctypeparser.TypeTraits object at 0x7f1d731cc438>))
DEBUG:pybindgen.typehandlers:TypeMatcher.lookup('ns3::AttributeValue &')
DEBUG:pybindgen.typehandlers:try to lookup type handler for 'ns3::AttributeValue &' => success ((<class 'pybindgen.cppclass.CppClass.__init__.<locals>.ThisClassRefParameter'>, None, <pybindgen.typehandlers.ctypeparser.TypeTraits object at 0x7f1d731cc4e0>))
DEBUG:pybindgen.typehandlers:TypeMatcher.lookup('ns3::TypeId')
DEBUG:pybindgen.typehandlers:try to lookup type handler for 'ns3::TypeId' => success ((<class 'pybindgen.cppclass.CppClass.__init__.<locals>.ThisClassReturn'>, None, <pybindgen.typehandlers.ctypeparser.TypeTraits object at 0x7f1d731cc898>))
DEBUG:pybindgen.typehandlers:TypeMatcher.lookup('ns3::TypeId')
DEBUG:pybindgen.typehandlers:try to lookup type handler for 'ns3::TypeId' => success ((<class 'pybindgen.cppclass.CppClass.__init__.<locals>.ThisClassReturn'>, None, <pybindgen.typehandlers.ctypeparser.TypeTraits object at 0x7f1d731cce48>))
DEBUG:pybindgen.typehandlers:TypeMatcher.lookup('void')
DEBUG:pybindgen.typehandlers:try to lookup type handler for 'void' => success ((<class 'pybindgen.typehandlers.voidtype.VoidReturn'>, None, <pybindgen.typehandlers.ctypeparser.TypeTraits object at 0x7f1d731d1208>))
DEBUG:pybindgen.typehandlers:TypeMatcher.lookup('std::string')
DEBUG:pybindgen.typehandlers:try to lookup type handler for 'std::string' => success ((<class 'pybindgen.typehandlers.stringtype.StdStringParam'>, None, <pybindgen.typehandlers.ctypeparser.TypeTraits object at 0x7f1d731d1358>))
DEBUG:pybindgen.typehandlers:TypeMatcher.lookup('ns3::AttributeValue const &')
DEBUG:pybindgen.typehandlers:try to lookup type handler for 'ns3::AttributeValue const &' => success ((<class 'pybindgen.cppclass.CppClass.__init__.<locals>.ThisClassRefParameter'>, None, <pybindgen.typehandlers.ctypeparser.TypeTraits object at 0x7f1d731d1400>))
DEBUG:pybindgen.typehandlers:TypeMatcher.lookup('bool')
DEBUG:pybindgen.typehandlers:try to lookup type handler for 'bool' => success ((<class 'pybindgen.typehandlers.booltype.BoolReturn'>, None, <pybindgen.typehandlers.ctypeparser.TypeTraits object at 0x7f1d731d1828>))
DEBUG:pybindgen.typehandlers:TypeMatcher.lookup('std::string')
DEBUG:pybindgen.typehandlers:try to lookup type handler for 'std::string' => success ((<class 'pybindgen.typehandlers.stringtype.StdStringParam'>, None, <pybindgen.typehandlers.ctypeparser.TypeTraits object at 0x7f1d73226f98>))
DEBUG:pybindgen.typehandlers:TypeMatcher.lookup('ns3::AttributeValue const &')
DEBUG:pybindgen.typehandlers:try to lookup type handler for 'ns3::AttributeValue const &' => success ((<class 'pybindgen.cppclass.CppClass.__init__.<locals>.ThisClassRefParameter'>, None, <pybindgen.typehandlers.ctypeparser.TypeTraits object at 0x7f1d73226e80>))
DEBUG:pybindgen.typehandlers:TypeMatcher.lookup('bool')
DEBUG:pybindgen.typehandlers:try to lookup type handler for 'bool' => success ((<class 'pybindgen.typehandlers.booltype.BoolReturn'>, None, <pybindgen.typehandlers.ctypeparser.TypeTraits object at 0x7f1d731d1ba8>))
DEBUG:pybindgen.typehandlers:TypeMatcher.lookup('std::string')
DEBUG:pybindgen.typehandlers:try to lookup type handler for 'std::string' => success ((<class 'pybindgen.typehandlers.stringtype.StdStringParam'>, None, <pybindgen.typehandlers.ctypeparser.TypeTraits object at 0x7f1d731d1cf8>))
DEBUG:pybindgen.typehandlers:TypeMatcher.lookup('std::string')
DEBUG:pybindgen.typehandlers:try to lookup type handler for 'std::string' => success ((<class 'pybindgen.typehandlers.stringtype.StdStringParam'>, None, <pybindgen.typehandlers.ctypeparser.TypeTraits object at 0x7f1d731d1da0>))
DEBUG:pybindgen.typehandlers:TypeMatcher.lookup('ns3::CallbackBase const &')
DEBUG:pybindgen.typehandlers:try to lookup type handler for 'ns3::CallbackBase const &' => success ((<class 'pybindgen.cppclass.CppClass.__init__.<locals>.ThisClassRefParameter'>, None, <pybindgen.typehandlers.ctypeparser.TypeTraits object at 0x7f1d731d1e80>))
DEBUG:pybindgen.typehandlers:TypeMatcher.lookup('bool')
DEBUG:pybindgen.typehandlers:try to lookup type handler for 'bool' => success ((<class 'pybindgen.typehandlers.booltype.BoolReturn'>, None, <pybindgen.typehandlers.ctypeparser.TypeTraits object at 0x7f1d7315a2e8>))
DEBUG:pybindgen.typehandlers:TypeMatcher.lookup('std::string')
DEBUG:pybindgen.typehandlers:try to lookup type handler for 'std::string' => success ((<class 'pybindgen.typehandlers.stringtype.StdStringParam'>, None, <pybindgen.typehandlers.ctypeparser.TypeTraits object at 0x7f1d7315a438>))
DEBUG:pybindgen.typehandlers:TypeMatcher.lookup('ns3::CallbackBase const &')
DEBUG:pybindgen.typehandlers:try to lookup type handler for 'ns3::CallbackBase const &' => success ((<class 'pybindgen.cppclass.CppClass.__init__.<locals>.ThisClassRefParameter'>, None, <pybindgen.typehandlers.ctypeparser.TypeTraits object at 0x7f1d7315a4e0>))
DEBUG:pybindgen.typehandlers:TypeMatcher.lookup('bool')
DEBUG:pybindgen.typehandlers:try to lookup type handler for 'bool' => success ((<class 'pybindgen.typehandlers.booltype.BoolReturn'>, None, <pybindgen.typehandlers.ctypeparser.TypeTraits object at 0x7f1d7315a908>))
DEBUG:pybindgen.typehandlers:TypeMatcher.lookup('std::string')
DEBUG:pybindgen.typehandlers:try to lookup type handler for 'std::string' => success ((<class 'pybindgen.typehandlers.stringtype.StdStringParam'>, None, <pybindgen.typehandlers.ctypeparser.TypeTraits object at 0x7f1d7315aa58>))
DEBUG:pybindgen.typehandlers:TypeMatcher.lookup('std::string')
DEBUG:pybindgen.typehandlers:try to lookup type handler for 'std::string' => success ((<class 'pybindgen.typehandlers.stringtype.StdStringParam'>, None, <pybindgen.typehandlers.ctypeparser.TypeTraits object at 0x7f1d7315ab00>))
DEBUG:pybindgen.typehandlers:TypeMatcher.lookup('ns3::CallbackBase const &')
DEBUG:pybindgen.typehandlers:try to lookup type handler for 'ns3::CallbackBase const &' => success ((<class 'pybindgen.cppclass.CppClass.__init__.<locals>.ThisClassRefParameter'>, None, <pybindgen.typehandlers.ctypeparser.TypeTraits object at 0x7f1d7315abe0>))
DEBUG:pybindgen.typehandlers:TypeMatcher.lookup('bool')
DEBUG:pybindgen.typehandlers:try to lookup type handler for 'bool' => success ((<class 'pybindgen.typehandlers.booltype.BoolReturn'>, None, <pybindgen.typehandlers.ctypeparser.TypeTraits object at 0x7f1d7315f048>))
DEBUG:pybindgen.typehandlers:TypeMatcher.lookup('std::string')
DEBUG:pybindgen.typehandlers:try to lookup type handler for 'std::string' => success ((<class 'pybindgen.typehandlers.stringtype.StdStringParam'>, None, <pybindgen.typehandlers.ctypeparser.TypeTraits object at 0x7f1d7315f198>))
DEBUG:pybindgen.typehandlers:TypeMatcher.lookup('ns3::CallbackBase const &')
DEBUG:pybindgen.typehandlers:try to lookup type handler for 'ns3::CallbackBase const &' => success ((<class 'pybindgen.cppclass.CppClass.__init__.<locals>.ThisClassRefParameter'>, None, <pybindgen.typehandlers.ctypeparser.TypeTraits object at 0x7f1d7315f240>))
DEBUG:pybindgen.typehandlers:TypeMatcher.lookup('void')
DEBUG:pybindgen.typehandlers:try to lookup type handler for 'void' => success ((<class 'pybindgen.typehandlers.voidtype.VoidReturn'>, None, <pybindgen.typehandlers.ctypeparser.TypeTraits object at 0x7f1d7315f668>))
DEBUG:pybindgen.typehandlers:TypeMatcher.lookup('ns3::AttributeConstructionList const &')
DEBUG:pybindgen.typehandlers:try to lookup type handler for 'ns3::AttributeConstructionList const &' => success ((<class 'pybindgen.cppclass.CppClass.__init__.<locals>.ThisClassRefParameter'>, None, <pybindgen.typehandlers.ctypeparser.TypeTraits object at 0x7f1d7315f7b8>))
DEBUG:pybindgen.typehandlers:TypeMatcher.lookup('void')
DEBUG:pybindgen.typehandlers:try to lookup type handler for 'void' => success ((<class 'pybindgen.typehandlers.voidtype.VoidReturn'>, None, <pybindgen.typehandlers.ctypeparser.TypeTraits object at 0x7f1d7315fe10>))
DEBUG:pybindgen.typehandlers:TypeMatcher.lookup('ns3::ObjectDeleter const &')
DEBUG:pybindgen.typehandlers:try to lookup type handler for 'ns3::ObjectDeleter const &' => success ((<class 'pybindgen.cppclass.CppClass.__init__.<locals>.ThisClassRefParameter'>, None, <pybindgen.typehandlers.ctypeparser.TypeTraits object at 0x7f1d73167908>))
DEBUG:pybindgen.typehandlers:TypeMatcher.lookup('void')
DEBUG:pybindgen.typehandlers:try to lookup type handler for 'void' => success ((<class 'pybindgen.typehandlers.voidtype.VoidReturn'>, None, <pybindgen.typehandlers.ctypeparser.TypeTraits object at 0x7f1d73167cc0>))
DEBUG:pybindgen.typehandlers:TypeMatcher.lookup('ns3::Object *')
DEBUG:pybindgen.typehandlers:try to lookup type handler for 'ns3::Object *' => success ((<class 'pybindgen.cppclass.MemoryPolicy.register_ptr_parameter_and_return.<locals>.ThisClassPtrParameter'>, None, <pybindgen.typehandlers.ctypeparser.TypeTraits object at 0x7f1d73167e10>))
/home/cs18/tarballs/ns-allinone-3.34/ns-3.34/src/mpi/bindings/modulegen__gcc_LP64.py:1884: Warning: exception TypeConfigurationError('Missing transfer_ownership option',) in wrapper public: retval? ???::Delete (params?);
  is_static=True)
DEBUG:pybindgen.typehandlers:TypeMatcher.lookup('uint64_t')
DEBUG:pybindgen.typehandlers:try to lookup type handler for 'uint64_t' => success ((<class 'pybindgen.typehandlers.inttype.UnsignedLongLongParam'>, None, <pybindgen.typehandlers.ctypeparser.TypeTraits object at 0x7f1d73167f98>))
DEBUG:pybindgen.typehandlers:TypeMatcher.lookup('uint32_t')
DEBUG:pybindgen.typehandlers:try to lookup type handler for 'uint32_t' => success ((<class 'pybindgen.typehandlers.inttype.UnsignedIntParam'>, None, <pybindgen.typehandlers.ctypeparser.TypeTraits object at 0x7f1d731700b8>))
DEBUG:pybindgen.typehandlers:TypeMatcher.lookup('ns3::PacketMetadata const &')
DEBUG:pybindgen.typehandlers:try to lookup type handler for 'ns3::PacketMetadata const &' => success ((<class 'pybindgen.cppclass.CppClass.__init__.<locals>.ThisClassRefParameter'>, None, <pybindgen.typehandlers.ctypeparser.TypeTraits object at 0x7f1d73170400>))
DEBUG:pybindgen.typehandlers:TypeMatcher.lookup('void')
DEBUG:pybindgen.typehandlers:try to lookup type handler for 'void' => success ((<class 'pybindgen.typehandlers.voidtype.VoidReturn'>, None, <pybindgen.typehandlers.ctypeparser.TypeTraits object at 0x7f1d731707b8>))
DEBUG:pybindgen.typehandlers:TypeMatcher.lookup('ns3::PacketMetadata const &')
DEBUG:pybindgen.typehandlers:try to lookup type handler for 'ns3::PacketMetadata const &' => success ((<class 'pybindgen.cppclass.CppClass.__init__.<locals>.ThisClassRefParameter'>, None, <pybindgen.typehandlers.ctypeparser.TypeTraits object at 0x7f1d73170908>))
DEBUG:pybindgen.typehandlers:TypeMatcher.lookup('void')
DEBUG:pybindgen.typehandlers:try to lookup type handler for 'void' => success ((<class 'pybindgen.typehandlers.voidtype.VoidReturn'>, None, <pybindgen.typehandlers.ctypeparser.TypeTraits object at 0x7f1d73170cf8>))
DEBUG:pybindgen.typehandlers:TypeMatcher.lookup('ns3::Header const &')
DEBUG:pybindgen.typehandlers:try to lookup type handler for 'ns3::Header const &' => success ((<class 'pybindgen.cppclass.CppClass.__init__.<locals>.ThisClassRefParameter'>, None, <pybindgen.typehandlers.ctypeparser.TypeTraits object at 0x7f1d73170e48>))
DEBUG:pybindgen.typehandlers:TypeMatcher.lookup('uint32_t')
DEBUG:pybindgen.typehandlers:try to lookup type handler for 'uint32_t' => success ((<class 'pybindgen.typehandlers.inttype.UnsignedIntParam'>, None, <pybindgen.typehandlers.ctypeparser.TypeTraits object at 0x7f1d73170fd0>))
DEBUG:pybindgen.typehandlers:TypeMatcher.lookup('void')
DEBUG:pybindgen.typehandlers:try to lookup type handler for 'void' => success ((<class 'pybindgen.typehandlers.voidtype.VoidReturn'>, None, <pybindgen.typehandlers.ctypeparser.TypeTraits object at 0x7f1d73177358>))
DEBUG:pybindgen.typehandlers:TypeMatcher.lookup('uint32_t')
DEBUG:pybindgen.typehandlers:try to lookup type handler for 'uint32_t' => success ((<class 'pybindgen.typehandlers.inttype.UnsignedIntParam'>, None, <pybindgen.typehandlers.ctypeparser.TypeTraits object at 0x7f1d731774a8>))
DEBUG:pybindgen.typehandlers:TypeMatcher.lookup('void')
DEBUG:pybindgen.typehandlers:try to lookup type handler for 'void' => success ((<class 'pybindgen.typehandlers.voidtype.VoidReturn'>, None, <pybindgen.typehandlers.ctypeparser.TypeTraits object at 0x7f1d731777f0>))
DEBUG:pybindgen.typehandlers:TypeMatcher.lookup('ns3::Trailer const &')
DEBUG:pybindgen.typehandlers:try to lookup type handler for 'ns3::Trailer const &' => success ((<class 'pybindgen.cppclass.CppClass.__init__.<locals>.ThisClassRefParameter'>, None, <pybindgen.typehandlers.ctypeparser.TypeTraits object at 0x7f1d73167ef0>))
DEBUG:pybindgen.typehandlers:TypeMatcher.lookup('uint32_t')
DEBUG:pybindgen.typehandlers:try to lookup type handler for 'uint32_t' => success ((<class 'pybindgen.typehandlers.inttype.UnsignedIntParam'>, None, <pybindgen.typehandlers.ctypeparser.TypeTraits object at 0x7f1d73167d68>))
DEBUG:pybindgen.typehandlers:TypeMatcher.lookup('ns3::PacketMetadata::ItemIterator')
DEBUG:pybindgen.typehandlers:try to lookup type handler for 'ns3::PacketMetadata::ItemIterator' => success ((<class 'pybindgen.cppclass.CppClass.__init__.<locals>.ThisClassReturn'>, None, <pybindgen.typehandlers.ctypeparser.TypeTraits object at 0x7f1d73177b70>))
DEBUG:pybindgen.typehandlers:TypeMatcher.lookup('ns3::Buffer')
DEBUG:pybindgen.typehandlers:try to lookup type handler for 'ns3::Buffer' => success ((<class 'pybindgen.cppclass.CppClass.__init__.<locals>.ThisClassParameter'>, None, <pybindgen.typehandlers.ctypeparser.TypeTraits object at 0x7f1d73177c88>))
DEBUG:pybindgen.typehandlers:TypeMatcher.lookup('ns3::PacketMetadata')
DEBUG:pybindgen.typehandlers:try to lookup type handler for 'ns3::PacketMetadata' => success ((<class 'pybindgen.cppclass.CppClass.__init__.<locals>.ThisClassReturn'>, None, <pybindgen.typehandlers.ctypeparser.TypeTraits object at 0x7f1d73177fd0>))
DEBUG:pybindgen.typehandlers:TypeMatcher.lookup('uint32_t')
DEBUG:pybindgen.typehandlers:try to lookup type handler for 'uint32_t' => success ((<class 'pybindgen.typehandlers.inttype.UnsignedIntParam'>, None, <pybindgen.typehandlers.ctypeparser.TypeTraits object at 0x7f1d7317f128>))
DEBUG:pybindgen.typehandlers:TypeMatcher.lookup('uint32_t')
DEBUG:pybindgen.typehandlers:try to lookup type handler for 'uint32_t' => success ((<class 'pybindgen.typehandlers.inttype.UnsignedIntParam'>, None, <pybindgen.typehandlers.ctypeparser.TypeTraits object at 0x7f1d7317f1d0>))
DEBUG:pybindgen.typehandlers:TypeMatcher.lookup('uint32_t')
DEBUG:pybindgen.typehandlers:try to lookup type handler for 'uint32_t' => success ((<class 'pybindgen.typehandlers.inttype.UnsignedIntReturn'>, None, <pybindgen.typehandlers.ctypeparser.TypeTraits object at 0x7f1d7317f550>))
DEBUG:pybindgen.typehandlers:TypeMatcher.lookup('uint8_t const *')
DEBUG:pybindgen.typehandlers:try to lookup type handler for 'uint8_t const *' => success ((<class 'pybindgen.typehandlers.inttype.UInt8PtrParam'>, None, <pybindgen.typehandlers.ctypeparser.TypeTraits object at 0x7f1d7317f668>))
/home/cs18/tarballs/ns-allinone-3.34/ns-3.34/src/mpi/bindings/modulegen__gcc_LP64.py:1921: Warning: exception TypeConfigurationError('direction not given',) in wrapper public: retval? ???::Deserialize (params?);
  [param('uint8_t const *', 'buffer'), param('uint32_t', 'size')])
DEBUG:pybindgen.typehandlers:TypeMatcher.lookup('void')
DEBUG:pybindgen.typehandlers:try to lookup type handler for 'void' => success ((<class 'pybindgen.typehandlers.voidtype.VoidReturn'>, None, <pybindgen.typehandlers.ctypeparser.TypeTraits object at 0x7f1d7317f7b8>))
DEBUG:pybindgen.typehandlers:TypeMatcher.lookup('void')
DEBUG:pybindgen.typehandlers:try to lookup type handler for 'void' => success ((<class 'pybindgen.typehandlers.voidtype.VoidReturn'>, None, <pybindgen.typehandlers.ctypeparser.TypeTraits object at 0x7f1d7317fbe0>))
DEBUG:pybindgen.typehandlers:TypeMatcher.lookup('uint32_t')
DEBUG:pybindgen.typehandlers:try to lookup type handler for 'uint32_t' => success ((<class 'pybindgen.typehandlers.inttype.UnsignedIntReturn'>, None, <pybindgen.typehandlers.ctypeparser.TypeTraits object at 0x7f1d7317ff98>))
DEBUG:pybindgen.typehandlers:TypeMatcher.lookup('uint64_t')
DEBUG:pybindgen.typehandlers:try to lookup type handler for 'uint64_t' => success ((<class 'pybindgen.typehandlers.inttype.UnsignedLongLongReturn'>, None, <pybindgen.typehandlers.ctypeparser.TypeTraits object at 0x7f1d73188358>))
DEBUG:pybindgen.typehandlers:TypeMatcher.lookup('void')
DEBUG:pybindgen.typehandlers:try to lookup type handler for 'void' => success ((<class 'pybindgen.typehandlers.voidtype.VoidReturn'>, None, <pybindgen.typehandlers.ctypeparser.TypeTraits object at 0x7f1d731886d8>))
DEBUG:pybindgen.typehandlers:TypeMatcher.lookup('uint32_t')
DEBUG:pybindgen.typehandlers:try to lookup type handler for 'uint32_t' => success ((<class 'pybindgen.typehandlers.inttype.UnsignedIntParam'>, None, <pybindgen.typehandlers.ctypeparser.TypeTraits object at 0x7f1d73188828>))
DEBUG:pybindgen.typehandlers:TypeMatcher.lookup('void')
DEBUG:pybindgen.typehandlers:try to lookup type handler for 'void' => success ((<class 'pybindgen.typehandlers.voidtype.VoidReturn'>, None, <pybindgen.typehandlers.ctypeparser.TypeTraits object at 0x7f1d73188b70>))
DEBUG:pybindgen.typehandlers:TypeMatcher.lookup('uint32_t')
DEBUG:pybindgen.typehandlers:try to lookup type handler for 'uint32_t' => success ((<class 'pybindgen.typehandlers.inttype.UnsignedIntParam'>, None, <pybindgen.typehandlers.ctypeparser.TypeTraits object at 0x7f1d73188cc0>))
DEBUG:pybindgen.typehandlers:TypeMatcher.lookup('void')
DEBUG:pybindgen.typehandlers:try to lookup type handler for 'void' => success ((<class 'pybindgen.typehandlers.voidtype.VoidReturn'>, None, <pybindgen.typehandlers.ctypeparser.TypeTraits object at 0x7f1d7317f6d8>))
DEBUG:pybindgen.typehandlers:TypeMatcher.lookup('ns3::Header const &')
DEBUG:pybindgen.typehandlers:try to lookup type handler for 'ns3::Header const &' => success ((<class 'pybindgen.cppclass.CppClass.__init__.<locals>.ThisClassRefParameter'>, None, <pybindgen.typehandlers.ctypeparser.TypeTraits object at 0x7f1d7317f5f8>))
DEBUG:pybindgen.typehandlers:TypeMatcher.lookup('uint32_t')
DEBUG:pybindgen.typehandlers:try to lookup type handler for 'uint32_t' => success ((<class 'pybindgen.typehandlers.inttype.UnsignedIntParam'>, None, <pybindgen.typehandlers.ctypeparser.TypeTraits object at 0x7f1d7318e048>))
DEBUG:pybindgen.typehandlers:TypeMatcher.lookup('void')
DEBUG:pybindgen.typehandlers:try to lookup type handler for 'void' => success ((<class 'pybindgen.typehandlers.voidtype.VoidReturn'>, None, <pybindgen.typehandlers.ctypeparser.TypeTraits object at 0x7f1d7318e390>))
DEBUG:pybindgen.typehandlers:TypeMatcher.lookup('ns3::Trailer const &')
DEBUG:pybindgen.typehandlers:try to lookup type handler for 'ns3::Trailer const &' => success ((<class 'pybindgen.cppclass.CppClass.__init__.<locals>.ThisClassRefParameter'>, None, <pybindgen.typehandlers.ctypeparser.TypeTraits object at 0x7f1d7318e4e0>))
DEBUG:pybindgen.typehandlers:TypeMatcher.lookup('uint32_t')
DEBUG:pybindgen.typehandlers:try to lookup type handler for 'uint32_t' => success ((<class 'pybindgen.typehandlers.inttype.UnsignedIntParam'>, None, <pybindgen.typehandlers.ctypeparser.TypeTraits object at 0x7f1d7318e6a0>))
DEBUG:pybindgen.typehandlers:TypeMatcher.lookup('uint32_t')
DEBUG:pybindgen.typehandlers:try to lookup type handler for 'uint32_t' => success ((<class 'pybindgen.typehandlers.inttype.UnsignedIntReturn'>, None, <pybindgen.typehandlers.ctypeparser.TypeTraits object at 0x7f1d7318e9b0>))
DEBUG:pybindgen.typehandlers:TypeMatcher.lookup('uint8_t *')
DEBUG:pybindgen.typehandlers:try to lookup type handler for 'uint8_t *' => success ((<class 'pybindgen.typehandlers.inttype.UInt8PtrParam'>, None, <pybindgen.typehandlers.ctypeparser.TypeTraits object at 0x7f1d7318eac8>))
/home/cs18/tarballs/ns-allinone-3.34/ns-3.34/src/mpi/bindings/modulegen__gcc_LP64.py:1962: Warning: exception TypeConfigurationError('direction not given',) in wrapper public: retval? ???::Serialize (params?) const;
  is_const=True)
DEBUG:pybindgen.typehandlers:TypeMatcher.lookup('ns3::PacketMetadata::Item const &')
DEBUG:pybindgen.typehandlers:try to lookup type handler for 'ns3::PacketMetadata::Item const &' => success ((<class 'pybindgen.cppclass.CppClass.__init__.<locals>.ThisClassRefParameter'>, None, <pybindgen.typehandlers.ctypeparser.TypeTraits object at 0x7f1d7318eeb8>))
DEBUG:pybindgen.typehandlers:TypeMatcher.lookup('ns3::Buffer::Iterator')
DEBUG:pybindgen.typehandlers:try to lookup type handler for 'ns3::Buffer::Iterator' => success ((<class 'pybindgen.cppclass.CppClass.__init__.<locals>.ThisClassReturn'>, None, <pybindgen.typehandlers.ctypeparser.TypeTraits object at 0x7f1d73116278>))
DEBUG:pybindgen.typehandlers:TypeMatcher.lookup('uint32_t')
DEBUG:pybindgen.typehandlers:try to lookup type handler for 'uint32_t' => success ((<class 'pybindgen.typehandlers.inttype.UnsignedIntReturn'>, None, <pybindgen.typehandlers.ctypeparser.TypeTraits object at 0x7f1d731167b8>))
DEBUG:pybindgen.typehandlers:TypeMatcher.lookup('uint32_t')
DEBUG:pybindgen.typehandlers:try to lookup type handler for 'uint32_t' => success ((<class 'pybindgen.typehandlers.inttype.UnsignedIntReturn'>, None, <pybindgen.typehandlers.ctypeparser.TypeTraits object at 0x7f1d73116cf8>))
DEBUG:pybindgen.typehandlers:TypeMatcher.lookup('uint32_t')
DEBUG:pybindgen.typehandlers:try to lookup type handler for 'uint32_t' => success ((<class 'pybindgen.typehandlers.inttype.UnsignedIntReturn'>, None, <pybindgen.typehandlers.ctypeparser.TypeTraits object at 0x7f1d7311c278>))
DEBUG:pybindgen.typehandlers:TypeMatcher.lookup('bool')
DEBUG:pybindgen.typehandlers:try to lookup type handler for 'bool' => success ((<class 'pybindgen.typehandlers.booltype.BoolReturn'>, None, <pybindgen.typehandlers.ctypeparser.TypeTraits object at 0x7f1d7318e9b0>))
DEBUG:pybindgen.typehandlers:TypeMatcher.lookup('ns3::TypeId')
DEBUG:pybindgen.typehandlers:try to lookup type handler for 'ns3::TypeId' => success ((<class 'pybindgen.cppclass.CppClass.__init__.<locals>.ThisClassReturn'>, None, <pybindgen.typehandlers.ctypeparser.TypeTraits object at 0x7f1d7311cac8>))
DEBUG:pybindgen.typehandlers:TypeMatcher.lookup('ns3::PacketMetadata::Item::ItemType')
DEBUG:pybindgen.typehandlers:try to lookup type handler for 'ns3::PacketMetadata::Item::ItemType' => success ((<class 'pybindgen.enum.Enum.set_module.<locals>.ThisEnumReturn'>, None, <pybindgen.typehandlers.ctypeparser.TypeTraits object at 0x7f1d73126048>))
DEBUG:pybindgen.typehandlers:TypeMatcher.lookup('ns3::PacketMetadata::ItemIterator const &')
DEBUG:pybindgen.typehandlers:try to lookup type handler for 'ns3::PacketMetadata::ItemIterator const &' => success ((<class 'pybindgen.cppclass.CppClass.__init__.<locals>.ThisClassRefParameter'>, None, <pybindgen.typehandlers.ctypeparser.TypeTraits object at 0x7f1d731265f8>))
DEBUG:pybindgen.typehandlers:TypeMatcher.lookup('ns3::PacketMetadata const *')
DEBUG:pybindgen.typehandlers:try to lookup type handler for 'ns3::PacketMetadata const *' => success ((<class 'pybindgen.cppclass.CppClass.__init__.<locals>.ThisClassPtrParameter'>, None, <pybindgen.typehandlers.ctypeparser.TypeTraits object at 0x7f1d731269e8>))
DEBUG:pybindgen.typehandlers:TypeMatcher.lookup('ns3::Buffer')
DEBUG:pybindgen.typehandlers:try to lookup type handler for 'ns3::Buffer' => success ((<class 'pybindgen.cppclass.CppClass.__init__.<locals>.ThisClassParameter'>, None, <pybindgen.typehandlers.ctypeparser.TypeTraits object at 0x7f1d73126ba8>))
DEBUG:pybindgen.typehandlers:TypeMatcher.lookup('bool')
DEBUG:pybindgen.typehandlers:try to lookup type handler for 'bool' => success ((<class 'pybindgen.typehandlers.booltype.BoolReturn'>, None, <pybindgen.typehandlers.ctypeparser.TypeTraits object at 0x7f1d73126e80>))
DEBUG:pybindgen.typehandlers:TypeMatcher.lookup('ns3::PacketMetadata::Item')
DEBUG:pybindgen.typehandlers:try to lookup type handler for 'ns3::PacketMetadata::Item' => success ((<class 'pybindgen.cppclass.CppClass.__init__.<locals>.ThisClassReturn'>, None, <pybindgen.typehandlers.ctypeparser.TypeTraits object at 0x7f1d7312c278>))
DEBUG:pybindgen.typehandlers:TypeMatcher.lookup('ns3::PacketTagIterator const &')
DEBUG:pybindgen.typehandlers:try to lookup type handler for 'ns3::PacketTagIterator const &' => success ((<class 'pybindgen.cppclass.CppClass.__init__.<locals>.ThisClassRefParameter'>, None, <pybindgen.typehandlers.ctypeparser.TypeTraits object at 0x7f1d7312c668>))
DEBUG:pybindgen.typehandlers:TypeMatcher.lookup('bool')
DEBUG:pybindgen.typehandlers:try to lookup type handler for 'bool' => success ((<class 'pybindgen.typehandlers.booltype.BoolReturn'>, None, <pybindgen.typehandlers.ctypeparser.TypeTraits object at 0x7f1d7312ca20>))
DEBUG:pybindgen.typehandlers:TypeMatcher.lookup('ns3::PacketTagIterator::Item')
DEBUG:pybindgen.typehandlers:try to lookup type handler for 'ns3::PacketTagIterator::Item' => success ((<class 'pybindgen.cppclass.CppClass.__init__.<locals>.ThisClassReturn'>, None, <pybindgen.typehandlers.ctypeparser.TypeTraits object at 0x7f1d7312cdd8>))
DEBUG:pybindgen.typehandlers:TypeMatcher.lookup('ns3::PacketTagIterator::Item const &')
DEBUG:pybindgen.typehandlers:try to lookup type handler for 'ns3::PacketTagIterator::Item const &' => success ((<class 'pybindgen.cppclass.CppClass.__init__.<locals>.ThisClassRefParameter'>, None, <pybindgen.typehandlers.ctypeparser.TypeTraits object at 0x7f1d73135208>))
DEBUG:pybindgen.typehandlers:TypeMatcher.lookup('void')
DEBUG:pybindgen.typehandlers:try to lookup type handler for 'void' => success ((<class 'pybindgen.typehandlers.voidtype.VoidReturn'>, None, <pybindgen.typehandlers.ctypeparser.TypeTraits object at 0x7f1d731355c0>))
DEBUG:pybindgen.typehandlers:TypeMatcher.lookup('ns3::Tag &')
DEBUG:pybindgen.typehandlers:try to lookup type handler for 'ns3::Tag &' => success ((<class 'pybindgen.cppclass.CppClass.__init__.<locals>.ThisClassRefParameter'>, None, <pybindgen.typehandlers.ctypeparser.TypeTraits object at 0x7f1d73135710>))
DEBUG:pybindgen.typehandlers:TypeMatcher.lookup('ns3::TypeId')
DEBUG:pybindgen.typehandlers:try to lookup type handler for 'ns3::TypeId' => success ((<class 'pybindgen.cppclass.CppClass.__init__.<locals>.ThisClassReturn'>, None, <pybindgen.typehandlers.ctypeparser.TypeTraits object at 0x7f1d73135a90>))
DEBUG:pybindgen.typehandlers:TypeMatcher.lookup('ns3::PacketTagList const &')
DEBUG:pybindgen.typehandlers:try to lookup type handler for 'ns3::PacketTagList const &' => success ((<class 'pybindgen.cppclass.CppClass.__init__.<locals>.ThisClassRefParameter'>, None, <pybindgen.typehandlers.ctypeparser.TypeTraits object at 0x7f1d7313d0f0>))
DEBUG:pybindgen.typehandlers:TypeMatcher.lookup('void')
DEBUG:pybindgen.typehandlers:try to lookup type handler for 'void' => success ((<class 'pybindgen.typehandlers.voidtype.VoidReturn'>, None, <pybindgen.typehandlers.ctypeparser.TypeTraits object at 0x7f1d7313d4a8>))
DEBUG:pybindgen.typehandlers:TypeMatcher.lookup('ns3::Tag const &')
DEBUG:pybindgen.typehandlers:try to lookup type handler for 'ns3::Tag const &' => success ((<class 'pybindgen.cppclass.CppClass.__init__.<locals>.ThisClassRefParameter'>, None, <pybindgen.typehandlers.ctypeparser.TypeTraits object at 0x7f1d7313d5f8>))
DEBUG:pybindgen.typehandlers:TypeMatcher.lookup('uint32_t')
DEBUG:pybindgen.typehandlers:try to lookup type handler for 'uint32_t' => success ((<class 'pybindgen.typehandlers.inttype.UnsignedIntReturn'>, None, <pybindgen.typehandlers.ctypeparser.TypeTraits object at 0x7f1d7313d9e8>))
DEBUG:pybindgen.typehandlers:TypeMatcher.lookup('uint32_t const *')
DEBUG:pybindgen.typehandlers:try to lookup type handler for 'uint32_t const *' => success ((<class 'pybindgen.typehandlers.inttype.UnsignedIntPtrParam'>, None, <pybindgen.typehandlers.ctypeparser.TypeTraits object at 0x7f1d7313db00>))
DEBUG:pybindgen.typehandlers:TypeMatcher.lookup('uint32_t')
DEBUG:pybindgen.typehandlers:try to lookup type handler for 'uint32_t' => success ((<class 'pybindgen.typehandlers.inttype.UnsignedIntParam'>, None, <pybindgen.typehandlers.ctypeparser.TypeTraits object at 0x7f1d7313dcc0>))
DEBUG:pybindgen.typehandlers:TypeMatcher.lookup('uint32_t')
DEBUG:pybindgen.typehandlers:try to lookup type handler for 'uint32_t' => success ((<class 'pybindgen.typehandlers.inttype.UnsignedIntReturn'>, None, <pybindgen.typehandlers.ctypeparser.TypeTraits object at 0x7f1d7313dfd0>))
DEBUG:pybindgen.typehandlers:TypeMatcher.lookup('ns3::PacketTagList::TagData const *')
DEBUG:pybindgen.typehandlers:try to lookup type handler for 'ns3::PacketTagList::TagData const *' => success ((<class 'pybindgen.cppclass.CppClass.__init__.<locals>.ThisClassPtrReturn'>, None, <pybindgen.typehandlers.ctypeparser.TypeTraits object at 0x7f1d73146390>))
DEBUG:pybindgen.typehandlers:TypeMatcher.lookup('bool')
DEBUG:pybindgen.typehandlers:try to lookup type handler for 'bool' => success ((<class 'pybindgen.typehandlers.booltype.BoolReturn'>, None, <pybindgen.typehandlers.ctypeparser.TypeTraits object at 0x7f1d73146748>))
DEBUG:pybindgen.typehandlers:TypeMatcher.lookup('ns3::Tag &')
DEBUG:pybindgen.typehandlers:try to lookup type handler for 'ns3::Tag &' => success ((<class 'pybindgen.cppclass.CppClass.__init__.<locals>.ThisClassRefParameter'>, None, <pybindgen.typehandlers.ctypeparser.TypeTraits object at 0x7f1d73146908>))
DEBUG:pybindgen.typehandlers:TypeMatcher.lookup('bool')
DEBUG:pybindgen.typehandlers:try to lookup type handler for 'bool' => success ((<class 'pybindgen.typehandlers.booltype.BoolReturn'>, None, <pybindgen.typehandlers.ctypeparser.TypeTraits object at 0x7f1d73146c88>))
DEBUG:pybindgen.typehandlers:TypeMatcher.lookup('ns3::Tag &')
DEBUG:pybindgen.typehandlers:try to lookup type handler for 'ns3::Tag &' => success ((<class 'pybindgen.cppclass.CppClass.__init__.<locals>.ThisClassRefParameter'>, None, <pybindgen.typehandlers.ctypeparser.TypeTraits object at 0x7f1d73146dd8>))
DEBUG:pybindgen.typehandlers:TypeMatcher.lookup('void')
DEBUG:pybindgen.typehandlers:try to lookup type handler for 'void' => success ((<class 'pybindgen.typehandlers.voidtype.VoidReturn'>, None, <pybindgen.typehandlers.ctypeparser.TypeTraits object at 0x7f1d7314c198>))
DEBUG:pybindgen.typehandlers:TypeMatcher.lookup('bool')
DEBUG:pybindgen.typehandlers:try to lookup type handler for 'bool' => success ((<class 'pybindgen.typehandlers.booltype.BoolReturn'>, None, <pybindgen.typehandlers.ctypeparser.TypeTraits object at 0x7f1d7314c588>))
DEBUG:pybindgen.typehandlers:TypeMatcher.lookup('ns3::Tag &')
DEBUG:pybindgen.typehandlers:try to lookup type handler for 'ns3::Tag &' => success ((<class 'pybindgen.cppclass.CppClass.__init__.<locals>.ThisClassRefParameter'>, None, <pybindgen.typehandlers.ctypeparser.TypeTraits object at 0x7f1d7314c6d8>))
DEBUG:pybindgen.typehandlers:TypeMatcher.lookup('uint32_t')
DEBUG:pybindgen.typehandlers:try to lookup type handler for 'uint32_t' => success ((<class 'pybindgen.typehandlers.inttype.UnsignedIntReturn'>, None, <pybindgen.typehandlers.ctypeparser.TypeTraits object at 0x7f1d7314ca58>))
DEBUG:pybindgen.typehandlers:TypeMatcher.lookup('uint32_t *')
DEBUG:pybindgen.typehandlers:try to lookup type handler for 'uint32_t *' => success ((<class 'pybindgen.typehandlers.inttype.UnsignedIntPtrParam'>, None, <pybindgen.typehandlers.ctypeparser.TypeTraits object at 0x7f1d7314cb70>))
DEBUG:pybindgen.typehandlers:TypeMatcher.lookup('uint32_t')
DEBUG:pybindgen.typehandlers:try to lookup type handler for 'uint32_t' => success ((<class 'pybindgen.typehandlers.inttype.UnsignedIntParam'>, None, <pybindgen.typehandlers.ctypeparser.TypeTraits object at 0x7f1d7314cc88>))
DEBUG:pybindgen.typehandlers:TypeMatcher.lookup('ns3::PacketTagList::TagData const &')
DEBUG:pybindgen.typehandlers:try to lookup type handler for 'ns3::PacketTagList::TagData const &' => success ((<class 'pybindgen.cppclass.CppClass.__init__.<locals>.ThisClassRefParameter'>, None, <pybindgen.typehandlers.ctypeparser.TypeTraits object at 0x7f1d730d32b0>))
DEBUG:pybindgen.typehandlers:TypeMatcher.lookup('uint32_t')
DEBUG:pybindgen.typehandlers:try to lookup type handler for 'uint32_t' => success ((<class 'pybindgen.typehandlers.inttype.UnsignedIntReturn'>, None, <pybindgen.typehandlers.ctypeparser.TypeTraits object at 0x7f1d730d3630>))
DEBUG:pybindgen.typehandlers:TypeMatcher.lookup('uint8_t [ 1 ]')
DEBUG:pybindgen.typehandlers:try to lookup type handler for 'uint8_t [ 1 ]' => failure
'uint8_t [ 1 ]' did not match
bindings/python/ns3modulegen-modular.py:30: UserWarning: exception TypeLookupError(['uint8_t [ 1 ]'],) in wrapper None
  warnings.warn("exception %r in wrapper %s" % (exception, wrapper))
DEBUG:pybindgen.typehandlers:TypeMatcher.lookup('ns3::PacketTagList::TagData *')
DEBUG:pybindgen.typehandlers:try to lookup type handler for 'ns3::PacketTagList::TagData *' => success ((<class 'pybindgen.cppclass.CppClass.__init__.<locals>.ThisClassPtrReturn'>, None, <pybindgen.typehandlers.ctypeparser.TypeTraits object at 0x7f1d730d3da0>))
DEBUG:pybindgen.typehandlers:TypeMatcher.lookup('uint32_t')
DEBUG:pybindgen.typehandlers:try to lookup type handler for 'uint32_t' => success ((<class 'pybindgen.typehandlers.inttype.UnsignedIntReturn'>, None, <pybindgen.typehandlers.ctypeparser.TypeTraits object at 0x7f1d730d9320>))
DEBUG:pybindgen.typehandlers:TypeMatcher.lookup('ns3::TypeId')
DEBUG:pybindgen.typehandlers:try to lookup type handler for 'ns3::TypeId' => success ((<class 'pybindgen.cppclass.CppClass.__init__.<locals>.ThisClassReturn'>, None, <pybindgen.typehandlers.ctypeparser.TypeTraits object at 0x7f1d730d9860>))
DEBUG:pybindgen.typehandlers:TypeMatcher.lookup('ns3::ParallelCommunicationInterface const &')
DEBUG:pybindgen.typehandlers:try to lookup type handler for 'ns3::ParallelCommunicationInterface const &' => success ((<class 'pybindgen.cppclass.CppClass.__init__.<locals>.ThisClassRefParameter'>, None, <pybindgen.typehandlers.ctypeparser.TypeTraits object at 0x7f1d730e40b8>))
DEBUG:pybindgen.typehandlers:TypeMatcher.lookup('void')
DEBUG:pybindgen.typehandlers:try to lookup type handler for 'void' => success ((<class 'pybindgen.typehandlers.voidtype.VoidReturn'>, None, <pybindgen.typehandlers.ctypeparser.TypeTraits object at 0x7f1d730e4470>))
DEBUG:pybindgen.typehandlers:TypeMatcher.lookup('void')
DEBUG:pybindgen.typehandlers:try to lookup type handler for 'void' => success ((<class 'pybindgen.typehandlers.voidtype.VoidReturn'>, None, <pybindgen.typehandlers.ctypeparser.TypeTraits object at 0x7f1d730e4a58>))
DEBUG:pybindgen.typehandlers:TypeMatcher.lookup('void')
DEBUG:pybindgen.typehandlers:try to lookup type handler for 'void' => success ((<class 'pybindgen.typehandlers.voidtype.VoidReturn'>, None, <pybindgen.typehandlers.ctypeparser.TypeTraits object at 0x7f1d730ec048>))
DEBUG:pybindgen.typehandlers:TypeMatcher.lookup('int *')
DEBUG:pybindgen.typehandlers:try to lookup type handler for 'int *' => success ((<class 'pybindgen.typehandlers.inttype.IntPtrParam'>, None, <pybindgen.typehandlers.ctypeparser.TypeTraits object at 0x7f1d730d3d68>))
/home/cs18/tarballs/ns-allinone-3.34/ns-3.34/src/mpi/bindings/modulegen__gcc_LP64.py:2115: Warning: exception TypeConfigurationError('direction not given',) in wrapper public: virtual retval? ???::Enable (params?) = 0;
  is_pure_virtual=True, is_virtual=True)
DEBUG:pybindgen.typehandlers:TypeMatcher.lookup('void')
DEBUG:pybindgen.typehandlers:try to lookup type handler for 'void' => success ((<class 'pybindgen.typehandlers.voidtype.VoidReturn'>, None, <pybindgen.typehandlers.ctypeparser.TypeTraits object at 0x7f1d730ec860>))
DEBUG:pybindgen.typehandlers:TypeMatcher.lookup('MPI_Comm')
DEBUG:pybindgen.typehandlers:try to lookup type handler for 'MPI_Comm' => failure
'MPI_Comm' did not match
/home/cs18/tarballs/ns-allinone-3.34/ns-3.34/src/mpi/bindings/modulegen__gcc_LP64.py:2120: Warning: exception TypeLookupError(['MPI_Comm'],) in wrapper public: virtual retval? ???::Enable (params?) = 0;
  is_pure_virtual=True, is_virtual=True)
DEBUG:pybindgen.typehandlers:TypeMatcher.lookup('MPI_Comm')
DEBUG:pybindgen.typehandlers:try to lookup type handler for 'MPI_Comm' => failure
'MPI_Comm' did not match
/home/cs18/tarballs/ns-allinone-3.34/ns-3.34/src/mpi/bindings/modulegen__gcc_LP64.py:2125: Warning: exception TypeLookupError(['MPI_Comm'],) in wrapper public: virtual retval? ???::GetCommunicator (params?) = 0;
  is_pure_virtual=True, is_virtual=True)
DEBUG:pybindgen.typehandlers:TypeMatcher.lookup('uint32_t')
DEBUG:pybindgen.typehandlers:try to lookup type handler for 'uint32_t' => success ((<class 'pybindgen.typehandlers.inttype.UnsignedIntReturn'>, None, <pybindgen.typehandlers.ctypeparser.TypeTraits object at 0x7f1d730f42e8>))
DEBUG:pybindgen.typehandlers:TypeMatcher.lookup('uint32_t')
DEBUG:pybindgen.typehandlers:try to lookup type handler for 'uint32_t' => success ((<class 'pybindgen.typehandlers.inttype.UnsignedIntReturn'>, None, <pybindgen.typehandlers.ctypeparser.TypeTraits object at 0x7f1d730f4668>))
DEBUG:pybindgen.typehandlers:TypeMatcher.lookup('bool')
DEBUG:pybindgen.typehandlers:try to lookup type handler for 'bool' => success ((<class 'pybindgen.typehandlers.booltype.BoolReturn'>, None, <pybindgen.typehandlers.ctypeparser.TypeTraits object at 0x7f1d730f49e8>))
DEBUG:pybindgen.typehandlers:TypeMatcher.lookup('void')
DEBUG:pybindgen.typehandlers:try to lookup type handler for 'void' => success ((<class 'pybindgen.typehandlers.voidtype.VoidReturn'>, None, <pybindgen.typehandlers.ctypeparser.TypeTraits object at 0x7f1d730f4da0>))
DEBUG:pybindgen.typehandlers:TypeMatcher.lookup('ns3::Ptr< ns3::Packet >')
DEBUG:pybindgen.typehandlers:try to lookup type handler for 'ns3::Ptr< ns3::Packet >' => failure
DEBUG:pybindgen.typehandlers:try to lookup type handler for 'ns3::Packet *' => success ((<class 'pybindgen.cppclass.MemoryPolicy.register_ptr_parameter_and_return.<locals>.ThisClassPtrParameter'>, <ns3modulegen_core_customizations.SmartPointerTransformation object at 0x7f1d735b7ac8>, <pybindgen.typehandlers.ctypeparser.TypeTraits object at 0x7f1d730fd160>))
DEBUG:pybindgen.typehandlers:TypeMatcher.lookup('ns3::Time const &')
DEBUG:pybindgen.typehandlers:try to lookup type handler for 'ns3::Time const &' => success ((<class 'pybindgen.cppclass.CppClass.__init__.<locals>.ThisClassRefParameter'>, None, <pybindgen.typehandlers.ctypeparser.TypeTraits object at 0x7f1d730fd160>))
DEBUG:pybindgen.typehandlers:TypeMatcher.lookup('uint32_t')
DEBUG:pybindgen.typehandlers:try to lookup type handler for 'uint32_t' => success ((<class 'pybindgen.typehandlers.inttype.UnsignedIntParam'>, None, <pybindgen.typehandlers.ctypeparser.TypeTraits object at 0x7f1d730fd2e8>))
DEBUG:pybindgen.typehandlers:TypeMatcher.lookup('uint32_t')
DEBUG:pybindgen.typehandlers:try to lookup type handler for 'uint32_t' => success ((<class 'pybindgen.typehandlers.inttype.UnsignedIntParam'>, None, <pybindgen.typehandlers.ctypeparser.TypeTraits object at 0x7f1d730fd358>))
DEBUG:pybindgen.typehandlers:TypeMatcher.lookup('ns3::ParameterLogger const &')
DEBUG:pybindgen.typehandlers:try to lookup type handler for 'ns3::ParameterLogger const &' => success ((<class 'pybindgen.cppclass.CppClass.__init__.<locals>.ThisClassRefParameter'>, None, <pybindgen.typehandlers.ctypeparser.TypeTraits object at 0x7f1d730ec8d0>))
DEBUG:pybindgen.typehandlers:TypeMatcher.lookup('std::ostream &')
DEBUG:pybindgen.typehandlers:try to lookup type handler for 'std::ostream &' => failure
'std::ostream &' did not match
/home/cs18/tarballs/ns-allinone-3.34/ns-3.34/src/mpi/bindings/modulegen__gcc_LP64.py:2152: Warning: exception TypeLookupError(['std::ostream &'],) in wrapper <pybindgen.cppmethod.CppConstructor object at 0x7f1d730fd7f0>
  cls.add_constructor([param('std::ostream &', 'os')])
DEBUG:pybindgen.typehandlers:TypeMatcher.lookup('ns3::SimpleRefCount< ns3::Object, ns3::ObjectBase, ns3::ObjectDeleter > const &')
DEBUG:pybindgen.typehandlers:try to lookup type handler for 'ns3::SimpleRefCount< ns3::Object, ns3::ObjectBase, ns3::ObjectDeleter > const &' => success ((<class 'pybindgen.cppclass.CppClass.__init__.<locals>.ThisClassRefParameter'>, None, <pybindgen.typehandlers.ctypeparser.TypeTraits object at 0x7f1d730fdbe0>))
DEBUG:pybindgen.typehandlers:TypeMatcher.lookup('ns3::Tag const &')
DEBUG:pybindgen.typehandlers:try to lookup type handler for 'ns3::Tag const &' => success ((<class 'pybindgen.cppclass.CppClass.__init__.<locals>.ThisClassRefParameter'>, None, <pybindgen.typehandlers.ctypeparser.TypeTraits object at 0x7f1d73102400>))
DEBUG:pybindgen.typehandlers:TypeMatcher.lookup('void')
DEBUG:pybindgen.typehandlers:try to lookup type handler for 'void' => success ((<class 'pybindgen.typehandlers.voidtype.VoidReturn'>, None, <pybindgen.typehandlers.ctypeparser.TypeTraits object at 0x7f1d731027b8>))
DEBUG:pybindgen.typehandlers:TypeMatcher.lookup('ns3::TagBuffer')
DEBUG:pybindgen.typehandlers:try to lookup type handler for 'ns3::TagBuffer' => success ((<class 'pybindgen.cppclass.CppClass.__init__.<locals>.ThisClassParameter'>, None, <pybindgen.typehandlers.ctypeparser.TypeTraits object at 0x7f1d73102908>))
DEBUG:pybindgen.typehandlers:TypeMatcher.lookup('uint32_t')
DEBUG:pybindgen.typehandlers:try to lookup type handler for 'uint32_t' => success ((<class 'pybindgen.typehandlers.inttype.UnsignedIntReturn'>, None, <pybindgen.typehandlers.ctypeparser.TypeTraits object at 0x7f1d73102e80>))
DEBUG:pybindgen.typehandlers:TypeMatcher.lookup('ns3::TypeId')
DEBUG:pybindgen.typehandlers:try to lookup type handler for 'ns3::TypeId' => success ((<class 'pybindgen.cppclass.CppClass.__init__.<locals>.ThisClassReturn'>, None, <pybindgen.typehandlers.ctypeparser.TypeTraits object at 0x7f1d7310b438>))
DEBUG:pybindgen.typehandlers:TypeMatcher.lookup('void')
DEBUG:pybindgen.typehandlers:try to lookup type handler for 'void' => success ((<class 'pybindgen.typehandlers.voidtype.VoidReturn'>, None, <pybindgen.typehandlers.ctypeparser.TypeTraits object at 0x7f1d7310b7b8>))
DEBUG:pybindgen.typehandlers:TypeMatcher.lookup('std::ostream &')
DEBUG:pybindgen.typehandlers:try to lookup type handler for 'std::ostream &' => failure
'std::ostream &' did not match
/home/cs18/tarballs/ns-allinone-3.34/ns-3.34/src/mpi/bindings/modulegen__gcc_LP64.py:2186: Warning: exception TypeLookupError(['std::ostream &'],) in wrapper public: virtual retval? ???::Print (params?) const = 0;
  is_const=True, is_pure_virtual=True, is_virtual=True)
DEBUG:pybindgen.typehandlers:TypeMatcher.lookup('void')
DEBUG:pybindgen.typehandlers:try to lookup type handler for 'void' => success ((<class 'pybindgen.typehandlers.voidtype.VoidReturn'>, None, <pybindgen.typehandlers.ctypeparser.TypeTraits object at 0x7f1d7310bd68>))
DEBUG:pybindgen.typehandlers:TypeMatcher.lookup('ns3::TagBuffer')
DEBUG:pybindgen.typehandlers:try to lookup type handler for 'ns3::TagBuffer' => success ((<class 'pybindgen.cppclass.CppClass.__init__.<locals>.ThisClassParameter'>, None, <pybindgen.typehandlers.ctypeparser.TypeTraits object at 0x7f1d7310beb8>))
DEBUG:pybindgen.typehandlers:TypeMatcher.lookup('ns3::TagBuffer const &')
DEBUG:pybindgen.typehandlers:try to lookup type handler for 'ns3::TagBuffer const &' => success ((<class 'pybindgen.cppclass.CppClass.__init__.<locals>.ThisClassRefParameter'>, None, <pybindgen.typehandlers.ctypeparser.TypeTraits object at 0x7f1d73094278>))
DEBUG:pybindgen.typehandlers:TypeMatcher.lookup('uint8_t *')
DEBUG:pybindgen.typehandlers:try to lookup type handler for 'uint8_t *' => success ((<class 'pybindgen.typehandlers.inttype.UInt8PtrParam'>, None, <pybindgen.typehandlers.ctypeparser.TypeTraits object at 0x7f1d73094668>))
/home/cs18/tarballs/ns-allinone-3.34/ns-3.34/src/mpi/bindings/modulegen__gcc_LP64.py:2198: Warning: exception TypeConfigurationError('direction not given',) in wrapper <pybindgen.cppmethod.CppConstructor object at 0x7f1d730945f8>
  cls.add_constructor([param('uint8_t *', 'start'), param('uint8_t *', 'end')])
DEBUG:pybindgen.typehandlers:TypeMatcher.lookup('void')
DEBUG:pybindgen.typehandlers:try to lookup type handler for 'void' => success ((<class 'pybindgen.typehandlers.voidtype.VoidReturn'>, None, <pybindgen.typehandlers.ctypeparser.TypeTraits object at 0x7f1d73094748>))
DEBUG:pybindgen.typehandlers:TypeMatcher.lookup('ns3::TagBuffer')
DEBUG:pybindgen.typehandlers:try to lookup type handler for 'ns3::TagBuffer' => success ((<class 'pybindgen.cppclass.CppClass.__init__.<locals>.ThisClassParameter'>, None, <pybindgen.typehandlers.ctypeparser.TypeTraits object at 0x7f1d73094908>))
DEBUG:pybindgen.typehandlers:TypeMatcher.lookup('void')
DEBUG:pybindgen.typehandlers:try to lookup type handler for 'void' => success ((<class 'pybindgen.typehandlers.voidtype.VoidReturn'>, None, <pybindgen.typehandlers.ctypeparser.TypeTraits object at 0x7f1d73094c50>))
DEBUG:pybindgen.typehandlers:TypeMatcher.lookup('uint8_t *')
DEBUG:pybindgen.typehandlers:try to lookup type handler for 'uint8_t *' => success ((<class 'pybindgen.typehandlers.inttype.UInt8PtrParam'>, None, <pybindgen.typehandlers.ctypeparser.TypeTraits object at 0x7f1d73094da0>))
/home/cs18/tarballs/ns-allinone-3.34/ns-3.34/src/mpi/bindings/modulegen__gcc_LP64.py:2206: Warning: exception TypeConfigurationError('direction not given',) in wrapper public: retval? ???::Read (params?);
  [param('uint8_t *', 'buffer'), param('uint32_t', 'size')])
DEBUG:pybindgen.typehandlers:TypeMatcher.lookup('double')
DEBUG:pybindgen.typehandlers:try to lookup type handler for 'double' => success ((<class 'pybindgen.typehandlers.doubletype.DoubleReturn'>, None, <pybindgen.typehandlers.ctypeparser.TypeTraits object at 0x7f1d73094e80>))
DEBUG:pybindgen.typehandlers:TypeMatcher.lookup('uint16_t')
DEBUG:pybindgen.typehandlers:try to lookup type handler for 'uint16_t' => success ((<class 'pybindgen.typehandlers.inttype.UInt16Return'>, None, <pybindgen.typehandlers.ctypeparser.TypeTraits object at 0x7f1d7309c320>))
DEBUG:pybindgen.typehandlers:TypeMatcher.lookup('uint32_t')
DEBUG:pybindgen.typehandlers:try to lookup type handler for 'uint32_t' => success ((<class 'pybindgen.typehandlers.inttype.UnsignedIntReturn'>, None, <pybindgen.typehandlers.ctypeparser.TypeTraits object at 0x7f1d7309c6d8>))
DEBUG:pybindgen.typehandlers:TypeMatcher.lookup('uint64_t')
DEBUG:pybindgen.typehandlers:try to lookup type handler for 'uint64_t' => success ((<class 'pybindgen.typehandlers.inttype.UnsignedLongLongReturn'>, None, <pybindgen.typehandlers.ctypeparser.TypeTraits object at 0x7f1d7309ca90>))
DEBUG:pybindgen.typehandlers:TypeMatcher.lookup('uint8_t')
DEBUG:pybindgen.typehandlers:try to lookup type handler for 'uint8_t' => success ((<class 'pybindgen.typehandlers.inttype.UInt8Return'>, None, <pybindgen.typehandlers.ctypeparser.TypeTraits object at 0x7f1d7309ce48>))
DEBUG:pybindgen.typehandlers:TypeMatcher.lookup('void')
DEBUG:pybindgen.typehandlers:try to lookup type handler for 'void' => success ((<class 'pybindgen.typehandlers.voidtype.VoidReturn'>, None, <pybindgen.typehandlers.ctypeparser.TypeTraits object at 0x7f1d73094e10>))
DEBUG:pybindgen.typehandlers:TypeMatcher.lookup('uint32_t')
DEBUG:pybindgen.typehandlers:try to lookup type handler for 'uint32_t' => success ((<class 'pybindgen.typehandlers.inttype.UnsignedIntParam'>, None, <pybindgen.typehandlers.ctypeparser.TypeTraits object at 0x7f1d73094d68>))
DEBUG:pybindgen.typehandlers:TypeMatcher.lookup('void')
DEBUG:pybindgen.typehandlers:try to lookup type handler for 'void' => success ((<class 'pybindgen.typehandlers.voidtype.VoidReturn'>, None, <pybindgen.typehandlers.ctypeparser.TypeTraits object at 0x7f1d730a32e8>))
DEBUG:pybindgen.typehandlers:TypeMatcher.lookup('uint8_t const *')
DEBUG:pybindgen.typehandlers:try to lookup type handler for 'uint8_t const *' => success ((<class 'pybindgen.typehandlers.inttype.UInt8PtrParam'>, None, <pybindgen.typehandlers.ctypeparser.TypeTraits object at 0x7f1d730a3438>))
/home/cs18/tarballs/ns-allinone-3.34/ns-3.34/src/mpi/bindings/modulegen__gcc_LP64.py:2234: Warning: exception TypeConfigurationError('direction not given',) in wrapper public: retval? ???::Write (params?);
  [param('uint8_t const *', 'buffer'), param('uint32_t', 'size')])
DEBUG:pybindgen.typehandlers:TypeMatcher.lookup('void')
DEBUG:pybindgen.typehandlers:try to lookup type handler for 'void' => success ((<class 'pybindgen.typehandlers.voidtype.VoidReturn'>, None, <pybindgen.typehandlers.ctypeparser.TypeTraits object at 0x7f1d730a3588>))
DEBUG:pybindgen.typehandlers:TypeMatcher.lookup('double')
DEBUG:pybindgen.typehandlers:try to lookup type handler for 'double' => success ((<class 'pybindgen.typehandlers.doubletype.DoubleParam'>, None, <pybindgen.typehandlers.ctypeparser.TypeTraits object at 0x7f1d730a3748>))
DEBUG:pybindgen.typehandlers:TypeMatcher.lookup('void')
DEBUG:pybindgen.typehandlers:try to lookup type handler for 'void' => success ((<class 'pybindgen.typehandlers.voidtype.VoidReturn'>, None, <pybindgen.typehandlers.ctypeparser.TypeTraits object at 0x7f1d730a3ac8>))
DEBUG:pybindgen.typehandlers:TypeMatcher.lookup('uint16_t')
DEBUG:pybindgen.typehandlers:try to lookup type handler for 'uint16_t' => success ((<class 'pybindgen.typehandlers.inttype.UInt16Param'>, None, <pybindgen.typehandlers.ctypeparser.TypeTraits object at 0x7f1d730a3c18>))
DEBUG:pybindgen.typehandlers:TypeMatcher.lookup('void')
DEBUG:pybindgen.typehandlers:try to lookup type handler for 'void' => success ((<class 'pybindgen.typehandlers.voidtype.VoidReturn'>, None, <pybindgen.typehandlers.ctypeparser.TypeTraits object at 0x7f1d730a3f60>))
DEBUG:pybindgen.typehandlers:TypeMatcher.lookup('uint32_t')
DEBUG:pybindgen.typehandlers:try to lookup type handler for 'uint32_t' => success ((<class 'pybindgen.typehandlers.inttype.UnsignedIntParam'>, None, <pybindgen.typehandlers.ctypeparser.TypeTraits object at 0x7f1d730aa0f0>))
DEBUG:pybindgen.typehandlers:TypeMatcher.lookup('void')
DEBUG:pybindgen.typehandlers:try to lookup type handler for 'void' => success ((<class 'pybindgen.typehandlers.voidtype.VoidReturn'>, None, <pybindgen.typehandlers.ctypeparser.TypeTraits object at 0x7f1d730aa438>))
DEBUG:pybindgen.typehandlers:TypeMatcher.lookup('uint64_t')
DEBUG:pybindgen.typehandlers:try to lookup type handler for 'uint64_t' => success ((<class 'pybindgen.typehandlers.inttype.UnsignedLongLongParam'>, None, <pybindgen.typehandlers.ctypeparser.TypeTraits object at 0x7f1d730aa588>))
DEBUG:pybindgen.typehandlers:TypeMatcher.lookup('void')
DEBUG:pybindgen.typehandlers:try to lookup type handler for 'void' => success ((<class 'pybindgen.typehandlers.voidtype.VoidReturn'>, None, <pybindgen.typehandlers.ctypeparser.TypeTraits object at 0x7f1d730aa8d0>))
DEBUG:pybindgen.typehandlers:TypeMatcher.lookup('uint8_t')
DEBUG:pybindgen.typehandlers:try to lookup type handler for 'uint8_t' => success ((<class 'pybindgen.typehandlers.inttype.UInt8Param'>, None, <pybindgen.typehandlers.ctypeparser.TypeTraits object at 0x7f1d730aaa20>))
DEBUG:pybindgen.typehandlers:TypeMatcher.lookup('ns3::Time const &')
DEBUG:pybindgen.typehandlers:try to lookup type handler for 'ns3::Time const &' => success ((<class 'pybindgen.cppclass.CppClass.__init__.<locals>.ThisClassRefParameter'>, None, <pybindgen.typehandlers.ctypeparser.TypeTraits object at 0x7f1d730aad68>))
DEBUG:pybindgen.typehandlers:TypeMatcher.lookup('ns3::Time const &')
DEBUG:pybindgen.typehandlers:try to lookup type handler for 'ns3::Time const &' => success ((<class 'pybindgen.cppclass.CppClass.__init__.<locals>.ThisClassRefParameter'>, None, <pybindgen.typehandlers.ctypeparser.TypeTraits object at 0x7f1d730aaf28>))
DEBUG:pybindgen.typehandlers:TypeMatcher.lookup('ns3::int64x64_t const &')
DEBUG:pybindgen.typehandlers:try to lookup type handler for 'ns3::int64x64_t const &' => success ((<class 'pybindgen.cppclass.CppClass.__init__.<locals>.ThisClassRefParameter'>, None, <pybindgen.typehandlers.ctypeparser.TypeTraits object at 0x7f1d730b00f0>))
DEBUG:pybindgen.typehandlers:TypeMatcher.lookup('ns3::Time const &')
DEBUG:pybindgen.typehandlers:try to lookup type handler for 'ns3::Time const &' => success ((<class 'pybindgen.cppclass.CppClass.__init__.<locals>.ThisClassRefParameter'>, None, <pybindgen.typehandlers.ctypeparser.TypeTraits object at 0x7f1d730b0278>))
DEBUG:pybindgen.typehandlers:TypeMatcher.lookup('ns3::int64x64_t const &')
DEBUG:pybindgen.typehandlers:try to lookup type handler for 'ns3::int64x64_t const &' => success ((<class 'pybindgen.cppclass.CppClass.__init__.<locals>.ThisClassRefParameter'>, None, <pybindgen.typehandlers.ctypeparser.TypeTraits object at 0x7f1d730b0400>))
DEBUG:pybindgen.typehandlers:TypeMatcher.lookup('ns3::Time const &')
DEBUG:pybindgen.typehandlers:try to lookup type handler for 'ns3::Time const &' => success ((<class 'pybindgen.cppclass.CppClass.__init__.<locals>.ThisClassRefParameter'>, None, <pybindgen.typehandlers.ctypeparser.TypeTraits object at 0x7f1d730b0588>))
DEBUG:pybindgen.typehandlers:TypeMatcher.lookup('ns3::Time const &')
DEBUG:pybindgen.typehandlers:try to lookup type handler for 'ns3::Time const &' => success ((<class 'pybindgen.cppclass.CppClass.__init__.<locals>.ThisClassRefParameter'>, None, <pybindgen.typehandlers.ctypeparser.TypeTraits object at 0x7f1d730b0710>))
DEBUG:pybindgen.typehandlers:TypeMatcher.lookup('ns3::Time const &')
DEBUG:pybindgen.typehandlers:try to lookup type handler for 'ns3::Time const &' => success ((<class 'pybindgen.cppclass.CppClass.__init__.<locals>.ThisClassRefParameter'>, None, <pybindgen.typehandlers.ctypeparser.TypeTraits object at 0x7f1d730a3550>))
DEBUG:pybindgen.typehandlers:TypeMatcher.lookup('double')
DEBUG:pybindgen.typehandlers:try to lookup type handler for 'double' => success ((<class 'pybindgen.typehandlers.doubletype.DoubleParam'>, None, <pybindgen.typehandlers.ctypeparser.TypeTraits object at 0x7f1d73102da0>))
DEBUG:pybindgen.typehandlers:TypeMatcher.lookup('int')
DEBUG:pybindgen.typehandlers:try to lookup type handler for 'int' => success ((<class 'pybindgen.typehandlers.inttype.IntParam'>, None, <pybindgen.typehandlers.ctypeparser.TypeTraits object at 0x7f1d7310b278>))
DEBUG:pybindgen.typehandlers:TypeMatcher.lookup('long int')
DEBUG:pybindgen.typehandlers:try to lookup type handler for 'long int' => success ((<class 'pybindgen.typehandlers.inttype.LongParam'>, None, <pybindgen.typehandlers.ctypeparser.TypeTraits object at 0x7f1d730e47f0>))
DEBUG:pybindgen.typehandlers:TypeMatcher.lookup('long long int')
DEBUG:pybindgen.typehandlers:try to lookup type handler for 'long long int' => success ((<class 'pybindgen.typehandlers.inttype.LongLongParam'>, None, <pybindgen.typehandlers.ctypeparser.TypeTraits object at 0x7f1d730e4f28>))
DEBUG:pybindgen.typehandlers:TypeMatcher.lookup('unsigned int')
DEBUG:pybindgen.typehandlers:try to lookup type handler for 'unsigned int' => success ((<class 'pybindgen.typehandlers.inttype.UnsignedIntParam'>, None, <pybindgen.typehandlers.ctypeparser.TypeTraits object at 0x7f1d730b0e48>))
DEBUG:pybindgen.typehandlers:TypeMatcher.lookup('long unsigned int')
DEBUG:pybindgen.typehandlers:try to lookup type handler for 'long unsigned int' => success ((<class 'pybindgen.typehandlers.inttype.UnsignedLongParam'>, None, <pybindgen.typehandlers.ctypeparser.TypeTraits object at 0x7f1d730b5240>))
DEBUG:pybindgen.typehandlers:TypeMatcher.lookup('long long unsigned int')
DEBUG:pybindgen.typehandlers:try to lookup type handler for 'long long unsigned int' => success ((<class 'pybindgen.typehandlers.inttype.UnsignedLongLongParam'>, None, <pybindgen.typehandlers.ctypeparser.TypeTraits object at 0x7f1d730b5668>))
DEBUG:pybindgen.typehandlers:TypeMatcher.lookup('ns3::int64x64_t const &')
DEBUG:pybindgen.typehandlers:try to lookup type handler for 'ns3::int64x64_t const &' => success ((<class 'pybindgen.cppclass.CppClass.__init__.<locals>.ThisClassRefParameter'>, None, <pybindgen.typehandlers.ctypeparser.TypeTraits object at 0x7f1d730b5ba8>))
DEBUG:pybindgen.typehandlers:TypeMatcher.lookup('std::string const &')
DEBUG:pybindgen.typehandlers:try to lookup type handler for 'std::string const &' => success ((<class 'pybindgen.typehandlers.stringtype.StdStringRefParam'>, None, <pybindgen.typehandlers.ctypeparser.TypeTraits object at 0x7f1d730b5f98>))
DEBUG:pybindgen.typehandlers:TypeMatcher.lookup('ns3::TimeWithUnit')
DEBUG:pybindgen.typehandlers:try to lookup type handler for 'ns3::TimeWithUnit' => success ((<class 'pybindgen.cppclass.CppClass.__init__.<locals>.ThisClassReturn'>, None, <pybindgen.typehandlers.ctypeparser.TypeTraits object at 0x7f1d730bb390>))
DEBUG:pybindgen.typehandlers:TypeMatcher.lookup('ns3::Time::Unit const')
DEBUG:pybindgen.typehandlers:try to lookup type handler for 'ns3::Time::Unit const' => success ((<class 'pybindgen.enum.Enum.set_module.<locals>.ThisEnumParameter'>, None, <pybindgen.typehandlers.ctypeparser.TypeTraits object at 0x7f1d730bb4a8>))
DEBUG:pybindgen.typehandlers:TypeMatcher.lookup('int')
DEBUG:pybindgen.typehandlers:try to lookup type handler for 'int' => success ((<class 'pybindgen.typehandlers.inttype.IntReturn'>, None, <pybindgen.typehandlers.ctypeparser.TypeTraits object at 0x7f1d730bb7f0>))
DEBUG:pybindgen.typehandlers:TypeMatcher.lookup('ns3::Time const &')
DEBUG:pybindgen.typehandlers:try to lookup type handler for 'ns3::Time const &' => success ((<class 'pybindgen.cppclass.CppClass.__init__.<locals>.ThisClassRefParameter'>, None, <pybindgen.typehandlers.ctypeparser.TypeTraits object at 0x7f1d730bb940>))
DEBUG:pybindgen.typehandlers:TypeMatcher.lookup('ns3::Time')
DEBUG:pybindgen.typehandlers:try to lookup type handler for 'ns3::Time' => success ((<class 'pybindgen.cppclass.CppClass.__init__.<locals>.ThisClassReturn'>, None, <pybindgen.typehandlers.ctypeparser.TypeTraits object at 0x7f1d730bbd30>))
DEBUG:pybindgen.typehandlers:TypeMatcher.lookup('ns3::int64x64_t const &')
DEBUG:pybindgen.typehandlers:try to lookup type handler for 'ns3::int64x64_t const &' => success ((<class 'pybindgen.cppclass.CppClass.__init__.<locals>.ThisClassRefParameter'>, None, <pybindgen.typehandlers.ctypeparser.TypeTraits object at 0x7f1d730bbe48>))
DEBUG:pybindgen.typehandlers:TypeMatcher.lookup('ns3::Time')
DEBUG:pybindgen.typehandlers:try to lookup type handler for 'ns3::Time' => success ((<class 'pybindgen.cppclass.CppClass.__init__.<locals>.ThisClassReturn'>, None, <pybindgen.typehandlers.ctypeparser.TypeTraits object at 0x7f1d730c1278>))
DEBUG:pybindgen.typehandlers:TypeMatcher.lookup('ns3::int64x64_t const &')
DEBUG:pybindgen.typehandlers:try to lookup type handler for 'ns3::int64x64_t const &' => success ((<class 'pybindgen.cppclass.CppClass.__init__.<locals>.ThisClassRefParameter'>, None, <pybindgen.typehandlers.ctypeparser.TypeTraits object at 0x7f1d730c1390>))
DEBUG:pybindgen.typehandlers:TypeMatcher.lookup('ns3::Time::Unit')
DEBUG:pybindgen.typehandlers:try to lookup type handler for 'ns3::Time::Unit' => success ((<class 'pybindgen.enum.Enum.set_module.<locals>.ThisEnumParameter'>, None, <pybindgen.typehandlers.ctypeparser.TypeTraits object at 0x7f1d730c1550>))
DEBUG:pybindgen.typehandlers:TypeMatcher.lookup('ns3::Time')
DEBUG:pybindgen.typehandlers:try to lookup type handler for 'ns3::Time' => success ((<class 'pybindgen.cppclass.CppClass.__init__.<locals>.ThisClassReturn'>, None, <pybindgen.typehandlers.ctypeparser.TypeTraits object at 0x7f1d730c1828>))
DEBUG:pybindgen.typehandlers:TypeMatcher.lookup('double')
DEBUG:pybindgen.typehandlers:try to lookup type handler for 'double' => success ((<class 'pybindgen.typehandlers.doubletype.DoubleParam'>, None, <pybindgen.typehandlers.ctypeparser.TypeTraits object at 0x7f1d730c1940>))
DEBUG:pybindgen.typehandlers:TypeMatcher.lookup('ns3::Time::Unit')
DEBUG:pybindgen.typehandlers:try to lookup type handler for 'ns3::Time::Unit' => success ((<class 'pybindgen.enum.Enum.set_module.<locals>.ThisEnumParameter'>, None, <pybindgen.typehandlers.ctypeparser.TypeTraits object at 0x7f1d730c1a20>))
DEBUG:pybindgen.typehandlers:TypeMatcher.lookup('ns3::Time')
DEBUG:pybindgen.typehandlers:try to lookup type handler for 'ns3::Time' => success ((<class 'pybindgen.cppclass.CppClass.__init__.<locals>.ThisClassReturn'>, None, <pybindgen.typehandlers.ctypeparser.TypeTraits object at 0x7f1d730c1da0>))
DEBUG:pybindgen.typehandlers:TypeMatcher.lookup('uint64_t')
DEBUG:pybindgen.typehandlers:try to lookup type handler for 'uint64_t' => success ((<class 'pybindgen.typehandlers.inttype.UnsignedLongLongParam'>, None, <pybindgen.typehandlers.ctypeparser.TypeTraits object at 0x7f1d730c1eb8>))
DEBUG:pybindgen.typehandlers:TypeMatcher.lookup('ns3::Time::Unit')
DEBUG:pybindgen.typehandlers:try to lookup type handler for 'ns3::Time::Unit' => success ((<class 'pybindgen.enum.Enum.set_module.<locals>.ThisEnumParameter'>, None, <pybindgen.typehandlers.ctypeparser.TypeTraits object at 0x7f1d730c1f60>))
DEBUG:pybindgen.typehandlers:TypeMatcher.lookup('double')
DEBUG:pybindgen.typehandlers:try to lookup type handler for 'double' => success ((<class 'pybindgen.typehandlers.doubletype.DoubleReturn'>, None, <pybindgen.typehandlers.ctypeparser.TypeTraits object at 0x7f1d730c9320>))
DEBUG:pybindgen.typehandlers:TypeMatcher.lookup('double')
DEBUG:pybindgen.typehandlers:try to lookup type handler for 'double' => success ((<class 'pybindgen.typehandlers.doubletype.DoubleReturn'>, None, <pybindgen.typehandlers.ctypeparser.TypeTraits object at 0x7f1d730c96d8>))
DEBUG:pybindgen.typehandlers:TypeMatcher.lookup('int64_t')
DEBUG:pybindgen.typehandlers:try to lookup type handler for 'int64_t' => success ((<class 'pybindgen.typehandlers.inttype.LongLongReturn'>, None, <pybindgen.typehandlers.ctypeparser.TypeTraits object at 0x7f1d730c9a90>))
DEBUG:pybindgen.typehandlers:TypeMatcher.lookup('double')
DEBUG:pybindgen.typehandlers:try to lookup type handler for 'double' => success ((<class 'pybindgen.typehandlers.doubletype.DoubleReturn'>, None, <pybindgen.typehandlers.ctypeparser.TypeTraits object at 0x7f1d730c9e48>))
DEBUG:pybindgen.typehandlers:TypeMatcher.lookup('int64_t')
DEBUG:pybindgen.typehandlers:try to lookup type handler for 'int64_t' => success ((<class 'pybindgen.typehandlers.inttype.LongLongReturn'>, None, <pybindgen.typehandlers.ctypeparser.TypeTraits object at 0x7f1d730d2240>))
DEBUG:pybindgen.typehandlers:TypeMatcher.lookup('int64_t')
DEBUG:pybindgen.typehandlers:try to lookup type handler for 'int64_t' => success ((<class 'pybindgen.typehandlers.inttype.LongLongReturn'>, None, <pybindgen.typehandlers.ctypeparser.TypeTraits object at 0x7f1d730d25f8>))
DEBUG:pybindgen.typehandlers:TypeMatcher.lookup('int64_t')
DEBUG:pybindgen.typehandlers:try to lookup type handler for 'int64_t' => success ((<class 'pybindgen.typehandlers.inttype.LongLongReturn'>, None, <pybindgen.typehandlers.ctypeparser.TypeTraits object at 0x7f1d730d29b0>))
DEBUG:pybindgen.typehandlers:TypeMatcher.lookup('double')
DEBUG:pybindgen.typehandlers:try to lookup type handler for 'double' => success ((<class 'pybindgen.typehandlers.doubletype.DoubleReturn'>, None, <pybindgen.typehandlers.ctypeparser.TypeTraits object at 0x7f1d730d2d68>))
DEBUG:pybindgen.typehandlers:TypeMatcher.lookup('int64_t')
DEBUG:pybindgen.typehandlers:try to lookup type handler for 'int64_t' => success ((<class 'pybindgen.typehandlers.inttype.LongLongReturn'>, None, <pybindgen.typehandlers.ctypeparser.TypeTraits object at 0x7f1d7305a160>))
DEBUG:pybindgen.typehandlers:TypeMatcher.lookup('int64_t')
DEBUG:pybindgen.typehandlers:try to lookup type handler for 'int64_t' => success ((<class 'pybindgen.typehandlers.inttype.LongLongReturn'>, None, <pybindgen.typehandlers.ctypeparser.TypeTraits object at 0x7f1d7305a518>))
DEBUG:pybindgen.typehandlers:TypeMatcher.lookup('ns3::Time::Unit')
DEBUG:pybindgen.typehandlers:try to lookup type handler for 'ns3::Time::Unit' => success ((<class 'pybindgen.enum.Enum.set_module.<locals>.ThisEnumReturn'>, None, <pybindgen.typehandlers.ctypeparser.TypeTraits object at 0x7f1d7305a8d0>))
DEBUG:pybindgen.typehandlers:TypeMatcher.lookup('double')
DEBUG:pybindgen.typehandlers:try to lookup type handler for 'double' => success ((<class 'pybindgen.typehandlers.doubletype.DoubleReturn'>, None, <pybindgen.typehandlers.ctypeparser.TypeTraits object at 0x7f1d7305ac50>))
DEBUG:pybindgen.typehandlers:TypeMatcher.lookup('int64_t')
DEBUG:pybindgen.typehandlers:try to lookup type handler for 'int64_t' => success ((<class 'pybindgen.typehandlers.inttype.LongLongReturn'>, None, <pybindgen.typehandlers.ctypeparser.TypeTraits object at 0x7f1d73061048>))
DEBUG:pybindgen.typehandlers:TypeMatcher.lookup('double')
DEBUG:pybindgen.typehandlers:try to lookup type handler for 'double' => success ((<class 'pybindgen.typehandlers.doubletype.DoubleReturn'>, None, <pybindgen.typehandlers.ctypeparser.TypeTraits object at 0x7f1d73061400>))
DEBUG:pybindgen.typehandlers:TypeMatcher.lookup('bool')
DEBUG:pybindgen.typehandlers:try to lookup type handler for 'bool' => success ((<class 'pybindgen.typehandlers.booltype.BoolReturn'>, None, <pybindgen.typehandlers.ctypeparser.TypeTraits object at 0x7f1d730617b8>))
DEBUG:pybindgen.typehandlers:TypeMatcher.lookup('bool')
DEBUG:pybindgen.typehandlers:try to lookup type handler for 'bool' => success ((<class 'pybindgen.typehandlers.booltype.BoolReturn'>, None, <pybindgen.typehandlers.ctypeparser.TypeTraits object at 0x7f1d73061b70>))
DEBUG:pybindgen.typehandlers:TypeMatcher.lookup('bool')
DEBUG:pybindgen.typehandlers:try to lookup type handler for 'bool' => success ((<class 'pybindgen.typehandlers.booltype.BoolReturn'>, None, <pybindgen.typehandlers.ctypeparser.TypeTraits object at 0x7f1d73061f28>))
DEBUG:pybindgen.typehandlers:TypeMatcher.lookup('bool')
DEBUG:pybindgen.typehandlers:try to lookup type handler for 'bool' => success ((<class 'pybindgen.typehandlers.booltype.BoolReturn'>, None, <pybindgen.typehandlers.ctypeparser.TypeTraits object at 0x7f1d73068320>))
DEBUG:pybindgen.typehandlers:TypeMatcher.lookup('bool')
DEBUG:pybindgen.typehandlers:try to lookup type handler for 'bool' => success ((<class 'pybindgen.typehandlers.booltype.BoolReturn'>, None, <pybindgen.typehandlers.ctypeparser.TypeTraits object at 0x7f1d730686d8>))
DEBUG:pybindgen.typehandlers:TypeMatcher.lookup('ns3::Time')
DEBUG:pybindgen.typehandlers:try to lookup type handler for 'ns3::Time' => success ((<class 'pybindgen.cppclass.CppClass.__init__.<locals>.ThisClassReturn'>, None, <pybindgen.typehandlers.ctypeparser.TypeTraits object at 0x7f1d73068a90>))
DEBUG:pybindgen.typehandlers:TypeMatcher.lookup('ns3::Time')
DEBUG:pybindgen.typehandlers:try to lookup type handler for 'ns3::Time' => success ((<class 'pybindgen.cppclass.CppClass.__init__.<locals>.ThisClassReturn'>, None, <pybindgen.typehandlers.ctypeparser.TypeTraits object at 0x7f1d73068e10>))
DEBUG:pybindgen.typehandlers:TypeMatcher.lookup('ns3::Time')
DEBUG:pybindgen.typehandlers:try to lookup type handler for 'ns3::Time' => success ((<class 'pybindgen.cppclass.CppClass.__init__.<locals>.ThisClassReturn'>, None, <pybindgen.typehandlers.ctypeparser.TypeTraits object at 0x7f1d730701d0>))
DEBUG:pybindgen.typehandlers:TypeMatcher.lookup('ns3::Time::Unit')
DEBUG:pybindgen.typehandlers:try to lookup type handler for 'ns3::Time::Unit' => success ((<class 'pybindgen.enum.Enum.set_module.<locals>.ThisEnumParameter'>, None, <pybindgen.typehandlers.ctypeparser.TypeTraits object at 0x7f1d730702e8>))
DEBUG:pybindgen.typehandlers:TypeMatcher.lookup('void')
DEBUG:pybindgen.typehandlers:try to lookup type handler for 'void' => success ((<class 'pybindgen.typehandlers.voidtype.VoidReturn'>, None, <pybindgen.typehandlers.ctypeparser.TypeTraits object at 0x7f1d73070630>))
DEBUG:pybindgen.typehandlers:TypeMatcher.lookup('ns3::Time::Unit')
DEBUG:pybindgen.typehandlers:try to lookup type handler for 'ns3::Time::Unit' => success ((<class 'pybindgen.enum.Enum.set_module.<locals>.ThisEnumParameter'>, None, <pybindgen.typehandlers.ctypeparser.TypeTraits object at 0x7f1d73070780>))
DEBUG:pybindgen.typehandlers:TypeMatcher.lookup('bool')
DEBUG:pybindgen.typehandlers:try to lookup type handler for 'bool' => success ((<class 'pybindgen.typehandlers.booltype.BoolReturn'>, None, <pybindgen.typehandlers.ctypeparser.TypeTraits object at 0x7f1d73070ac8>))
DEBUG:pybindgen.typehandlers:TypeMatcher.lookup('ns3::int64x64_t')
DEBUG:pybindgen.typehandlers:try to lookup type handler for 'ns3::int64x64_t' => success ((<class 'pybindgen.cppclass.CppClass.__init__.<locals>.ThisClassReturn'>, None, <pybindgen.typehandlers.ctypeparser.TypeTraits object at 0x7f1d73070e80>))
DEBUG:pybindgen.typehandlers:TypeMatcher.lookup('ns3::Time::Unit')
DEBUG:pybindgen.typehandlers:try to lookup type handler for 'ns3::Time::Unit' => success ((<class 'pybindgen.enum.Enum.set_module.<locals>.ThisEnumParameter'>, None, <pybindgen.typehandlers.ctypeparser.TypeTraits object at 0x7f1d73070f98>))
DEBUG:pybindgen.typehandlers:TypeMatcher.lookup('double')
DEBUG:pybindgen.typehandlers:try to lookup type handler for 'double' => success ((<class 'pybindgen.typehandlers.doubletype.DoubleReturn'>, None, <pybindgen.typehandlers.ctypeparser.TypeTraits object at 0x7f1d73076320>))
DEBUG:pybindgen.typehandlers:TypeMatcher.lookup('ns3::Time::Unit')
DEBUG:pybindgen.typehandlers:try to lookup type handler for 'ns3::Time::Unit' => success ((<class 'pybindgen.enum.Enum.set_module.<locals>.ThisEnumParameter'>, None, <pybindgen.typehandlers.ctypeparser.TypeTraits object at 0x7f1d73076470>))
DEBUG:pybindgen.typehandlers:TypeMatcher.lookup('int64_t')
DEBUG:pybindgen.typehandlers:try to lookup type handler for 'int64_t' => success ((<class 'pybindgen.typehandlers.inttype.LongLongReturn'>, None, <pybindgen.typehandlers.ctypeparser.TypeTraits object at 0x7f1d730767b8>))
DEBUG:pybindgen.typehandlers:TypeMatcher.lookup('ns3::Time::Unit')
DEBUG:pybindgen.typehandlers:try to lookup type handler for 'ns3::Time::Unit' => success ((<class 'pybindgen.enum.Enum.set_module.<locals>.ThisEnumParameter'>, None, <pybindgen.typehandlers.ctypeparser.TypeTraits object at 0x7f1d73076908>))
DEBUG:pybindgen.typehandlers:TypeMatcher.lookup('ns3::TimeWithUnit const &')
DEBUG:pybindgen.typehandlers:try to lookup type handler for 'ns3::TimeWithUnit const &' => success ((<class 'pybindgen.cppclass.CppClass.__init__.<locals>.ThisClassRefParameter'>, None, <pybindgen.typehandlers.ctypeparser.TypeTraits object at 0x7f1d73076c88>))
DEBUG:pybindgen.typehandlers:TypeMatcher.lookup('ns3::Time const')
DEBUG:pybindgen.typehandlers:try to lookup type handler for 'ns3::Time const' => success ((<class 'pybindgen.cppclass.CppClass.__init__.<locals>.ThisClassParameter'>, None, <pybindgen.typehandlers.ctypeparser.TypeTraits object at 0x7f1d7307d0b8>))
DEBUG:pybindgen.typehandlers:TypeMatcher.lookup('ns3::Time::Unit const')
DEBUG:pybindgen.typehandlers:try to lookup type handler for 'ns3::Time::Unit const' => success ((<class 'pybindgen.enum.Enum.set_module.<locals>.ThisEnumParameter'>, None, <pybindgen.typehandlers.ctypeparser.TypeTraits object at 0x7f1d7307d208>))
DEBUG:pybindgen.typehandlers:TypeMatcher.lookup('char const *')
DEBUG:pybindgen.typehandlers:try to lookup type handler for 'char const *' => success ((<class 'pybindgen.typehandlers.stringtype.CStringParam'>, None, <pybindgen.typehandlers.ctypeparser.TypeTraits object at 0x7f1d7307d550>))
DEBUG:pybindgen.typehandlers:TypeMatcher.lookup('ns3::TypeId const &')
DEBUG:pybindgen.typehandlers:try to lookup type handler for 'ns3::TypeId const &' => success ((<class 'pybindgen.cppclass.CppClass.__init__.<locals>.ThisClassRefParameter'>, None, <pybindgen.typehandlers.ctypeparser.TypeTraits object at 0x7f1d7307dbe0>))
DEBUG:pybindgen.typehandlers:TypeMatcher.lookup('ns3::TypeId')
DEBUG:pybindgen.typehandlers:try to lookup type handler for 'ns3::TypeId' => success ((<class 'pybindgen.cppclass.CppClass.__init__.<locals>.ThisClassReturn'>, None, <pybindgen.typehandlers.ctypeparser.TypeTraits object at 0x7f1d7307dfd0>))
DEBUG:pybindgen.typehandlers:TypeMatcher.lookup('std::string')
DEBUG:pybindgen.typehandlers:try to lookup type handler for 'std::string' => success ((<class 'pybindgen.typehandlers.stringtype.StdStringParam'>, None, <pybindgen.typehandlers.ctypeparser.TypeTraits object at 0x7f1d73089128>))
DEBUG:pybindgen.typehandlers:TypeMatcher.lookup('std::string')
DEBUG:pybindgen.typehandlers:try to lookup type handler for 'std::string' => success ((<class 'pybindgen.typehandlers.stringtype.StdStringParam'>, None, <pybindgen.typehandlers.ctypeparser.TypeTraits object at 0x7f1d730891d0>))
DEBUG:pybindgen.typehandlers:TypeMatcher.lookup('ns3::AttributeValue const &')
DEBUG:pybindgen.typehandlers:try to lookup type handler for 'ns3::AttributeValue const &' => success ((<class 'pybindgen.cppclass.CppClass.__init__.<locals>.ThisClassRefParameter'>, None, <pybindgen.typehandlers.ctypeparser.TypeTraits object at 0x7f1d730892b0>))
DEBUG:pybindgen.typehandlers:TypeMatcher.lookup('ns3::Ptr< ns3::AttributeAccessor const >')
DEBUG:pybindgen.typehandlers:try to lookup type handler for 'ns3::Ptr< ns3::AttributeAccessor const >' => failure
DEBUG:pybindgen.typehandlers:try to lookup type handler for 'ns3::AttributeAccessor *' => success ((<class 'pybindgen.cppclass.MemoryPolicy.register_ptr_parameter_and_return.<locals>.ThisClassPtrParameter'>, <ns3modulegen_core_customizations.SmartPointerTransformation object at 0x7f1d735b7ac8>, <pybindgen.typehandlers.ctypeparser.TypeTraits object at 0x7f1d730896d8>))
DEBUG:pybindgen.typehandlers:TypeMatcher.lookup('ns3::Ptr< ns3::AttributeChecker const >')
DEBUG:pybindgen.typehandlers:try to lookup type handler for 'ns3::Ptr< ns3::AttributeChecker const >' => failure
DEBUG:pybindgen.typehandlers:try to lookup type handler for 'ns3::AttributeChecker *' => success ((<class 'pybindgen.cppclass.MemoryPolicy.register_ptr_parameter_and_return.<locals>.ThisClassPtrParameter'>, <ns3modulegen_core_customizations.SmartPointerTransformation object at 0x7f1d735b7ac8>, <pybindgen.typehandlers.ctypeparser.TypeTraits object at 0x7f1d73089940>))
DEBUG:pybindgen.typehandlers:TypeMatcher.lookup('ns3::TypeId::SupportLevel')
DEBUG:pybindgen.typehandlers:try to lookup type handler for 'ns3::TypeId::SupportLevel' => success ((<class 'pybindgen.enum.Enum.set_module.<locals>.ThisEnumParameter'>, None, <pybindgen.typehandlers.ctypeparser.TypeTraits object at 0x7f1d73089940>))
DEBUG:pybindgen.typehandlers:TypeMatcher.lookup('std::string const &')
DEBUG:pybindgen.typehandlers:try to lookup type handler for 'std::string const &' => success ((<class 'pybindgen.typehandlers.stringtype.StdStringRefParam'>, None, <pybindgen.typehandlers.ctypeparser.TypeTraits object at 0x7f1d73089940>))
DEBUG:pybindgen.typehandlers:TypeMatcher.lookup('ns3::TypeId')
DEBUG:pybindgen.typehandlers:try to lookup type handler for 'ns3::TypeId' => success ((<class 'pybindgen.cppclass.CppClass.__init__.<locals>.ThisClassReturn'>, None, <pybindgen.typehandlers.ctypeparser.TypeTraits object at 0x7f1d73089dd8>))
DEBUG:pybindgen.typehandlers:TypeMatcher.lookup('std::string')
DEBUG:pybindgen.typehandlers:try to lookup type handler for 'std::string' => success ((<class 'pybindgen.typehandlers.stringtype.StdStringParam'>, None, <pybindgen.typehandlers.ctypeparser.TypeTraits object at 0x7f1d73089ef0>))
DEBUG:pybindgen.typehandlers:TypeMatcher.lookup('std::string')
DEBUG:pybindgen.typehandlers:try to lookup type handler for 'std::string' => success ((<class 'pybindgen.typehandlers.stringtype.StdStringParam'>, None, <pybindgen.typehandlers.ctypeparser.TypeTraits object at 0x7f1d73089f98>))
DEBUG:pybindgen.typehandlers:TypeMatcher.lookup('uint32_t')
DEBUG:pybindgen.typehandlers:try to lookup type handler for 'uint32_t' => success ((<class 'pybindgen.typehandlers.inttype.UnsignedIntParam'>, None, <pybindgen.typehandlers.ctypeparser.TypeTraits object at 0x7f1d7308e0b8>))
DEBUG:pybindgen.typehandlers:TypeMatcher.lookup('ns3::AttributeValue const &')
DEBUG:pybindgen.typehandlers:try to lookup type handler for 'ns3::AttributeValue const &' => success ((<class 'pybindgen.cppclass.CppClass.__init__.<locals>.ThisClassRefParameter'>, None, <pybindgen.typehandlers.ctypeparser.TypeTraits object at 0x7f1d7308e198>))
DEBUG:pybindgen.typehandlers:TypeMatcher.lookup('ns3::Ptr< ns3::AttributeAccessor const >')
DEBUG:pybindgen.typehandlers:try to lookup type handler for 'ns3::Ptr< ns3::AttributeAccessor const >' => failure
DEBUG:pybindgen.typehandlers:try to lookup type handler for 'ns3::AttributeAccessor *' => success ((<class 'pybindgen.cppclass.MemoryPolicy.register_ptr_parameter_and_return.<locals>.ThisClassPtrParameter'>, <ns3modulegen_core_customizations.SmartPointerTransformation object at 0x7f1d735b7ac8>, <pybindgen.typehandlers.ctypeparser.TypeTraits object at 0x7f1d7308e5c0>))
DEBUG:pybindgen.typehandlers:TypeMatcher.lookup('ns3::Ptr< ns3::AttributeChecker const >')
DEBUG:pybindgen.typehandlers:try to lookup type handler for 'ns3::Ptr< ns3::AttributeChecker const >' => failure
DEBUG:pybindgen.typehandlers:try to lookup type handler for 'ns3::AttributeChecker *' => success ((<class 'pybindgen.cppclass.MemoryPolicy.register_ptr_parameter_and_return.<locals>.ThisClassPtrParameter'>, <ns3modulegen_core_customizations.SmartPointerTransformation object at 0x7f1d735b7ac8>, <pybindgen.typehandlers.ctypeparser.TypeTraits object at 0x7f1d7308e828>))
DEBUG:pybindgen.typehandlers:TypeMatcher.lookup('ns3::TypeId::SupportLevel')
DEBUG:pybindgen.typehandlers:try to lookup type handler for 'ns3::TypeId::SupportLevel' => success ((<class 'pybindgen.enum.Enum.set_module.<locals>.ThisEnumParameter'>, None, <pybindgen.typehandlers.ctypeparser.TypeTraits object at 0x7f1d7308e828>))
DEBUG:pybindgen.typehandlers:TypeMatcher.lookup('std::string const &')
DEBUG:pybindgen.typehandlers:try to lookup type handler for 'std::string const &' => success ((<class 'pybindgen.typehandlers.stringtype.StdStringRefParam'>, None, <pybindgen.typehandlers.ctypeparser.TypeTraits object at 0x7f1d7308e828>))
DEBUG:pybindgen.typehandlers:TypeMatcher.lookup('ns3::TypeId')
DEBUG:pybindgen.typehandlers:try to lookup type handler for 'ns3::TypeId' => success ((<class 'pybindgen.cppclass.CppClass.__init__.<locals>.ThisClassReturn'>, None, <pybindgen.typehandlers.ctypeparser.TypeTraits object at 0x7f1d7308ecc0>))
DEBUG:pybindgen.typehandlers:TypeMatcher.lookup('std::string')
DEBUG:pybindgen.typehandlers:try to lookup type handler for 'std::string' => success ((<class 'pybindgen.typehandlers.stringtype.StdStringParam'>, None, <pybindgen.typehandlers.ctypeparser.TypeTraits object at 0x7f1d7308edd8>))
DEBUG:pybindgen.typehandlers:TypeMatcher.lookup('std::string')
DEBUG:pybindgen.typehandlers:try to lookup type handler for 'std::string' => success ((<class 'pybindgen.typehandlers.stringtype.StdStringParam'>, None, <pybindgen.typehandlers.ctypeparser.TypeTraits object at 0x7f1d7308ee80>))
DEBUG:pybindgen.typehandlers:TypeMatcher.lookup('ns3::Ptr< ns3::TraceSourceAccessor const >')
DEBUG:pybindgen.typehandlers:try to lookup type handler for 'ns3::Ptr< ns3::TraceSourceAccessor const >' => failure
DEBUG:pybindgen.typehandlers:try to lookup type handler for 'ns3::TraceSourceAccessor *' => success ((<class 'pybindgen.cppclass.MemoryPolicy.register_ptr_parameter_and_return.<locals>.ThisClassPtrParameter'>, <ns3modulegen_core_customizations.SmartPointerTransformation object at 0x7f1d735b7ac8>, <pybindgen.typehandlers.ctypeparser.TypeTraits object at 0x7f1d73016240>))
DEBUG:pybindgen.typehandlers:TypeMatcher.lookup('std::string')
DEBUG:pybindgen.typehandlers:try to lookup type handler for 'std::string' => success ((<class 'pybindgen.typehandlers.stringtype.StdStringParam'>, None, <pybindgen.typehandlers.ctypeparser.TypeTraits object at 0x7f1d73016240>))
DEBUG:pybindgen.typehandlers:TypeMatcher.lookup('ns3::TypeId::SupportLevel')
DEBUG:pybindgen.typehandlers:try to lookup type handler for 'ns3::TypeId::SupportLevel' => success ((<class 'pybindgen.enum.Enum.set_module.<locals>.ThisEnumParameter'>, None, <pybindgen.typehandlers.ctypeparser.TypeTraits object at 0x7f1d730162e8>))
DEBUG:pybindgen.typehandlers:TypeMatcher.lookup('std::string const &')
DEBUG:pybindgen.typehandlers:try to lookup type handler for 'std::string const &' => success ((<class 'pybindgen.typehandlers.stringtype.StdStringRefParam'>, None, <pybindgen.typehandlers.ctypeparser.TypeTraits object at 0x7f1d730162e8>))
DEBUG:pybindgen.typehandlers:TypeMatcher.lookup('ns3::TypeId::AttributeInformation')
DEBUG:pybindgen.typehandlers:try to lookup type handler for 'ns3::TypeId::AttributeInformation' => success ((<class 'pybindgen.cppclass.CppClass.__init__.<locals>.ThisClassReturn'>, None, <pybindgen.typehandlers.ctypeparser.TypeTraits object at 0x7f1d730167f0>))
DEBUG:pybindgen.typehandlers:TypeMatcher.lookup('std::size_t')
DEBUG:pybindgen.typehandlers:try to lookup type handler for 'std::size_t' => success ((<class 'pybindgen.typehandlers.inttype.SizeTParam'>, None, <pybindgen.typehandlers.ctypeparser.TypeTraits object at 0x7f1d73016908>))
DEBUG:pybindgen.typehandlers:TypeMatcher.lookup('std::string')
DEBUG:pybindgen.typehandlers:try to lookup type handler for 'std::string' => success ((<class 'pybindgen.typehandlers.stringtype.StdStringReturn'>, None, <pybindgen.typehandlers.ctypeparser.TypeTraits object at 0x7f1d73016c50>))
DEBUG:pybindgen.typehandlers:TypeMatcher.lookup('std::size_t')
DEBUG:pybindgen.typehandlers:try to lookup type handler for 'std::size_t' => success ((<class 'pybindgen.typehandlers.inttype.SizeTParam'>, None, <pybindgen.typehandlers.ctypeparser.TypeTraits object at 0x7f1d73016d68>))
DEBUG:pybindgen.typehandlers:TypeMatcher.lookup('std::size_t')
DEBUG:pybindgen.typehandlers:try to lookup type handler for 'std::size_t' => success ((<class 'pybindgen.typehandlers.inttype.SizeTReturn'>, None, <pybindgen.typehandlers.ctypeparser.TypeTraits object at 0x7f1d730190f0>))
DEBUG:pybindgen.typehandlers:TypeMatcher.lookup('ns3::Callback< ns3::ObjectBase *, ns3::empty, ns3::empty, ns3::empty, ns3::empty, ns3::empty, ns3::empty, ns3::empty, ns3::empty, ns3::empty >')
DEBUG:pybindgen.typehandlers:try to lookup type handler for 'ns3::Callback< ns3::ObjectBase *, ns3::empty, ns3::empty, ns3::empty, ns3::empty, ns3::empty, ns3::empty, ns3::empty, ns3::empty, ns3::empty >' => failure
'ns3::Callback< ns3::ObjectBase *, ns3::empty, ns3::empty, ns3::empty, ns3::empty, ns3::empty, ns3::empty, ns3::empty, ns3::empty, ns3::empty >' did not match
/home/cs18/tarballs/ns-allinone-3.34/ns-3.34/src/mpi/bindings/modulegen__gcc_LP64.py:2511: Warning: exception TypeLookupError(['ns3::Callback< ns3::ObjectBase *, ns3::empty, ns3::empty, ns3::empty, ns3::empty, ns3::empty, ns3::empty, ns3::empty, ns3::empty, ns3::empty >'],) in wrapper public: retval? ???::GetConstructor (params?) const;
  is_const=True)
DEBUG:pybindgen.typehandlers:TypeMatcher.lookup('std::string')
DEBUG:pybindgen.typehandlers:try to lookup type handler for 'std::string' => success ((<class 'pybindgen.typehandlers.stringtype.StdStringReturn'>, None, <pybindgen.typehandlers.ctypeparser.TypeTraits object at 0x7f1d730199e8>))
DEBUG:pybindgen.typehandlers:TypeMatcher.lookup('ns3::TypeId::hash_t')
DEBUG:pybindgen.typehandlers:try to lookup type handler for 'ns3::TypeId::hash_t' => success ((<class 'pybindgen.typehandlers.inttype.UnsignedIntReturn'>, None, <pybindgen.typehandlers.ctypeparser.TypeTraits object at 0x7f1d73019d68>))
DEBUG:pybindgen.typehandlers:TypeMatcher.lookup('std::string')
DEBUG:pybindgen.typehandlers:try to lookup type handler for 'std::string' => success ((<class 'pybindgen.typehandlers.stringtype.StdStringReturn'>, None, <pybindgen.typehandlers.ctypeparser.TypeTraits object at 0x7f1d7301d128>))
DEBUG:pybindgen.typehandlers:TypeMatcher.lookup('ns3::TypeId')
DEBUG:pybindgen.typehandlers:try to lookup type handler for 'ns3::TypeId' => success ((<class 'pybindgen.cppclass.CppClass.__init__.<locals>.ThisClassReturn'>, None, <pybindgen.typehandlers.ctypeparser.TypeTraits object at 0x7f1d7301d4a8>))
DEBUG:pybindgen.typehandlers:TypeMatcher.lookup('ns3::TypeId')
DEBUG:pybindgen.typehandlers:try to lookup type handler for 'ns3::TypeId' => success ((<class 'pybindgen.cppclass.CppClass.__init__.<locals>.ThisClassReturn'>, None, <pybindgen.typehandlers.ctypeparser.TypeTraits object at 0x7f1d7301d828>))
DEBUG:pybindgen.typehandlers:TypeMatcher.lookup('uint16_t')
DEBUG:pybindgen.typehandlers:try to lookup type handler for 'uint16_t' => success ((<class 'pybindgen.typehandlers.inttype.UInt16Param'>, None, <pybindgen.typehandlers.ctypeparser.TypeTraits object at 0x7f1d7301d940>))
DEBUG:pybindgen.typehandlers:TypeMatcher.lookup('uint16_t')
DEBUG:pybindgen.typehandlers:try to lookup type handler for 'uint16_t' => success ((<class 'pybindgen.typehandlers.inttype.UInt16Return'>, None, <pybindgen.typehandlers.ctypeparser.TypeTraits object at 0x7f1d7301dc88>))
DEBUG:pybindgen.typehandlers:TypeMatcher.lookup('std::size_t')
DEBUG:pybindgen.typehandlers:try to lookup type handler for 'std::size_t' => success ((<class 'pybindgen.typehandlers.inttype.SizeTReturn'>, None, <pybindgen.typehandlers.ctypeparser.TypeTraits object at 0x7f1d7302b048>))
DEBUG:pybindgen.typehandlers:TypeMatcher.lookup('ns3::TypeId::TraceSourceInformation')
DEBUG:pybindgen.typehandlers:try to lookup type handler for 'ns3::TypeId::TraceSourceInformation' => success ((<class 'pybindgen.cppclass.CppClass.__init__.<locals>.ThisClassReturn'>, None, <pybindgen.typehandlers.ctypeparser.TypeTraits object at 0x7f1d7302b3c8>))
DEBUG:pybindgen.typehandlers:TypeMatcher.lookup('std::size_t')
DEBUG:pybindgen.typehandlers:try to lookup type handler for 'std::size_t' => success ((<class 'pybindgen.typehandlers.inttype.SizeTParam'>, None, <pybindgen.typehandlers.ctypeparser.TypeTraits object at 0x7f1d7302b4e0>))
DEBUG:pybindgen.typehandlers:TypeMatcher.lookup('std::size_t')
DEBUG:pybindgen.typehandlers:try to lookup type handler for 'std::size_t' => success ((<class 'pybindgen.typehandlers.inttype.SizeTReturn'>, None, <pybindgen.typehandlers.ctypeparser.TypeTraits object at 0x7f1d7302b828>))
DEBUG:pybindgen.typehandlers:TypeMatcher.lookup('uint16_t')
DEBUG:pybindgen.typehandlers:try to lookup type handler for 'uint16_t' => success ((<class 'pybindgen.typehandlers.inttype.UInt16Return'>, None, <pybindgen.typehandlers.ctypeparser.TypeTraits object at 0x7f1d7302bba8>))
DEBUG:pybindgen.typehandlers:TypeMatcher.lookup('bool')
DEBUG:pybindgen.typehandlers:try to lookup type handler for 'bool' => success ((<class 'pybindgen.typehandlers.booltype.BoolReturn'>, None, <pybindgen.typehandlers.ctypeparser.TypeTraits object at 0x7f1d7302bf28>))
DEBUG:pybindgen.typehandlers:TypeMatcher.lookup('bool')
DEBUG:pybindgen.typehandlers:try to lookup type handler for 'bool' => success ((<class 'pybindgen.typehandlers.booltype.BoolReturn'>, None, <pybindgen.typehandlers.ctypeparser.TypeTraits object at 0x7f1d73034320>))
DEBUG:pybindgen.typehandlers:TypeMatcher.lookup('ns3::TypeId')
DEBUG:pybindgen.typehandlers:try to lookup type handler for 'ns3::TypeId' => success ((<class 'pybindgen.cppclass.CppClass.__init__.<locals>.ThisClassReturn'>, None, <pybindgen.typehandlers.ctypeparser.TypeTraits object at 0x7f1d730346d8>))
DEBUG:pybindgen.typehandlers:TypeMatcher.lookup('bool')
DEBUG:pybindgen.typehandlers:try to lookup type handler for 'bool' => success ((<class 'pybindgen.typehandlers.booltype.BoolReturn'>, None, <pybindgen.typehandlers.ctypeparser.TypeTraits object at 0x7f1d73034a90>))
DEBUG:pybindgen.typehandlers:TypeMatcher.lookup('ns3::TypeId')
DEBUG:pybindgen.typehandlers:try to lookup type handler for 'ns3::TypeId' => success ((<class 'pybindgen.cppclass.CppClass.__init__.<locals>.ThisClassParameter'>, None, <pybindgen.typehandlers.ctypeparser.TypeTraits object at 0x7f1d73034be0>))
DEBUG:pybindgen.typehandlers:TypeMatcher.lookup('bool')
DEBUG:pybindgen.typehandlers:try to lookup type handler for 'bool' => success ((<class 'pybindgen.typehandlers.booltype.BoolReturn'>, None, <pybindgen.typehandlers.ctypeparser.TypeTraits object at 0x7f1d73034f28>))
DEBUG:pybindgen.typehandlers:TypeMatcher.lookup('std::string')
DEBUG:pybindgen.typehandlers:try to lookup type handler for 'std::string' => success ((<class 'pybindgen.typehandlers.stringtype.StdStringParam'>, None, <pybindgen.typehandlers.ctypeparser.TypeTraits object at 0x7f1d730380b8>))
DEBUG:pybindgen.typehandlers:TypeMatcher.lookup('ns3::TypeId::AttributeInformation *')
DEBUG:pybindgen.typehandlers:try to lookup type handler for 'ns3::TypeId::AttributeInformation *' => success ((<class 'pybindgen.cppclass.CppClass.__init__.<locals>.ThisClassPtrParameter'>, None, <pybindgen.typehandlers.ctypeparser.TypeTraits object at 0x7f1d73038160>))
DEBUG:pybindgen.typehandlers:TypeMatcher.lookup('ns3::TypeId')
DEBUG:pybindgen.typehandlers:try to lookup type handler for 'ns3::TypeId' => success ((<class 'pybindgen.cppclass.CppClass.__init__.<locals>.ThisClassReturn'>, None, <pybindgen.typehandlers.ctypeparser.TypeTraits object at 0x7f1d73038518>))
DEBUG:pybindgen.typehandlers:TypeMatcher.lookup('uint32_t')
DEBUG:pybindgen.typehandlers:try to lookup type handler for 'uint32_t' => success ((<class 'pybindgen.typehandlers.inttype.UnsignedIntParam'>, None, <pybindgen.typehandlers.ctypeparser.TypeTraits object at 0x7f1d73038630>))
DEBUG:pybindgen.typehandlers:TypeMatcher.lookup('bool')
DEBUG:pybindgen.typehandlers:try to lookup type handler for 'bool' => success ((<class 'pybindgen.typehandlers.booltype.BoolReturn'>, None, <pybindgen.typehandlers.ctypeparser.TypeTraits object at 0x7f1d73038978>))
DEBUG:pybindgen.typehandlers:TypeMatcher.lookup('uint32_t')
DEBUG:pybindgen.typehandlers:try to lookup type handler for 'uint32_t' => success ((<class 'pybindgen.typehandlers.inttype.UnsignedIntParam'>, None, <pybindgen.typehandlers.ctypeparser.TypeTraits object at 0x7f1d73038ac8>))
DEBUG:pybindgen.typehandlers:TypeMatcher.lookup('ns3::TypeId *')
DEBUG:pybindgen.typehandlers:try to lookup type handler for 'ns3::TypeId *' => success ((<class 'pybindgen.cppclass.CppClass.__init__.<locals>.ThisClassPtrParameter'>, None, <pybindgen.typehandlers.ctypeparser.TypeTraits object at 0x7f1d73038b70>))
/home/cs18/tarballs/ns-allinone-3.34/ns-3.34/src/mpi/bindings/modulegen__gcc_LP64.py:2595: Warning: exception TypeConfigurationError('Missing transfer_ownership option',) in wrapper public: retval? ???::LookupByHashFailSafe (params?);
  is_static=True)
DEBUG:pybindgen.typehandlers:TypeMatcher.lookup('ns3::TypeId')
DEBUG:pybindgen.typehandlers:try to lookup type handler for 'ns3::TypeId' => success ((<class 'pybindgen.cppclass.CppClass.__init__.<locals>.ThisClassReturn'>, None, <pybindgen.typehandlers.ctypeparser.TypeTraits object at 0x7f1d73038ba8>))
DEBUG:pybindgen.typehandlers:TypeMatcher.lookup('std::string')
DEBUG:pybindgen.typehandlers:try to lookup type handler for 'std::string' => success ((<class 'pybindgen.typehandlers.stringtype.StdStringParam'>, None, <pybindgen.typehandlers.ctypeparser.TypeTraits object at 0x7f1d73038d30>))
DEBUG:pybindgen.typehandlers:TypeMatcher.lookup('ns3::Ptr< ns3::TraceSourceAccessor const >')
DEBUG:pybindgen.typehandlers:try to lookup type handler for 'ns3::Ptr< ns3::TraceSourceAccessor const >' => failure
DEBUG:pybindgen.typehandlers:try to lookup type handler for 'ns3::TraceSourceAccessor *' => success ((<class 'pybindgen.cppclass.MemoryPolicy.register_ptr_parameter_and_return.<locals>.ThisClassPtrReturn'>, <ns3modulegen_core_customizations.SmartPointerTransformation object at 0x7f1d735b7ac8>, <pybindgen.typehandlers.ctypeparser.TypeTraits object at 0x7f1d73043320>))
DEBUG:pybindgen.typehandlers:TypeMatcher.lookup('std::string')
DEBUG:pybindgen.typehandlers:try to lookup type handler for 'std::string' => success ((<class 'pybindgen.typehandlers.stringtype.StdStringParam'>, None, <pybindgen.typehandlers.ctypeparser.TypeTraits object at 0x7f1d730432b0>))
DEBUG:pybindgen.typehandlers:TypeMatcher.lookup('ns3::Ptr< ns3::TraceSourceAccessor const >')
DEBUG:pybindgen.typehandlers:try to lookup type handler for 'ns3::Ptr< ns3::TraceSourceAccessor const >' => failure
DEBUG:pybindgen.typehandlers:try to lookup type handler for 'ns3::TraceSourceAccessor *' => success ((<class 'pybindgen.cppclass.MemoryPolicy.register_ptr_parameter_and_return.<locals>.ThisClassPtrReturn'>, <ns3modulegen_core_customizations.SmartPointerTransformation object at 0x7f1d735b7ac8>, <pybindgen.typehandlers.ctypeparser.TypeTraits object at 0x7f1d73038be0>))
DEBUG:pybindgen.typehandlers:TypeMatcher.lookup('std::string')
DEBUG:pybindgen.typehandlers:try to lookup type handler for 'std::string' => success ((<class 'pybindgen.typehandlers.stringtype.StdStringParam'>, None, <pybindgen.typehandlers.ctypeparser.TypeTraits object at 0x7f1d73038c18>))
DEBUG:pybindgen.typehandlers:TypeMatcher.lookup('ns3::TypeId::TraceSourceInformation *')
DEBUG:pybindgen.typehandlers:try to lookup type handler for 'ns3::TypeId::TraceSourceInformation *' => success ((<class 'pybindgen.cppclass.CppClass.__init__.<locals>.ThisClassPtrParameter'>, None, <pybindgen.typehandlers.ctypeparser.TypeTraits object at 0x7f1d73043710>))
/home/cs18/tarballs/ns-allinone-3.34/ns-3.34/src/mpi/bindings/modulegen__gcc_LP64.py:2610: Warning: exception TypeConfigurationError('Missing transfer_ownership option',) in wrapper public: retval? ???::LookupTraceSourceByName (params?) const;
  is_const=True)
DEBUG:pybindgen.typehandlers:TypeMatcher.lookup('bool')
DEBUG:pybindgen.typehandlers:try to lookup type handler for 'bool' => success ((<class 'pybindgen.typehandlers.booltype.BoolReturn'>, None, <pybindgen.typehandlers.ctypeparser.TypeTraits object at 0x7f1d73038c50>))
DEBUG:pybindgen.typehandlers:TypeMatcher.lookup('bool')
DEBUG:pybindgen.typehandlers:try to lookup type handler for 'bool' => success ((<class 'pybindgen.typehandlers.booltype.BoolReturn'>, None, <pybindgen.typehandlers.ctypeparser.TypeTraits object at 0x7f1d73043ba8>))
DEBUG:pybindgen.typehandlers:TypeMatcher.lookup('std::size_t')
DEBUG:pybindgen.typehandlers:try to lookup type handler for 'std::size_t' => success ((<class 'pybindgen.typehandlers.inttype.SizeTParam'>, None, <pybindgen.typehandlers.ctypeparser.TypeTraits object at 0x7f1d73043cf8>))
DEBUG:pybindgen.typehandlers:TypeMatcher.lookup('ns3::Ptr< ns3::AttributeValue const >')
DEBUG:pybindgen.typehandlers:try to lookup type handler for 'ns3::Ptr< ns3::AttributeValue const >' => failure
DEBUG:pybindgen.typehandlers:try to lookup type handler for 'ns3::AttributeValue *' => success ((<class 'pybindgen.cppclass.MemoryPolicy.register_ptr_parameter_and_return.<locals>.ThisClassPtrParameter'>, <ns3modulegen_core_customizations.SmartPointerTransformation object at 0x7f1d735b7ac8>, <pybindgen.typehandlers.ctypeparser.TypeTraits object at 0x7f1d73046080>))
DEBUG:pybindgen.typehandlers:TypeMatcher.lookup('ns3::TypeId')
DEBUG:pybindgen.typehandlers:try to lookup type handler for 'ns3::TypeId' => success ((<class 'pybindgen.cppclass.CppClass.__init__.<locals>.ThisClassReturn'>, None, <pybindgen.typehandlers.ctypeparser.TypeTraits object at 0x7f1d730462e8>))
DEBUG:pybindgen.typehandlers:TypeMatcher.lookup('std::string')
DEBUG:pybindgen.typehandlers:try to lookup type handler for 'std::string' => success ((<class 'pybindgen.typehandlers.stringtype.StdStringParam'>, None, <pybindgen.typehandlers.ctypeparser.TypeTraits object at 0x7f1d73046400>))
DEBUG:pybindgen.typehandlers:TypeMatcher.lookup('ns3::TypeId')
DEBUG:pybindgen.typehandlers:try to lookup type handler for 'ns3::TypeId' => success ((<class 'pybindgen.cppclass.CppClass.__init__.<locals>.ThisClassReturn'>, None, <pybindgen.typehandlers.ctypeparser.TypeTraits object at 0x7f1d73046748>))
DEBUG:pybindgen.typehandlers:TypeMatcher.lookup('ns3::TypeId')
DEBUG:pybindgen.typehandlers:try to lookup type handler for 'ns3::TypeId' => success ((<class 'pybindgen.cppclass.CppClass.__init__.<locals>.ThisClassParameter'>, None, <pybindgen.typehandlers.ctypeparser.TypeTraits object at 0x7f1d73046860>))
DEBUG:pybindgen.typehandlers:TypeMatcher.lookup('ns3::TypeId')
DEBUG:pybindgen.typehandlers:try to lookup type handler for 'ns3::TypeId' => success ((<class 'pybindgen.cppclass.CppClass.__init__.<locals>.ThisClassReturn'>, None, <pybindgen.typehandlers.ctypeparser.TypeTraits object at 0x7f1d73046ba8>))
DEBUG:pybindgen.typehandlers:TypeMatcher.lookup('std::size_t')
DEBUG:pybindgen.typehandlers:try to lookup type handler for 'std::size_t' => success ((<class 'pybindgen.typehandlers.inttype.SizeTParam'>, None, <pybindgen.typehandlers.ctypeparser.TypeTraits object at 0x7f1d73046cc0>))
DEBUG:pybindgen.typehandlers:TypeMatcher.lookup('void')
DEBUG:pybindgen.typehandlers:try to lookup type handler for 'void' => success ((<class 'pybindgen.typehandlers.voidtype.VoidReturn'>, None, <pybindgen.typehandlers.ctypeparser.TypeTraits object at 0x7f1d7304e048>))
DEBUG:pybindgen.typehandlers:TypeMatcher.lookup('uint16_t')
DEBUG:pybindgen.typehandlers:try to lookup type handler for 'uint16_t' => success ((<class 'pybindgen.typehandlers.inttype.UInt16Param'>, None, <pybindgen.typehandlers.ctypeparser.TypeTraits object at 0x7f1d7304e198>))
DEBUG:pybindgen.typehandlers:TypeMatcher.lookup('ns3::TypeId::AttributeInformation const &')
DEBUG:pybindgen.typehandlers:try to lookup type handler for 'ns3::TypeId::AttributeInformation const &' => success ((<class 'pybindgen.cppclass.CppClass.__init__.<locals>.ThisClassRefParameter'>, None, <pybindgen.typehandlers.ctypeparser.TypeTraits object at 0x7f1d7304e780>))
DEBUG:pybindgen.typehandlers:TypeMatcher.lookup('ns3::Ptr< ns3::AttributeAccessor const >')
DEBUG:pybindgen.typehandlers:try to lookup type handler for 'ns3::Ptr< ns3::AttributeAccessor const >' => failure
DEBUG:pybindgen.typehandlers:try to lookup type handler for 'ns3::AttributeAccessor *' => success ((<class 'pybindgen.cppclass.MemoryPolicy.register_ptr_parameter_and_return.<locals>.ThisClassPtrReturn'>, <ns3modulegen_core_customizations.SmartPointerTransformation object at 0x7f1d735b7ac8>, <pybindgen.typehandlers.ctypeparser.TypeTraits object at 0x7f1d7304ed68>))
DEBUG:pybindgen.typehandlers:TypeMatcher.lookup('ns3::Ptr< ns3::AttributeChecker const >')
DEBUG:pybindgen.typehandlers:try to lookup type handler for 'ns3::Ptr< ns3::AttributeChecker const >' => failure
DEBUG:pybindgen.typehandlers:try to lookup type handler for 'ns3::AttributeChecker *' => success ((<class 'pybindgen.cppclass.MemoryPolicy.register_ptr_parameter_and_return.<locals>.ThisClassPtrReturn'>, <ns3modulegen_core_customizations.SmartPointerTransformation object at 0x7f1d735b7ac8>, <pybindgen.typehandlers.ctypeparser.TypeTraits object at 0x7f1d73038978>))
DEBUG:pybindgen.typehandlers:TypeMatcher.lookup('uint32_t')
DEBUG:pybindgen.typehandlers:try to lookup type handler for 'uint32_t' => success ((<class 'pybindgen.typehandlers.inttype.UnsignedIntReturn'>, None, <pybindgen.typehandlers.ctypeparser.TypeTraits object at 0x7f1d72f944e0>))
DEBUG:pybindgen.typehandlers:TypeMatcher.lookup('std::string')
DEBUG:pybindgen.typehandlers:try to lookup type handler for 'std::string' => success ((<class 'pybindgen.typehandlers.stringtype.StdStringReturn'>, None, <pybindgen.typehandlers.ctypeparser.TypeTraits object at 0x7f1d72f94a20>))
DEBUG:pybindgen.typehandlers:TypeMatcher.lookup('ns3::Ptr< ns3::AttributeValue const >')
DEBUG:pybindgen.typehandlers:try to lookup type handler for 'ns3::Ptr< ns3::AttributeValue const >' => failure
DEBUG:pybindgen.typehandlers:try to lookup type handler for 'ns3::AttributeValue *' => success ((<class 'pybindgen.cppclass.MemoryPolicy.register_ptr_parameter_and_return.<locals>.ThisClassPtrReturn'>, <ns3modulegen_core_customizations.SmartPointerTransformation object at 0x7f1d735b7ac8>, <pybindgen.typehandlers.ctypeparser.TypeTraits object at 0x7f1d72f9d208>))
DEBUG:pybindgen.typehandlers:TypeMatcher.lookup('std::string')
DEBUG:pybindgen.typehandlers:try to lookup type handler for 'std::string' => success ((<class 'pybindgen.typehandlers.stringtype.StdStringReturn'>, None, <pybindgen.typehandlers.ctypeparser.TypeTraits object at 0x7f1d72f9d668>))
DEBUG:pybindgen.typehandlers:TypeMatcher.lookup('ns3::Ptr< ns3::AttributeValue const >')
DEBUG:pybindgen.typehandlers:try to lookup type handler for 'ns3::Ptr< ns3::AttributeValue const >' => failure
DEBUG:pybindgen.typehandlers:try to lookup type handler for 'ns3::AttributeValue *' => success ((<class 'pybindgen.cppclass.MemoryPolicy.register_ptr_parameter_and_return.<locals>.ThisClassPtrReturn'>, <ns3modulegen_core_customizations.SmartPointerTransformation object at 0x7f1d735b7ac8>, <pybindgen.typehandlers.ctypeparser.TypeTraits object at 0x7f1d72f9de10>))
DEBUG:pybindgen.typehandlers:TypeMatcher.lookup('ns3::TypeId::SupportLevel')
DEBUG:pybindgen.typehandlers:try to lookup type handler for 'ns3::TypeId::SupportLevel' => success ((<class 'pybindgen.enum.Enum.set_module.<locals>.ThisEnumReturn'>, None, <pybindgen.typehandlers.ctypeparser.TypeTraits object at 0x7f1d72fa52b0>))
DEBUG:pybindgen.typehandlers:TypeMatcher.lookup('std::string')
DEBUG:pybindgen.typehandlers:try to lookup type handler for 'std::string' => success ((<class 'pybindgen.typehandlers.stringtype.StdStringReturn'>, None, <pybindgen.typehandlers.ctypeparser.TypeTraits object at 0x7f1d72fa57f0>))
DEBUG:pybindgen.typehandlers:TypeMatcher.lookup('ns3::TypeId::TraceSourceInformation const &')
DEBUG:pybindgen.typehandlers:try to lookup type handler for 'ns3::TypeId::TraceSourceInformation const &' => success ((<class 'pybindgen.cppclass.CppClass.__init__.<locals>.ThisClassRefParameter'>, None, <pybindgen.typehandlers.ctypeparser.TypeTraits object at 0x7f1d72fac048>))
DEBUG:pybindgen.typehandlers:TypeMatcher.lookup('ns3::Ptr< ns3::TraceSourceAccessor const >')
DEBUG:pybindgen.typehandlers:try to lookup type handler for 'ns3::Ptr< ns3::TraceSourceAccessor const >' => failure
DEBUG:pybindgen.typehandlers:try to lookup type handler for 'ns3::TraceSourceAccessor *' => success ((<class 'pybindgen.cppclass.MemoryPolicy.register_ptr_parameter_and_return.<locals>.ThisClassPtrReturn'>, <ns3modulegen_core_customizations.SmartPointerTransformation object at 0x7f1d735b7ac8>, <pybindgen.typehandlers.ctypeparser.TypeTraits object at 0x7f1d72fac630>))
DEBUG:pybindgen.typehandlers:TypeMatcher.lookup('std::string')
DEBUG:pybindgen.typehandlers:try to lookup type handler for 'std::string' => success ((<class 'pybindgen.typehandlers.stringtype.StdStringReturn'>, None, <pybindgen.typehandlers.ctypeparser.TypeTraits object at 0x7f1d72faca90>))
DEBUG:pybindgen.typehandlers:TypeMatcher.lookup('std::string')
DEBUG:pybindgen.typehandlers:try to lookup type handler for 'std::string' => success ((<class 'pybindgen.typehandlers.stringtype.StdStringReturn'>, None, <pybindgen.typehandlers.ctypeparser.TypeTraits object at 0x7f1d72facfd0>))
DEBUG:pybindgen.typehandlers:TypeMatcher.lookup('std::string')
DEBUG:pybindgen.typehandlers:try to lookup type handler for 'std::string' => success ((<class 'pybindgen.typehandlers.stringtype.StdStringReturn'>, None, <pybindgen.typehandlers.ctypeparser.TypeTraits object at 0x7f1d72fb7550>))
DEBUG:pybindgen.typehandlers:TypeMatcher.lookup('ns3::TypeId::SupportLevel')
DEBUG:pybindgen.typehandlers:try to lookup type handler for 'ns3::TypeId::SupportLevel' => success ((<class 'pybindgen.enum.Enum.set_module.<locals>.ThisEnumReturn'>, None, <pybindgen.typehandlers.ctypeparser.TypeTraits object at 0x7f1d72fb7a90>))
DEBUG:pybindgen.typehandlers:TypeMatcher.lookup('std::string')
DEBUG:pybindgen.typehandlers:try to lookup type handler for 'std::string' => success ((<class 'pybindgen.typehandlers.stringtype.StdStringReturn'>, None, <pybindgen.typehandlers.ctypeparser.TypeTraits object at 0x7f1d72fb7fd0>))
DEBUG:pybindgen.typehandlers:TypeMatcher.lookup('ns3::empty const &')
DEBUG:pybindgen.typehandlers:try to lookup type handler for 'ns3::empty const &' => success ((<class 'pybindgen.cppclass.CppClass.__init__.<locals>.ThisClassRefParameter'>, None, <pybindgen.typehandlers.ctypeparser.TypeTraits object at 0x7f1d72fbe828>))
DEBUG:pybindgen.typehandlers:TypeMatcher.lookup('ns3::Time const &')
DEBUG:pybindgen.typehandlers:try to lookup type handler for 'ns3::Time const &' => success ((<class 'pybindgen.cppclass.CppClass.__init__.<locals>.ThisClassRefParameter'>, None, <pybindgen.typehandlers.ctypeparser.TypeTraits object at 0x7f1d72fbeba8>))
DEBUG:pybindgen.typehandlers:TypeMatcher.lookup('ns3::int64x64_t const &')
DEBUG:pybindgen.typehandlers:try to lookup type handler for 'ns3::int64x64_t const &' => success ((<class 'pybindgen.cppclass.CppClass.__init__.<locals>.ThisClassRefParameter'>, None, <pybindgen.typehandlers.ctypeparser.TypeTraits object at 0x7f1d72fbed68>))
DEBUG:pybindgen.typehandlers:TypeMatcher.lookup('ns3::int64x64_t const &')
DEBUG:pybindgen.typehandlers:try to lookup type handler for 'ns3::int64x64_t const &' => success ((<class 'pybindgen.cppclass.CppClass.__init__.<locals>.ThisClassRefParameter'>, None, <pybindgen.typehandlers.ctypeparser.TypeTraits object at 0x7f1d72fbeef0>))
DEBUG:pybindgen.typehandlers:TypeMatcher.lookup('ns3::int64x64_t const &')
DEBUG:pybindgen.typehandlers:try to lookup type handler for 'ns3::int64x64_t const &' => success ((<class 'pybindgen.cppclass.CppClass.__init__.<locals>.ThisClassRefParameter'>, None, <pybindgen.typehandlers.ctypeparser.TypeTraits object at 0x7f1d72fc60b8>))
DEBUG:pybindgen.typehandlers:TypeMatcher.lookup('ns3::int64x64_t const &')
DEBUG:pybindgen.typehandlers:try to lookup type handler for 'ns3::int64x64_t const &' => success ((<class 'pybindgen.cppclass.CppClass.__init__.<locals>.ThisClassRefParameter'>, None, <pybindgen.typehandlers.ctypeparser.TypeTraits object at 0x7f1d72fc6240>))
DEBUG:pybindgen.typehandlers:TypeMatcher.lookup('ns3::int64x64_t const &')
DEBUG:pybindgen.typehandlers:try to lookup type handler for 'ns3::int64x64_t const &' => success ((<class 'pybindgen.cppclass.CppClass.__init__.<locals>.ThisClassRefParameter'>, None, <pybindgen.typehandlers.ctypeparser.TypeTraits object at 0x7f1d72fc63c8>))
DEBUG:pybindgen.typehandlers:TypeMatcher.lookup('ns3::int64x64_t const &')
DEBUG:pybindgen.typehandlers:try to lookup type handler for 'ns3::int64x64_t const &' => success ((<class 'pybindgen.cppclass.CppClass.__init__.<locals>.ThisClassRefParameter'>, None, <pybindgen.typehandlers.ctypeparser.TypeTraits object at 0x7f1d72fc6550>))
DEBUG:pybindgen.typehandlers:TypeMatcher.lookup('ns3::int64x64_t const &')
DEBUG:pybindgen.typehandlers:try to lookup type handler for 'ns3::int64x64_t const &' => success ((<class 'pybindgen.cppclass.CppClass.__init__.<locals>.ThisClassRefParameter'>, None, <pybindgen.typehandlers.ctypeparser.TypeTraits object at 0x7f1d72fc66d8>))
DEBUG:pybindgen.typehandlers:TypeMatcher.lookup('ns3::int64x64_t const &')
DEBUG:pybindgen.typehandlers:try to lookup type handler for 'ns3::int64x64_t const &' => success ((<class 'pybindgen.cppclass.CppClass.__init__.<locals>.ThisClassRefParameter'>, None, <pybindgen.typehandlers.ctypeparser.TypeTraits object at 0x7f1d72fc6860>))
DEBUG:pybindgen.typehandlers:TypeMatcher.lookup('double const')
DEBUG:pybindgen.typehandlers:try to lookup type handler for 'double const' => success ((<class 'pybindgen.typehandlers.doubletype.DoubleParam'>, None, <pybindgen.typehandlers.ctypeparser.TypeTraits object at 0x7f1d72fc6c88>))
DEBUG:pybindgen.typehandlers:TypeMatcher.lookup('long double const')
DEBUG:pybindgen.typehandlers:try to lookup type handler for 'long double const' => failure
'long double const' did not match
/home/cs18/tarballs/ns-allinone-3.34/ns-3.34/src/mpi/bindings/modulegen__gcc_LP64.py:2711: Warning: exception TypeLookupError(['long double'],) in wrapper <pybindgen.cppmethod.CppConstructor object at 0x7f1d72fcb048>
  cls.add_constructor([param('long double const', 'value')])
DEBUG:pybindgen.typehandlers:TypeMatcher.lookup('int const')
DEBUG:pybindgen.typehandlers:try to lookup type handler for 'int const' => success ((<class 'pybindgen.typehandlers.inttype.IntParam'>, None, <pybindgen.typehandlers.ctypeparser.TypeTraits object at 0x7f1d72fcb240>))
DEBUG:pybindgen.typehandlers:TypeMatcher.lookup('long int const')
DEBUG:pybindgen.typehandlers:try to lookup type handler for 'long int const' => success ((<class 'pybindgen.typehandlers.inttype.LongParam'>, None, <pybindgen.typehandlers.ctypeparser.TypeTraits object at 0x7f1d72fcb6a0>))
DEBUG:pybindgen.typehandlers:TypeMatcher.lookup('long long int const')
DEBUG:pybindgen.typehandlers:try to lookup type handler for 'long long int const' => success ((<class 'pybindgen.typehandlers.inttype.LongLongParam'>, None, <pybindgen.typehandlers.ctypeparser.TypeTraits object at 0x7f1d73019550>))
DEBUG:pybindgen.typehandlers:TypeMatcher.lookup('unsigned int const')
DEBUG:pybindgen.typehandlers:try to lookup type handler for 'unsigned int const' => success ((<class 'pybindgen.typehandlers.inttype.UnsignedIntParam'>, None, <pybindgen.typehandlers.ctypeparser.TypeTraits object at 0x7f1d72fcb160>))
DEBUG:pybindgen.typehandlers:TypeMatcher.lookup('long unsigned int const')
DEBUG:pybindgen.typehandlers:try to lookup type handler for 'long unsigned int const' => success ((<class 'pybindgen.typehandlers.inttype.UnsignedLongParam'>, None, <pybindgen.typehandlers.ctypeparser.TypeTraits object at 0x7f1d72fcbcf8>))
DEBUG:pybindgen.typehandlers:TypeMatcher.lookup('long long unsigned int const')
DEBUG:pybindgen.typehandlers:try to lookup type handler for 'long long unsigned int const' => success ((<class 'pybindgen.typehandlers.inttype.UnsignedLongLongParam'>, None, <pybindgen.typehandlers.ctypeparser.TypeTraits object at 0x7f1d72fce240>))
DEBUG:pybindgen.typehandlers:TypeMatcher.lookup('int64_t const')
DEBUG:pybindgen.typehandlers:try to lookup type handler for 'int64_t const' => success ((<class 'pybindgen.typehandlers.inttype.LongLongParam'>, None, <pybindgen.typehandlers.ctypeparser.TypeTraits object at 0x7f1d72fce780>))
DEBUG:pybindgen.typehandlers:TypeMatcher.lookup('uint64_t const')
DEBUG:pybindgen.typehandlers:try to lookup type handler for 'uint64_t const' => success ((<class 'pybindgen.typehandlers.inttype.UnsignedLongLongParam'>, None, <pybindgen.typehandlers.ctypeparser.TypeTraits object at 0x7f1d72fce908>))
DEBUG:pybindgen.typehandlers:TypeMatcher.lookup('ns3::int64x64_t const &')
DEBUG:pybindgen.typehandlers:try to lookup type handler for 'ns3::int64x64_t const &' => success ((<class 'pybindgen.cppclass.CppClass.__init__.<locals>.ThisClassRefParameter'>, None, <pybindgen.typehandlers.ctypeparser.TypeTraits object at 0x7f1d72fcecc0>))
DEBUG:pybindgen.typehandlers:TypeMatcher.lookup('double')
DEBUG:pybindgen.typehandlers:try to lookup type handler for 'double' => success ((<class 'pybindgen.typehandlers.doubletype.DoubleReturn'>, None, <pybindgen.typehandlers.ctypeparser.TypeTraits object at 0x7f1d72f5a0b8>))
DEBUG:pybindgen.typehandlers:TypeMatcher.lookup('int64_t')
DEBUG:pybindgen.typehandlers:try to lookup type handler for 'int64_t' => success ((<class 'pybindgen.typehandlers.inttype.LongLongReturn'>, None, <pybindgen.typehandlers.ctypeparser.TypeTraits object at 0x7f1d72f5a470>))
DEBUG:pybindgen.typehandlers:TypeMatcher.lookup('int64_t')
DEBUG:pybindgen.typehandlers:try to lookup type handler for 'int64_t' => success ((<class 'pybindgen.typehandlers.inttype.LongLongReturn'>, None, <pybindgen.typehandlers.ctypeparser.TypeTraits object at 0x7f1d72f5a828>))
DEBUG:pybindgen.typehandlers:TypeMatcher.lookup('uint64_t')
DEBUG:pybindgen.typehandlers:try to lookup type handler for 'uint64_t' => success ((<class 'pybindgen.typehandlers.inttype.UnsignedLongLongReturn'>, None, <pybindgen.typehandlers.ctypeparser.TypeTraits object at 0x7f1d72f5abe0>))
DEBUG:pybindgen.typehandlers:TypeMatcher.lookup('ns3::int64x64_t')
DEBUG:pybindgen.typehandlers:try to lookup type handler for 'ns3::int64x64_t' => success ((<class 'pybindgen.cppclass.CppClass.__init__.<locals>.ThisClassReturn'>, None, <pybindgen.typehandlers.ctypeparser.TypeTraits object at 0x7f1d72f5af60>))
DEBUG:pybindgen.typehandlers:TypeMatcher.lookup('uint64_t const')
DEBUG:pybindgen.typehandlers:try to lookup type handler for 'uint64_t const' => success ((<class 'pybindgen.typehandlers.inttype.UnsignedLongLongParam'>, None, <pybindgen.typehandlers.ctypeparser.TypeTraits object at 0x7f1d72f620b8>))
DEBUG:pybindgen.typehandlers:TypeMatcher.lookup('void')
DEBUG:pybindgen.typehandlers:try to lookup type handler for 'void' => success ((<class 'pybindgen.typehandlers.voidtype.VoidReturn'>, None, <pybindgen.typehandlers.ctypeparser.TypeTraits object at 0x7f1d72f62470>))
DEBUG:pybindgen.typehandlers:TypeMatcher.lookup('ns3::int64x64_t const &')
DEBUG:pybindgen.typehandlers:try to lookup type handler for 'ns3::int64x64_t const &' => success ((<class 'pybindgen.cppclass.CppClass.__init__.<locals>.ThisClassRefParameter'>, None, <pybindgen.typehandlers.ctypeparser.TypeTraits object at 0x7f1d72f625c0>))
DEBUG:pybindgen.typehandlers:TypeMatcher.lookup('int64_t')
DEBUG:pybindgen.typehandlers:try to lookup type handler for 'int64_t' => success ((<class 'pybindgen.typehandlers.inttype.LongLongReturn'>, None, <pybindgen.typehandlers.ctypeparser.TypeTraits object at 0x7f1d72f629b0>))
DEBUG:pybindgen.typehandlers:TypeMatcher.lookup('ns3::int64x64_t::impl_type const')
DEBUG:pybindgen.typehandlers:try to lookup type handler for 'ns3::int64x64_t::impl_type const' => success ((<class 'pybindgen.enum.Enum.set_module.<locals>.ThisEnumReturn'>, None, <pybindgen.typehandlers.ctypeparser.TypeTraits object at 0x7f1d72f62d30>))
DEBUG:pybindgen.typehandlers:TypeMatcher.lookup('ns3::Chunk const &')
DEBUG:pybindgen.typehandlers:try to lookup type handler for 'ns3::Chunk const &' => success ((<class 'pybindgen.cppclass.CppClass.__init__.<locals>.ThisClassRefParameter'>, None, <pybindgen.typehandlers.ctypeparser.TypeTraits object at 0x7f1d72f68390>))
DEBUG:pybindgen.typehandlers:TypeMatcher.lookup('uint32_t')
DEBUG:pybindgen.typehandlers:try to lookup type handler for 'uint32_t' => success ((<class 'pybindgen.typehandlers.inttype.UnsignedIntReturn'>, None, <pybindgen.typehandlers.ctypeparser.TypeTraits object at 0x7f1d72f68748>))
DEBUG:pybindgen.typehandlers:TypeMatcher.lookup('ns3::Buffer::Iterator')
DEBUG:pybindgen.typehandlers:try to lookup type handler for 'ns3::Buffer::Iterator' => success ((<class 'pybindgen.cppclass.CppClass.__init__.<locals>.ThisClassParameter'>, None, <pybindgen.typehandlers.ctypeparser.TypeTraits object at 0x7f1d72f68860>))
DEBUG:pybindgen.typehandlers:TypeMatcher.lookup('uint32_t')
DEBUG:pybindgen.typehandlers:try to lookup type handler for 'uint32_t' => success ((<class 'pybindgen.typehandlers.inttype.UnsignedIntReturn'>, None, <pybindgen.typehandlers.ctypeparser.TypeTraits object at 0x7f1d72f68dd8>))
DEBUG:pybindgen.typehandlers:TypeMatcher.lookup('ns3::Buffer::Iterator')
DEBUG:pybindgen.typehandlers:try to lookup type handler for 'ns3::Buffer::Iterator' => success ((<class 'pybindgen.cppclass.CppClass.__init__.<locals>.ThisClassParameter'>, None, <pybindgen.typehandlers.ctypeparser.TypeTraits object at 0x7f1d72f68ef0>))
DEBUG:pybindgen.typehandlers:TypeMatcher.lookup('ns3::Buffer::Iterator')
DEBUG:pybindgen.typehandlers:try to lookup type handler for 'ns3::Buffer::Iterator' => success ((<class 'pybindgen.cppclass.CppClass.__init__.<locals>.ThisClassParameter'>, None, <pybindgen.typehandlers.ctypeparser.TypeTraits object at 0x7f1d72f68f98>))
DEBUG:pybindgen.typehandlers:TypeMatcher.lookup('ns3::TypeId')
DEBUG:pybindgen.typehandlers:try to lookup type handler for 'ns3::TypeId' => success ((<class 'pybindgen.cppclass.CppClass.__init__.<locals>.ThisClassReturn'>, None, <pybindgen.typehandlers.ctypeparser.TypeTraits object at 0x7f1d72f73518>))
DEBUG:pybindgen.typehandlers:TypeMatcher.lookup('void')
DEBUG:pybindgen.typehandlers:try to lookup type handler for 'void' => success ((<class 'pybindgen.typehandlers.voidtype.VoidReturn'>, None, <pybindgen.typehandlers.ctypeparser.TypeTraits object at 0x7f1d72f73898>))
DEBUG:pybindgen.typehandlers:TypeMatcher.lookup('std::ostream &')
DEBUG:pybindgen.typehandlers:try to lookup type handler for 'std::ostream &' => failure
'std::ostream &' did not match
/home/cs18/tarballs/ns-allinone-3.34/ns-3.34/src/mpi/bindings/modulegen__gcc_LP64.py:2790: Warning: exception TypeLookupError(['std::ostream &'],) in wrapper public: virtual retval? ???::Print (params?) const = 0;
  is_const=True, is_pure_virtual=True, is_virtual=True)
DEBUG:pybindgen.typehandlers:TypeMatcher.lookup('ns3::Header const &')
DEBUG:pybindgen.typehandlers:try to lookup type handler for 'ns3::Header const &' => success ((<class 'pybindgen.cppclass.CppClass.__init__.<locals>.ThisClassRefParameter'>, None, <pybindgen.typehandlers.ctypeparser.TypeTraits object at 0x7f1d72f7a240>))
DEBUG:pybindgen.typehandlers:TypeMatcher.lookup('uint32_t')
DEBUG:pybindgen.typehandlers:try to lookup type handler for 'uint32_t' => success ((<class 'pybindgen.typehandlers.inttype.UnsignedIntReturn'>, None, <pybindgen.typehandlers.ctypeparser.TypeTraits object at 0x7f1d72f7a5f8>))
DEBUG:pybindgen.typehandlers:TypeMatcher.lookup('ns3::Buffer::Iterator')
DEBUG:pybindgen.typehandlers:try to lookup type handler for 'ns3::Buffer::Iterator' => success ((<class 'pybindgen.cppclass.CppClass.__init__.<locals>.ThisClassParameter'>, None, <pybindgen.typehandlers.ctypeparser.TypeTraits object at 0x7f1d72f7a710>))
DEBUG:pybindgen.typehandlers:TypeMatcher.lookup('uint32_t')
DEBUG:pybindgen.typehandlers:try to lookup type handler for 'uint32_t' => success ((<class 'pybindgen.typehandlers.inttype.UnsignedIntReturn'>, None, <pybindgen.typehandlers.ctypeparser.TypeTraits object at 0x7f1d72f7aa58>))
DEBUG:pybindgen.typehandlers:TypeMatcher.lookup('ns3::TypeId')
DEBUG:pybindgen.typehandlers:try to lookup type handler for 'ns3::TypeId' => success ((<class 'pybindgen.cppclass.CppClass.__init__.<locals>.ThisClassReturn'>, None, <pybindgen.typehandlers.ctypeparser.TypeTraits object at 0x7f1d72f7add8>))
DEBUG:pybindgen.typehandlers:TypeMatcher.lookup('void')
DEBUG:pybindgen.typehandlers:try to lookup type handler for 'void' => success ((<class 'pybindgen.typehandlers.voidtype.VoidReturn'>, None, <pybindgen.typehandlers.ctypeparser.TypeTraits object at 0x7f1d72f81198>))
DEBUG:pybindgen.typehandlers:TypeMatcher.lookup('std::ostream &')
DEBUG:pybindgen.typehandlers:try to lookup type handler for 'std::ostream &' => failure
'std::ostream &' did not match
/home/cs18/tarballs/ns-allinone-3.34/ns-3.34/src/mpi/bindings/modulegen__gcc_LP64.py:2818: Warning: exception TypeLookupError(['std::ostream &'],) in wrapper public: virtual retval? ???::Print (params?) const = 0;
  is_const=True, is_pure_virtual=True, is_virtual=True)
DEBUG:pybindgen.typehandlers:TypeMatcher.lookup('void')
DEBUG:pybindgen.typehandlers:try to lookup type handler for 'void' => success ((<class 'pybindgen.typehandlers.voidtype.VoidReturn'>, None, <pybindgen.typehandlers.ctypeparser.TypeTraits object at 0x7f1d72f81860>))
DEBUG:pybindgen.typehandlers:TypeMatcher.lookup('ns3::Buffer::Iterator')
DEBUG:pybindgen.typehandlers:try to lookup type handler for 'ns3::Buffer::Iterator' => success ((<class 'pybindgen.cppclass.CppClass.__init__.<locals>.ThisClassParameter'>, None, <pybindgen.typehandlers.ctypeparser.TypeTraits object at 0x7f1d72f819b0>))
DEBUG:pybindgen.typehandlers:TypeMatcher.lookup('void')
DEBUG:pybindgen.typehandlers:try to lookup type handler for 'void' => success ((<class 'pybindgen.typehandlers.voidtype.VoidReturn'>, None, <pybindgen.typehandlers.ctypeparser.TypeTraits object at 0x7f1d72f68c88>))
DEBUG:pybindgen.typehandlers:TypeMatcher.lookup('ns3::Ptr< ns3::Object >')
DEBUG:pybindgen.typehandlers:try to lookup type handler for 'ns3::Ptr< ns3::Object >' => failure
DEBUG:pybindgen.typehandlers:try to lookup type handler for 'ns3::Object *' => success ((<class 'pybindgen.cppclass.MemoryPolicy.register_ptr_parameter_and_return.<locals>.ThisClassPtrParameter'>, <ns3modulegen_core_customizations.SmartPointerTransformation object at 0x7f1d735b7ac8>, <pybindgen.typehandlers.ctypeparser.TypeTraits object at 0x7f1d72f73940>))
DEBUG:pybindgen.typehandlers:TypeMatcher.lookup('void')
DEBUG:pybindgen.typehandlers:try to lookup type handler for 'void' => success ((<class 'pybindgen.typehandlers.voidtype.VoidReturn'>, None, <pybindgen.typehandlers.ctypeparser.TypeTraits object at 0x7f1d72f81208>))
DEBUG:pybindgen.typehandlers:TypeMatcher.lookup('ns3::Object::AggregateIterator')
DEBUG:pybindgen.typehandlers:try to lookup type handler for 'ns3::Object::AggregateIterator' => success ((<class 'pybindgen.cppclass.CppClass.__init__.<locals>.ThisClassReturn'>, None, <pybindgen.typehandlers.ctypeparser.TypeTraits object at 0x7f1d72f8a0b8>))
DEBUG:pybindgen.typehandlers:TypeMatcher.lookup('ns3::TypeId')
DEBUG:pybindgen.typehandlers:try to lookup type handler for 'ns3::TypeId' => success ((<class 'pybindgen.cppclass.CppClass.__init__.<locals>.ThisClassReturn'>, None, <pybindgen.typehandlers.ctypeparser.TypeTraits object at 0x7f1d72f8a438>))
DEBUG:pybindgen.typehandlers:TypeMatcher.lookup('ns3::Ptr< ns3::Object >')
DEBUG:pybindgen.typehandlers:try to lookup type handler for 'ns3::Ptr< ns3::Object >' => failure
DEBUG:pybindgen.typehandlers:try to lookup type handler for 'ns3::Object *' => success ((<class 'pybindgen.cppclass.MemoryPolicy.register_ptr_parameter_and_return.<locals>.ThisClassPtrReturn'>, <ns3modulegen_core_customizations.SmartPointerTransformation object at 0x7f1d735b7ac8>, <pybindgen.typehandlers.ctypeparser.TypeTraits object at 0x7f1d72f8ac18>))
DEBUG:pybindgen.typehandlers:TypeMatcher.lookup('ns3::Ptr< ns3::Object >')
DEBUG:pybindgen.typehandlers:try to lookup type handler for 'ns3::Ptr< ns3::Object >' => failure
DEBUG:pybindgen.typehandlers:try to lookup type handler for 'ns3::Object *' => success ((<class 'pybindgen.cppclass.MemoryPolicy.register_ptr_parameter_and_return.<locals>.ThisClassPtrReturn'>, <ns3modulegen_core_customizations.SmartPointerTransformation object at 0x7f1d735b7ac8>, <pybindgen.typehandlers.ctypeparser.TypeTraits object at 0x7f1d72f8f0f0>))
DEBUG:pybindgen.typehandlers:TypeMatcher.lookup('ns3::TypeId')
DEBUG:pybindgen.typehandlers:try to lookup type handler for 'ns3::TypeId' => success ((<class 'pybindgen.cppclass.CppClass.__init__.<locals>.ThisClassParameter'>, None, <pybindgen.typehandlers.ctypeparser.TypeTraits object at 0x7f1d72f8f048>))
DEBUG:pybindgen.typehandlers:TypeMatcher.lookup('ns3::TypeId')
DEBUG:pybindgen.typehandlers:try to lookup type handler for 'ns3::TypeId' => success ((<class 'pybindgen.cppclass.CppClass.__init__.<locals>.ThisClassReturn'>, None, <pybindgen.typehandlers.ctypeparser.TypeTraits object at 0x7f1d72f8f3c8>))
DEBUG:pybindgen.typehandlers:TypeMatcher.lookup('void')
DEBUG:pybindgen.typehandlers:try to lookup type handler for 'void' => success ((<class 'pybindgen.typehandlers.voidtype.VoidReturn'>, None, <pybindgen.typehandlers.ctypeparser.TypeTraits object at 0x7f1d72f8f780>))
DEBUG:pybindgen.typehandlers:TypeMatcher.lookup('bool')
DEBUG:pybindgen.typehandlers:try to lookup type handler for 'bool' => success ((<class 'pybindgen.typehandlers.booltype.BoolReturn'>, None, <pybindgen.typehandlers.ctypeparser.TypeTraits object at 0x7f1d72f8fb70>))
DEBUG:pybindgen.typehandlers:TypeMatcher.lookup('ns3::Object const &')
DEBUG:pybindgen.typehandlers:try to lookup type handler for 'ns3::Object const &' => success ((<class 'pybindgen.cppclass.CppClass.__init__.<locals>.ThisClassRefParameter'>, None, <pybindgen.typehandlers.ctypeparser.TypeTraits object at 0x7f1d72f8ff60>))
DEBUG:pybindgen.typehandlers:TypeMatcher.lookup('void')
DEBUG:pybindgen.typehandlers:try to lookup type handler for 'void' => success ((<class 'pybindgen.typehandlers.voidtype.VoidReturn'>, None, <pybindgen.typehandlers.ctypeparser.TypeTraits object at 0x7f1d72f17358>))
DEBUG:pybindgen.typehandlers:TypeMatcher.lookup('void')
DEBUG:pybindgen.typehandlers:try to lookup type handler for 'void' => success ((<class 'pybindgen.typehandlers.voidtype.VoidReturn'>, None, <pybindgen.typehandlers.ctypeparser.TypeTraits object at 0x7f1d72f17b70>))
DEBUG:pybindgen.typehandlers:TypeMatcher.lookup('void')
DEBUG:pybindgen.typehandlers:try to lookup type handler for 'void' => success ((<class 'pybindgen.typehandlers.voidtype.VoidReturn'>, None, <pybindgen.typehandlers.ctypeparser.TypeTraits object at 0x7f1d72f1e3c8>))
DEBUG:pybindgen.typehandlers:TypeMatcher.lookup('ns3::Object::AggregateIterator const &')
DEBUG:pybindgen.typehandlers:try to lookup type handler for 'ns3::Object::AggregateIterator const &' => success ((<class 'pybindgen.cppclass.CppClass.__init__.<locals>.ThisClassRefParameter'>, None, <pybindgen.typehandlers.ctypeparser.TypeTraits object at 0x7f1d72f1ec18>))
DEBUG:pybindgen.typehandlers:TypeMatcher.lookup('bool')
DEBUG:pybindgen.typehandlers:try to lookup type handler for 'bool' => success ((<class 'pybindgen.typehandlers.booltype.BoolReturn'>, None, <pybindgen.typehandlers.ctypeparser.TypeTraits object at 0x7f1d72f28278>))
DEBUG:pybindgen.typehandlers:TypeMatcher.lookup('ns3::Ptr< ns3::Object const >')
DEBUG:pybindgen.typehandlers:try to lookup type handler for 'ns3::Ptr< ns3::Object const >' => failure
DEBUG:pybindgen.typehandlers:try to lookup type handler for 'ns3::Object *' => success ((<class 'pybindgen.cppclass.MemoryPolicy.register_ptr_parameter_and_return.<locals>.ThisClassPtrReturn'>, <ns3modulegen_core_customizations.SmartPointerTransformation object at 0x7f1d735b7ac8>, <pybindgen.typehandlers.ctypeparser.TypeTraits object at 0x7f1d72f288d0>))
DEBUG:pybindgen.typehandlers:TypeMatcher.lookup('ns3::SimpleRefCount< ns3::AttributeAccessor, ns3::empty, ns3::DefaultDeleter< ns3::AttributeAccessor > > const &')
DEBUG:pybindgen.typehandlers:try to lookup type handler for 'ns3::SimpleRefCount< ns3::AttributeAccessor, ns3::empty, ns3::DefaultDeleter< ns3::AttributeAccessor > > const &' => success ((<class 'pybindgen.cppclass.CppClass.__init__.<locals>.ThisClassRefParameter'>, None, <pybindgen.typehandlers.ctypeparser.TypeTraits object at 0x7f1d72f28e10>))
DEBUG:pybindgen.typehandlers:TypeMatcher.lookup('ns3::SimpleRefCount< ns3::AttributeChecker, ns3::empty, ns3::DefaultDeleter< ns3::AttributeChecker > > const &')
DEBUG:pybindgen.typehandlers:try to lookup type handler for 'ns3::SimpleRefCount< ns3::AttributeChecker, ns3::empty, ns3::DefaultDeleter< ns3::AttributeChecker > > const &' => success ((<class 'pybindgen.cppclass.CppClass.__init__.<locals>.ThisClassRefParameter'>, None, <pybindgen.typehandlers.ctypeparser.TypeTraits object at 0x7f1d72f336d8>))
DEBUG:pybindgen.typehandlers:TypeMatcher.lookup('ns3::SimpleRefCount< ns3::AttributeValue, ns3::empty, ns3::DefaultDeleter< ns3::AttributeValue > > const &')
DEBUG:pybindgen.typehandlers:try to lookup type handler for 'ns3::SimpleRefCount< ns3::AttributeValue, ns3::empty, ns3::DefaultDeleter< ns3::AttributeValue > > const &' => success ((<class 'pybindgen.cppclass.CppClass.__init__.<locals>.ThisClassRefParameter'>, None, <pybindgen.typehandlers.ctypeparser.TypeTraits object at 0x7f1d72f33f60>))
DEBUG:pybindgen.typehandlers:TypeMatcher.lookup('ns3::SimpleRefCount< ns3::CallbackImplBase, ns3::empty, ns3::DefaultDeleter< ns3::CallbackImplBase > > const &')
DEBUG:pybindgen.typehandlers:try to lookup type handler for 'ns3::SimpleRefCount< ns3::CallbackImplBase, ns3::empty, ns3::DefaultDeleter< ns3::CallbackImplBase > > const &' => success ((<class 'pybindgen.cppclass.CppClass.__init__.<locals>.ThisClassRefParameter'>, None, <pybindgen.typehandlers.ctypeparser.TypeTraits object at 0x7f1d72f39828>))
DEBUG:pybindgen.typehandlers:TypeMatcher.lookup('ns3::SimpleRefCount< ns3::EventImpl, ns3::empty, ns3::DefaultDeleter< ns3::EventImpl > > const &')
DEBUG:pybindgen.typehandlers:try to lookup type handler for 'ns3::SimpleRefCount< ns3::EventImpl, ns3::empty, ns3::DefaultDeleter< ns3::EventImpl > > const &' => success ((<class 'pybindgen.cppclass.CppClass.__init__.<locals>.ThisClassRefParameter'>, None, <pybindgen.typehandlers.ctypeparser.TypeTraits object at 0x7f1d72f3c0f0>))
DEBUG:pybindgen.typehandlers:TypeMatcher.lookup('ns3::SimpleRefCount< ns3::Hash::Implementation, ns3::empty, ns3::DefaultDeleter< ns3::Hash::Implementation > > const &')
DEBUG:pybindgen.typehandlers:try to lookup type handler for 'ns3::SimpleRefCount< ns3::Hash::Implementation, ns3::empty, ns3::DefaultDeleter< ns3::Hash::Implementation > > const &' => success ((<class 'pybindgen.cppclass.CppClass.__init__.<locals>.ThisClassRefParameter'>, None, <pybindgen.typehandlers.ctypeparser.TypeTraits object at 0x7f1d72f3c978>))
DEBUG:pybindgen.typehandlers:TypeMatcher.lookup('ns3::SimpleRefCount< ns3::NixVector, ns3::empty, ns3::DefaultDeleter< ns3::NixVector > > const &')
DEBUG:pybindgen.typehandlers:try to lookup type handler for 'ns3::SimpleRefCount< ns3::NixVector, ns3::empty, ns3::DefaultDeleter< ns3::NixVector > > const &' => success ((<class 'pybindgen.cppclass.CppClass.__init__.<locals>.ThisClassRefParameter'>, None, <pybindgen.typehandlers.ctypeparser.TypeTraits object at 0x7f1d72f46240>))
DEBUG:pybindgen.typehandlers:TypeMatcher.lookup('ns3::SimpleRefCount< ns3::Packet, ns3::empty, ns3::DefaultDeleter< ns3::Packet > > const &')
DEBUG:pybindgen.typehandlers:try to lookup type handler for 'ns3::SimpleRefCount< ns3::Packet, ns3::empty, ns3::DefaultDeleter< ns3::Packet > > const &' => success ((<class 'pybindgen.cppclass.CppClass.__init__.<locals>.ThisClassRefParameter'>, None, <pybindgen.typehandlers.ctypeparser.TypeTraits object at 0x7f1d72f46ac8>))
DEBUG:pybindgen.typehandlers:TypeMatcher.lookup('ns3::SimpleRefCount< ns3::TraceSourceAccessor, ns3::empty, ns3::DefaultDeleter< ns3::TraceSourceAccessor > > const &')
DEBUG:pybindgen.typehandlers:try to lookup type handler for 'ns3::SimpleRefCount< ns3::TraceSourceAccessor, ns3::empty, ns3::DefaultDeleter< ns3::TraceSourceAccessor > > const &' => success ((<class 'pybindgen.cppclass.CppClass.__init__.<locals>.ThisClassRefParameter'>, None, <pybindgen.typehandlers.ctypeparser.TypeTraits object at 0x7f1d72f4e390>))
DEBUG:pybindgen.typehandlers:TypeMatcher.lookup('ns3::TraceSourceAccessor const &')
DEBUG:pybindgen.typehandlers:try to lookup type handler for 'ns3::TraceSourceAccessor const &' => success ((<class 'pybindgen.cppclass.CppClass.__init__.<locals>.ThisClassRefParameter'>, None, <pybindgen.typehandlers.ctypeparser.TypeTraits object at 0x7f1d72f4e9b0>))
DEBUG:pybindgen.typehandlers:TypeMatcher.lookup('bool')
DEBUG:pybindgen.typehandlers:try to lookup type handler for 'bool' => success ((<class 'pybindgen.typehandlers.booltype.BoolReturn'>, None, <pybindgen.typehandlers.ctypeparser.TypeTraits object at 0x7f1d72f4efd0>))
DEBUG:pybindgen.typehandlers:TypeMatcher.lookup('ns3::ObjectBase *')
DEBUG:pybindgen.typehandlers:try to lookup type handler for 'ns3::ObjectBase *' => success ((<class 'pybindgen.cppclass.CppClass.__init__.<locals>.ThisClassPtrParameter'>, None, <pybindgen.typehandlers.ctypeparser.TypeTraits object at 0x7f1d72ed7160>))
DEBUG:pybindgen.typehandlers:TypeMatcher.lookup('std::string')
DEBUG:pybindgen.typehandlers:try to lookup type handler for 'std::string' => success ((<class 'pybindgen.typehandlers.stringtype.StdStringParam'>, None, <pybindgen.typehandlers.ctypeparser.TypeTraits object at 0x7f1d72ed7278>))
DEBUG:pybindgen.typehandlers:TypeMatcher.lookup('ns3::CallbackBase const &')
DEBUG:pybindgen.typehandlers:try to lookup type handler for 'ns3::CallbackBase const &' => success ((<class 'pybindgen.cppclass.CppClass.__init__.<locals>.ThisClassRefParameter'>, None, <pybindgen.typehandlers.ctypeparser.TypeTraits object at 0x7f1d72ed7320>))
DEBUG:pybindgen.typehandlers:TypeMatcher.lookup('bool')
DEBUG:pybindgen.typehandlers:try to lookup type handler for 'bool' => success ((<class 'pybindgen.typehandlers.booltype.BoolReturn'>, None, <pybindgen.typehandlers.ctypeparser.TypeTraits object at 0x7f1d72ed7748>))
DEBUG:pybindgen.typehandlers:TypeMatcher.lookup('ns3::ObjectBase *')
DEBUG:pybindgen.typehandlers:try to lookup type handler for 'ns3::ObjectBase *' => success ((<class 'pybindgen.cppclass.CppClass.__init__.<locals>.ThisClassPtrParameter'>, None, <pybindgen.typehandlers.ctypeparser.TypeTraits object at 0x7f1d72ed7898>))
DEBUG:pybindgen.typehandlers:TypeMatcher.lookup('ns3::CallbackBase const &')
DEBUG:pybindgen.typehandlers:try to lookup type handler for 'ns3::CallbackBase const &' => success ((<class 'pybindgen.cppclass.CppClass.__init__.<locals>.ThisClassRefParameter'>, None, <pybindgen.typehandlers.ctypeparser.TypeTraits object at 0x7f1d72ed79b0>))
DEBUG:pybindgen.typehandlers:TypeMatcher.lookup('bool')
DEBUG:pybindgen.typehandlers:try to lookup type handler for 'bool' => success ((<class 'pybindgen.typehandlers.booltype.BoolReturn'>, None, <pybindgen.typehandlers.ctypeparser.TypeTraits object at 0x7f1d72ed7da0>))
DEBUG:pybindgen.typehandlers:TypeMatcher.lookup('ns3::ObjectBase *')
DEBUG:pybindgen.typehandlers:try to lookup type handler for 'ns3::ObjectBase *' => success ((<class 'pybindgen.cppclass.CppClass.__init__.<locals>.ThisClassPtrParameter'>, None, <pybindgen.typehandlers.ctypeparser.TypeTraits object at 0x7f1d72ed7ef0>))
DEBUG:pybindgen.typehandlers:TypeMatcher.lookup('std::string')
DEBUG:pybindgen.typehandlers:try to lookup type handler for 'std::string' => success ((<class 'pybindgen.typehandlers.stringtype.StdStringParam'>, None, <pybindgen.typehandlers.ctypeparser.TypeTraits object at 0x7f1d72ede048>))
DEBUG:pybindgen.typehandlers:TypeMatcher.lookup('ns3::CallbackBase const &')
DEBUG:pybindgen.typehandlers:try to lookup type handler for 'ns3::CallbackBase const &' => success ((<class 'pybindgen.cppclass.CppClass.__init__.<locals>.ThisClassRefParameter'>, None, <pybindgen.typehandlers.ctypeparser.TypeTraits object at 0x7f1d72ede0f0>))
DEBUG:pybindgen.typehandlers:TypeMatcher.lookup('bool')
DEBUG:pybindgen.typehandlers:try to lookup type handler for 'bool' => success ((<class 'pybindgen.typehandlers.booltype.BoolReturn'>, None, <pybindgen.typehandlers.ctypeparser.TypeTraits object at 0x7f1d72ede518>))
DEBUG:pybindgen.typehandlers:TypeMatcher.lookup('ns3::ObjectBase *')
DEBUG:pybindgen.typehandlers:try to lookup type handler for 'ns3::ObjectBase *' => success ((<class 'pybindgen.cppclass.CppClass.__init__.<locals>.ThisClassPtrParameter'>, None, <pybindgen.typehandlers.ctypeparser.TypeTraits object at 0x7f1d72ede668>))
DEBUG:pybindgen.typehandlers:TypeMatcher.lookup('ns3::CallbackBase const &')
DEBUG:pybindgen.typehandlers:try to lookup type handler for 'ns3::CallbackBase const &' => success ((<class 'pybindgen.cppclass.CppClass.__init__.<locals>.ThisClassRefParameter'>, None, <pybindgen.typehandlers.ctypeparser.TypeTraits object at 0x7f1d72ede780>))
DEBUG:pybindgen.typehandlers:TypeMatcher.lookup('ns3::Trailer const &')
DEBUG:pybindgen.typehandlers:try to lookup type handler for 'ns3::Trailer const &' => success ((<class 'pybindgen.cppclass.CppClass.__init__.<locals>.ThisClassRefParameter'>, None, <pybindgen.typehandlers.ctypeparser.TypeTraits object at 0x7f1d72edee10>))
DEBUG:pybindgen.typehandlers:TypeMatcher.lookup('uint32_t')
DEBUG:pybindgen.typehandlers:try to lookup type handler for 'uint32_t' => success ((<class 'pybindgen.typehandlers.inttype.UnsignedIntReturn'>, None, <pybindgen.typehandlers.ctypeparser.TypeTraits object at 0x7f1d72ee5208>))
DEBUG:pybindgen.typehandlers:TypeMatcher.lookup('ns3::Buffer::Iterator')
DEBUG:pybindgen.typehandlers:try to lookup type handler for 'ns3::Buffer::Iterator' => success ((<class 'pybindgen.cppclass.CppClass.__init__.<locals>.ThisClassParameter'>, None, <pybindgen.typehandlers.ctypeparser.TypeTraits object at 0x7f1d72ee5320>))
DEBUG:pybindgen.typehandlers:TypeMatcher.lookup('uint32_t')
DEBUG:pybindgen.typehandlers:try to lookup type handler for 'uint32_t' => success ((<class 'pybindgen.typehandlers.inttype.UnsignedIntReturn'>, None, <pybindgen.typehandlers.ctypeparser.TypeTraits object at 0x7f1d72ee5668>))
DEBUG:pybindgen.typehandlers:TypeMatcher.lookup('ns3::Buffer::Iterator')
DEBUG:pybindgen.typehandlers:try to lookup type handler for 'ns3::Buffer::Iterator' => success ((<class 'pybindgen.cppclass.CppClass.__init__.<locals>.ThisClassParameter'>, None, <pybindgen.typehandlers.ctypeparser.TypeTraits object at 0x7f1d72ee5780>))
DEBUG:pybindgen.typehandlers:TypeMatcher.lookup('ns3::Buffer::Iterator')
DEBUG:pybindgen.typehandlers:try to lookup type handler for 'ns3::Buffer::Iterator' => success ((<class 'pybindgen.cppclass.CppClass.__init__.<locals>.ThisClassParameter'>, None, <pybindgen.typehandlers.ctypeparser.TypeTraits object at 0x7f1d72ee5828>))
DEBUG:pybindgen.typehandlers:TypeMatcher.lookup('uint32_t')
DEBUG:pybindgen.typehandlers:try to lookup type handler for 'uint32_t' => success ((<class 'pybindgen.typehandlers.inttype.UnsignedIntReturn'>, None, <pybindgen.typehandlers.ctypeparser.TypeTraits object at 0x7f1d72ee5b70>))
DEBUG:pybindgen.typehandlers:TypeMatcher.lookup('ns3::TypeId')
DEBUG:pybindgen.typehandlers:try to lookup type handler for 'ns3::TypeId' => success ((<class 'pybindgen.cppclass.CppClass.__init__.<locals>.ThisClassReturn'>, None, <pybindgen.typehandlers.ctypeparser.TypeTraits object at 0x7f1d72ee5ef0>))
DEBUG:pybindgen.typehandlers:TypeMatcher.lookup('void')
DEBUG:pybindgen.typehandlers:try to lookup type handler for 'void' => success ((<class 'pybindgen.typehandlers.voidtype.VoidReturn'>, None, <pybindgen.typehandlers.ctypeparser.TypeTraits object at 0x7f1d72eeb2b0>))
DEBUG:pybindgen.typehandlers:TypeMatcher.lookup('std::ostream &')
DEBUG:pybindgen.typehandlers:try to lookup type handler for 'std::ostream &' => failure
'std::ostream &' did not match
/home/cs18/tarballs/ns-allinone-3.34/ns-3.34/src/mpi/bindings/modulegen__gcc_LP64.py:3027: Warning: exception TypeLookupError(['std::ostream &'],) in wrapper public: virtual retval? ???::Print (params?) const = 0;
  is_const=True, is_pure_virtual=True, is_virtual=True)
DEBUG:pybindgen.typehandlers:TypeMatcher.lookup('void')
DEBUG:pybindgen.typehandlers:try to lookup type handler for 'void' => success ((<class 'pybindgen.typehandlers.voidtype.VoidReturn'>, None, <pybindgen.typehandlers.ctypeparser.TypeTraits object at 0x7f1d72eeb978>))
DEBUG:pybindgen.typehandlers:TypeMatcher.lookup('ns3::Buffer::Iterator')
DEBUG:pybindgen.typehandlers:try to lookup type handler for 'ns3::Buffer::Iterator' => success ((<class 'pybindgen.cppclass.CppClass.__init__.<locals>.ThisClassParameter'>, None, <pybindgen.typehandlers.ctypeparser.TypeTraits object at 0x7f1d72eebac8>))
DEBUG:pybindgen.typehandlers:TypeMatcher.lookup('ns3::AttributeAccessor const &')
DEBUG:pybindgen.typehandlers:try to lookup type handler for 'ns3::AttributeAccessor const &' => success ((<class 'pybindgen.cppclass.CppClass.__init__.<locals>.ThisClassRefParameter'>, None, <pybindgen.typehandlers.ctypeparser.TypeTraits object at 0x7f1d72eebe48>))
DEBUG:pybindgen.typehandlers:TypeMatcher.lookup('bool')
DEBUG:pybindgen.typehandlers:try to lookup type handler for 'bool' => success ((<class 'pybindgen.typehandlers.booltype.BoolReturn'>, None, <pybindgen.typehandlers.ctypeparser.TypeTraits object at 0x7f1d72ef44a8>))
DEBUG:pybindgen.typehandlers:TypeMatcher.lookup('ns3::ObjectBase const *')
DEBUG:pybindgen.typehandlers:try to lookup type handler for 'ns3::ObjectBase const *' => success ((<class 'pybindgen.cppclass.CppClass.__init__.<locals>.ThisClassPtrParameter'>, None, <pybindgen.typehandlers.ctypeparser.TypeTraits object at 0x7f1d72ef45f8>))
DEBUG:pybindgen.typehandlers:TypeMatcher.lookup('ns3::AttributeValue &')
DEBUG:pybindgen.typehandlers:try to lookup type handler for 'ns3::AttributeValue &' => success ((<class 'pybindgen.cppclass.CppClass.__init__.<locals>.ThisClassRefParameter'>, None, <pybindgen.typehandlers.ctypeparser.TypeTraits object at 0x7f1d72ef47b8>))
DEBUG:pybindgen.typehandlers:TypeMatcher.lookup('bool')
DEBUG:pybindgen.typehandlers:try to lookup type handler for 'bool' => success ((<class 'pybindgen.typehandlers.booltype.BoolReturn'>, None, <pybindgen.typehandlers.ctypeparser.TypeTraits object at 0x7f1d72ef4b00>))
DEBUG:pybindgen.typehandlers:TypeMatcher.lookup('bool')
DEBUG:pybindgen.typehandlers:try to lookup type handler for 'bool' => success ((<class 'pybindgen.typehandlers.booltype.BoolReturn'>, None, <pybindgen.typehandlers.ctypeparser.TypeTraits object at 0x7f1d72ef4c88>))
DEBUG:pybindgen.typehandlers:TypeMatcher.lookup('bool')
DEBUG:pybindgen.typehandlers:try to lookup type handler for 'bool' => success ((<class 'pybindgen.typehandlers.booltype.BoolReturn'>, None, <pybindgen.typehandlers.ctypeparser.TypeTraits object at 0x7f1d72efc080>))
DEBUG:pybindgen.typehandlers:TypeMatcher.lookup('ns3::ObjectBase *')
DEBUG:pybindgen.typehandlers:try to lookup type handler for 'ns3::ObjectBase *' => success ((<class 'pybindgen.cppclass.CppClass.__init__.<locals>.ThisClassPtrParameter'>, None, <pybindgen.typehandlers.ctypeparser.TypeTraits object at 0x7f1d72efc1d0>))
DEBUG:pybindgen.typehandlers:TypeMatcher.lookup('ns3::AttributeValue const &')
DEBUG:pybindgen.typehandlers:try to lookup type handler for 'ns3::AttributeValue const &' => success ((<class 'pybindgen.cppclass.CppClass.__init__.<locals>.ThisClassRefParameter'>, None, <pybindgen.typehandlers.ctypeparser.TypeTraits object at 0x7f1d72efc2e8>))
DEBUG:pybindgen.typehandlers:TypeMatcher.lookup('ns3::AttributeChecker const &')
DEBUG:pybindgen.typehandlers:try to lookup type handler for 'ns3::AttributeChecker const &' => success ((<class 'pybindgen.cppclass.CppClass.__init__.<locals>.ThisClassRefParameter'>, None, <pybindgen.typehandlers.ctypeparser.TypeTraits object at 0x7f1d72efc710>))
DEBUG:pybindgen.typehandlers:TypeMatcher.lookup('bool')
DEBUG:pybindgen.typehandlers:try to lookup type handler for 'bool' => success ((<class 'pybindgen.typehandlers.booltype.BoolReturn'>, None, <pybindgen.typehandlers.ctypeparser.TypeTraits object at 0x7f1d72efcd30>))
DEBUG:pybindgen.typehandlers:TypeMatcher.lookup('ns3::AttributeValue const &')
DEBUG:pybindgen.typehandlers:try to lookup type handler for 'ns3::AttributeValue const &' => success ((<class 'pybindgen.cppclass.CppClass.__init__.<locals>.ThisClassRefParameter'>, None, <pybindgen.typehandlers.ctypeparser.TypeTraits object at 0x7f1d72efce80>))
DEBUG:pybindgen.typehandlers:TypeMatcher.lookup('bool')
DEBUG:pybindgen.typehandlers:try to lookup type handler for 'bool' => success ((<class 'pybindgen.typehandlers.booltype.BoolReturn'>, None, <pybindgen.typehandlers.ctypeparser.TypeTraits object at 0x7f1d72f022b0>))
DEBUG:pybindgen.typehandlers:TypeMatcher.lookup('ns3::AttributeValue const &')
DEBUG:pybindgen.typehandlers:try to lookup type handler for 'ns3::AttributeValue const &' => success ((<class 'pybindgen.cppclass.CppClass.__init__.<locals>.ThisClassRefParameter'>, None, <pybindgen.typehandlers.ctypeparser.TypeTraits object at 0x7f1d72f02400>))
DEBUG:pybindgen.typehandlers:TypeMatcher.lookup('ns3::AttributeValue &')
DEBUG:pybindgen.typehandlers:try to lookup type handler for 'ns3::AttributeValue &' => success ((<class 'pybindgen.cppclass.CppClass.__init__.<locals>.ThisClassRefParameter'>, None, <pybindgen.typehandlers.ctypeparser.TypeTraits object at 0x7f1d72f025c0>))
DEBUG:pybindgen.typehandlers:TypeMatcher.lookup('ns3::Ptr< ns3::AttributeValue >')
DEBUG:pybindgen.typehandlers:try to lookup type handler for 'ns3::Ptr< ns3::AttributeValue >' => failure
DEBUG:pybindgen.typehandlers:try to lookup type handler for 'ns3::AttributeValue *' => success ((<class 'pybindgen.cppclass.MemoryPolicy.register_ptr_parameter_and_return.<locals>.ThisClassPtrReturn'>, <ns3modulegen_core_customizations.SmartPointerTransformation object at 0x7f1d735b7ac8>, <pybindgen.typehandlers.ctypeparser.TypeTraits object at 0x7f1d72f02b38>))
DEBUG:pybindgen.typehandlers:TypeMatcher.lookup('ns3::Ptr< ns3::AttributeValue >')
DEBUG:pybindgen.typehandlers:try to lookup type handler for 'ns3::Ptr< ns3::AttributeValue >' => failure
DEBUG:pybindgen.typehandlers:try to lookup type handler for 'ns3::AttributeValue *' => success ((<class 'pybindgen.cppclass.MemoryPolicy.register_ptr_parameter_and_return.<locals>.ThisClassPtrReturn'>, <ns3modulegen_core_customizations.SmartPointerTransformation object at 0x7f1d735b7ac8>, <pybindgen.typehandlers.ctypeparser.TypeTraits object at 0x7f1d72f02fd0>))
DEBUG:pybindgen.typehandlers:TypeMatcher.lookup('ns3::AttributeValue const &')
DEBUG:pybindgen.typehandlers:try to lookup type handler for 'ns3::AttributeValue const &' => success ((<class 'pybindgen.cppclass.CppClass.__init__.<locals>.ThisClassRefParameter'>, None, <pybindgen.typehandlers.ctypeparser.TypeTraits object at 0x7f1d72f02f28>))
DEBUG:pybindgen.typehandlers:TypeMatcher.lookup('std::string')
DEBUG:pybindgen.typehandlers:try to lookup type handler for 'std::string' => success ((<class 'pybindgen.typehandlers.stringtype.StdStringReturn'>, None, <pybindgen.typehandlers.ctypeparser.TypeTraits object at 0x7f1d72f0a400>))
DEBUG:pybindgen.typehandlers:TypeMatcher.lookup('std::string')
DEBUG:pybindgen.typehandlers:try to lookup type handler for 'std::string' => success ((<class 'pybindgen.typehandlers.stringtype.StdStringReturn'>, None, <pybindgen.typehandlers.ctypeparser.TypeTraits object at 0x7f1d72f0a780>))
DEBUG:pybindgen.typehandlers:TypeMatcher.lookup('bool')
DEBUG:pybindgen.typehandlers:try to lookup type handler for 'bool' => success ((<class 'pybindgen.typehandlers.booltype.BoolReturn'>, None, <pybindgen.typehandlers.ctypeparser.TypeTraits object at 0x7f1d72f0ab00>))
DEBUG:pybindgen.typehandlers:TypeMatcher.lookup('ns3::AttributeValue const &')
DEBUG:pybindgen.typehandlers:try to lookup type handler for 'ns3::AttributeValue const &' => success ((<class 'pybindgen.cppclass.CppClass.__init__.<locals>.ThisClassRefParameter'>, None, <pybindgen.typehandlers.ctypeparser.TypeTraits object at 0x7f1d72f0aef0>))
DEBUG:pybindgen.typehandlers:TypeMatcher.lookup('ns3::Ptr< ns3::AttributeValue >')
DEBUG:pybindgen.typehandlers:try to lookup type handler for 'ns3::Ptr< ns3::AttributeValue >' => failure
DEBUG:pybindgen.typehandlers:try to lookup type handler for 'ns3::AttributeValue *' => success ((<class 'pybindgen.cppclass.MemoryPolicy.register_ptr_parameter_and_return.<locals>.ThisClassPtrReturn'>, <ns3modulegen_core_customizations.SmartPointerTransformation object at 0x7f1d735b7ac8>, <pybindgen.typehandlers.ctypeparser.TypeTraits object at 0x7f1d72f11780>))
DEBUG:pybindgen.typehandlers:TypeMatcher.lookup('bool')
DEBUG:pybindgen.typehandlers:try to lookup type handler for 'bool' => success ((<class 'pybindgen.typehandlers.booltype.BoolReturn'>, None, <pybindgen.typehandlers.ctypeparser.TypeTraits object at 0x7f1d72f119e8>))
DEBUG:pybindgen.typehandlers:TypeMatcher.lookup('std::string')
DEBUG:pybindgen.typehandlers:try to lookup type handler for 'std::string' => success ((<class 'pybindgen.typehandlers.stringtype.StdStringParam'>, None, <pybindgen.typehandlers.ctypeparser.TypeTraits object at 0x7f1d72f11b38>))
DEBUG:pybindgen.typehandlers:TypeMatcher.lookup('ns3::Ptr< ns3::AttributeChecker const >')
DEBUG:pybindgen.typehandlers:try to lookup type handler for 'ns3::Ptr< ns3::AttributeChecker const >' => failure
DEBUG:pybindgen.typehandlers:try to lookup type handler for 'ns3::AttributeChecker *' => success ((<class 'pybindgen.cppclass.MemoryPolicy.register_ptr_parameter_and_return.<locals>.ThisClassPtrParameter'>, <ns3modulegen_core_customizations.SmartPointerTransformation object at 0x7f1d735b7ac8>, <pybindgen.typehandlers.ctypeparser.TypeTraits object at 0x7f1d72f11e80>))
DEBUG:pybindgen.typehandlers:TypeMatcher.lookup('std::string')
DEBUG:pybindgen.typehandlers:try to lookup type handler for 'std::string' => success ((<class 'pybindgen.typehandlers.stringtype.StdStringReturn'>, None, <pybindgen.typehandlers.ctypeparser.TypeTraits object at 0x7f1d72e98128>))
DEBUG:pybindgen.typehandlers:TypeMatcher.lookup('ns3::Ptr< ns3::AttributeChecker const >')
DEBUG:pybindgen.typehandlers:try to lookup type handler for 'ns3::Ptr< ns3::AttributeChecker const >' => failure
DEBUG:pybindgen.typehandlers:try to lookup type handler for 'ns3::AttributeChecker *' => success ((<class 'pybindgen.cppclass.MemoryPolicy.register_ptr_parameter_and_return.<locals>.ThisClassPtrParameter'>, <ns3modulegen_core_customizations.SmartPointerTransformation object at 0x7f1d735b7ac8>, <pybindgen.typehandlers.ctypeparser.TypeTraits object at 0x7f1d72e984a8>))
DEBUG:pybindgen.typehandlers:TypeMatcher.lookup('ns3::CallbackChecker const &')
DEBUG:pybindgen.typehandlers:try to lookup type handler for 'ns3::CallbackChecker const &' => success ((<class 'pybindgen.cppclass.CppClass.__init__.<locals>.ThisClassRefParameter'>, None, <pybindgen.typehandlers.ctypeparser.TypeTraits object at 0x7f1d72e989b0>))
DEBUG:pybindgen.typehandlers:TypeMatcher.lookup('ns3::CallbackImplBase const &')
DEBUG:pybindgen.typehandlers:try to lookup type handler for 'ns3::CallbackImplBase const &' => success ((<class 'pybindgen.cppclass.CppClass.__init__.<locals>.ThisClassRefParameter'>, None, <pybindgen.typehandlers.ctypeparser.TypeTraits object at 0x7f1d72ea1048>))
DEBUG:pybindgen.typehandlers:TypeMatcher.lookup('std::string')
DEBUG:pybindgen.typehandlers:try to lookup type handler for 'std::string' => success ((<class 'pybindgen.typehandlers.stringtype.StdStringReturn'>, None, <pybindgen.typehandlers.ctypeparser.TypeTraits object at 0x7f1d72ea1400>))
DEBUG:pybindgen.typehandlers:TypeMatcher.lookup('bool')
DEBUG:pybindgen.typehandlers:try to lookup type handler for 'bool' => success ((<class 'pybindgen.typehandlers.booltype.BoolReturn'>, None, <pybindgen.typehandlers.ctypeparser.TypeTraits object at 0x7f1d72ea1780>))
DEBUG:pybindgen.typehandlers:TypeMatcher.lookup('ns3::Ptr< ns3::CallbackImplBase const >')
DEBUG:pybindgen.typehandlers:try to lookup type handler for 'ns3::Ptr< ns3::CallbackImplBase const >' => failure
DEBUG:pybindgen.typehandlers:try to lookup type handler for 'ns3::CallbackImplBase *' => success ((<class 'pybindgen.cppclass.MemoryPolicy.register_ptr_parameter_and_return.<locals>.ThisClassPtrParameter'>, <ns3modulegen_core_customizations.SmartPointerTransformation object at 0x7f1d735b7ac8>, <pybindgen.typehandlers.ctypeparser.TypeTraits object at 0x7f1d72ea1b38>))
DEBUG:pybindgen.typehandlers:TypeMatcher.lookup('std::string')
DEBUG:pybindgen.typehandlers:try to lookup type handler for 'std::string' => success ((<class 'pybindgen.typehandlers.stringtype.StdStringReturn'>, None, <pybindgen.typehandlers.ctypeparser.TypeTraits object at 0x7f1d72ea1da0>))
DEBUG:pybindgen.typehandlers:TypeMatcher.lookup('std::string const &')
DEBUG:pybindgen.typehandlers:try to lookup type handler for 'std::string const &' => success ((<class 'pybindgen.typehandlers.stringtype.StdStringRefParam'>, None, <pybindgen.typehandlers.ctypeparser.TypeTraits object at 0x7f1d72ea1eb8>))
DEBUG:pybindgen.typehandlers:TypeMatcher.lookup('std::string')
DEBUG:pybindgen.typehandlers:try to lookup type handler for 'std::string' => success ((<class 'pybindgen.typehandlers.stringtype.StdStringReturn'>, None, <pybindgen.typehandlers.ctypeparser.TypeTraits object at 0x7f1d72ea1e48>))
DEBUG:pybindgen.typehandlers:TypeMatcher.lookup('std::string')
DEBUG:pybindgen.typehandlers:try to lookup type handler for 'std::string' => success ((<class 'pybindgen.typehandlers.stringtype.StdStringReturn'>, None, <pybindgen.typehandlers.ctypeparser.TypeTraits object at 0x7f1d72ea1e10>))
DEBUG:pybindgen.typehandlers:TypeMatcher.lookup('std::string')
DEBUG:pybindgen.typehandlers:try to lookup type handler for 'std::string' => success ((<class 'pybindgen.typehandlers.stringtype.StdStringReturn'>, None, <pybindgen.typehandlers.ctypeparser.TypeTraits object at 0x7f1d72ea1eb8>))
DEBUG:pybindgen.typehandlers:TypeMatcher.lookup('ns3::CallbackValue const &')
DEBUG:pybindgen.typehandlers:try to lookup type handler for 'ns3::CallbackValue const &' => success ((<class 'pybindgen.cppclass.CppClass.__init__.<locals>.ThisClassRefParameter'>, None, <pybindgen.typehandlers.ctypeparser.TypeTraits object at 0x7f1d72ea1f60>))
DEBUG:pybindgen.typehandlers:TypeMatcher.lookup('ns3::CallbackBase const &')
DEBUG:pybindgen.typehandlers:try to lookup type handler for 'ns3::CallbackBase const &' => success ((<class 'pybindgen.cppclass.CppClass.__init__.<locals>.ThisClassRefParameter'>, None, <pybindgen.typehandlers.ctypeparser.TypeTraits object at 0x7f1d72ea8470>))
DEBUG:pybindgen.typehandlers:TypeMatcher.lookup('ns3::Ptr< ns3::AttributeValue >')
DEBUG:pybindgen.typehandlers:try to lookup type handler for 'ns3::Ptr< ns3::AttributeValue >' => failure
DEBUG:pybindgen.typehandlers:try to lookup type handler for 'ns3::AttributeValue *' => success ((<class 'pybindgen.cppclass.MemoryPolicy.register_ptr_parameter_and_return.<locals>.ThisClassPtrReturn'>, <ns3modulegen_core_customizations.SmartPointerTransformation object at 0x7f1d735b7ac8>, <pybindgen.typehandlers.ctypeparser.TypeTraits object at 0x7f1d72ea8a58>))
DEBUG:pybindgen.typehandlers:TypeMatcher.lookup('bool')
DEBUG:pybindgen.typehandlers:try to lookup type handler for 'bool' => success ((<class 'pybindgen.typehandlers.booltype.BoolReturn'>, None, <pybindgen.typehandlers.ctypeparser.TypeTraits object at 0x7f1d72ea8cc0>))
DEBUG:pybindgen.typehandlers:TypeMatcher.lookup('std::string')
DEBUG:pybindgen.typehandlers:try to lookup type handler for 'std::string' => success ((<class 'pybindgen.typehandlers.stringtype.StdStringParam'>, None, <pybindgen.typehandlers.ctypeparser.TypeTraits object at 0x7f1d72ea8e10>))
DEBUG:pybindgen.typehandlers:TypeMatcher.lookup('ns3::Ptr< ns3::AttributeChecker const >')
DEBUG:pybindgen.typehandlers:try to lookup type handler for 'ns3::Ptr< ns3::AttributeChecker const >' => failure
DEBUG:pybindgen.typehandlers:try to lookup type handler for 'ns3::AttributeChecker *' => success ((<class 'pybindgen.cppclass.MemoryPolicy.register_ptr_parameter_and_return.<locals>.ThisClassPtrParameter'>, <ns3modulegen_core_customizations.SmartPointerTransformation object at 0x7f1d735b7ac8>, <pybindgen.typehandlers.ctypeparser.TypeTraits object at 0x7f1d72eb0198>))
DEBUG:pybindgen.typehandlers:TypeMatcher.lookup('std::string')
DEBUG:pybindgen.typehandlers:try to lookup type handler for 'std::string' => success ((<class 'pybindgen.typehandlers.stringtype.StdStringReturn'>, None, <pybindgen.typehandlers.ctypeparser.TypeTraits object at 0x7f1d72eb0400>))
DEBUG:pybindgen.typehandlers:TypeMatcher.lookup('ns3::Ptr< ns3::AttributeChecker const >')
DEBUG:pybindgen.typehandlers:try to lookup type handler for 'ns3::Ptr< ns3::AttributeChecker const >' => failure
DEBUG:pybindgen.typehandlers:try to lookup type handler for 'ns3::AttributeChecker *' => success ((<class 'pybindgen.cppclass.MemoryPolicy.register_ptr_parameter_and_return.<locals>.ThisClassPtrParameter'>, <ns3modulegen_core_customizations.SmartPointerTransformation object at 0x7f1d735b7ac8>, <pybindgen.typehandlers.ctypeparser.TypeTraits object at 0x7f1d72eb0780>))
DEBUG:pybindgen.typehandlers:TypeMatcher.lookup('void')
DEBUG:pybindgen.typehandlers:try to lookup type handler for 'void' => success ((<class 'pybindgen.typehandlers.voidtype.VoidReturn'>, None, <pybindgen.typehandlers.ctypeparser.TypeTraits object at 0x7f1d72eb09e8>))
DEBUG:pybindgen.typehandlers:TypeMatcher.lookup('ns3::CallbackBase')
DEBUG:pybindgen.typehandlers:try to lookup type handler for 'ns3::CallbackBase' => success ((<class 'pybindgen.cppclass.CppClass.__init__.<locals>.ThisClassParameter'>, None, <pybindgen.typehandlers.ctypeparser.TypeTraits object at 0x7f1d72eb0b38>))
DEBUG:pybindgen.typehandlers:TypeMatcher.lookup('ns3::EmptyAttributeAccessor const &')
DEBUG:pybindgen.typehandlers:try to lookup type handler for 'ns3::EmptyAttributeAccessor const &' => success ((<class 'pybindgen.cppclass.CppClass.__init__.<locals>.ThisClassRefParameter'>, None, <pybindgen.typehandlers.ctypeparser.TypeTraits object at 0x7f1d72eb0eb8>))
DEBUG:pybindgen.typehandlers:TypeMatcher.lookup('bool')
DEBUG:pybindgen.typehandlers:try to lookup type handler for 'bool' => success ((<class 'pybindgen.typehandlers.booltype.BoolReturn'>, None, <pybindgen.typehandlers.ctypeparser.TypeTraits object at 0x7f1d72eb5518>))
DEBUG:pybindgen.typehandlers:TypeMatcher.lookup('ns3::ObjectBase const *')
DEBUG:pybindgen.typehandlers:try to lookup type handler for 'ns3::ObjectBase const *' => success ((<class 'pybindgen.cppclass.CppClass.__init__.<locals>.ThisClassPtrParameter'>, None, <pybindgen.typehandlers.ctypeparser.TypeTraits object at 0x7f1d72eb5668>))
DEBUG:pybindgen.typehandlers:TypeMatcher.lookup('ns3::AttributeValue &')
DEBUG:pybindgen.typehandlers:try to lookup type handler for 'ns3::AttributeValue &' => success ((<class 'pybindgen.cppclass.CppClass.__init__.<locals>.ThisClassRefParameter'>, None, <pybindgen.typehandlers.ctypeparser.TypeTraits object at 0x7f1d72eb5828>))
DEBUG:pybindgen.typehandlers:TypeMatcher.lookup('bool')
DEBUG:pybindgen.typehandlers:try to lookup type handler for 'bool' => success ((<class 'pybindgen.typehandlers.booltype.BoolReturn'>, None, <pybindgen.typehandlers.ctypeparser.TypeTraits object at 0x7f1d72eb5b70>))
DEBUG:pybindgen.typehandlers:TypeMatcher.lookup('bool')
DEBUG:pybindgen.typehandlers:try to lookup type handler for 'bool' => success ((<class 'pybindgen.typehandlers.booltype.BoolReturn'>, None, <pybindgen.typehandlers.ctypeparser.TypeTraits object at 0x7f1d72eb5f28>))
DEBUG:pybindgen.typehandlers:TypeMatcher.lookup('bool')
DEBUG:pybindgen.typehandlers:try to lookup type handler for 'bool' => success ((<class 'pybindgen.typehandlers.booltype.BoolReturn'>, None, <pybindgen.typehandlers.ctypeparser.TypeTraits object at 0x7f1d72ebf320>))
DEBUG:pybindgen.typehandlers:TypeMatcher.lookup('ns3::ObjectBase *')
DEBUG:pybindgen.typehandlers:try to lookup type handler for 'ns3::ObjectBase *' => success ((<class 'pybindgen.cppclass.CppClass.__init__.<locals>.ThisClassPtrParameter'>, None, <pybindgen.typehandlers.ctypeparser.TypeTraits object at 0x7f1d72ebf470>))
/home/cs18/tarballs/ns-allinone-3.34/ns-3.34/src/mpi/bindings/modulegen__gcc_LP64.py:3222: Warning: exception TypeConfigurationError('Missing transfer_ownership option',) in wrapper public: virtual retval? ???::Set (params?) const;
  is_const=True, is_virtual=True)
DEBUG:pybindgen.typehandlers:TypeMatcher.lookup('ns3::EmptyAttributeChecker const &')
DEBUG:pybindgen.typehandlers:try to lookup type handler for 'ns3::EmptyAttributeChecker const &' => success ((<class 'pybindgen.cppclass.CppClass.__init__.<locals>.ThisClassRefParameter'>, None, <pybindgen.typehandlers.ctypeparser.TypeTraits object at 0x7f1d72ebfc18>))
DEBUG:pybindgen.typehandlers:TypeMatcher.lookup('bool')
DEBUG:pybindgen.typehandlers:try to lookup type handler for 'bool' => success ((<class 'pybindgen.typehandlers.booltype.BoolReturn'>, None, <pybindgen.typehandlers.ctypeparser.TypeTraits object at 0x7f1d72ebf550>))
DEBUG:pybindgen.typehandlers:TypeMatcher.lookup('ns3::AttributeValue const &')
DEBUG:pybindgen.typehandlers:try to lookup type handler for 'ns3::AttributeValue const &' => success ((<class 'pybindgen.cppclass.CppClass.__init__.<locals>.ThisClassRefParameter'>, None, <pybindgen.typehandlers.ctypeparser.TypeTraits object at 0x7f1d72ebf358>))
DEBUG:pybindgen.typehandlers:TypeMatcher.lookup('bool')
DEBUG:pybindgen.typehandlers:try to lookup type handler for 'bool' => success ((<class 'pybindgen.typehandlers.booltype.BoolReturn'>, None, <pybindgen.typehandlers.ctypeparser.TypeTraits object at 0x7f1d72ec4518>))
DEBUG:pybindgen.typehandlers:TypeMatcher.lookup('ns3::AttributeValue const &')
DEBUG:pybindgen.typehandlers:try to lookup type handler for 'ns3::AttributeValue const &' => success ((<class 'pybindgen.cppclass.CppClass.__init__.<locals>.ThisClassRefParameter'>, None, <pybindgen.typehandlers.ctypeparser.TypeTraits object at 0x7f1d72ec4668>))
DEBUG:pybindgen.typehandlers:TypeMatcher.lookup('ns3::AttributeValue &')
DEBUG:pybindgen.typehandlers:try to lookup type handler for 'ns3::AttributeValue &' => success ((<class 'pybindgen.cppclass.CppClass.__init__.<locals>.ThisClassRefParameter'>, None, <pybindgen.typehandlers.ctypeparser.TypeTraits object at 0x7f1d72ec4828>))
DEBUG:pybindgen.typehandlers:TypeMatcher.lookup('ns3::Ptr< ns3::AttributeValue >')
DEBUG:pybindgen.typehandlers:try to lookup type handler for 'ns3::Ptr< ns3::AttributeValue >' => failure
DEBUG:pybindgen.typehandlers:try to lookup type handler for 'ns3::AttributeValue *' => success ((<class 'pybindgen.cppclass.MemoryPolicy.register_ptr_parameter_and_return.<locals>.ThisClassPtrReturn'>, <ns3modulegen_core_customizations.SmartPointerTransformation object at 0x7f1d735b7ac8>, <pybindgen.typehandlers.ctypeparser.TypeTraits object at 0x7f1d72ec4da0>))
DEBUG:pybindgen.typehandlers:TypeMatcher.lookup('std::string')
DEBUG:pybindgen.typehandlers:try to lookup type handler for 'std::string' => success ((<class 'pybindgen.typehandlers.stringtype.StdStringReturn'>, None, <pybindgen.typehandlers.ctypeparser.TypeTraits object at 0x7f1d72ecc048>))
DEBUG:pybindgen.typehandlers:TypeMatcher.lookup('std::string')
DEBUG:pybindgen.typehandlers:try to lookup type handler for 'std::string' => success ((<class 'pybindgen.typehandlers.stringtype.StdStringReturn'>, None, <pybindgen.typehandlers.ctypeparser.TypeTraits object at 0x7f1d72ecc3c8>))
DEBUG:pybindgen.typehandlers:TypeMatcher.lookup('bool')
DEBUG:pybindgen.typehandlers:try to lookup type handler for 'bool' => success ((<class 'pybindgen.typehandlers.booltype.BoolReturn'>, None, <pybindgen.typehandlers.ctypeparser.TypeTraits object at 0x7f1d72ecc748>))
DEBUG:pybindgen.typehandlers:TypeMatcher.lookup('ns3::EmptyAttributeValue const &')
DEBUG:pybindgen.typehandlers:try to lookup type handler for 'ns3::EmptyAttributeValue const &' => success ((<class 'pybindgen.cppclass.CppClass.__init__.<locals>.ThisClassRefParameter'>, None, <pybindgen.typehandlers.ctypeparser.TypeTraits object at 0x7f1d72eccb38>))
DEBUG:pybindgen.typehandlers:TypeMatcher.lookup('ns3::Ptr< ns3::AttributeValue >')
DEBUG:pybindgen.typehandlers:try to lookup type handler for 'ns3::Ptr< ns3::AttributeValue >' => failure
DEBUG:pybindgen.typehandlers:try to lookup type handler for 'ns3::AttributeValue *' => success ((<class 'pybindgen.cppclass.MemoryPolicy.register_ptr_parameter_and_return.<locals>.ThisClassPtrReturn'>, <ns3modulegen_core_customizations.SmartPointerTransformation object at 0x7f1d735b7ac8>, <pybindgen.typehandlers.ctypeparser.TypeTraits object at 0x7f1d72e553c8>))
DEBUG:pybindgen.typehandlers:TypeMatcher.lookup('bool')
DEBUG:pybindgen.typehandlers:try to lookup type handler for 'bool' => success ((<class 'pybindgen.typehandlers.booltype.BoolReturn'>, None, <pybindgen.typehandlers.ctypeparser.TypeTraits object at 0x7f1d72e555c0>))
DEBUG:pybindgen.typehandlers:TypeMatcher.lookup('std::string')
DEBUG:pybindgen.typehandlers:try to lookup type handler for 'std::string' => success ((<class 'pybindgen.typehandlers.stringtype.StdStringParam'>, None, <pybindgen.typehandlers.ctypeparser.TypeTraits object at 0x7f1d72e55748>))
DEBUG:pybindgen.typehandlers:TypeMatcher.lookup('ns3::Ptr< ns3::AttributeChecker const >')
DEBUG:pybindgen.typehandlers:try to lookup type handler for 'ns3::Ptr< ns3::AttributeChecker const >' => failure
DEBUG:pybindgen.typehandlers:try to lookup type handler for 'ns3::AttributeChecker *' => success ((<class 'pybindgen.cppclass.MemoryPolicy.register_ptr_parameter_and_return.<locals>.ThisClassPtrParameter'>, <ns3modulegen_core_customizations.SmartPointerTransformation object at 0x7f1d735b7ac8>, <pybindgen.typehandlers.ctypeparser.TypeTraits object at 0x7f1d72e55a90>))
DEBUG:pybindgen.typehandlers:TypeMatcher.lookup('std::string')
DEBUG:pybindgen.typehandlers:try to lookup type handler for 'std::string' => success ((<class 'pybindgen.typehandlers.stringtype.StdStringReturn'>, None, <pybindgen.typehandlers.ctypeparser.TypeTraits object at 0x7f1d72e55cc0>))
DEBUG:pybindgen.typehandlers:TypeMatcher.lookup('ns3::Ptr< ns3::AttributeChecker const >')
DEBUG:pybindgen.typehandlers:try to lookup type handler for 'ns3::Ptr< ns3::AttributeChecker const >' => failure
DEBUG:pybindgen.typehandlers:try to lookup type handler for 'ns3::AttributeChecker *' => success ((<class 'pybindgen.cppclass.MemoryPolicy.register_ptr_parameter_and_return.<locals>.ThisClassPtrParameter'>, <ns3modulegen_core_customizations.SmartPointerTransformation object at 0x7f1d735b7ac8>, <pybindgen.typehandlers.ctypeparser.TypeTraits object at 0x7f1d72e59080>))
DEBUG:pybindgen.typehandlers:TypeMatcher.lookup('ns3::EventImpl const &')
DEBUG:pybindgen.typehandlers:try to lookup type handler for 'ns3::EventImpl const &' => success ((<class 'pybindgen.cppclass.CppClass.__init__.<locals>.ThisClassRefParameter'>, None, <pybindgen.typehandlers.ctypeparser.TypeTraits object at 0x7f1d72e592e8>))
DEBUG:pybindgen.typehandlers:TypeMatcher.lookup('void')
DEBUG:pybindgen.typehandlers:try to lookup type handler for 'void' => success ((<class 'pybindgen.typehandlers.voidtype.VoidReturn'>, None, <pybindgen.typehandlers.ctypeparser.TypeTraits object at 0x7f1d72e59908>))
DEBUG:pybindgen.typehandlers:TypeMatcher.lookup('void')
DEBUG:pybindgen.typehandlers:try to lookup type handler for 'void' => success ((<class 'pybindgen.typehandlers.voidtype.VoidReturn'>, None, <pybindgen.typehandlers.ctypeparser.TypeTraits object at 0x7f1d72e59cf8>))
DEBUG:pybindgen.typehandlers:TypeMatcher.lookup('bool')
DEBUG:pybindgen.typehandlers:try to lookup type handler for 'bool' => success ((<class 'pybindgen.typehandlers.booltype.BoolReturn'>, None, <pybindgen.typehandlers.ctypeparser.TypeTraits object at 0x7f1d72e60128>))
DEBUG:pybindgen.typehandlers:TypeMatcher.lookup('void')
DEBUG:pybindgen.typehandlers:try to lookup type handler for 'void' => success ((<class 'pybindgen.typehandlers.voidtype.VoidReturn'>, None, <pybindgen.typehandlers.ctypeparser.TypeTraits object at 0x7f1d72e60518>))
DEBUG:pybindgen.typehandlers:TypeMatcher.lookup('ns3::Ipv4AddressChecker const &')
DEBUG:pybindgen.typehandlers:try to lookup type handler for 'ns3::Ipv4AddressChecker const &' => success ((<class 'pybindgen.cppclass.CppClass.__init__.<locals>.ThisClassRefParameter'>, None, <pybindgen.typehandlers.ctypeparser.TypeTraits object at 0x7f1d72e60b38>))
DEBUG:pybindgen.typehandlers:TypeMatcher.lookup('ns3::Ipv4Address const &')
DEBUG:pybindgen.typehandlers:try to lookup type handler for 'ns3::Ipv4Address const &' => success ((<class 'pybindgen.cppclass.CppClass.__init__.<locals>.ThisClassRefParameter'>, None, <pybindgen.typehandlers.ctypeparser.TypeTraits object at 0x7f1d72e6a1d0>))
DEBUG:pybindgen.typehandlers:TypeMatcher.lookup('ns3::Ipv4AddressValue const &')
DEBUG:pybindgen.typehandlers:try to lookup type handler for 'ns3::Ipv4AddressValue const &' => success ((<class 'pybindgen.cppclass.CppClass.__init__.<locals>.ThisClassRefParameter'>, None, <pybindgen.typehandlers.ctypeparser.TypeTraits object at 0x7f1d72e6a5c0>))
DEBUG:pybindgen.typehandlers:TypeMatcher.lookup('ns3::Ptr< ns3::AttributeValue >')
DEBUG:pybindgen.typehandlers:try to lookup type handler for 'ns3::Ptr< ns3::AttributeValue >' => failure
DEBUG:pybindgen.typehandlers:try to lookup type handler for 'ns3::AttributeValue *' => success ((<class 'pybindgen.cppclass.MemoryPolicy.register_ptr_parameter_and_return.<locals>.ThisClassPtrReturn'>, <ns3modulegen_core_customizations.SmartPointerTransformation object at 0x7f1d735b7ac8>, <pybindgen.typehandlers.ctypeparser.TypeTraits object at 0x7f1d72e6aba8>))
DEBUG:pybindgen.typehandlers:TypeMatcher.lookup('bool')
DEBUG:pybindgen.typehandlers:try to lookup type handler for 'bool' => success ((<class 'pybindgen.typehandlers.booltype.BoolReturn'>, None, <pybindgen.typehandlers.ctypeparser.TypeTraits object at 0x7f1d72e6ae10>))
DEBUG:pybindgen.typehandlers:TypeMatcher.lookup('std::string')
DEBUG:pybindgen.typehandlers:try to lookup type handler for 'std::string' => success ((<class 'pybindgen.typehandlers.stringtype.StdStringParam'>, None, <pybindgen.typehandlers.ctypeparser.TypeTraits object at 0x7f1d72e6af60>))
DEBUG:pybindgen.typehandlers:TypeMatcher.lookup('ns3::Ptr< ns3::AttributeChecker const >')
DEBUG:pybindgen.typehandlers:try to lookup type handler for 'ns3::Ptr< ns3::AttributeChecker const >' => failure
DEBUG:pybindgen.typehandlers:try to lookup type handler for 'ns3::AttributeChecker *' => success ((<class 'pybindgen.cppclass.MemoryPolicy.register_ptr_parameter_and_return.<locals>.ThisClassPtrParameter'>, <ns3modulegen_core_customizations.SmartPointerTransformation object at 0x7f1d735b7ac8>, <pybindgen.typehandlers.ctypeparser.TypeTraits object at 0x7f1d72e722e8>))
DEBUG:pybindgen.typehandlers:TypeMatcher.lookup('ns3::Ipv4Address')
DEBUG:pybindgen.typehandlers:try to lookup type handler for 'ns3::Ipv4Address' => success ((<class 'pybindgen.cppclass.CppClass.__init__.<locals>.ThisClassReturn'>, None, <pybindgen.typehandlers.ctypeparser.TypeTraits object at 0x7f1d72e72550>))
DEBUG:pybindgen.typehandlers:TypeMatcher.lookup('std::string')
DEBUG:pybindgen.typehandlers:try to lookup type handler for 'std::string' => success ((<class 'pybindgen.typehandlers.stringtype.StdStringReturn'>, None, <pybindgen.typehandlers.ctypeparser.TypeTraits object at 0x7f1d72e728d0>))
DEBUG:pybindgen.typehandlers:TypeMatcher.lookup('ns3::Ptr< ns3::AttributeChecker const >')
DEBUG:pybindgen.typehandlers:try to lookup type handler for 'ns3::Ptr< ns3::AttributeChecker const >' => failure
DEBUG:pybindgen.typehandlers:try to lookup type handler for 'ns3::AttributeChecker *' => success ((<class 'pybindgen.cppclass.MemoryPolicy.register_ptr_parameter_and_return.<locals>.ThisClassPtrParameter'>, <ns3modulegen_core_customizations.SmartPointerTransformation object at 0x7f1d735b7ac8>, <pybindgen.typehandlers.ctypeparser.TypeTraits object at 0x7f1d72e72c50>))
DEBUG:pybindgen.typehandlers:TypeMatcher.lookup('void')
DEBUG:pybindgen.typehandlers:try to lookup type handler for 'void' => success ((<class 'pybindgen.typehandlers.voidtype.VoidReturn'>, None, <pybindgen.typehandlers.ctypeparser.TypeTraits object at 0x7f1d72e72eb8>))
DEBUG:pybindgen.typehandlers:TypeMatcher.lookup('ns3::Ipv4Address const &')
DEBUG:pybindgen.typehandlers:try to lookup type handler for 'ns3::Ipv4Address const &' => success ((<class 'pybindgen.cppclass.CppClass.__init__.<locals>.ThisClassRefParameter'>, None, <pybindgen.typehandlers.ctypeparser.TypeTraits object at 0x7f1d72e78048>))
DEBUG:pybindgen.typehandlers:TypeMatcher.lookup('ns3::Ipv4MaskChecker const &')
DEBUG:pybindgen.typehandlers:try to lookup type handler for 'ns3::Ipv4MaskChecker const &' => success ((<class 'pybindgen.cppclass.CppClass.__init__.<locals>.ThisClassRefParameter'>, None, <pybindgen.typehandlers.ctypeparser.TypeTraits object at 0x7f1d72e786d8>))
DEBUG:pybindgen.typehandlers:TypeMatcher.lookup('ns3::Ipv4Mask const &')
DEBUG:pybindgen.typehandlers:try to lookup type handler for 'ns3::Ipv4Mask const &' => success ((<class 'pybindgen.cppclass.CppClass.__init__.<locals>.ThisClassRefParameter'>, None, <pybindgen.typehandlers.ctypeparser.TypeTraits object at 0x7f1d72e78d30>))
DEBUG:pybindgen.typehandlers:TypeMatcher.lookup('ns3::Ipv4MaskValue const &')
DEBUG:pybindgen.typehandlers:try to lookup type handler for 'ns3::Ipv4MaskValue const &' => success ((<class 'pybindgen.cppclass.CppClass.__init__.<locals>.ThisClassRefParameter'>, None, <pybindgen.typehandlers.ctypeparser.TypeTraits object at 0x7f1d72e7f160>))
DEBUG:pybindgen.typehandlers:TypeMatcher.lookup('ns3::Ptr< ns3::AttributeValue >')
DEBUG:pybindgen.typehandlers:try to lookup type handler for 'ns3::Ptr< ns3::AttributeValue >' => failure
DEBUG:pybindgen.typehandlers:try to lookup type handler for 'ns3::AttributeValue *' => success ((<class 'pybindgen.cppclass.MemoryPolicy.register_ptr_parameter_and_return.<locals>.ThisClassPtrReturn'>, <ns3modulegen_core_customizations.SmartPointerTransformation object at 0x7f1d735b7ac8>, <pybindgen.typehandlers.ctypeparser.TypeTraits object at 0x7f1d72e7f748>))
DEBUG:pybindgen.typehandlers:TypeMatcher.lookup('bool')
DEBUG:pybindgen.typehandlers:try to lookup type handler for 'bool' => success ((<class 'pybindgen.typehandlers.booltype.BoolReturn'>, None, <pybindgen.typehandlers.ctypeparser.TypeTraits object at 0x7f1d72e7f9b0>))
DEBUG:pybindgen.typehandlers:TypeMatcher.lookup('std::string')
DEBUG:pybindgen.typehandlers:try to lookup type handler for 'std::string' => success ((<class 'pybindgen.typehandlers.stringtype.StdStringParam'>, None, <pybindgen.typehandlers.ctypeparser.TypeTraits object at 0x7f1d72e7fb00>))
DEBUG:pybindgen.typehandlers:TypeMatcher.lookup('ns3::Ptr< ns3::AttributeChecker const >')
DEBUG:pybindgen.typehandlers:try to lookup type handler for 'ns3::Ptr< ns3::AttributeChecker const >' => failure
DEBUG:pybindgen.typehandlers:try to lookup type handler for 'ns3::AttributeChecker *' => success ((<class 'pybindgen.cppclass.MemoryPolicy.register_ptr_parameter_and_return.<locals>.ThisClassPtrParameter'>, <ns3modulegen_core_customizations.SmartPointerTransformation object at 0x7f1d735b7ac8>, <pybindgen.typehandlers.ctypeparser.TypeTraits object at 0x7f1d72e7fe48>))
DEBUG:pybindgen.typehandlers:TypeMatcher.lookup('ns3::Ipv4Mask')
DEBUG:pybindgen.typehandlers:try to lookup type handler for 'ns3::Ipv4Mask' => success ((<class 'pybindgen.cppclass.CppClass.__init__.<locals>.ThisClassReturn'>, None, <pybindgen.typehandlers.ctypeparser.TypeTraits object at 0x7f1d72e860f0>))
DEBUG:pybindgen.typehandlers:TypeMatcher.lookup('std::string')
DEBUG:pybindgen.typehandlers:try to lookup type handler for 'std::string' => success ((<class 'pybindgen.typehandlers.stringtype.StdStringReturn'>, None, <pybindgen.typehandlers.ctypeparser.TypeTraits object at 0x7f1d72e86470>))
DEBUG:pybindgen.typehandlers:TypeMatcher.lookup('ns3::Ptr< ns3::AttributeChecker const >')
DEBUG:pybindgen.typehandlers:try to lookup type handler for 'ns3::Ptr< ns3::AttributeChecker const >' => failure
DEBUG:pybindgen.typehandlers:try to lookup type handler for 'ns3::AttributeChecker *' => success ((<class 'pybindgen.cppclass.MemoryPolicy.register_ptr_parameter_and_return.<locals>.ThisClassPtrParameter'>, <ns3modulegen_core_customizations.SmartPointerTransformation object at 0x7f1d735b7ac8>, <pybindgen.typehandlers.ctypeparser.TypeTraits object at 0x7f1d72e867f0>))
DEBUG:pybindgen.typehandlers:TypeMatcher.lookup('void')
DEBUG:pybindgen.typehandlers:try to lookup type handler for 'void' => success ((<class 'pybindgen.typehandlers.voidtype.VoidReturn'>, None, <pybindgen.typehandlers.ctypeparser.TypeTraits object at 0x7f1d72e86a58>))
DEBUG:pybindgen.typehandlers:TypeMatcher.lookup('ns3::Ipv4Mask const &')
DEBUG:pybindgen.typehandlers:try to lookup type handler for 'ns3::Ipv4Mask const &' => success ((<class 'pybindgen.cppclass.CppClass.__init__.<locals>.ThisClassRefParameter'>, None, <pybindgen.typehandlers.ctypeparser.TypeTraits object at 0x7f1d72e86ba8>))
DEBUG:pybindgen.typehandlers:TypeMatcher.lookup('ns3::Ipv6AddressChecker const &')
DEBUG:pybindgen.typehandlers:try to lookup type handler for 'ns3::Ipv6AddressChecker const &' => success ((<class 'pybindgen.cppclass.CppClass.__init__.<locals>.ThisClassRefParameter'>, None, <pybindgen.typehandlers.ctypeparser.TypeTraits object at 0x7f1d72e8c278>))
DEBUG:pybindgen.typehandlers:TypeMatcher.lookup('ns3::Ipv6Address const &')
DEBUG:pybindgen.typehandlers:try to lookup type handler for 'ns3::Ipv6Address const &' => success ((<class 'pybindgen.cppclass.CppClass.__init__.<locals>.ThisClassRefParameter'>, None, <pybindgen.typehandlers.ctypeparser.TypeTraits object at 0x7f1d72e8c8d0>))
DEBUG:pybindgen.typehandlers:TypeMatcher.lookup('ns3::Ipv6AddressValue const &')
DEBUG:pybindgen.typehandlers:try to lookup type handler for 'ns3::Ipv6AddressValue const &' => success ((<class 'pybindgen.cppclass.CppClass.__init__.<locals>.ThisClassRefParameter'>, None, <pybindgen.typehandlers.ctypeparser.TypeTraits object at 0x7f1d72e8ccc0>))
DEBUG:pybindgen.typehandlers:TypeMatcher.lookup('ns3::Ptr< ns3::AttributeValue >')
DEBUG:pybindgen.typehandlers:try to lookup type handler for 'ns3::Ptr< ns3::AttributeValue >' => failure
DEBUG:pybindgen.typehandlers:try to lookup type handler for 'ns3::AttributeValue *' => success ((<class 'pybindgen.cppclass.MemoryPolicy.register_ptr_parameter_and_return.<locals>.ThisClassPtrReturn'>, <ns3modulegen_core_customizations.SmartPointerTransformation object at 0x7f1d735b7ac8>, <pybindgen.typehandlers.ctypeparser.TypeTraits object at 0x7f1d72dd32e8>))
DEBUG:pybindgen.typehandlers:TypeMatcher.lookup('bool')
DEBUG:pybindgen.typehandlers:try to lookup type handler for 'bool' => success ((<class 'pybindgen.typehandlers.booltype.BoolReturn'>, None, <pybindgen.typehandlers.ctypeparser.TypeTraits object at 0x7f1d72dd3550>))
DEBUG:pybindgen.typehandlers:TypeMatcher.lookup('std::string')
DEBUG:pybindgen.typehandlers:try to lookup type handler for 'std::string' => success ((<class 'pybindgen.typehandlers.stringtype.StdStringParam'>, None, <pybindgen.typehandlers.ctypeparser.TypeTraits object at 0x7f1d72dd36a0>))
DEBUG:pybindgen.typehandlers:TypeMatcher.lookup('ns3::Ptr< ns3::AttributeChecker const >')
DEBUG:pybindgen.typehandlers:try to lookup type handler for 'ns3::Ptr< ns3::AttributeChecker const >' => failure
DEBUG:pybindgen.typehandlers:try to lookup type handler for 'ns3::AttributeChecker *' => success ((<class 'pybindgen.cppclass.MemoryPolicy.register_ptr_parameter_and_return.<locals>.ThisClassPtrParameter'>, <ns3modulegen_core_customizations.SmartPointerTransformation object at 0x7f1d735b7ac8>, <pybindgen.typehandlers.ctypeparser.TypeTraits object at 0x7f1d72dd39e8>))
DEBUG:pybindgen.typehandlers:TypeMatcher.lookup('ns3::Ipv6Address')
DEBUG:pybindgen.typehandlers:try to lookup type handler for 'ns3::Ipv6Address' => success ((<class 'pybindgen.cppclass.CppClass.__init__.<locals>.ThisClassReturn'>, None, <pybindgen.typehandlers.ctypeparser.TypeTraits object at 0x7f1d72dd3c50>))
DEBUG:pybindgen.typehandlers:TypeMatcher.lookup('std::string')
DEBUG:pybindgen.typehandlers:try to lookup type handler for 'std::string' => success ((<class 'pybindgen.typehandlers.stringtype.StdStringReturn'>, None, <pybindgen.typehandlers.ctypeparser.TypeTraits object at 0x7f1d72dd3fd0>))
DEBUG:pybindgen.typehandlers:TypeMatcher.lookup('ns3::Ptr< ns3::AttributeChecker const >')
DEBUG:pybindgen.typehandlers:try to lookup type handler for 'ns3::Ptr< ns3::AttributeChecker const >' => failure
DEBUG:pybindgen.typehandlers:try to lookup type handler for 'ns3::AttributeChecker *' => success ((<class 'pybindgen.cppclass.MemoryPolicy.register_ptr_parameter_and_return.<locals>.ThisClassPtrParameter'>, <ns3modulegen_core_customizations.SmartPointerTransformation object at 0x7f1d735b7ac8>, <pybindgen.typehandlers.ctypeparser.TypeTraits object at 0x7f1d72ddd390>))
DEBUG:pybindgen.typehandlers:TypeMatcher.lookup('void')
DEBUG:pybindgen.typehandlers:try to lookup type handler for 'void' => success ((<class 'pybindgen.typehandlers.voidtype.VoidReturn'>, None, <pybindgen.typehandlers.ctypeparser.TypeTraits object at 0x7f1d72ddd5f8>))
DEBUG:pybindgen.typehandlers:TypeMatcher.lookup('ns3::Ipv6Address const &')
DEBUG:pybindgen.typehandlers:try to lookup type handler for 'ns3::Ipv6Address const &' => success ((<class 'pybindgen.cppclass.CppClass.__init__.<locals>.ThisClassRefParameter'>, None, <pybindgen.typehandlers.ctypeparser.TypeTraits object at 0x7f1d72ddd748>))
DEBUG:pybindgen.typehandlers:TypeMatcher.lookup('ns3::Ipv6PrefixChecker const &')
DEBUG:pybindgen.typehandlers:try to lookup type handler for 'ns3::Ipv6PrefixChecker const &' => success ((<class 'pybindgen.cppclass.CppClass.__init__.<locals>.ThisClassRefParameter'>, None, <pybindgen.typehandlers.ctypeparser.TypeTraits object at 0x7f1d72ddddd8>))
DEBUG:pybindgen.typehandlers:TypeMatcher.lookup('ns3::Ipv6Prefix const &')
DEBUG:pybindgen.typehandlers:try to lookup type handler for 'ns3::Ipv6Prefix const &' => success ((<class 'pybindgen.cppclass.CppClass.__init__.<locals>.ThisClassRefParameter'>, None, <pybindgen.typehandlers.ctypeparser.TypeTraits object at 0x7f1d72de3470>))
DEBUG:pybindgen.typehandlers:TypeMatcher.lookup('ns3::Ipv6PrefixValue const &')
DEBUG:pybindgen.typehandlers:try to lookup type handler for 'ns3::Ipv6PrefixValue const &' => success ((<class 'pybindgen.cppclass.CppClass.__init__.<locals>.ThisClassRefParameter'>, None, <pybindgen.typehandlers.ctypeparser.TypeTraits object at 0x7f1d72de3860>))
DEBUG:pybindgen.typehandlers:TypeMatcher.lookup('ns3::Ptr< ns3::AttributeValue >')
DEBUG:pybindgen.typehandlers:try to lookup type handler for 'ns3::Ptr< ns3::AttributeValue >' => failure
DEBUG:pybindgen.typehandlers:try to lookup type handler for 'ns3::AttributeValue *' => success ((<class 'pybindgen.cppclass.MemoryPolicy.register_ptr_parameter_and_return.<locals>.ThisClassPtrReturn'>, <ns3modulegen_core_customizations.SmartPointerTransformation object at 0x7f1d735b7ac8>, <pybindgen.typehandlers.ctypeparser.TypeTraits object at 0x7f1d72de3e48>))
DEBUG:pybindgen.typehandlers:TypeMatcher.lookup('bool')
DEBUG:pybindgen.typehandlers:try to lookup type handler for 'bool' => success ((<class 'pybindgen.typehandlers.booltype.BoolReturn'>, None, <pybindgen.typehandlers.ctypeparser.TypeTraits object at 0x7f1d72dec0f0>))
DEBUG:pybindgen.typehandlers:TypeMatcher.lookup('std::string')
DEBUG:pybindgen.typehandlers:try to lookup type handler for 'std::string' => success ((<class 'pybindgen.typehandlers.stringtype.StdStringParam'>, None, <pybindgen.typehandlers.ctypeparser.TypeTraits object at 0x7f1d72dec240>))
DEBUG:pybindgen.typehandlers:TypeMatcher.lookup('ns3::Ptr< ns3::AttributeChecker const >')
DEBUG:pybindgen.typehandlers:try to lookup type handler for 'ns3::Ptr< ns3::AttributeChecker const >' => failure
DEBUG:pybindgen.typehandlers:try to lookup type handler for 'ns3::AttributeChecker *' => success ((<class 'pybindgen.cppclass.MemoryPolicy.register_ptr_parameter_and_return.<locals>.ThisClassPtrParameter'>, <ns3modulegen_core_customizations.SmartPointerTransformation object at 0x7f1d735b7ac8>, <pybindgen.typehandlers.ctypeparser.TypeTraits object at 0x7f1d72dec588>))
DEBUG:pybindgen.typehandlers:TypeMatcher.lookup('ns3::Ipv6Prefix')
DEBUG:pybindgen.typehandlers:try to lookup type handler for 'ns3::Ipv6Prefix' => success ((<class 'pybindgen.cppclass.CppClass.__init__.<locals>.ThisClassReturn'>, None, <pybindgen.typehandlers.ctypeparser.TypeTraits object at 0x7f1d72dec7f0>))
DEBUG:pybindgen.typehandlers:TypeMatcher.lookup('std::string')
DEBUG:pybindgen.typehandlers:try to lookup type handler for 'std::string' => success ((<class 'pybindgen.typehandlers.stringtype.StdStringReturn'>, None, <pybindgen.typehandlers.ctypeparser.TypeTraits object at 0x7f1d72decb70>))
DEBUG:pybindgen.typehandlers:TypeMatcher.lookup('ns3::Ptr< ns3::AttributeChecker const >')
DEBUG:pybindgen.typehandlers:try to lookup type handler for 'ns3::Ptr< ns3::AttributeChecker const >' => failure
DEBUG:pybindgen.typehandlers:try to lookup type handler for 'ns3::AttributeChecker *' => success ((<class 'pybindgen.cppclass.MemoryPolicy.register_ptr_parameter_and_return.<locals>.ThisClassPtrParameter'>, <ns3modulegen_core_customizations.SmartPointerTransformation object at 0x7f1d735b7ac8>, <pybindgen.typehandlers.ctypeparser.TypeTraits object at 0x7f1d72decef0>))
DEBUG:pybindgen.typehandlers:TypeMatcher.lookup('void')
DEBUG:pybindgen.typehandlers:try to lookup type handler for 'void' => success ((<class 'pybindgen.typehandlers.voidtype.VoidReturn'>, None, <pybindgen.typehandlers.ctypeparser.TypeTraits object at 0x7f1d72df3198>))
DEBUG:pybindgen.typehandlers:TypeMatcher.lookup('ns3::Ipv6Prefix const &')
DEBUG:pybindgen.typehandlers:try to lookup type handler for 'ns3::Ipv6Prefix const &' => success ((<class 'pybindgen.cppclass.CppClass.__init__.<locals>.ThisClassRefParameter'>, None, <pybindgen.typehandlers.ctypeparser.TypeTraits object at 0x7f1d72df32e8>))
DEBUG:pybindgen.typehandlers:TypeMatcher.lookup('ns3::Mac48AddressChecker const &')
DEBUG:pybindgen.typehandlers:try to lookup type handler for 'ns3::Mac48AddressChecker const &' => success ((<class 'pybindgen.cppclass.CppClass.__init__.<locals>.ThisClassRefParameter'>, None, <pybindgen.typehandlers.ctypeparser.TypeTraits object at 0x7f1d72df3978>))
DEBUG:pybindgen.typehandlers:TypeMatcher.lookup('ns3::Mac48Address const &')
DEBUG:pybindgen.typehandlers:try to lookup type handler for 'ns3::Mac48Address const &' => success ((<class 'pybindgen.cppclass.CppClass.__init__.<locals>.ThisClassRefParameter'>, None, <pybindgen.typehandlers.ctypeparser.TypeTraits object at 0x7f1d72df3fd0>))
DEBUG:pybindgen.typehandlers:TypeMatcher.lookup('ns3::Mac48AddressValue const &')
DEBUG:pybindgen.typehandlers:try to lookup type handler for 'ns3::Mac48AddressValue const &' => success ((<class 'pybindgen.cppclass.CppClass.__init__.<locals>.ThisClassRefParameter'>, None, <pybindgen.typehandlers.ctypeparser.TypeTraits object at 0x7f1d72dfc400>))
DEBUG:pybindgen.typehandlers:TypeMatcher.lookup('ns3::Ptr< ns3::AttributeValue >')
DEBUG:pybindgen.typehandlers:try to lookup type handler for 'ns3::Ptr< ns3::AttributeValue >' => failure
DEBUG:pybindgen.typehandlers:try to lookup type handler for 'ns3::AttributeValue *' => success ((<class 'pybindgen.cppclass.MemoryPolicy.register_ptr_parameter_and_return.<locals>.ThisClassPtrReturn'>, <ns3modulegen_core_customizations.SmartPointerTransformation object at 0x7f1d735b7ac8>, <pybindgen.typehandlers.ctypeparser.TypeTraits object at 0x7f1d72dfc9e8>))
DEBUG:pybindgen.typehandlers:TypeMatcher.lookup('bool')
DEBUG:pybindgen.typehandlers:try to lookup type handler for 'bool' => success ((<class 'pybindgen.typehandlers.booltype.BoolReturn'>, None, <pybindgen.typehandlers.ctypeparser.TypeTraits object at 0x7f1d72dfcc50>))
DEBUG:pybindgen.typehandlers:TypeMatcher.lookup('std::string')
DEBUG:pybindgen.typehandlers:try to lookup type handler for 'std::string' => success ((<class 'pybindgen.typehandlers.stringtype.StdStringParam'>, None, <pybindgen.typehandlers.ctypeparser.TypeTraits object at 0x7f1d72dfcda0>))
DEBUG:pybindgen.typehandlers:TypeMatcher.lookup('ns3::Ptr< ns3::AttributeChecker const >')
DEBUG:pybindgen.typehandlers:try to lookup type handler for 'ns3::Ptr< ns3::AttributeChecker const >' => failure
DEBUG:pybindgen.typehandlers:try to lookup type handler for 'ns3::AttributeChecker *' => success ((<class 'pybindgen.cppclass.MemoryPolicy.register_ptr_parameter_and_return.<locals>.ThisClassPtrParameter'>, <ns3modulegen_core_customizations.SmartPointerTransformation object at 0x7f1d735b7ac8>, <pybindgen.typehandlers.ctypeparser.TypeTraits object at 0x7f1d72e03128>))
DEBUG:pybindgen.typehandlers:TypeMatcher.lookup('ns3::Mac48Address')
DEBUG:pybindgen.typehandlers:try to lookup type handler for 'ns3::Mac48Address' => success ((<class 'pybindgen.cppclass.CppClass.__init__.<locals>.ThisClassReturn'>, None, <pybindgen.typehandlers.ctypeparser.TypeTraits object at 0x7f1d72e03390>))
DEBUG:pybindgen.typehandlers:TypeMatcher.lookup('std::string')
DEBUG:pybindgen.typehandlers:try to lookup type handler for 'std::string' => success ((<class 'pybindgen.typehandlers.stringtype.StdStringReturn'>, None, <pybindgen.typehandlers.ctypeparser.TypeTraits object at 0x7f1d72e03710>))
DEBUG:pybindgen.typehandlers:TypeMatcher.lookup('ns3::Ptr< ns3::AttributeChecker const >')
DEBUG:pybindgen.typehandlers:try to lookup type handler for 'ns3::Ptr< ns3::AttributeChecker const >' => failure
DEBUG:pybindgen.typehandlers:try to lookup type handler for 'ns3::AttributeChecker *' => success ((<class 'pybindgen.cppclass.MemoryPolicy.register_ptr_parameter_and_return.<locals>.ThisClassPtrParameter'>, <ns3modulegen_core_customizations.SmartPointerTransformation object at 0x7f1d735b7ac8>, <pybindgen.typehandlers.ctypeparser.TypeTraits object at 0x7f1d72e03a90>))
DEBUG:pybindgen.typehandlers:TypeMatcher.lookup('void')
DEBUG:pybindgen.typehandlers:try to lookup type handler for 'void' => success ((<class 'pybindgen.typehandlers.voidtype.VoidReturn'>, None, <pybindgen.typehandlers.ctypeparser.TypeTraits object at 0x7f1d72e03cf8>))
DEBUG:pybindgen.typehandlers:TypeMatcher.lookup('ns3::Mac48Address const &')
DEBUG:pybindgen.typehandlers:try to lookup type handler for 'ns3::Mac48Address const &' => success ((<class 'pybindgen.cppclass.CppClass.__init__.<locals>.ThisClassRefParameter'>, None, <pybindgen.typehandlers.ctypeparser.TypeTraits object at 0x7f1d72e03e48>))
DEBUG:pybindgen.typehandlers:TypeMatcher.lookup('ns3::MpiReceiver const &')
DEBUG:pybindgen.typehandlers:try to lookup type handler for 'ns3::MpiReceiver const &' => success ((<class 'pybindgen.cppclass.CppClass.__init__.<locals>.ThisClassRefParameter'>, None, <pybindgen.typehandlers.ctypeparser.TypeTraits object at 0x7f1d72e08518>))
DEBUG:pybindgen.typehandlers:TypeMatcher.lookup('ns3::TypeId')
DEBUG:pybindgen.typehandlers:try to lookup type handler for 'ns3::TypeId' => success ((<class 'pybindgen.cppclass.CppClass.__init__.<locals>.ThisClassReturn'>, None, <pybindgen.typehandlers.ctypeparser.TypeTraits object at 0x7f1d72e088d0>))
DEBUG:pybindgen.typehandlers:TypeMatcher.lookup('void')
DEBUG:pybindgen.typehandlers:try to lookup type handler for 'void' => success ((<class 'pybindgen.typehandlers.voidtype.VoidReturn'>, None, <pybindgen.typehandlers.ctypeparser.TypeTraits object at 0x7f1d72e08c50>))
DEBUG:pybindgen.typehandlers:TypeMatcher.lookup('ns3::Ptr< ns3::Packet >')
DEBUG:pybindgen.typehandlers:try to lookup type handler for 'ns3::Ptr< ns3::Packet >' => failure
DEBUG:pybindgen.typehandlers:try to lookup type handler for 'ns3::Packet *' => success ((<class 'pybindgen.cppclass.MemoryPolicy.register_ptr_parameter_and_return.<locals>.ThisClassPtrParameter'>, <ns3modulegen_core_customizations.SmartPointerTransformation object at 0x7f1d735b7ac8>, <pybindgen.typehandlers.ctypeparser.TypeTraits object at 0x7f1d72e08fd0>))
DEBUG:pybindgen.typehandlers:TypeMatcher.lookup('void')
DEBUG:pybindgen.typehandlers:try to lookup type handler for 'void' => success ((<class 'pybindgen.typehandlers.voidtype.VoidReturn'>, None, <pybindgen.typehandlers.ctypeparser.TypeTraits object at 0x7f1d72e11240>))
DEBUG:pybindgen.typehandlers:TypeMatcher.lookup('ns3::Callback< void, ns3::Ptr< ns3::Packet >, ns3::empty, ns3::empty, ns3::empty, ns3::empty, ns3::empty, ns3::empty, ns3::empty, ns3::empty >')
DEBUG:pybindgen.typehandlers:try to lookup type handler for 'ns3::Callback< void, ns3::Ptr< ns3::Packet >, ns3::empty, ns3::empty, ns3::empty, ns3::empty, ns3::empty, ns3::empty, ns3::empty, ns3::empty >' => success ((<class 'ns3modulegen_core_customizations.register_callback_classes.<locals>.PythonCallbackParameter'>, None, <pybindgen.typehandlers.ctypeparser.TypeTraits object at 0x7f1d72e11390>))
DEBUG:pybindgen.typehandlers:TypeMatcher.lookup('void')
DEBUG:pybindgen.typehandlers:try to lookup type handler for 'void' => success ((<class 'pybindgen.typehandlers.voidtype.VoidReturn'>, None, <pybindgen.typehandlers.ctypeparser.TypeTraits object at 0x7f1d72e11c50>))
DEBUG:pybindgen.typehandlers:TypeMatcher.lookup('ns3::NixVector const &')
DEBUG:pybindgen.typehandlers:try to lookup type handler for 'ns3::NixVector const &' => success ((<class 'pybindgen.cppclass.CppClass.__init__.<locals>.ThisClassRefParameter'>, None, <pybindgen.typehandlers.ctypeparser.TypeTraits object at 0x7f1d72d964e0>))
DEBUG:pybindgen.typehandlers:TypeMatcher.lookup('void')
DEBUG:pybindgen.typehandlers:try to lookup type handler for 'void' => success ((<class 'pybindgen.typehandlers.voidtype.VoidReturn'>, None, <pybindgen.typehandlers.ctypeparser.TypeTraits object at 0x7f1d72d96898>))
DEBUG:pybindgen.typehandlers:TypeMatcher.lookup('uint32_t')
DEBUG:pybindgen.typehandlers:try to lookup type handler for 'uint32_t' => success ((<class 'pybindgen.typehandlers.inttype.UnsignedIntParam'>, None, <pybindgen.typehandlers.ctypeparser.TypeTraits object at 0x7f1d72d969e8>))
DEBUG:pybindgen.typehandlers:TypeMatcher.lookup('uint32_t')
DEBUG:pybindgen.typehandlers:try to lookup type handler for 'uint32_t' => success ((<class 'pybindgen.typehandlers.inttype.UnsignedIntParam'>, None, <pybindgen.typehandlers.ctypeparser.TypeTraits object at 0x7f1d72d96a90>))
DEBUG:pybindgen.typehandlers:TypeMatcher.lookup('uint32_t')
DEBUG:pybindgen.typehandlers:try to lookup type handler for 'uint32_t' => success ((<class 'pybindgen.typehandlers.inttype.UnsignedIntReturn'>, None, <pybindgen.typehandlers.ctypeparser.TypeTraits object at 0x7f1d72d96e10>))
DEBUG:pybindgen.typehandlers:TypeMatcher.lookup('uint32_t')
DEBUG:pybindgen.typehandlers:try to lookup type handler for 'uint32_t' => success ((<class 'pybindgen.typehandlers.inttype.UnsignedIntParam'>, None, <pybindgen.typehandlers.ctypeparser.TypeTraits object at 0x7f1d72d96f28>))
DEBUG:pybindgen.typehandlers:TypeMatcher.lookup('ns3::Ptr< ns3::NixVector >')
DEBUG:pybindgen.typehandlers:try to lookup type handler for 'ns3::Ptr< ns3::NixVector >' => failure
DEBUG:pybindgen.typehandlers:try to lookup type handler for 'ns3::NixVector *' => success ((<class 'pybindgen.cppclass.MemoryPolicy.register_ptr_parameter_and_return.<locals>.ThisClassPtrReturn'>, <ns3modulegen_core_customizations.SmartPointerTransformation object at 0x7f1d735b7ac8>, <pybindgen.typehandlers.ctypeparser.TypeTraits object at 0x7f1d72d9f4e0>))
DEBUG:pybindgen.typehandlers:TypeMatcher.lookup('uint32_t')
DEBUG:pybindgen.typehandlers:try to lookup type handler for 'uint32_t' => success ((<class 'pybindgen.typehandlers.inttype.UnsignedIntReturn'>, None, <pybindgen.typehandlers.ctypeparser.TypeTraits object at 0x7f1d72d9f748>))
DEBUG:pybindgen.typehandlers:TypeMatcher.lookup('uint32_t const *')
DEBUG:pybindgen.typehandlers:try to lookup type handler for 'uint32_t const *' => success ((<class 'pybindgen.typehandlers.inttype.UnsignedIntPtrParam'>, None, <pybindgen.typehandlers.ctypeparser.TypeTraits object at 0x7f1d72d9f860>))
DEBUG:pybindgen.typehandlers:TypeMatcher.lookup('uint32_t')
DEBUG:pybindgen.typehandlers:try to lookup type handler for 'uint32_t' => success ((<class 'pybindgen.typehandlers.inttype.UnsignedIntParam'>, None, <pybindgen.typehandlers.ctypeparser.TypeTraits object at 0x7f1d72d9fa20>))
DEBUG:pybindgen.typehandlers:TypeMatcher.lookup('uint32_t')
DEBUG:pybindgen.typehandlers:try to lookup type handler for 'uint32_t' => success ((<class 'pybindgen.typehandlers.inttype.UnsignedIntReturn'>, None, <pybindgen.typehandlers.ctypeparser.TypeTraits object at 0x7f1d72d9fd30>))
DEBUG:pybindgen.typehandlers:TypeMatcher.lookup('uint32_t')
DEBUG:pybindgen.typehandlers:try to lookup type handler for 'uint32_t' => success ((<class 'pybindgen.typehandlers.inttype.UnsignedIntParam'>, None, <pybindgen.typehandlers.ctypeparser.TypeTraits object at 0x7f1d72d9fe48>))
DEBUG:pybindgen.typehandlers:TypeMatcher.lookup('uint32_t')
DEBUG:pybindgen.typehandlers:try to lookup type handler for 'uint32_t' => success ((<class 'pybindgen.typehandlers.inttype.UnsignedIntReturn'>, None, <pybindgen.typehandlers.ctypeparser.TypeTraits object at 0x7f1d72da61d0>))
DEBUG:pybindgen.typehandlers:TypeMatcher.lookup('uint32_t')
DEBUG:pybindgen.typehandlers:try to lookup type handler for 'uint32_t' => success ((<class 'pybindgen.typehandlers.inttype.UnsignedIntReturn'>, None, <pybindgen.typehandlers.ctypeparser.TypeTraits object at 0x7f1d72da6588>))
DEBUG:pybindgen.typehandlers:TypeMatcher.lookup('uint32_t')
DEBUG:pybindgen.typehandlers:try to lookup type handler for 'uint32_t' => success ((<class 'pybindgen.typehandlers.inttype.UnsignedIntReturn'>, None, <pybindgen.typehandlers.ctypeparser.TypeTraits object at 0x7f1d72da6908>))
DEBUG:pybindgen.typehandlers:TypeMatcher.lookup('uint32_t *')
DEBUG:pybindgen.typehandlers:try to lookup type handler for 'uint32_t *' => success ((<class 'pybindgen.typehandlers.inttype.UnsignedIntPtrParam'>, None, <pybindgen.typehandlers.ctypeparser.TypeTraits object at 0x7f1d72da6a20>))
DEBUG:pybindgen.typehandlers:TypeMatcher.lookup('uint32_t')
DEBUG:pybindgen.typehandlers:try to lookup type handler for 'uint32_t' => success ((<class 'pybindgen.typehandlers.inttype.UnsignedIntParam'>, None, <pybindgen.typehandlers.ctypeparser.TypeTraits object at 0x7f1d72da6b38>))
DEBUG:pybindgen.typehandlers:TypeMatcher.lookup('ns3::Packet const &')
DEBUG:pybindgen.typehandlers:try to lookup type handler for 'ns3::Packet const &' => success ((<class 'pybindgen.cppclass.CppClass.__init__.<locals>.ThisClassRefParameter'>, None, <pybindgen.typehandlers.ctypeparser.TypeTraits object at 0x7f1d72dae160>))
DEBUG:pybindgen.typehandlers:TypeMatcher.lookup('uint32_t')
DEBUG:pybindgen.typehandlers:try to lookup type handler for 'uint32_t' => success ((<class 'pybindgen.typehandlers.inttype.UnsignedIntParam'>, None, <pybindgen.typehandlers.ctypeparser.TypeTraits object at 0x7f1d72dae550>))
DEBUG:pybindgen.typehandlers:TypeMatcher.lookup('uint8_t const *')
DEBUG:pybindgen.typehandlers:try to lookup type handler for 'uint8_t const *' => success ((<class 'pybindgen.typehandlers.inttype.UInt8PtrParam'>, None, <pybindgen.typehandlers.ctypeparser.TypeTraits object at 0x7f1d72dae898>))
/home/cs18/tarballs/ns-allinone-3.34/ns-3.34/src/mpi/bindings/modulegen__gcc_LP64.py:3586: Warning: exception TypeConfigurationError('direction not given',) in wrapper <pybindgen.cppmethod.CppConstructor object at 0x7f1d72dae828>
  cls.add_constructor([param('uint8_t const *', 'buffer'), param('uint32_t', 'size'), param('bool', 'magic')])
DEBUG:pybindgen.typehandlers:TypeMatcher.lookup('uint8_t const *')
DEBUG:pybindgen.typehandlers:try to lookup type handler for 'uint8_t const *' => success ((<class 'pybindgen.typehandlers.inttype.UInt8PtrParam'>, None, <pybindgen.typehandlers.ctypeparser.TypeTraits object at 0x7f1d72daea90>))
/home/cs18/tarballs/ns-allinone-3.34/ns-3.34/src/mpi/bindings/modulegen__gcc_LP64.py:3588: Warning: exception TypeConfigurationError('direction not given',) in wrapper <pybindgen.cppmethod.CppConstructor object at 0x7f1d72daea58>
  cls.add_constructor([param('uint8_t const *', 'buffer'), param('uint32_t', 'size')])
DEBUG:pybindgen.typehandlers:TypeMatcher.lookup('void')
DEBUG:pybindgen.typehandlers:try to lookup type handler for 'void' => success ((<class 'pybindgen.typehandlers.voidtype.VoidReturn'>, None, <pybindgen.typehandlers.ctypeparser.TypeTraits object at 0x7f1d72daebe0>))
DEBUG:pybindgen.typehandlers:TypeMatcher.lookup('ns3::Ptr< ns3::Packet const >')
DEBUG:pybindgen.typehandlers:try to lookup type handler for 'ns3::Ptr< ns3::Packet const >' => failure
DEBUG:pybindgen.typehandlers:try to lookup type handler for 'ns3::Packet *' => success ((<class 'pybindgen.cppclass.MemoryPolicy.register_ptr_parameter_and_return.<locals>.ThisClassPtrParameter'>, <ns3modulegen_core_customizations.SmartPointerTransformation object at 0x7f1d735b7ac8>, <pybindgen.typehandlers.ctypeparser.TypeTraits object at 0x7f1d72db6048>))
DEBUG:pybindgen.typehandlers:TypeMatcher.lookup('void')
DEBUG:pybindgen.typehandlers:try to lookup type handler for 'void' => success ((<class 'pybindgen.typehandlers.voidtype.VoidReturn'>, None, <pybindgen.typehandlers.ctypeparser.TypeTraits object at 0x7f1d72db62b0>))
DEBUG:pybindgen.typehandlers:TypeMatcher.lookup('ns3::Tag const &')
DEBUG:pybindgen.typehandlers:try to lookup type handler for 'ns3::Tag const &' => success ((<class 'pybindgen.cppclass.CppClass.__init__.<locals>.ThisClassRefParameter'>, None, <pybindgen.typehandlers.ctypeparser.TypeTraits object at 0x7f1d72db6400>))
DEBUG:pybindgen.typehandlers:TypeMatcher.lookup('void')
DEBUG:pybindgen.typehandlers:try to lookup type handler for 'void' => success ((<class 'pybindgen.typehandlers.voidtype.VoidReturn'>, None, <pybindgen.typehandlers.ctypeparser.TypeTraits object at 0x7f1d72db67f0>))
DEBUG:pybindgen.typehandlers:TypeMatcher.lookup('ns3::Tag const &')
DEBUG:pybindgen.typehandlers:try to lookup type handler for 'ns3::Tag const &' => success ((<class 'pybindgen.cppclass.CppClass.__init__.<locals>.ThisClassRefParameter'>, None, <pybindgen.typehandlers.ctypeparser.TypeTraits object at 0x7f1d72db6940>))
DEBUG:pybindgen.typehandlers:TypeMatcher.lookup('uint32_t')
DEBUG:pybindgen.typehandlers:try to lookup type handler for 'uint32_t' => success ((<class 'pybindgen.typehandlers.inttype.UnsignedIntParam'>, None, <pybindgen.typehandlers.ctypeparser.TypeTraits object at 0x7f1d72db6b00>))
DEBUG:pybindgen.typehandlers:TypeMatcher.lookup('uint32_t')
DEBUG:pybindgen.typehandlers:try to lookup type handler for 'uint32_t' => success ((<class 'pybindgen.typehandlers.inttype.UnsignedIntParam'>, None, <pybindgen.typehandlers.ctypeparser.TypeTraits object at 0x7f1d72db6b70>))
DEBUG:pybindgen.typehandlers:TypeMatcher.lookup('void')
DEBUG:pybindgen.typehandlers:try to lookup type handler for 'void' => success ((<class 'pybindgen.typehandlers.voidtype.VoidReturn'>, None, <pybindgen.typehandlers.ctypeparser.TypeTraits object at 0x7f1d72db6eb8>))
DEBUG:pybindgen.typehandlers:TypeMatcher.lookup('ns3::Header const &')
DEBUG:pybindgen.typehandlers:try to lookup type handler for 'ns3::Header const &' => success ((<class 'pybindgen.cppclass.CppClass.__init__.<locals>.ThisClassRefParameter'>, None, <pybindgen.typehandlers.ctypeparser.TypeTraits object at 0x7f1d72dbd048>))
DEBUG:pybindgen.typehandlers:TypeMatcher.lookup('void')
DEBUG:pybindgen.typehandlers:try to lookup type handler for 'void' => success ((<class 'pybindgen.typehandlers.voidtype.VoidReturn'>, None, <pybindgen.typehandlers.ctypeparser.TypeTraits object at 0x7f1d72dbd438>))
DEBUG:pybindgen.typehandlers:TypeMatcher.lookup('ns3::Tag const &')
DEBUG:pybindgen.typehandlers:try to lookup type handler for 'ns3::Tag const &' => success ((<class 'pybindgen.cppclass.CppClass.__init__.<locals>.ThisClassRefParameter'>, None, <pybindgen.typehandlers.ctypeparser.TypeTraits object at 0x7f1d72dbd588>))
DEBUG:pybindgen.typehandlers:TypeMatcher.lookup('void')
DEBUG:pybindgen.typehandlers:try to lookup type handler for 'void' => success ((<class 'pybindgen.typehandlers.voidtype.VoidReturn'>, None, <pybindgen.typehandlers.ctypeparser.TypeTraits object at 0x7f1d72dbd978>))
DEBUG:pybindgen.typehandlers:TypeMatcher.lookup('uint32_t')
DEBUG:pybindgen.typehandlers:try to lookup type handler for 'uint32_t' => success ((<class 'pybindgen.typehandlers.inttype.UnsignedIntParam'>, None, <pybindgen.typehandlers.ctypeparser.TypeTraits object at 0x7f1d72dbdac8>))
DEBUG:pybindgen.typehandlers:TypeMatcher.lookup('void')
DEBUG:pybindgen.typehandlers:try to lookup type handler for 'void' => success ((<class 'pybindgen.typehandlers.voidtype.VoidReturn'>, None, <pybindgen.typehandlers.ctypeparser.TypeTraits object at 0x7f1d72dbde10>))
DEBUG:pybindgen.typehandlers:TypeMatcher.lookup('ns3::Trailer const &')
DEBUG:pybindgen.typehandlers:try to lookup type handler for 'ns3::Trailer const &' => success ((<class 'pybindgen.cppclass.CppClass.__init__.<locals>.ThisClassRefParameter'>, None, <pybindgen.typehandlers.ctypeparser.TypeTraits object at 0x7f1d72daeb70>))
DEBUG:pybindgen.typehandlers:TypeMatcher.lookup('ns3::PacketMetadata::ItemIterator')
DEBUG:pybindgen.typehandlers:try to lookup type handler for 'ns3::PacketMetadata::ItemIterator' => success ((<class 'pybindgen.cppclass.CppClass.__init__.<locals>.ThisClassReturn'>, None, <pybindgen.typehandlers.ctypeparser.TypeTraits object at 0x7f1d72dbdf60>))
DEBUG:pybindgen.typehandlers:TypeMatcher.lookup('ns3::Ptr< ns3::Packet >')
DEBUG:pybindgen.typehandlers:try to lookup type handler for 'ns3::Ptr< ns3::Packet >' => failure
DEBUG:pybindgen.typehandlers:try to lookup type handler for 'ns3::Packet *' => success ((<class 'pybindgen.cppclass.MemoryPolicy.register_ptr_parameter_and_return.<locals>.ThisClassPtrReturn'>, <ns3modulegen_core_customizations.SmartPointerTransformation object at 0x7f1d735b7ac8>, <pybindgen.typehandlers.ctypeparser.TypeTraits object at 0x7f1d72dc3550>))
DEBUG:pybindgen.typehandlers:TypeMatcher.lookup('uint32_t')
DEBUG:pybindgen.typehandlers:try to lookup type handler for 'uint32_t' => success ((<class 'pybindgen.typehandlers.inttype.UnsignedIntReturn'>, None, <pybindgen.typehandlers.ctypeparser.TypeTraits object at 0x7f1d72dc37b8>))
DEBUG:pybindgen.typehandlers:TypeMatcher.lookup('uint8_t *')
DEBUG:pybindgen.typehandlers:try to lookup type handler for 'uint8_t *' => success ((<class 'pybindgen.typehandlers.inttype.UInt8PtrParam'>, None, <pybindgen.typehandlers.ctypeparser.TypeTraits object at 0x7f1d72dc38d0>))
/home/cs18/tarballs/ns-allinone-3.34/ns-3.34/src/mpi/bindings/modulegen__gcc_LP64.py:3634: Warning: exception TypeConfigurationError('direction not given',) in wrapper public: retval? ???::CopyData (params?) const;
  is_const=True)
DEBUG:pybindgen.typehandlers:TypeMatcher.lookup('void')
DEBUG:pybindgen.typehandlers:try to lookup type handler for 'void' => success ((<class 'pybindgen.typehandlers.voidtype.VoidReturn'>, None, <pybindgen.typehandlers.ctypeparser.TypeTraits object at 0x7f1d72dc39b0>))
DEBUG:pybindgen.typehandlers:TypeMatcher.lookup('std::ostream *')
DEBUG:pybindgen.typehandlers:try to lookup type handler for 'std::ostream *' => failure
'std::ostream *' did not match
/home/cs18/tarballs/ns-allinone-3.34/ns-3.34/src/mpi/bindings/modulegen__gcc_LP64.py:3639: Warning: exception TypeLookupError(['std::ostream *'],) in wrapper public: retval? ???::CopyData (params?) const;
  is_const=True)
DEBUG:pybindgen.typehandlers:TypeMatcher.lookup('ns3::Ptr< ns3::Packet >')
DEBUG:pybindgen.typehandlers:try to lookup type handler for 'ns3::Ptr< ns3::Packet >' => failure
DEBUG:pybindgen.typehandlers:try to lookup type handler for 'ns3::Packet *' => success ((<class 'pybindgen.cppclass.MemoryPolicy.register_ptr_parameter_and_return.<locals>.ThisClassPtrReturn'>, <ns3modulegen_core_customizations.SmartPointerTransformation object at 0x7f1d735b7ac8>, <pybindgen.typehandlers.ctypeparser.TypeTraits object at 0x7f1d72dc3e80>))
DEBUG:pybindgen.typehandlers:TypeMatcher.lookup('uint32_t')
DEBUG:pybindgen.typehandlers:try to lookup type handler for 'uint32_t' => success ((<class 'pybindgen.typehandlers.inttype.UnsignedIntParam'>, None, <pybindgen.typehandlers.ctypeparser.TypeTraits object at 0x7f1d72dc3dd8>))
DEBUG:pybindgen.typehandlers:TypeMatcher.lookup('uint32_t')
DEBUG:pybindgen.typehandlers:try to lookup type handler for 'uint32_t' => success ((<class 'pybindgen.typehandlers.inttype.UnsignedIntParam'>, None, <pybindgen.typehandlers.ctypeparser.TypeTraits object at 0x7f1d72dc3e48>))
DEBUG:pybindgen.typehandlers:TypeMatcher.lookup('void')
DEBUG:pybindgen.typehandlers:try to lookup type handler for 'void' => success ((<class 'pybindgen.typehandlers.voidtype.VoidReturn'>, None, <pybindgen.typehandlers.ctypeparser.TypeTraits object at 0x7f1d72dca2e8>))
DEBUG:pybindgen.typehandlers:TypeMatcher.lookup('void')
DEBUG:pybindgen.typehandlers:try to lookup type handler for 'void' => success ((<class 'pybindgen.typehandlers.voidtype.VoidReturn'>, None, <pybindgen.typehandlers.ctypeparser.TypeTraits object at 0x7f1d72dca6a0>))
DEBUG:pybindgen.typehandlers:TypeMatcher.lookup('bool')
DEBUG:pybindgen.typehandlers:try to lookup type handler for 'bool' => success ((<class 'pybindgen.typehandlers.booltype.BoolReturn'>, None, <pybindgen.typehandlers.ctypeparser.TypeTraits object at 0x7f1d72dcaa58>))
DEBUG:pybindgen.typehandlers:TypeMatcher.lookup('ns3::Tag &')
DEBUG:pybindgen.typehandlers:try to lookup type handler for 'ns3::Tag &' => success ((<class 'pybindgen.cppclass.CppClass.__init__.<locals>.ThisClassRefParameter'>, None, <pybindgen.typehandlers.ctypeparser.TypeTraits object at 0x7f1d72dcaba8>))
DEBUG:pybindgen.typehandlers:TypeMatcher.lookup('ns3::ByteTagIterator')
DEBUG:pybindgen.typehandlers:try to lookup type handler for 'ns3::ByteTagIterator' => success ((<class 'pybindgen.cppclass.CppClass.__init__.<locals>.ThisClassReturn'>, None, <pybindgen.typehandlers.ctypeparser.TypeTraits object at 0x7f1d72dcaf28>))
DEBUG:pybindgen.typehandlers:TypeMatcher.lookup('ns3::Ptr< ns3::NixVector >')
DEBUG:pybindgen.typehandlers:try to lookup type handler for 'ns3::Ptr< ns3::NixVector >' => failure
DEBUG:pybindgen.typehandlers:try to lookup type handler for 'ns3::NixVector *' => success ((<class 'pybindgen.cppclass.MemoryPolicy.register_ptr_parameter_and_return.<locals>.ThisClassPtrReturn'>, <ns3modulegen_core_customizations.SmartPointerTransformation object at 0x7f1d735b7ac8>, <pybindgen.typehandlers.ctypeparser.TypeTraits object at 0x7f1d72dc3a90>))
DEBUG:pybindgen.typehandlers:TypeMatcher.lookup('ns3::PacketTagIterator')
DEBUG:pybindgen.typehandlers:try to lookup type handler for 'ns3::PacketTagIterator' => success ((<class 'pybindgen.cppclass.CppClass.__init__.<locals>.ThisClassReturn'>, None, <pybindgen.typehandlers.ctypeparser.TypeTraits object at 0x7f1d72d532e8>))
DEBUG:pybindgen.typehandlers:TypeMatcher.lookup('uint32_t')
DEBUG:pybindgen.typehandlers:try to lookup type handler for 'uint32_t' => success ((<class 'pybindgen.typehandlers.inttype.UnsignedIntReturn'>, None, <pybindgen.typehandlers.ctypeparser.TypeTraits object at 0x7f1d72d53668>))
DEBUG:pybindgen.typehandlers:TypeMatcher.lookup('uint32_t')
DEBUG:pybindgen.typehandlers:try to lookup type handler for 'uint32_t' => success ((<class 'pybindgen.typehandlers.inttype.UnsignedIntReturn'>, None, <pybindgen.typehandlers.ctypeparser.TypeTraits object at 0x7f1d72d539e8>))
DEBUG:pybindgen.typehandlers:TypeMatcher.lookup('uint64_t')
DEBUG:pybindgen.typehandlers:try to lookup type handler for 'uint64_t' => success ((<class 'pybindgen.typehandlers.inttype.UnsignedLongLongReturn'>, None, <pybindgen.typehandlers.ctypeparser.TypeTraits object at 0x7f1d72d53d68>))
DEBUG:pybindgen.typehandlers:TypeMatcher.lookup('uint32_t')
DEBUG:pybindgen.typehandlers:try to lookup type handler for 'uint32_t' => success ((<class 'pybindgen.typehandlers.inttype.UnsignedIntReturn'>, None, <pybindgen.typehandlers.ctypeparser.TypeTraits object at 0x7f1d72d59128>))
DEBUG:pybindgen.typehandlers:TypeMatcher.lookup('ns3::Header &')
DEBUG:pybindgen.typehandlers:try to lookup type handler for 'ns3::Header &' => success ((<class 'pybindgen.cppclass.CppClass.__init__.<locals>.ThisClassRefParameter'>, None, <pybindgen.typehandlers.ctypeparser.TypeTraits object at 0x7f1d72d59240>))
DEBUG:pybindgen.typehandlers:TypeMatcher.lookup('uint32_t')
DEBUG:pybindgen.typehandlers:try to lookup type handler for 'uint32_t' => success ((<class 'pybindgen.typehandlers.inttype.UnsignedIntReturn'>, None, <pybindgen.typehandlers.ctypeparser.TypeTraits object at 0x7f1d72d595c0>))
DEBUG:pybindgen.typehandlers:TypeMatcher.lookup('ns3::Header &')
DEBUG:pybindgen.typehandlers:try to lookup type handler for 'ns3::Header &' => success ((<class 'pybindgen.cppclass.CppClass.__init__.<locals>.ThisClassRefParameter'>, None, <pybindgen.typehandlers.ctypeparser.TypeTraits object at 0x7f1d72d596d8>))
DEBUG:pybindgen.typehandlers:TypeMatcher.lookup('uint32_t')
DEBUG:pybindgen.typehandlers:try to lookup type handler for 'uint32_t' => success ((<class 'pybindgen.typehandlers.inttype.UnsignedIntParam'>, None, <pybindgen.typehandlers.ctypeparser.TypeTraits object at 0x7f1d72d597f0>))
DEBUG:pybindgen.typehandlers:TypeMatcher.lookup('bool')
DEBUG:pybindgen.typehandlers:try to lookup type handler for 'bool' => success ((<class 'pybindgen.typehandlers.booltype.BoolReturn'>, None, <pybindgen.typehandlers.ctypeparser.TypeTraits object at 0x7f1d72d59b00>))
DEBUG:pybindgen.typehandlers:TypeMatcher.lookup('ns3::Tag &')
DEBUG:pybindgen.typehandlers:try to lookup type handler for 'ns3::Tag &' => success ((<class 'pybindgen.cppclass.CppClass.__init__.<locals>.ThisClassRefParameter'>, None, <pybindgen.typehandlers.ctypeparser.TypeTraits object at 0x7f1d72d59c50>))
DEBUG:pybindgen.typehandlers:TypeMatcher.lookup('uint32_t')
DEBUG:pybindgen.typehandlers:try to lookup type handler for 'uint32_t' => success ((<class 'pybindgen.typehandlers.inttype.UnsignedIntReturn'>, None, <pybindgen.typehandlers.ctypeparser.TypeTraits object at 0x7f1d72d59fd0>))
DEBUG:pybindgen.typehandlers:TypeMatcher.lookup('ns3::Trailer &')
DEBUG:pybindgen.typehandlers:try to lookup type handler for 'ns3::Trailer &' => success ((<class 'pybindgen.cppclass.CppClass.__init__.<locals>.ThisClassRefParameter'>, None, <pybindgen.typehandlers.ctypeparser.TypeTraits object at 0x7f1d72d62128>))
DEBUG:pybindgen.typehandlers:TypeMatcher.lookup('void')
DEBUG:pybindgen.typehandlers:try to lookup type handler for 'void' => success ((<class 'pybindgen.typehandlers.voidtype.VoidReturn'>, None, <pybindgen.typehandlers.ctypeparser.TypeTraits object at 0x7f1d72d624a8>))
DEBUG:pybindgen.typehandlers:TypeMatcher.lookup('std::ostream &')
DEBUG:pybindgen.typehandlers:try to lookup type handler for 'std::ostream &' => failure
'std::ostream &' did not match
/home/cs18/tarballs/ns-allinone-3.34/ns-3.34/src/mpi/bindings/modulegen__gcc_LP64.py:3713: Warning: exception TypeLookupError(['std::ostream &'],) in wrapper public: retval? ???::Print (params?) const;
  is_const=True)
DEBUG:pybindgen.typehandlers:TypeMatcher.lookup('void')
DEBUG:pybindgen.typehandlers:try to lookup type handler for 'void' => success ((<class 'pybindgen.typehandlers.voidtype.VoidReturn'>, None, <pybindgen.typehandlers.ctypeparser.TypeTraits object at 0x7f1d72d62710>))
DEBUG:pybindgen.typehandlers:TypeMatcher.lookup('std::ostream &')
DEBUG:pybindgen.typehandlers:try to lookup type handler for 'std::ostream &' => failure
'std::ostream &' did not match
/home/cs18/tarballs/ns-allinone-3.34/ns-3.34/src/mpi/bindings/modulegen__gcc_LP64.py:3718: Warning: exception TypeLookupError(['std::ostream &'],) in wrapper public: retval? ???::PrintByteTags (params?) const;
  is_const=True)
DEBUG:pybindgen.typehandlers:TypeMatcher.lookup('void')
DEBUG:pybindgen.typehandlers:try to lookup type handler for 'void' => success ((<class 'pybindgen.typehandlers.voidtype.VoidReturn'>, None, <pybindgen.typehandlers.ctypeparser.TypeTraits object at 0x7f1d72d624e0>))
DEBUG:pybindgen.typehandlers:TypeMatcher.lookup('std::ostream &')
DEBUG:pybindgen.typehandlers:try to lookup type handler for 'std::ostream &' => failure
'std::ostream &' did not match
/home/cs18/tarballs/ns-allinone-3.34/ns-3.34/src/mpi/bindings/modulegen__gcc_LP64.py:3723: Warning: exception TypeLookupError(['std::ostream &'],) in wrapper public: retval? ???::PrintPacketTags (params?) const;
  is_const=True)
DEBUG:pybindgen.typehandlers:TypeMatcher.lookup('void')
DEBUG:pybindgen.typehandlers:try to lookup type handler for 'void' => success ((<class 'pybindgen.typehandlers.voidtype.VoidReturn'>, None, <pybindgen.typehandlers.ctypeparser.TypeTraits object at 0x7f1d72d62940>))
DEBUG:pybindgen.typehandlers:TypeMatcher.lookup('void')
DEBUG:pybindgen.typehandlers:try to lookup type handler for 'void' => success ((<class 'pybindgen.typehandlers.voidtype.VoidReturn'>, None, <pybindgen.typehandlers.ctypeparser.TypeTraits object at 0x7f1d72d62cf8>))
DEBUG:pybindgen.typehandlers:TypeMatcher.lookup('void')
DEBUG:pybindgen.typehandlers:try to lookup type handler for 'void' => success ((<class 'pybindgen.typehandlers.voidtype.VoidReturn'>, None, <pybindgen.typehandlers.ctypeparser.TypeTraits object at 0x7f1d72d69128>))
DEBUG:pybindgen.typehandlers:TypeMatcher.lookup('uint32_t')
DEBUG:pybindgen.typehandlers:try to lookup type handler for 'uint32_t' => success ((<class 'pybindgen.typehandlers.inttype.UnsignedIntParam'>, None, <pybindgen.typehandlers.ctypeparser.TypeTraits object at 0x7f1d72d69278>))
DEBUG:pybindgen.typehandlers:TypeMatcher.lookup('void')
DEBUG:pybindgen.typehandlers:try to lookup type handler for 'void' => success ((<class 'pybindgen.typehandlers.voidtype.VoidReturn'>, None, <pybindgen.typehandlers.ctypeparser.TypeTraits object at 0x7f1d72d695c0>))
DEBUG:pybindgen.typehandlers:TypeMatcher.lookup('uint32_t')
DEBUG:pybindgen.typehandlers:try to lookup type handler for 'uint32_t' => success ((<class 'pybindgen.typehandlers.inttype.UnsignedIntParam'>, None, <pybindgen.typehandlers.ctypeparser.TypeTraits object at 0x7f1d72d69710>))
DEBUG:pybindgen.typehandlers:TypeMatcher.lookup('uint32_t')
DEBUG:pybindgen.typehandlers:try to lookup type handler for 'uint32_t' => success ((<class 'pybindgen.typehandlers.inttype.UnsignedIntReturn'>, None, <pybindgen.typehandlers.ctypeparser.TypeTraits object at 0x7f1d72d69a58>))
DEBUG:pybindgen.typehandlers:TypeMatcher.lookup('ns3::Header &')
DEBUG:pybindgen.typehandlers:try to lookup type handler for 'ns3::Header &' => success ((<class 'pybindgen.cppclass.CppClass.__init__.<locals>.ThisClassRefParameter'>, None, <pybindgen.typehandlers.ctypeparser.TypeTraits object at 0x7f1d72d69b70>))
DEBUG:pybindgen.typehandlers:TypeMatcher.lookup('uint32_t')
DEBUG:pybindgen.typehandlers:try to lookup type handler for 'uint32_t' => success ((<class 'pybindgen.typehandlers.inttype.UnsignedIntReturn'>, None, <pybindgen.typehandlers.ctypeparser.TypeTraits object at 0x7f1d72d69ef0>))
DEBUG:pybindgen.typehandlers:TypeMatcher.lookup('ns3::Header &')
DEBUG:pybindgen.typehandlers:try to lookup type handler for 'ns3::Header &' => success ((<class 'pybindgen.cppclass.CppClass.__init__.<locals>.ThisClassRefParameter'>, None, <pybindgen.typehandlers.ctypeparser.TypeTraits object at 0x7f1d72d70048>))
DEBUG:pybindgen.typehandlers:TypeMatcher.lookup('uint32_t')
DEBUG:pybindgen.typehandlers:try to lookup type handler for 'uint32_t' => success ((<class 'pybindgen.typehandlers.inttype.UnsignedIntParam'>, None, <pybindgen.typehandlers.ctypeparser.TypeTraits object at 0x7f1d72d70160>))
DEBUG:pybindgen.typehandlers:TypeMatcher.lookup('bool')
DEBUG:pybindgen.typehandlers:try to lookup type handler for 'bool' => success ((<class 'pybindgen.typehandlers.booltype.BoolReturn'>, None, <pybindgen.typehandlers.ctypeparser.TypeTraits object at 0x7f1d72d70470>))
DEBUG:pybindgen.typehandlers:TypeMatcher.lookup('ns3::Tag &')
DEBUG:pybindgen.typehandlers:try to lookup type handler for 'ns3::Tag &' => success ((<class 'pybindgen.cppclass.CppClass.__init__.<locals>.ThisClassRefParameter'>, None, <pybindgen.typehandlers.ctypeparser.TypeTraits object at 0x7f1d72d705c0>))
DEBUG:pybindgen.typehandlers:TypeMatcher.lookup('uint32_t')
DEBUG:pybindgen.typehandlers:try to lookup type handler for 'uint32_t' => success ((<class 'pybindgen.typehandlers.inttype.UnsignedIntReturn'>, None, <pybindgen.typehandlers.ctypeparser.TypeTraits object at 0x7f1d72d70940>))
DEBUG:pybindgen.typehandlers:TypeMatcher.lookup('ns3::Trailer &')
DEBUG:pybindgen.typehandlers:try to lookup type handler for 'ns3::Trailer &' => success ((<class 'pybindgen.cppclass.CppClass.__init__.<locals>.ThisClassRefParameter'>, None, <pybindgen.typehandlers.ctypeparser.TypeTraits object at 0x7f1d72d70a58>))
DEBUG:pybindgen.typehandlers:TypeMatcher.lookup('bool')
DEBUG:pybindgen.typehandlers:try to lookup type handler for 'bool' => success ((<class 'pybindgen.typehandlers.booltype.BoolReturn'>, None, <pybindgen.typehandlers.ctypeparser.TypeTraits object at 0x7f1d72d627f0>))
DEBUG:pybindgen.typehandlers:TypeMatcher.lookup('ns3::Tag &')
DEBUG:pybindgen.typehandlers:try to lookup type handler for 'ns3::Tag &' => success ((<class 'pybindgen.cppclass.CppClass.__init__.<locals>.ThisClassRefParameter'>, None, <pybindgen.typehandlers.ctypeparser.TypeTraits object at 0x7f1d72d62668>))
DEBUG:pybindgen.typehandlers:TypeMatcher.lookup('uint32_t')
DEBUG:pybindgen.typehandlers:try to lookup type handler for 'uint32_t' => success ((<class 'pybindgen.typehandlers.inttype.UnsignedIntReturn'>, None, <pybindgen.typehandlers.ctypeparser.TypeTraits object at 0x7f1d72d70e48>))
DEBUG:pybindgen.typehandlers:TypeMatcher.lookup('uint8_t *')
DEBUG:pybindgen.typehandlers:try to lookup type handler for 'uint8_t *' => success ((<class 'pybindgen.typehandlers.inttype.UInt8PtrParam'>, None, <pybindgen.typehandlers.ctypeparser.TypeTraits object at 0x7f1d72d70f60>))
/home/cs18/tarballs/ns-allinone-3.34/ns-3.34/src/mpi/bindings/modulegen__gcc_LP64.py:3764: Warning: exception TypeConfigurationError('direction not given',) in wrapper public: retval? ???::Serialize (params?) const;
  is_const=True)
DEBUG:pybindgen.typehandlers:TypeMatcher.lookup('void')
DEBUG:pybindgen.typehandlers:try to lookup type handler for 'void' => success ((<class 'pybindgen.typehandlers.voidtype.VoidReturn'>, None, <pybindgen.typehandlers.ctypeparser.TypeTraits object at 0x7f1d72d79080>))
DEBUG:pybindgen.typehandlers:TypeMatcher.lookup('ns3::Ptr< ns3::NixVector >')
DEBUG:pybindgen.typehandlers:try to lookup type handler for 'ns3::Ptr< ns3::NixVector >' => failure
DEBUG:pybindgen.typehandlers:try to lookup type handler for 'ns3::NixVector *' => success ((<class 'pybindgen.cppclass.MemoryPolicy.register_ptr_parameter_and_return.<locals>.ThisClassPtrParameter'>, <ns3modulegen_core_customizations.SmartPointerTransformation object at 0x7f1d735b7ac8>, <pybindgen.typehandlers.ctypeparser.TypeTraits object at 0x7f1d72d79470>))
DEBUG:pybindgen.typehandlers:TypeMatcher.lookup('std::string')
DEBUG:pybindgen.typehandlers:try to lookup type handler for 'std::string' => success ((<class 'pybindgen.typehandlers.stringtype.StdStringReturn'>, None, <pybindgen.typehandlers.ctypeparser.TypeTraits object at 0x7f1d72d796a0>))
DEBUG:pybindgen.typehandlers:TypeMatcher.lookup('ns3::Time const &')
DEBUG:pybindgen.typehandlers:try to lookup type handler for 'ns3::Time const &' => success ((<class 'pybindgen.cppclass.CppClass.__init__.<locals>.ThisClassRefParameter'>, None, <pybindgen.typehandlers.ctypeparser.TypeTraits object at 0x7f1d72d79cc0>))
DEBUG:pybindgen.typehandlers:TypeMatcher.lookup('ns3::TimeValue const &')
DEBUG:pybindgen.typehandlers:try to lookup type handler for 'ns3::TimeValue const &' => success ((<class 'pybindgen.cppclass.CppClass.__init__.<locals>.ThisClassRefParameter'>, None, <pybindgen.typehandlers.ctypeparser.TypeTraits object at 0x7f1d72d7e0f0>))
DEBUG:pybindgen.typehandlers:TypeMatcher.lookup('ns3::Ptr< ns3::AttributeValue >')
DEBUG:pybindgen.typehandlers:try to lookup type handler for 'ns3::Ptr< ns3::AttributeValue >' => failure
DEBUG:pybindgen.typehandlers:try to lookup type handler for 'ns3::AttributeValue *' => success ((<class 'pybindgen.cppclass.MemoryPolicy.register_ptr_parameter_and_return.<locals>.ThisClassPtrReturn'>, <ns3modulegen_core_customizations.SmartPointerTransformation object at 0x7f1d735b7ac8>, <pybindgen.typehandlers.ctypeparser.TypeTraits object at 0x7f1d72d7e6d8>))
DEBUG:pybindgen.typehandlers:TypeMatcher.lookup('bool')
DEBUG:pybindgen.typehandlers:try to lookup type handler for 'bool' => success ((<class 'pybindgen.typehandlers.booltype.BoolReturn'>, None, <pybindgen.typehandlers.ctypeparser.TypeTraits object at 0x7f1d72d7e940>))
DEBUG:pybindgen.typehandlers:TypeMatcher.lookup('std::string')
DEBUG:pybindgen.typehandlers:try to lookup type handler for 'std::string' => success ((<class 'pybindgen.typehandlers.stringtype.StdStringParam'>, None, <pybindgen.typehandlers.ctypeparser.TypeTraits object at 0x7f1d72d7ea90>))
DEBUG:pybindgen.typehandlers:TypeMatcher.lookup('ns3::Ptr< ns3::AttributeChecker const >')
DEBUG:pybindgen.typehandlers:try to lookup type handler for 'ns3::Ptr< ns3::AttributeChecker const >' => failure
DEBUG:pybindgen.typehandlers:try to lookup type handler for 'ns3::AttributeChecker *' => success ((<class 'pybindgen.cppclass.MemoryPolicy.register_ptr_parameter_and_return.<locals>.ThisClassPtrParameter'>, <ns3modulegen_core_customizations.SmartPointerTransformation object at 0x7f1d735b7ac8>, <pybindgen.typehandlers.ctypeparser.TypeTraits object at 0x7f1d72d7edd8>))
DEBUG:pybindgen.typehandlers:TypeMatcher.lookup('ns3::Time')
DEBUG:pybindgen.typehandlers:try to lookup type handler for 'ns3::Time' => success ((<class 'pybindgen.cppclass.CppClass.__init__.<locals>.ThisClassReturn'>, None, <pybindgen.typehandlers.ctypeparser.TypeTraits object at 0x7f1d72d88080>))
DEBUG:pybindgen.typehandlers:TypeMatcher.lookup('std::string')
DEBUG:pybindgen.typehandlers:try to lookup type handler for 'std::string' => success ((<class 'pybindgen.typehandlers.stringtype.StdStringReturn'>, None, <pybindgen.typehandlers.ctypeparser.TypeTraits object at 0x7f1d72d79048>))
DEBUG:pybindgen.typehandlers:TypeMatcher.lookup('ns3::Ptr< ns3::AttributeChecker const >')
DEBUG:pybindgen.typehandlers:try to lookup type handler for 'ns3::Ptr< ns3::AttributeChecker const >' => failure
DEBUG:pybindgen.typehandlers:try to lookup type handler for 'ns3::AttributeChecker *' => success ((<class 'pybindgen.cppclass.MemoryPolicy.register_ptr_parameter_and_return.<locals>.ThisClassPtrParameter'>, <ns3modulegen_core_customizations.SmartPointerTransformation object at 0x7f1d735b7ac8>, <pybindgen.typehandlers.ctypeparser.TypeTraits object at 0x7f1d72d88518>))
DEBUG:pybindgen.typehandlers:TypeMatcher.lookup('void')
DEBUG:pybindgen.typehandlers:try to lookup type handler for 'void' => success ((<class 'pybindgen.typehandlers.voidtype.VoidReturn'>, None, <pybindgen.typehandlers.ctypeparser.TypeTraits object at 0x7f1d72d88780>))
DEBUG:pybindgen.typehandlers:TypeMatcher.lookup('ns3::Time const &')
DEBUG:pybindgen.typehandlers:try to lookup type handler for 'ns3::Time const &' => success ((<class 'pybindgen.cppclass.CppClass.__init__.<locals>.ThisClassRefParameter'>, None, <pybindgen.typehandlers.ctypeparser.TypeTraits object at 0x7f1d72d888d0>))
DEBUG:pybindgen.typehandlers:TypeMatcher.lookup('ns3::TypeIdChecker const &')
DEBUG:pybindgen.typehandlers:try to lookup type handler for 'ns3::TypeIdChecker const &' => success ((<class 'pybindgen.cppclass.CppClass.__init__.<locals>.ThisClassRefParameter'>, None, <pybindgen.typehandlers.ctypeparser.TypeTraits object at 0x7f1d72d88f60>))
DEBUG:pybindgen.typehandlers:TypeMatcher.lookup('ns3::TypeId const &')
DEBUG:pybindgen.typehandlers:try to lookup type handler for 'ns3::TypeId const &' => success ((<class 'pybindgen.cppclass.CppClass.__init__.<locals>.ThisClassRefParameter'>, None, <pybindgen.typehandlers.ctypeparser.TypeTraits object at 0x7f1d72d8e5f8>))
DEBUG:pybindgen.typehandlers:TypeMatcher.lookup('ns3::TypeIdValue const &')
DEBUG:pybindgen.typehandlers:try to lookup type handler for 'ns3::TypeIdValue const &' => success ((<class 'pybindgen.cppclass.CppClass.__init__.<locals>.ThisClassRefParameter'>, None, <pybindgen.typehandlers.ctypeparser.TypeTraits object at 0x7f1d72d8e9e8>))
DEBUG:pybindgen.typehandlers:TypeMatcher.lookup('ns3::Ptr< ns3::AttributeValue >')
DEBUG:pybindgen.typehandlers:try to lookup type handler for 'ns3::Ptr< ns3::AttributeValue >' => failure
DEBUG:pybindgen.typehandlers:try to lookup type handler for 'ns3::AttributeValue *' => success ((<class 'pybindgen.cppclass.MemoryPolicy.register_ptr_parameter_and_return.<locals>.ThisClassPtrReturn'>, <ns3modulegen_core_customizations.SmartPointerTransformation object at 0x7f1d735b7ac8>, <pybindgen.typehandlers.ctypeparser.TypeTraits object at 0x7f1d72d8efd0>))
DEBUG:pybindgen.typehandlers:TypeMatcher.lookup('bool')
DEBUG:pybindgen.typehandlers:try to lookup type handler for 'bool' => success ((<class 'pybindgen.typehandlers.booltype.BoolReturn'>, None, <pybindgen.typehandlers.ctypeparser.TypeTraits object at 0x7f1d72d14278>))
DEBUG:pybindgen.typehandlers:TypeMatcher.lookup('std::string')
DEBUG:pybindgen.typehandlers:try to lookup type handler for 'std::string' => success ((<class 'pybindgen.typehandlers.stringtype.StdStringParam'>, None, <pybindgen.typehandlers.ctypeparser.TypeTraits object at 0x7f1d72d143c8>))
DEBUG:pybindgen.typehandlers:TypeMatcher.lookup('ns3::Ptr< ns3::AttributeChecker const >')
DEBUG:pybindgen.typehandlers:try to lookup type handler for 'ns3::Ptr< ns3::AttributeChecker const >' => failure
DEBUG:pybindgen.typehandlers:try to lookup type handler for 'ns3::AttributeChecker *' => success ((<class 'pybindgen.cppclass.MemoryPolicy.register_ptr_parameter_and_return.<locals>.ThisClassPtrParameter'>, <ns3modulegen_core_customizations.SmartPointerTransformation object at 0x7f1d735b7ac8>, <pybindgen.typehandlers.ctypeparser.TypeTraits object at 0x7f1d72d14710>))
DEBUG:pybindgen.typehandlers:TypeMatcher.lookup('ns3::TypeId')
DEBUG:pybindgen.typehandlers:try to lookup type handler for 'ns3::TypeId' => success ((<class 'pybindgen.cppclass.CppClass.__init__.<locals>.ThisClassReturn'>, None, <pybindgen.typehandlers.ctypeparser.TypeTraits object at 0x7f1d72d14978>))
DEBUG:pybindgen.typehandlers:TypeMatcher.lookup('std::string')
DEBUG:pybindgen.typehandlers:try to lookup type handler for 'std::string' => success ((<class 'pybindgen.typehandlers.stringtype.StdStringReturn'>, None, <pybindgen.typehandlers.ctypeparser.TypeTraits object at 0x7f1d72d14cf8>))
DEBUG:pybindgen.typehandlers:TypeMatcher.lookup('ns3::Ptr< ns3::AttributeChecker const >')
DEBUG:pybindgen.typehandlers:try to lookup type handler for 'ns3::Ptr< ns3::AttributeChecker const >' => failure
DEBUG:pybindgen.typehandlers:try to lookup type handler for 'ns3::AttributeChecker *' => success ((<class 'pybindgen.cppclass.MemoryPolicy.register_ptr_parameter_and_return.<locals>.ThisClassPtrParameter'>, <ns3modulegen_core_customizations.SmartPointerTransformation object at 0x7f1d735b7ac8>, <pybindgen.typehandlers.ctypeparser.TypeTraits object at 0x7f1d72d1d0b8>))
DEBUG:pybindgen.typehandlers:TypeMatcher.lookup('void')
DEBUG:pybindgen.typehandlers:try to lookup type handler for 'void' => success ((<class 'pybindgen.typehandlers.voidtype.VoidReturn'>, None, <pybindgen.typehandlers.ctypeparser.TypeTraits object at 0x7f1d72d1d320>))
DEBUG:pybindgen.typehandlers:TypeMatcher.lookup('ns3::TypeId const &')
DEBUG:pybindgen.typehandlers:try to lookup type handler for 'ns3::TypeId const &' => success ((<class 'pybindgen.cppclass.CppClass.__init__.<locals>.ThisClassRefParameter'>, None, <pybindgen.typehandlers.ctypeparser.TypeTraits object at 0x7f1d72d1d470>))
DEBUG:pybindgen.typehandlers:TypeMatcher.lookup('ns3::AddressChecker const &')
DEBUG:pybindgen.typehandlers:try to lookup type handler for 'ns3::AddressChecker const &' => success ((<class 'pybindgen.cppclass.CppClass.__init__.<locals>.ThisClassRefParameter'>, None, <pybindgen.typehandlers.ctypeparser.TypeTraits object at 0x7f1d72d1db00>))
DEBUG:pybindgen.typehandlers:TypeMatcher.lookup('ns3::Address const &')
DEBUG:pybindgen.typehandlers:try to lookup type handler for 'ns3::Address const &' => success ((<class 'pybindgen.cppclass.CppClass.__init__.<locals>.ThisClassRefParameter'>, None, <pybindgen.typehandlers.ctypeparser.TypeTraits object at 0x7f1d72d22198>))
DEBUG:pybindgen.typehandlers:TypeMatcher.lookup('ns3::AddressValue const &')
DEBUG:pybindgen.typehandlers:try to lookup type handler for 'ns3::AddressValue const &' => success ((<class 'pybindgen.cppclass.CppClass.__init__.<locals>.ThisClassRefParameter'>, None, <pybindgen.typehandlers.ctypeparser.TypeTraits object at 0x7f1d72d22588>))
DEBUG:pybindgen.typehandlers:TypeMatcher.lookup('ns3::Ptr< ns3::AttributeValue >')
DEBUG:pybindgen.typehandlers:try to lookup type handler for 'ns3::Ptr< ns3::AttributeValue >' => failure
DEBUG:pybindgen.typehandlers:try to lookup type handler for 'ns3::AttributeValue *' => success ((<class 'pybindgen.cppclass.MemoryPolicy.register_ptr_parameter_and_return.<locals>.ThisClassPtrReturn'>, <ns3modulegen_core_customizations.SmartPointerTransformation object at 0x7f1d735b7ac8>, <pybindgen.typehandlers.ctypeparser.TypeTraits object at 0x7f1d72d22b70>))
DEBUG:pybindgen.typehandlers:TypeMatcher.lookup('bool')
DEBUG:pybindgen.typehandlers:try to lookup type handler for 'bool' => success ((<class 'pybindgen.typehandlers.booltype.BoolReturn'>, None, <pybindgen.typehandlers.ctypeparser.TypeTraits object at 0x7f1d72d22dd8>))
DEBUG:pybindgen.typehandlers:TypeMatcher.lookup('std::string')
DEBUG:pybindgen.typehandlers:try to lookup type handler for 'std::string' => success ((<class 'pybindgen.typehandlers.stringtype.StdStringParam'>, None, <pybindgen.typehandlers.ctypeparser.TypeTraits object at 0x7f1d72d22f28>))
DEBUG:pybindgen.typehandlers:TypeMatcher.lookup('ns3::Ptr< ns3::AttributeChecker const >')
DEBUG:pybindgen.typehandlers:try to lookup type handler for 'ns3::Ptr< ns3::AttributeChecker const >' => failure
DEBUG:pybindgen.typehandlers:try to lookup type handler for 'ns3::AttributeChecker *' => success ((<class 'pybindgen.cppclass.MemoryPolicy.register_ptr_parameter_and_return.<locals>.ThisClassPtrParameter'>, <ns3modulegen_core_customizations.SmartPointerTransformation object at 0x7f1d735b7ac8>, <pybindgen.typehandlers.ctypeparser.TypeTraits object at 0x7f1d72d2a2b0>))
DEBUG:pybindgen.typehandlers:TypeMatcher.lookup('ns3::Address')
DEBUG:pybindgen.typehandlers:try to lookup type handler for 'ns3::Address' => success ((<class 'pybindgen.cppclass.CppClass.__init__.<locals>.ThisClassReturn'>, None, <pybindgen.typehandlers.ctypeparser.TypeTraits object at 0x7f1d72d2a518>))
DEBUG:pybindgen.typehandlers:TypeMatcher.lookup('std::string')
DEBUG:pybindgen.typehandlers:try to lookup type handler for 'std::string' => success ((<class 'pybindgen.typehandlers.stringtype.StdStringReturn'>, None, <pybindgen.typehandlers.ctypeparser.TypeTraits object at 0x7f1d72d2a898>))
DEBUG:pybindgen.typehandlers:TypeMatcher.lookup('ns3::Ptr< ns3::AttributeChecker const >')
DEBUG:pybindgen.typehandlers:try to lookup type handler for 'ns3::Ptr< ns3::AttributeChecker const >' => failure
DEBUG:pybindgen.typehandlers:try to lookup type handler for 'ns3::AttributeChecker *' => success ((<class 'pybindgen.cppclass.MemoryPolicy.register_ptr_parameter_and_return.<locals>.ThisClassPtrParameter'>, <ns3modulegen_core_customizations.SmartPointerTransformation object at 0x7f1d735b7ac8>, <pybindgen.typehandlers.ctypeparser.TypeTraits object at 0x7f1d72d2ac18>))
DEBUG:pybindgen.typehandlers:TypeMatcher.lookup('void')
DEBUG:pybindgen.typehandlers:try to lookup type handler for 'void' => success ((<class 'pybindgen.typehandlers.voidtype.VoidReturn'>, None, <pybindgen.typehandlers.ctypeparser.TypeTraits object at 0x7f1d72d2ae80>))
DEBUG:pybindgen.typehandlers:TypeMatcher.lookup('ns3::Address const &')
DEBUG:pybindgen.typehandlers:try to lookup type handler for 'ns3::Address const &' => success ((<class 'pybindgen.cppclass.CppClass.__init__.<locals>.ThisClassRefParameter'>, None, <pybindgen.typehandlers.ctypeparser.TypeTraits object at 0x7f1d72d2afd0>))
DEBUG:pybindgen.typehandlers:TypeMatcher.lookup('ns3::CallbackImpl< ns3::ObjectBase *, ns3::empty, ns3::empty, ns3::empty, ns3::empty, ns3::empty, ns3::empty, ns3::empty, ns3::empty, ns3::empty > const &')
DEBUG:pybindgen.typehandlers:try to lookup type handler for 'ns3::CallbackImpl< ns3::ObjectBase *, ns3::empty, ns3::empty, ns3::empty, ns3::empty, ns3::empty, ns3::empty, ns3::empty, ns3::empty, ns3::empty > const &' => success ((<class 'pybindgen.cppclass.CppClass.__init__.<locals>.ThisClassRefParameter'>, None, <pybindgen.typehandlers.ctypeparser.TypeTraits object at 0x7f1d72d336a0>))
DEBUG:pybindgen.typehandlers:TypeMatcher.lookup('std::string')
DEBUG:pybindgen.typehandlers:try to lookup type handler for 'std::string' => success ((<class 'pybindgen.typehandlers.stringtype.StdStringReturn'>, None, <pybindgen.typehandlers.ctypeparser.TypeTraits object at 0x7f1d72d33f28>))
DEBUG:pybindgen.typehandlers:TypeMatcher.lookup('std::string')
DEBUG:pybindgen.typehandlers:try to lookup type handler for 'std::string' => success ((<class 'pybindgen.typehandlers.stringtype.StdStringReturn'>, None, <pybindgen.typehandlers.ctypeparser.TypeTraits object at 0x7f1d72d382e8>))
DEBUG:pybindgen.typehandlers:TypeMatcher.lookup('ns3::ObjectBase *')
DEBUG:pybindgen.typehandlers:try to lookup type handler for 'ns3::ObjectBase *' => success ((<class 'pybindgen.cppclass.CppClass.__init__.<locals>.ThisClassPtrReturn'>, None, <pybindgen.typehandlers.ctypeparser.TypeTraits object at 0x7f1d72d38668>))
DEBUG:pybindgen.typehandlers:TypeMatcher.lookup('ns3::CallbackImpl< void, ns3::Ptr< ns3::Packet >, ns3::empty, ns3::empty, ns3::empty, ns3::empty, ns3::empty, ns3::empty, ns3::empty, ns3::empty > const &')
DEBUG:pybindgen.typehandlers:try to lookup type handler for 'ns3::CallbackImpl< void, ns3::Ptr< ns3::Packet >, ns3::empty, ns3::empty, ns3::empty, ns3::empty, ns3::empty, ns3::empty, ns3::empty, ns3::empty > const &' => success ((<class 'pybindgen.cppclass.CppClass.__init__.<locals>.ThisClassRefParameter'>, None, <pybindgen.typehandlers.ctypeparser.TypeTraits object at 0x7f1d72d38cc0>))
DEBUG:pybindgen.typehandlers:TypeMatcher.lookup('std::string')
DEBUG:pybindgen.typehandlers:try to lookup type handler for 'std::string' => success ((<class 'pybindgen.typehandlers.stringtype.StdStringReturn'>, None, <pybindgen.typehandlers.ctypeparser.TypeTraits object at 0x7f1d72d42630>))
DEBUG:pybindgen.typehandlers:TypeMatcher.lookup('std::string')
DEBUG:pybindgen.typehandlers:try to lookup type handler for 'std::string' => success ((<class 'pybindgen.typehandlers.stringtype.StdStringReturn'>, None, <pybindgen.typehandlers.ctypeparser.TypeTraits object at 0x7f1d72d429b0>))
DEBUG:pybindgen.typehandlers:TypeMatcher.lookup('void')
DEBUG:pybindgen.typehandlers:try to lookup type handler for 'void' => success ((<class 'pybindgen.typehandlers.voidtype.VoidReturn'>, None, <pybindgen.typehandlers.ctypeparser.TypeTraits object at 0x7f1d72d42d30>))
DEBUG:pybindgen.typehandlers:TypeMatcher.lookup('ns3::Ptr< ns3::Packet >')
DEBUG:pybindgen.typehandlers:try to lookup type handler for 'ns3::Ptr< ns3::Packet >' => failure
DEBUG:pybindgen.typehandlers:try to lookup type handler for 'ns3::Packet *' => success ((<class 'pybindgen.cppclass.MemoryPolicy.register_ptr_parameter_and_return.<locals>.ThisClassPtrParameter'>, <ns3modulegen_core_customizations.SmartPointerTransformation object at 0x7f1d735b7ac8>, <pybindgen.typehandlers.ctypeparser.TypeTraits object at 0x7f1d72d470f0>))
DEBUG:pybindgen.typehandlers:TypeMatcher.lookup('ns3::Hash::Implementation const &')
DEBUG:pybindgen.typehandlers:try to lookup type handler for 'ns3::Hash::Implementation const &' => success ((<class 'pybindgen.cppclass.CppClass.__init__.<locals>.ThisClassRefParameter'>, None, <pybindgen.typehandlers.ctypeparser.TypeTraits object at 0x7f1d72d47358>))
DEBUG:pybindgen.typehandlers:TypeMatcher.lookup('uint32_t')
DEBUG:pybindgen.typehandlers:try to lookup type handler for 'uint32_t' => success ((<class 'pybindgen.typehandlers.inttype.UnsignedIntReturn'>, None, <pybindgen.typehandlers.ctypeparser.TypeTraits object at 0x7f1d72d47978>))
DEBUG:pybindgen.typehandlers:TypeMatcher.lookup('char const *')
DEBUG:pybindgen.typehandlers:try to lookup type handler for 'char const *' => success ((<class 'pybindgen.typehandlers.stringtype.CStringParam'>, None, <pybindgen.typehandlers.ctypeparser.TypeTraits object at 0x7f1d72d47a90>))
DEBUG:pybindgen.typehandlers:TypeMatcher.lookup('std::size_t const')
DEBUG:pybindgen.typehandlers:try to lookup type handler for 'std::size_t const' => success ((<class 'pybindgen.typehandlers.inttype.SizeTParam'>, None, <pybindgen.typehandlers.ctypeparser.TypeTraits object at 0x7f1d72d47c50>))
DEBUG:pybindgen.typehandlers:TypeMatcher.lookup('uint64_t')
DEBUG:pybindgen.typehandlers:try to lookup type handler for 'uint64_t' => success ((<class 'pybindgen.typehandlers.inttype.UnsignedLongLongReturn'>, None, <pybindgen.typehandlers.ctypeparser.TypeTraits object at 0x7f1d72d51048>))
DEBUG:pybindgen.typehandlers:TypeMatcher.lookup('char const *')
DEBUG:pybindgen.typehandlers:try to lookup type handler for 'char const *' => success ((<class 'pybindgen.typehandlers.stringtype.CStringParam'>, None, <pybindgen.typehandlers.ctypeparser.TypeTraits object at 0x7f1d72d51160>))
DEBUG:pybindgen.typehandlers:TypeMatcher.lookup('std::size_t const')
DEBUG:pybindgen.typehandlers:try to lookup type handler for 'std::size_t const' => success ((<class 'pybindgen.typehandlers.inttype.SizeTParam'>, None, <pybindgen.typehandlers.ctypeparser.TypeTraits object at 0x7f1d72d51320>))
DEBUG:pybindgen.typehandlers:TypeMatcher.lookup('void')
DEBUG:pybindgen.typehandlers:try to lookup type handler for 'void' => success ((<class 'pybindgen.typehandlers.voidtype.VoidReturn'>, None, <pybindgen.typehandlers.ctypeparser.TypeTraits object at 0x7f1d72d516d8>))
DEBUG:pybindgen.typehandlers:TypeMatcher.lookup('ns3::Hash::Function::Fnv1a const &')
DEBUG:pybindgen.typehandlers:try to lookup type handler for 'ns3::Hash::Function::Fnv1a const &' => success ((<class 'pybindgen.cppclass.CppClass.__init__.<locals>.ThisClassRefParameter'>, None, <pybindgen.typehandlers.ctypeparser.TypeTraits object at 0x7f1d72d51ac8>))
DEBUG:pybindgen.typehandlers:TypeMatcher.lookup('uint32_t')
DEBUG:pybindgen.typehandlers:try to lookup type handler for 'uint32_t' => success ((<class 'pybindgen.typehandlers.inttype.UnsignedIntReturn'>, None, <pybindgen.typehandlers.ctypeparser.TypeTraits object at 0x7f1d72cd7128>))
DEBUG:pybindgen.typehandlers:TypeMatcher.lookup('char const *')
DEBUG:pybindgen.typehandlers:try to lookup type handler for 'char const *' => success ((<class 'pybindgen.typehandlers.stringtype.CStringParam'>, None, <pybindgen.typehandlers.ctypeparser.TypeTraits object at 0x7f1d72cd7240>))
DEBUG:pybindgen.typehandlers:TypeMatcher.lookup('size_t const')
DEBUG:pybindgen.typehandlers:try to lookup type handler for 'size_t const' => success ((<class 'pybindgen.typehandlers.inttype.SizeTParam'>, None, <pybindgen.typehandlers.ctypeparser.TypeTraits object at 0x7f1d72cd7400>))
DEBUG:pybindgen.typehandlers:TypeMatcher.lookup('uint64_t')
DEBUG:pybindgen.typehandlers:try to lookup type handler for 'uint64_t' => success ((<class 'pybindgen.typehandlers.inttype.UnsignedLongLongReturn'>, None, <pybindgen.typehandlers.ctypeparser.TypeTraits object at 0x7f1d72cd77f0>))
DEBUG:pybindgen.typehandlers:TypeMatcher.lookup('char const *')
DEBUG:pybindgen.typehandlers:try to lookup type handler for 'char const *' => success ((<class 'pybindgen.typehandlers.stringtype.CStringParam'>, None, <pybindgen.typehandlers.ctypeparser.TypeTraits object at 0x7f1d72cd7908>))
DEBUG:pybindgen.typehandlers:TypeMatcher.lookup('size_t const')
DEBUG:pybindgen.typehandlers:try to lookup type handler for 'size_t const' => success ((<class 'pybindgen.typehandlers.inttype.SizeTParam'>, None, <pybindgen.typehandlers.ctypeparser.TypeTraits object at 0x7f1d72cd7ac8>))
DEBUG:pybindgen.typehandlers:TypeMatcher.lookup('void')
DEBUG:pybindgen.typehandlers:try to lookup type handler for 'void' => success ((<class 'pybindgen.typehandlers.voidtype.VoidReturn'>, None, <pybindgen.typehandlers.ctypeparser.TypeTraits object at 0x7f1d72cd7eb8>))
DEBUG:pybindgen.typehandlers:TypeMatcher.lookup('ns3::Hash::Function::Hash32 const &')
DEBUG:pybindgen.typehandlers:try to lookup type handler for 'ns3::Hash::Function::Hash32 const &' => success ((<class 'pybindgen.cppclass.CppClass.__init__.<locals>.ThisClassRefParameter'>, None, <pybindgen.typehandlers.ctypeparser.TypeTraits object at 0x7f1d72cdc2e8>))
DEBUG:pybindgen.typehandlers:TypeMatcher.lookup('ns3::Hash::Hash32Function_ptr')
DEBUG:pybindgen.typehandlers:try to lookup type handler for 'ns3::Hash::Hash32Function_ptr' => failure
'ns3::Hash::Hash32Function_ptr' did not match
/home/cs18/tarballs/ns-allinone-3.34/ns-3.34/src/mpi/bindings/modulegen__gcc_LP64.py:3981: Warning: exception TypeLookupError(['ns3::Hash::Hash32Function_ptr'],) in wrapper <pybindgen.cppmethod.CppConstructor object at 0x7f1d72cdc668>
  cls.add_constructor([param('ns3::Hash::Hash32Function_ptr', 'hp')])
DEBUG:pybindgen.typehandlers:TypeMatcher.lookup('uint32_t')
DEBUG:pybindgen.typehandlers:try to lookup type handler for 'uint32_t' => success ((<class 'pybindgen.typehandlers.inttype.UnsignedIntReturn'>, None, <pybindgen.typehandlers.ctypeparser.TypeTraits object at 0x7f1d72cdc7b8>))
DEBUG:pybindgen.typehandlers:TypeMatcher.lookup('char const *')
DEBUG:pybindgen.typehandlers:try to lookup type handler for 'char const *' => success ((<class 'pybindgen.typehandlers.stringtype.CStringParam'>, None, <pybindgen.typehandlers.ctypeparser.TypeTraits object at 0x7f1d72cdc898>))
DEBUG:pybindgen.typehandlers:TypeMatcher.lookup('std::size_t const')
DEBUG:pybindgen.typehandlers:try to lookup type handler for 'std::size_t const' => success ((<class 'pybindgen.typehandlers.inttype.SizeTParam'>, None, <pybindgen.typehandlers.ctypeparser.TypeTraits object at 0x7f1d72cdca58>))
DEBUG:pybindgen.typehandlers:TypeMatcher.lookup('void')
DEBUG:pybindgen.typehandlers:try to lookup type handler for 'void' => success ((<class 'pybindgen.typehandlers.voidtype.VoidReturn'>, None, <pybindgen.typehandlers.ctypeparser.TypeTraits object at 0x7f1d72cdce10>))
DEBUG:pybindgen.typehandlers:TypeMatcher.lookup('ns3::Hash::Function::Hash64 const &')
DEBUG:pybindgen.typehandlers:try to lookup type handler for 'ns3::Hash::Function::Hash64 const &' => success ((<class 'pybindgen.cppclass.CppClass.__init__.<locals>.ThisClassRefParameter'>, None, <pybindgen.typehandlers.ctypeparser.TypeTraits object at 0x7f1d72ce6240>))
DEBUG:pybindgen.typehandlers:TypeMatcher.lookup('ns3::Hash::Hash64Function_ptr')
DEBUG:pybindgen.typehandlers:try to lookup type handler for 'ns3::Hash::Hash64Function_ptr' => failure
'ns3::Hash::Hash64Function_ptr' did not match
/home/cs18/tarballs/ns-allinone-3.34/ns-3.34/src/mpi/bindings/modulegen__gcc_LP64.py:3998: Warning: exception TypeLookupError(['ns3::Hash::Hash64Function_ptr'],) in wrapper <pybindgen.cppmethod.CppConstructor object at 0x7f1d72ce64e0>
  cls.add_constructor([param('ns3::Hash::Hash64Function_ptr', 'hp')])
DEBUG:pybindgen.typehandlers:TypeMatcher.lookup('uint32_t')
DEBUG:pybindgen.typehandlers:try to lookup type handler for 'uint32_t' => success ((<class 'pybindgen.typehandlers.inttype.UnsignedIntReturn'>, None, <pybindgen.typehandlers.ctypeparser.TypeTraits object at 0x7f1d72ce6630>))
DEBUG:pybindgen.typehandlers:TypeMatcher.lookup('char const *')
DEBUG:pybindgen.typehandlers:try to lookup type handler for 'char const *' => success ((<class 'pybindgen.typehandlers.stringtype.CStringParam'>, None, <pybindgen.typehandlers.ctypeparser.TypeTraits object at 0x7f1d72ce6710>))
DEBUG:pybindgen.typehandlers:TypeMatcher.lookup('std::size_t const')
DEBUG:pybindgen.typehandlers:try to lookup type handler for 'std::size_t const' => success ((<class 'pybindgen.typehandlers.inttype.SizeTParam'>, None, <pybindgen.typehandlers.ctypeparser.TypeTraits object at 0x7f1d72ce68d0>))
DEBUG:pybindgen.typehandlers:TypeMatcher.lookup('uint64_t')
DEBUG:pybindgen.typehandlers:try to lookup type handler for 'uint64_t' => success ((<class 'pybindgen.typehandlers.inttype.UnsignedLongLongReturn'>, None, <pybindgen.typehandlers.ctypeparser.TypeTraits object at 0x7f1d72ce6c88>))
DEBUG:pybindgen.typehandlers:TypeMatcher.lookup('char const *')
DEBUG:pybindgen.typehandlers:try to lookup type handler for 'char const *' => success ((<class 'pybindgen.typehandlers.stringtype.CStringParam'>, None, <pybindgen.typehandlers.ctypeparser.TypeTraits object at 0x7f1d72ce6da0>))
DEBUG:pybindgen.typehandlers:TypeMatcher.lookup('std::size_t const')
DEBUG:pybindgen.typehandlers:try to lookup type handler for 'std::size_t const' => success ((<class 'pybindgen.typehandlers.inttype.SizeTParam'>, None, <pybindgen.typehandlers.ctypeparser.TypeTraits object at 0x7f1d72ce6f60>))
DEBUG:pybindgen.typehandlers:TypeMatcher.lookup('void')
DEBUG:pybindgen.typehandlers:try to lookup type handler for 'void' => success ((<class 'pybindgen.typehandlers.voidtype.VoidReturn'>, None, <pybindgen.typehandlers.ctypeparser.TypeTraits object at 0x7f1d72cec358>))
DEBUG:pybindgen.typehandlers:TypeMatcher.lookup('ns3::Hash::Function::Murmur3 const &')
DEBUG:pybindgen.typehandlers:try to lookup type handler for 'ns3::Hash::Function::Murmur3 const &' => success ((<class 'pybindgen.cppclass.CppClass.__init__.<locals>.ThisClassRefParameter'>, None, <pybindgen.typehandlers.ctypeparser.TypeTraits object at 0x7f1d72cec748>))
DEBUG:pybindgen.typehandlers:TypeMatcher.lookup('uint32_t')
DEBUG:pybindgen.typehandlers:try to lookup type handler for 'uint32_t' => success ((<class 'pybindgen.typehandlers.inttype.UnsignedIntReturn'>, None, <pybindgen.typehandlers.ctypeparser.TypeTraits object at 0x7f1d72cecd68>))
DEBUG:pybindgen.typehandlers:TypeMatcher.lookup('char const *')
DEBUG:pybindgen.typehandlers:try to lookup type handler for 'char const *' => success ((<class 'pybindgen.typehandlers.stringtype.CStringParam'>, None, <pybindgen.typehandlers.ctypeparser.TypeTraits object at 0x7f1d72cece80>))
DEBUG:pybindgen.typehandlers:TypeMatcher.lookup('std::size_t const')
DEBUG:pybindgen.typehandlers:try to lookup type handler for 'std::size_t const' => success ((<class 'pybindgen.typehandlers.inttype.SizeTParam'>, None, <pybindgen.typehandlers.ctypeparser.TypeTraits object at 0x7f1d72cf3080>))
DEBUG:pybindgen.typehandlers:TypeMatcher.lookup('uint64_t')
DEBUG:pybindgen.typehandlers:try to lookup type handler for 'uint64_t' => success ((<class 'pybindgen.typehandlers.inttype.UnsignedLongLongReturn'>, None, <pybindgen.typehandlers.ctypeparser.TypeTraits object at 0x7f1d72cf3438>))
DEBUG:pybindgen.typehandlers:TypeMatcher.lookup('char const *')
DEBUG:pybindgen.typehandlers:try to lookup type handler for 'char const *' => success ((<class 'pybindgen.typehandlers.stringtype.CStringParam'>, None, <pybindgen.typehandlers.ctypeparser.TypeTraits object at 0x7f1d72cf3550>))
DEBUG:pybindgen.typehandlers:TypeMatcher.lookup('std::size_t const')
DEBUG:pybindgen.typehandlers:try to lookup type handler for 'std::size_t const' => success ((<class 'pybindgen.typehandlers.inttype.SizeTParam'>, None, <pybindgen.typehandlers.ctypeparser.TypeTraits object at 0x7f1d72cf3710>))
DEBUG:pybindgen.typehandlers:TypeMatcher.lookup('void')
DEBUG:pybindgen.typehandlers:try to lookup type handler for 'void' => success ((<class 'pybindgen.typehandlers.voidtype.VoidReturn'>, None, <pybindgen.typehandlers.ctypeparser.TypeTraits object at 0x7f1d72cf3ac8>))
DEBUG:pybindgen.typehandlers:TypeMatcher.lookup('ns3::ObjectBase *')
DEBUG:pybindgen.typehandlers:try to lookup type handler for 'ns3::ObjectBase *' => success ((<class 'pybindgen.cppclass.CppClass.__init__.<locals>.ThisClassPtrReturn'>, None, <pybindgen.typehandlers.ctypeparser.TypeTraits object at 0x7f1d72cf3fd0>))
/home/cs18/tarballs/ns-allinone-3.34/pybindgen-0.22.0/pybindgen/cppclass.py:3843: UserWarning: Returning shared pointers is dangerous!  The C++ API should be redesigned to avoid this situation.
  warnings.warn("Returning shared pointers is dangerous!"
Flushing to  <pybindgen.typehandlers.codesink.MemoryCodeSink object at 0x7f1d7351cda0>
DEBUG:pybindgen.typehandlers:TypeMatcher.lookup('void')
DEBUG:pybindgen.typehandlers:try to lookup type handler for 'void' => success ((<class 'pybindgen.typehandlers.voidtype.VoidReturn'>, None, <pybindgen.typehandlers.ctypeparser.TypeTraits object at 0x7f1d72cf3f60>))
DEBUG:pybindgen.typehandlers:TypeMatcher.lookup('ns3::Ptr< ns3::Packet >')
DEBUG:pybindgen.typehandlers:try to lookup type handler for 'ns3::Ptr< ns3::Packet >' => failure
DEBUG:pybindgen.typehandlers:try to lookup type handler for 'ns3::Packet *' => success ((<class 'pybindgen.cppclass.MemoryPolicy.register_ptr_parameter_and_return.<locals>.ThisClassPtrParameter'>, <ns3modulegen_core_customizations.SmartPointerTransformation object at 0x7f1d735b7ac8>, <pybindgen.typehandlers.ctypeparser.TypeTraits object at 0x7f1d72cfa9e8>))
Flushing to  <pybindgen.typehandlers.codesink.MemoryCodeSink object at 0x7f1d7351cda0>
bindings/python/ns3modulegen-modular.py:30: UserWarning: exception CodeGenerationError('ns3::ParallelCommunicationInterface cannot be constructed (have pure virtual methods but no helper class)',) in wrapper <pybindgen.CppClass 'ns3::ParallelCommunicationInterface'>
  warnings.warn("exception %r in wrapper %s" % (exception, wrapper))
