<ns3modulegen_core_customizations.SmartPointerTransformation object at 0x7fadbc4dbac8>
>>>>>>>>>>>>>>>> [['ns3::ObjectBase *', 'ns3::empty', 'ns3::empty', 'ns3::empty', 'ns3::empty', 'ns3::empty', 'ns3::empty', 'ns3::empty', 'ns3::empty', 'ns3::empty'], ['void', 'unsigned int', 'ns3::Ptr<ns3::Packet>', 'unsigned char', 'ns3::empty', 'ns3::empty', 'ns3::empty', 'ns3::empty', 'ns3::empty', 'ns3::empty'], ['void', 'ns3::LrWpanPhyEnumeration', 'ns3::empty', 'ns3::empty', 'ns3::empty', 'ns3::empty', 'ns3::empty', 'ns3::empty', 'ns3::empty', 'ns3::empty'], ['void', 'ns3::LrWpanPhyEnumeration', 'unsigned char', 'ns3::empty', 'ns3::empty', 'ns3::empty', 'ns3::empty', 'ns3::empty', 'ns3::empty', 'ns3::empty'], ['void', 'ns3::LrWpanPhyEnumeration', 'ns3::LrWpanPibAttributeIdentifier', 'ns3::LrWpanPhyPibAttributes *', 'ns3::empty', 'ns3::empty', 'ns3::empty', 'ns3::empty', 'ns3::empty', 'ns3::empty'], ['void', 'ns3::LrWpanPhyEnumeration', 'ns3::LrWpanPibAttributeIdentifier', 'ns3::empty', 'ns3::empty', 'ns3::empty', 'ns3::empty', 'ns3::empty', 'ns3::empty', 'ns3::empty'], ['void', 'ns3::Ptr<const ns3::Packet>', 'ns3::empty', 'ns3::empty', 'ns3::empty', 'ns3::empty', 'ns3::empty', 'ns3::empty', 'ns3::empty', 'ns3::empty'], ['void', 'ns3::Ptr<const ns3::Packet>', 'double', 'ns3::empty', 'ns3::empty', 'ns3::empty', 'ns3::empty', 'ns3::empty', 'ns3::empty', 'ns3::empty'], ['void', 'ns3::Time', 'ns3::LrWpanPhyEnumeration', 'ns3::LrWpanPhyEnumeration', 'ns3::empty', 'ns3::empty', 'ns3::empty', 'ns3::empty', 'ns3::empty', 'ns3::empty'], ['void', 'ns3::LrWpanPhyEnumeration', 'ns3::LrWpanPhyEnumeration', 'ns3::empty', 'ns3::empty', 'ns3::empty', 'ns3::empty', 'ns3::empty', 'ns3::empty', 'ns3::empty'], ['void', 'ns3::empty', 'ns3::empty', 'ns3::empty', 'ns3::empty', 'ns3::empty', 'ns3::empty', 'ns3::empty', 'ns3::empty', 'ns3::empty'], ['void', 'ns3::McpsDataConfirmParams', 'ns3::empty', 'ns3::empty', 'ns3::empty', 'ns3::empty', 'ns3::empty', 'ns3::empty', 'ns3::empty', 'ns3::empty'], ['void', 'ns3::McpsDataIndicationParams', 'ns3::Ptr<ns3::Packet>', 'ns3::empty', 'ns3::empty', 'ns3::empty', 'ns3::empty', 'ns3::empty', 'ns3::empty', 'ns3::empty'], ['void', 'ns3::MlmeStartConfirmParams', 'ns3::empty', 'ns3::empty', 'ns3::empty', 'ns3::empty', 'ns3::empty', 'ns3::empty', 'ns3::empty', 'ns3::empty'], ['void', 'ns3::MlmeBeaconNotifyIndicationParams', 'ns3::Ptr<ns3::Packet>', 'ns3::empty', 'ns3::empty', 'ns3::empty', 'ns3::empty', 'ns3::empty', 'ns3::empty', 'ns3::empty'], ['void', 'ns3::MlmeSyncLossIndicationParams', 'ns3::empty', 'ns3::empty', 'ns3::empty', 'ns3::empty', 'ns3::empty', 'ns3::empty', 'ns3::empty', 'ns3::empty'], ['void', 'ns3::MlmePollConfirmParams', 'ns3::empty', 'ns3::empty', 'ns3::empty', 'ns3::empty', 'ns3::empty', 'ns3::empty', 'ns3::empty', 'ns3::empty'], ['void', 'ns3::Time', 'ns3::empty', 'ns3::empty', 'ns3::empty', 'ns3::empty', 'ns3::empty', 'ns3::empty', 'ns3::empty', 'ns3::empty'], ['void', 'ns3::Ptr<const ns3::Packet>', 'unsigned char', 'unsigned char', 'ns3::empty', 'ns3::empty', 'ns3::empty', 'ns3::empty', 'ns3::empty', 'ns3::empty'], ['void', 'ns3::LrWpanMacState', 'ns3::LrWpanMacState', 'ns3::empty', 'ns3::empty', 'ns3::empty', 'ns3::empty', 'ns3::empty', 'ns3::empty', 'ns3::empty'], ['void', 'ns3::SuperframeStatus', 'ns3::SuperframeStatus', 'ns3::empty', 'ns3::empty', 'ns3::empty', 'ns3::empty', 'ns3::empty', 'ns3::empty', 'ns3::empty'], ['void', 'ns3::LrWpanMacState', 'ns3::empty', 'ns3::empty', 'ns3::empty', 'ns3::empty', 'ns3::empty', 'ns3::empty', 'ns3::empty', 'ns3::empty'], ['void', 'unsigned int', 'ns3::empty', 'ns3::empty', 'ns3::empty', 'ns3::empty', 'ns3::empty', 'ns3::empty', 'ns3::empty', 'ns3::empty'], ['bool', 'ns3::Ptr<ns3::NetDevice>', 'ns3::Ptr<const ns3::Packet>', 'unsigned short', 'const ns3::Address &', 'ns3::empty', 'ns3::empty', 'ns3::empty', 'ns3::empty', 'ns3::empty'], ['void', 'ns3::Ptr<ns3::NetDevice>', 'ns3::Ptr<const ns3::Packet>', 'unsigned short', 'const ns3::Address &', 'const ns3::Address &', 'ns3::NetDevice::PacketType', 'ns3::empty', 'ns3::empty', 'ns3::empty'], ['void', 'ns3::Ptr<ns3::NetDevice>', 'ns3::empty', 'ns3::empty', 'ns3::empty', 'ns3::empty', 'ns3::empty', 'ns3::empty', 'ns3::empty', 'ns3::empty'], ['void', 'std::basic_string<char>', 'ns3::Ptr<const ns3::Packet>', 'ns3::empty', 'ns3::empty', 'ns3::empty', 'ns3::empty', 'ns3::empty', 'ns3::empty', 'ns3::empty']]
DEBUG:pybindgen.typehandlers:TypeMatcher.lookup('std::string')
DEBUG:pybindgen.typehandlers:try to lookup type handler for 'std::string' => success ((<class 'pybindgen.typehandlers.stringtype.StdStringReturn'>, None, <pybindgen.typehandlers.ctypeparser.TypeTraits object at 0x7fadbdcc46d8>))
DEBUG:pybindgen.typehandlers:TypeMatcher.lookup('ns3::LogComponent *')
DEBUG:pybindgen.typehandlers:try to lookup type handler for 'ns3::LogComponent *' => success ((<class 'pybindgen.cppclass.CppClass.__init__.<locals>.ThisClassPtrReturn'>, None, <pybindgen.typehandlers.ctypeparser.TypeTraits object at 0x7fadbc2f0da0>))
***** registering callback handler: 'ns3::Callback< ns3::ObjectBase *, ns3::empty, ns3::empty, ns3::empty, ns3::empty, ns3::empty, ns3::empty, ns3::empty, ns3::empty, ns3::empty >' ('ns3::Callback< ns3::ObjectBase *, ns3::empty, ns3::empty, ns3::empty, ns3::empty, ns3::empty, ns3::empty, ns3::empty, ns3::empty, ns3::empty >')
***** registering callback handler: 'ns3::Callback< void, unsigned int, ns3::Ptr< ns3::Packet >, unsigned char, ns3::empty, ns3::empty, ns3::empty, ns3::empty, ns3::empty, ns3::empty >' ('ns3::Callback< void, unsigned int, ns3::Ptr<ns3::Packet>, unsigned char, ns3::empty, ns3::empty, ns3::empty, ns3::empty, ns3::empty, ns3::empty >')
***** registering callback handler: 'ns3::Callback< void, ns3::LrWpanPhyEnumeration, ns3::empty, ns3::empty, ns3::empty, ns3::empty, ns3::empty, ns3::empty, ns3::empty, ns3::empty >' ('ns3::Callback< void, ns3::LrWpanPhyEnumeration, ns3::empty, ns3::empty, ns3::empty, ns3::empty, ns3::empty, ns3::empty, ns3::empty, ns3::empty >')
***** registering callback handler: 'ns3::Callback< void, ns3::LrWpanPhyEnumeration, unsigned char, ns3::empty, ns3::empty, ns3::empty, ns3::empty, ns3::empty, ns3::empty, ns3::empty >' ('ns3::Callback< void, ns3::LrWpanPhyEnumeration, unsigned char, ns3::empty, ns3::empty, ns3::empty, ns3::empty, ns3::empty, ns3::empty, ns3::empty >')
***** registering callback handler: 'ns3::Callback< void, ns3::LrWpanPhyEnumeration, ns3::LrWpanPibAttributeIdentifier, ns3::LrWpanPhyPibAttributes *, ns3::empty, ns3::empty, ns3::empty, ns3::empty, ns3::empty, ns3::empty >' ('ns3::Callback< void, ns3::LrWpanPhyEnumeration, ns3::LrWpanPibAttributeIdentifier, ns3::LrWpanPhyPibAttributes *, ns3::empty, ns3::empty, ns3::empty, ns3::empty, ns3::empty, ns3::empty >')
***** registering callback handler: 'ns3::Callback< void, ns3::LrWpanPhyEnumeration, ns3::LrWpanPibAttributeIdentifier, ns3::empty, ns3::empty, ns3::empty, ns3::empty, ns3::empty, ns3::empty, ns3::empty >' ('ns3::Callback< void, ns3::LrWpanPhyEnumeration, ns3::LrWpanPibAttributeIdentifier, ns3::empty, ns3::empty, ns3::empty, ns3::empty, ns3::empty, ns3::empty, ns3::empty >')
***** registering callback handler: 'ns3::Callback< void, ns3::Ptr< ns3::Packet const >, ns3::empty, ns3::empty, ns3::empty, ns3::empty, ns3::empty, ns3::empty, ns3::empty, ns3::empty >' ('ns3::Callback< void, ns3::Ptr<const ns3::Packet>, ns3::empty, ns3::empty, ns3::empty, ns3::empty, ns3::empty, ns3::empty, ns3::empty, ns3::empty >')
***** registering callback handler: 'ns3::Callback< void, ns3::Ptr< ns3::Packet const >, double, ns3::empty, ns3::empty, ns3::empty, ns3::empty, ns3::empty, ns3::empty, ns3::empty >' ('ns3::Callback< void, ns3::Ptr<const ns3::Packet>, double, ns3::empty, ns3::empty, ns3::empty, ns3::empty, ns3::empty, ns3::empty, ns3::empty >')
***** registering callback handler: 'ns3::Callback< void, ns3::Time, ns3::LrWpanPhyEnumeration, ns3::LrWpanPhyEnumeration, ns3::empty, ns3::empty, ns3::empty, ns3::empty, ns3::empty, ns3::empty >' ('ns3::Callback< void, ns3::Time, ns3::LrWpanPhyEnumeration, ns3::LrWpanPhyEnumeration, ns3::empty, ns3::empty, ns3::empty, ns3::empty, ns3::empty, ns3::empty >')
***** registering callback handler: 'ns3::Callback< void, ns3::LrWpanPhyEnumeration, ns3::LrWpanPhyEnumeration, ns3::empty, ns3::empty, ns3::empty, ns3::empty, ns3::empty, ns3::empty, ns3::empty >' ('ns3::Callback< void, ns3::LrWpanPhyEnumeration, ns3::LrWpanPhyEnumeration, ns3::empty, ns3::empty, ns3::empty, ns3::empty, ns3::empty, ns3::empty, ns3::empty >')
***** registering callback handler: 'ns3::Callback< void, ns3::empty, ns3::empty, ns3::empty, ns3::empty, ns3::empty, ns3::empty, ns3::empty, ns3::empty, ns3::empty >' ('ns3::Callback< void, ns3::empty, ns3::empty, ns3::empty, ns3::empty, ns3::empty, ns3::empty, ns3::empty, ns3::empty, ns3::empty >')
***** registering callback handler: 'ns3::Callback< void, ns3::McpsDataConfirmParams, ns3::empty, ns3::empty, ns3::empty, ns3::empty, ns3::empty, ns3::empty, ns3::empty, ns3::empty >' ('ns3::Callback< void, ns3::McpsDataConfirmParams, ns3::empty, ns3::empty, ns3::empty, ns3::empty, ns3::empty, ns3::empty, ns3::empty, ns3::empty >')
***** registering callback handler: 'ns3::Callback< void, ns3::McpsDataIndicationParams, ns3::Ptr< ns3::Packet >, ns3::empty, ns3::empty, ns3::empty, ns3::empty, ns3::empty, ns3::empty, ns3::empty >' ('ns3::Callback< void, ns3::McpsDataIndicationParams, ns3::Ptr<ns3::Packet>, ns3::empty, ns3::empty, ns3::empty, ns3::empty, ns3::empty, ns3::empty, ns3::empty >')
***** registering callback handler: 'ns3::Callback< void, ns3::MlmeStartConfirmParams, ns3::empty, ns3::empty, ns3::empty, ns3::empty, ns3::empty, ns3::empty, ns3::empty, ns3::empty >' ('ns3::Callback< void, ns3::MlmeStartConfirmParams, ns3::empty, ns3::empty, ns3::empty, ns3::empty, ns3::empty, ns3::empty, ns3::empty, ns3::empty >')
***** registering callback handler: 'ns3::Callback< void, ns3::MlmeBeaconNotifyIndicationParams, ns3::Ptr< ns3::Packet >, ns3::empty, ns3::empty, ns3::empty, ns3::empty, ns3::empty, ns3::empty, ns3::empty >' ('ns3::Callback< void, ns3::MlmeBeaconNotifyIndicationParams, ns3::Ptr<ns3::Packet>, ns3::empty, ns3::empty, ns3::empty, ns3::empty, ns3::empty, ns3::empty, ns3::empty >')
***** registering callback handler: 'ns3::Callback< void, ns3::MlmeSyncLossIndicationParams, ns3::empty, ns3::empty, ns3::empty, ns3::empty, ns3::empty, ns3::empty, ns3::empty, ns3::empty >' ('ns3::Callback< void, ns3::MlmeSyncLossIndicationParams, ns3::empty, ns3::empty, ns3::empty, ns3::empty, ns3::empty, ns3::empty, ns3::empty, ns3::empty >')
***** registering callback handler: 'ns3::Callback< void, ns3::MlmePollConfirmParams, ns3::empty, ns3::empty, ns3::empty, ns3::empty, ns3::empty, ns3::empty, ns3::empty, ns3::empty >' ('ns3::Callback< void, ns3::MlmePollConfirmParams, ns3::empty, ns3::empty, ns3::empty, ns3::empty, ns3::empty, ns3::empty, ns3::empty, ns3::empty >')
***** registering callback handler: 'ns3::Callback< void, ns3::Time, ns3::empty, ns3::empty, ns3::empty, ns3::empty, ns3::empty, ns3::empty, ns3::empty, ns3::empty >' ('ns3::Callback< void, ns3::Time, ns3::empty, ns3::empty, ns3::empty, ns3::empty, ns3::empty, ns3::empty, ns3::empty, ns3::empty >')
***** registering callback handler: 'ns3::Callback< void, ns3::Ptr< ns3::Packet const >, unsigned char, unsigned char, ns3::empty, ns3::empty, ns3::empty, ns3::empty, ns3::empty, ns3::empty >' ('ns3::Callback< void, ns3::Ptr<const ns3::Packet>, unsigned char, unsigned char, ns3::empty, ns3::empty, ns3::empty, ns3::empty, ns3::empty, ns3::empty >')
***** registering callback handler: 'ns3::Callback< void, ns3::LrWpanMacState, ns3::LrWpanMacState, ns3::empty, ns3::empty, ns3::empty, ns3::empty, ns3::empty, ns3::empty, ns3::empty >' ('ns3::Callback< void, ns3::LrWpanMacState, ns3::LrWpanMacState, ns3::empty, ns3::empty, ns3::empty, ns3::empty, ns3::empty, ns3::empty, ns3::empty >')
***** registering callback handler: 'ns3::Callback< void, ns3::SuperframeStatus, ns3::SuperframeStatus, ns3::empty, ns3::empty, ns3::empty, ns3::empty, ns3::empty, ns3::empty, ns3::empty >' ('ns3::Callback< void, ns3::SuperframeStatus, ns3::SuperframeStatus, ns3::empty, ns3::empty, ns3::empty, ns3::empty, ns3::empty, ns3::empty, ns3::empty >')
***** registering callback handler: 'ns3::Callback< void, ns3::LrWpanMacState, ns3::empty, ns3::empty, ns3::empty, ns3::empty, ns3::empty, ns3::empty, ns3::empty, ns3::empty >' ('ns3::Callback< void, ns3::LrWpanMacState, ns3::empty, ns3::empty, ns3::empty, ns3::empty, ns3::empty, ns3::empty, ns3::empty, ns3::empty >')
***** registering callback handler: 'ns3::Callback< void, unsigned int, ns3::empty, ns3::empty, ns3::empty, ns3::empty, ns3::empty, ns3::empty, ns3::empty, ns3::empty >' ('ns3::Callback< void, unsigned int, ns3::empty, ns3::empty, ns3::empty, ns3::empty, ns3::empty, ns3::empty, ns3::empty, ns3::empty >')
***** registering callback handler: 'ns3::Callback< bool, ns3::Ptr< ns3::NetDevice >, ns3::Ptr< ns3::Packet const >, unsigned short, ns3::Address const &, ns3::empty, ns3::empty, ns3::empty, ns3::empty, ns3::empty >' ('ns3::Callback< bool, ns3::Ptr<ns3::NetDevice>, ns3::Ptr<const ns3::Packet>, unsigned short, const ns3::Address &, ns3::empty, ns3::empty, ns3::empty, ns3::empty, ns3::empty >')
***** registering callback handler: 'ns3::Callback< void, ns3::Ptr< ns3::NetDevice >, ns3::Ptr< ns3::Packet const >, unsigned short, ns3::Address const &, ns3::Address const &, ns3::NetDevice::PacketType, ns3::empty, ns3::empty, ns3::empty >' ('ns3::Callback< void, ns3::Ptr<ns3::NetDevice>, ns3::Ptr<const ns3::Packet>, unsigned short, const ns3::Address &, const ns3::Address &, ns3::NetDevice::PacketType, ns3::empty, ns3::empty, ns3::empty >')
***** registering callback handler: 'ns3::Callback< void, ns3::Ptr< ns3::NetDevice >, ns3::empty, ns3::empty, ns3::empty, ns3::empty, ns3::empty, ns3::empty, ns3::empty, ns3::empty >' ('ns3::Callback< void, ns3::Ptr<ns3::NetDevice>, ns3::empty, ns3::empty, ns3::empty, ns3::empty, ns3::empty, ns3::empty, ns3::empty, ns3::empty >')
***** registering callback handler: 'ns3::Callback< void, std::basic_string< char >, ns3::Ptr< ns3::Packet const >, ns3::empty, ns3::empty, ns3::empty, ns3::empty, ns3::empty, ns3::empty, ns3::empty >' ('ns3::Callback< void, std::basic_string<char>, ns3::Ptr<const ns3::Packet>, ns3::empty, ns3::empty, ns3::empty, ns3::empty, ns3::empty, ns3::empty, ns3::empty >')
DEBUG:pybindgen.typehandlers:TypeMatcher.lookup('uint8_t')
DEBUG:pybindgen.typehandlers:try to lookup type handler for 'uint8_t' => success ((<class 'pybindgen.typehandlers.inttype.UInt8Param'>, None, <pybindgen.typehandlers.ctypeparser.TypeTraits object at 0x7fadbc2afe10>))
DEBUG:pybindgen.typehandlers:TypeMatcher.lookup('uint8_t const *')
DEBUG:pybindgen.typehandlers:try to lookup type handler for 'uint8_t const *' => success ((<class 'pybindgen.typehandlers.inttype.UInt8PtrParam'>, None, <pybindgen.typehandlers.ctypeparser.TypeTraits object at 0x7fadbc2afef0>))
/home/cs18/tarballs/ns-allinone-3.34/ns-3.34/src/lr-wpan/bindings/modulegen__gcc_LP64.py:952: Warning: exception TypeConfigurationError('direction not given',) in wrapper <pybindgen.cppmethod.CppConstructor object at 0x7fadbc2afda0>
  cls.add_constructor([param('uint8_t', 'type'), param('uint8_t const *', 'buffer'), param('uint8_t', 'len')])
DEBUG:pybindgen.typehandlers:TypeMatcher.lookup('ns3::Address const &')
DEBUG:pybindgen.typehandlers:try to lookup type handler for 'ns3::Address const &' => success ((<class 'pybindgen.cppclass.CppClass.__init__.<locals>.ThisClassRefParameter'>, None, <pybindgen.typehandlers.ctypeparser.TypeTraits object at 0x7fadbc2afe80>))
DEBUG:pybindgen.typehandlers:TypeMatcher.lookup('bool')
DEBUG:pybindgen.typehandlers:try to lookup type handler for 'bool' => success ((<class 'pybindgen.typehandlers.booltype.BoolReturn'>, None, <pybindgen.typehandlers.ctypeparser.TypeTraits object at 0x7fadbc2b1438>))
DEBUG:pybindgen.typehandlers:TypeMatcher.lookup('uint8_t')
DEBUG:pybindgen.typehandlers:try to lookup type handler for 'uint8_t' => success ((<class 'pybindgen.typehandlers.inttype.UInt8Param'>, None, <pybindgen.typehandlers.ctypeparser.TypeTraits object at 0x7fadbc2b1588>))
DEBUG:pybindgen.typehandlers:TypeMatcher.lookup('uint8_t')
DEBUG:pybindgen.typehandlers:try to lookup type handler for 'uint8_t' => success ((<class 'pybindgen.typehandlers.inttype.UInt8Param'>, None, <pybindgen.typehandlers.ctypeparser.TypeTraits object at 0x7fadbc2b1668>))
DEBUG:pybindgen.typehandlers:TypeMatcher.lookup('uint32_t')
DEBUG:pybindgen.typehandlers:try to lookup type handler for 'uint32_t' => success ((<class 'pybindgen.typehandlers.inttype.UnsignedIntReturn'>, None, <pybindgen.typehandlers.ctypeparser.TypeTraits object at 0x7fadbc2b1a20>))
DEBUG:pybindgen.typehandlers:TypeMatcher.lookup('uint8_t const *')
DEBUG:pybindgen.typehandlers:try to lookup type handler for 'uint8_t const *' => success ((<class 'pybindgen.typehandlers.inttype.UInt8PtrParam'>, None, <pybindgen.typehandlers.ctypeparser.TypeTraits object at 0x7fadbc2b1b38>))
/home/cs18/tarballs/ns-allinone-3.34/ns-3.34/src/lr-wpan/bindings/modulegen__gcc_LP64.py:963: Warning: exception TypeConfigurationError('direction not given',) in wrapper public: retval? ???::CopyAllFrom (params?);
  [param('uint8_t const *', 'buffer'), param('uint8_t', 'len')])
DEBUG:pybindgen.typehandlers:TypeMatcher.lookup('uint32_t')
DEBUG:pybindgen.typehandlers:try to lookup type handler for 'uint32_t' => success ((<class 'pybindgen.typehandlers.inttype.UnsignedIntReturn'>, None, <pybindgen.typehandlers.ctypeparser.TypeTraits object at 0x7fadbc2b1c88>))
DEBUG:pybindgen.typehandlers:TypeMatcher.lookup('uint8_t *')
DEBUG:pybindgen.typehandlers:try to lookup type handler for 'uint8_t *' => success ((<class 'pybindgen.typehandlers.inttype.UInt8PtrParam'>, None, <pybindgen.typehandlers.ctypeparser.TypeTraits object at 0x7fadbc2b1e48>))
/home/cs18/tarballs/ns-allinone-3.34/ns-3.34/src/lr-wpan/bindings/modulegen__gcc_LP64.py:968: Warning: exception TypeConfigurationError('direction not given',) in wrapper public: retval? ???::CopyAllTo (params?) const;
  is_const=True)
DEBUG:pybindgen.typehandlers:TypeMatcher.lookup('uint32_t')
DEBUG:pybindgen.typehandlers:try to lookup type handler for 'uint32_t' => success ((<class 'pybindgen.typehandlers.inttype.UnsignedIntReturn'>, None, <pybindgen.typehandlers.ctypeparser.TypeTraits object at 0x7fadbc2b1f28>))
DEBUG:pybindgen.typehandlers:TypeMatcher.lookup('uint8_t const *')
DEBUG:pybindgen.typehandlers:try to lookup type handler for 'uint8_t const *' => success ((<class 'pybindgen.typehandlers.inttype.UInt8PtrParam'>, None, <pybindgen.typehandlers.ctypeparser.TypeTraits object at 0x7fadbc1e6128>))
/home/cs18/tarballs/ns-allinone-3.34/ns-3.34/src/lr-wpan/bindings/modulegen__gcc_LP64.py:972: Warning: exception TypeConfigurationError('direction not given',) in wrapper public: retval? ???::CopyFrom (params?);
  [param('uint8_t const *', 'buffer'), param('uint8_t', 'len')])
DEBUG:pybindgen.typehandlers:TypeMatcher.lookup('uint32_t')
DEBUG:pybindgen.typehandlers:try to lookup type handler for 'uint32_t' => success ((<class 'pybindgen.typehandlers.inttype.UnsignedIntReturn'>, None, <pybindgen.typehandlers.ctypeparser.TypeTraits object at 0x7fadbc2b1e80>))
DEBUG:pybindgen.typehandlers:TypeMatcher.lookup('uint8_t *')
DEBUG:pybindgen.typehandlers:try to lookup type handler for 'uint8_t *' => success ((<class 'pybindgen.typehandlers.inttype.UInt8PtrParam'>, None, <pybindgen.typehandlers.ctypeparser.TypeTraits object at 0x7fadbc2b1dd8>))
/home/cs18/tarballs/ns-allinone-3.34/ns-3.34/src/lr-wpan/bindings/modulegen__gcc_LP64.py:977: Warning: exception TypeConfigurationError('direction not given',) in wrapper public: retval? ???::CopyTo (params?) const;
  is_const=True)
DEBUG:pybindgen.typehandlers:TypeMatcher.lookup('void')
DEBUG:pybindgen.typehandlers:try to lookup type handler for 'void' => success ((<class 'pybindgen.typehandlers.voidtype.VoidReturn'>, None, <pybindgen.typehandlers.ctypeparser.TypeTraits object at 0x7fadbc2b1da0>))
DEBUG:pybindgen.typehandlers:TypeMatcher.lookup('ns3::TagBuffer')
DEBUG:pybindgen.typehandlers:try to lookup type handler for 'ns3::TagBuffer' => success ((<class 'pybindgen.cppclass.CppClass.__init__.<locals>.ThisClassParameter'>, None, <pybindgen.typehandlers.ctypeparser.TypeTraits object at 0x7fadbc2b19e8>))
DEBUG:pybindgen.typehandlers:TypeMatcher.lookup('uint8_t')
DEBUG:pybindgen.typehandlers:try to lookup type handler for 'uint8_t' => success ((<class 'pybindgen.typehandlers.inttype.UInt8Return'>, None, <pybindgen.typehandlers.ctypeparser.TypeTraits object at 0x7fadbc1e62e8>))
DEBUG:pybindgen.typehandlers:TypeMatcher.lookup('uint32_t')
DEBUG:pybindgen.typehandlers:try to lookup type handler for 'uint32_t' => success ((<class 'pybindgen.typehandlers.inttype.UnsignedIntReturn'>, None, <pybindgen.typehandlers.ctypeparser.TypeTraits object at 0x7fadbc1e6668>))
DEBUG:pybindgen.typehandlers:TypeMatcher.lookup('bool')
DEBUG:pybindgen.typehandlers:try to lookup type handler for 'bool' => success ((<class 'pybindgen.typehandlers.booltype.BoolReturn'>, None, <pybindgen.typehandlers.ctypeparser.TypeTraits object at 0x7fadbc1e69e8>))
DEBUG:pybindgen.typehandlers:TypeMatcher.lookup('bool')
DEBUG:pybindgen.typehandlers:try to lookup type handler for 'bool' => success ((<class 'pybindgen.typehandlers.booltype.BoolReturn'>, None, <pybindgen.typehandlers.ctypeparser.TypeTraits object at 0x7fadbc1e6da0>))
DEBUG:pybindgen.typehandlers:TypeMatcher.lookup('uint8_t')
DEBUG:pybindgen.typehandlers:try to lookup type handler for 'uint8_t' => success ((<class 'pybindgen.typehandlers.inttype.UInt8Param'>, None, <pybindgen.typehandlers.ctypeparser.TypeTraits object at 0x7fadbc1e6ef0>))
DEBUG:pybindgen.typehandlers:TypeMatcher.lookup('uint8_t')
DEBUG:pybindgen.typehandlers:try to lookup type handler for 'uint8_t' => success ((<class 'pybindgen.typehandlers.inttype.UInt8Return'>, None, <pybindgen.typehandlers.ctypeparser.TypeTraits object at 0x7fadbc1eb2b0>))
DEBUG:pybindgen.typehandlers:TypeMatcher.lookup('void')
DEBUG:pybindgen.typehandlers:try to lookup type handler for 'void' => success ((<class 'pybindgen.typehandlers.voidtype.VoidReturn'>, None, <pybindgen.typehandlers.ctypeparser.TypeTraits object at 0x7fadbc1eb668>))
DEBUG:pybindgen.typehandlers:TypeMatcher.lookup('ns3::TagBuffer')
DEBUG:pybindgen.typehandlers:try to lookup type handler for 'ns3::TagBuffer' => success ((<class 'pybindgen.cppclass.CppClass.__init__.<locals>.ThisClassParameter'>, None, <pybindgen.typehandlers.ctypeparser.TypeTraits object at 0x7fadbc1eb7b8>))
DEBUG:pybindgen.typehandlers:TypeMatcher.lookup('ns3::AsciiTraceHelper const &')
DEBUG:pybindgen.typehandlers:try to lookup type handler for 'ns3::AsciiTraceHelper const &' => success ((<class 'pybindgen.cppclass.CppClass.__init__.<locals>.ThisClassRefParameter'>, None, <pybindgen.typehandlers.ctypeparser.TypeTraits object at 0x7fadbc1ebb38>))
DEBUG:pybindgen.typehandlers:TypeMatcher.lookup('ns3::Ptr< ns3::OutputStreamWrapper >')
DEBUG:pybindgen.typehandlers:try to lookup type handler for 'ns3::Ptr< ns3::OutputStreamWrapper >' => failure
DEBUG:pybindgen.typehandlers:try to lookup type handler for 'ns3::OutputStreamWrapper *' => success ((<class 'pybindgen.cppclass.MemoryPolicy.register_ptr_parameter_and_return.<locals>.ThisClassPtrReturn'>, <ns3modulegen_core_customizations.SmartPointerTransformation object at 0x7fadbc4dbac8>, <pybindgen.typehandlers.ctypeparser.TypeTraits object at 0x7fadbc1f33c8>))
DEBUG:pybindgen.typehandlers:TypeMatcher.lookup('std::string')
DEBUG:pybindgen.typehandlers:try to lookup type handler for 'std::string' => success ((<class 'pybindgen.typehandlers.stringtype.StdStringParam'>, None, <pybindgen.typehandlers.ctypeparser.TypeTraits object at 0x7fadbc1f3320>))
DEBUG:pybindgen.typehandlers:TypeMatcher.lookup('std::ios_base::openmode')
DEBUG:pybindgen.typehandlers:try to lookup type handler for 'std::ios_base::openmode' => success ((<class 'ns3modulegen_core_customizations.IosOpenmodeParam'>, None, <pybindgen.typehandlers.ctypeparser.TypeTraits object at 0x7fadbc1f3390>))
DEBUG:pybindgen.typehandlers:TypeMatcher.lookup('void')
DEBUG:pybindgen.typehandlers:try to lookup type handler for 'void' => success ((<class 'pybindgen.typehandlers.voidtype.VoidReturn'>, None, <pybindgen.typehandlers.ctypeparser.TypeTraits object at 0x7fadbc2b1d68>))
DEBUG:pybindgen.typehandlers:TypeMatcher.lookup('ns3::Ptr< ns3::OutputStreamWrapper >')
DEBUG:pybindgen.typehandlers:try to lookup type handler for 'ns3::Ptr< ns3::OutputStreamWrapper >' => failure
DEBUG:pybindgen.typehandlers:try to lookup type handler for 'ns3::OutputStreamWrapper *' => success ((<class 'pybindgen.cppclass.MemoryPolicy.register_ptr_parameter_and_return.<locals>.ThisClassPtrParameter'>, <ns3modulegen_core_customizations.SmartPointerTransformation object at 0x7fadbc4dbac8>, <pybindgen.typehandlers.ctypeparser.TypeTraits object at 0x7fadbc1f3908>))
DEBUG:pybindgen.typehandlers:TypeMatcher.lookup('std::string')
DEBUG:pybindgen.typehandlers:try to lookup type handler for 'std::string' => success ((<class 'pybindgen.typehandlers.stringtype.StdStringParam'>, None, <pybindgen.typehandlers.ctypeparser.TypeTraits object at 0x7fadbc1f3908>))
DEBUG:pybindgen.typehandlers:TypeMatcher.lookup('ns3::Ptr< ns3::Packet const >')
DEBUG:pybindgen.typehandlers:try to lookup type handler for 'ns3::Ptr< ns3::Packet const >' => failure
DEBUG:pybindgen.typehandlers:try to lookup type handler for 'ns3::Packet *' => success ((<class 'pybindgen.cppclass.MemoryPolicy.register_ptr_parameter_and_return.<locals>.ThisClassPtrParameter'>, <ns3modulegen_core_customizations.SmartPointerTransformation object at 0x7fadbc4dbac8>, <pybindgen.typehandlers.ctypeparser.TypeTraits object at 0x7fadbc1f3c18>))
DEBUG:pybindgen.typehandlers:TypeMatcher.lookup('void')
DEBUG:pybindgen.typehandlers:try to lookup type handler for 'void' => success ((<class 'pybindgen.typehandlers.voidtype.VoidReturn'>, None, <pybindgen.typehandlers.ctypeparser.TypeTraits object at 0x7fadbc1f3e80>))
DEBUG:pybindgen.typehandlers:TypeMatcher.lookup('ns3::Ptr< ns3::OutputStreamWrapper >')
DEBUG:pybindgen.typehandlers:try to lookup type handler for 'ns3::Ptr< ns3::OutputStreamWrapper >' => failure
DEBUG:pybindgen.typehandlers:try to lookup type handler for 'ns3::OutputStreamWrapper *' => success ((<class 'pybindgen.cppclass.MemoryPolicy.register_ptr_parameter_and_return.<locals>.ThisClassPtrParameter'>, <ns3modulegen_core_customizations.SmartPointerTransformation object at 0x7fadbc4dbac8>, <pybindgen.typehandlers.ctypeparser.TypeTraits object at 0x7fadbc1fb240>))
DEBUG:pybindgen.typehandlers:TypeMatcher.lookup('ns3::Ptr< ns3::Packet const >')
DEBUG:pybindgen.typehandlers:try to lookup type handler for 'ns3::Ptr< ns3::Packet const >' => failure
DEBUG:pybindgen.typehandlers:try to lookup type handler for 'ns3::Packet *' => success ((<class 'pybindgen.cppclass.MemoryPolicy.register_ptr_parameter_and_return.<locals>.ThisClassPtrParameter'>, <ns3modulegen_core_customizations.SmartPointerTransformation object at 0x7fadbc4dbac8>, <pybindgen.typehandlers.ctypeparser.TypeTraits object at 0x7fadbc1fb470>))
DEBUG:pybindgen.typehandlers:TypeMatcher.lookup('void')
DEBUG:pybindgen.typehandlers:try to lookup type handler for 'void' => success ((<class 'pybindgen.typehandlers.voidtype.VoidReturn'>, None, <pybindgen.typehandlers.ctypeparser.TypeTraits object at 0x7fadbc1fb6d8>))
DEBUG:pybindgen.typehandlers:TypeMatcher.lookup('ns3::Ptr< ns3::OutputStreamWrapper >')
DEBUG:pybindgen.typehandlers:try to lookup type handler for 'ns3::Ptr< ns3::OutputStreamWrapper >' => failure
DEBUG:pybindgen.typehandlers:try to lookup type handler for 'ns3::OutputStreamWrapper *' => success ((<class 'pybindgen.cppclass.MemoryPolicy.register_ptr_parameter_and_return.<locals>.ThisClassPtrParameter'>, <ns3modulegen_core_customizations.SmartPointerTransformation object at 0x7fadbc4dbac8>, <pybindgen.typehandlers.ctypeparser.TypeTraits object at 0x7fadbc1fba58>))
DEBUG:pybindgen.typehandlers:TypeMatcher.lookup('std::string')
DEBUG:pybindgen.typehandlers:try to lookup type handler for 'std::string' => success ((<class 'pybindgen.typehandlers.stringtype.StdStringParam'>, None, <pybindgen.typehandlers.ctypeparser.TypeTraits object at 0x7fadbc1fba58>))
DEBUG:pybindgen.typehandlers:TypeMatcher.lookup('ns3::Ptr< ns3::Packet const >')
DEBUG:pybindgen.typehandlers:try to lookup type handler for 'ns3::Ptr< ns3::Packet const >' => failure
DEBUG:pybindgen.typehandlers:try to lookup type handler for 'ns3::Packet *' => success ((<class 'pybindgen.cppclass.MemoryPolicy.register_ptr_parameter_and_return.<locals>.ThisClassPtrParameter'>, <ns3modulegen_core_customizations.SmartPointerTransformation object at 0x7fadbc4dbac8>, <pybindgen.typehandlers.ctypeparser.TypeTraits object at 0x7fadbc1fbd68>))
DEBUG:pybindgen.typehandlers:TypeMatcher.lookup('void')
DEBUG:pybindgen.typehandlers:try to lookup type handler for 'void' => success ((<class 'pybindgen.typehandlers.voidtype.VoidReturn'>, None, <pybindgen.typehandlers.ctypeparser.TypeTraits object at 0x7fadbc1fbfd0>))
DEBUG:pybindgen.typehandlers:TypeMatcher.lookup('ns3::Ptr< ns3::OutputStreamWrapper >')
DEBUG:pybindgen.typehandlers:try to lookup type handler for 'ns3::Ptr< ns3::OutputStreamWrapper >' => failure
DEBUG:pybindgen.typehandlers:try to lookup type handler for 'ns3::OutputStreamWrapper *' => success ((<class 'pybindgen.cppclass.MemoryPolicy.register_ptr_parameter_and_return.<locals>.ThisClassPtrParameter'>, <ns3modulegen_core_customizations.SmartPointerTransformation object at 0x7fadbc4dbac8>, <pybindgen.typehandlers.ctypeparser.TypeTraits object at 0x7fadbc202390>))
DEBUG:pybindgen.typehandlers:TypeMatcher.lookup('ns3::Ptr< ns3::Packet const >')
DEBUG:pybindgen.typehandlers:try to lookup type handler for 'ns3::Ptr< ns3::Packet const >' => failure
DEBUG:pybindgen.typehandlers:try to lookup type handler for 'ns3::Packet *' => success ((<class 'pybindgen.cppclass.MemoryPolicy.register_ptr_parameter_and_return.<locals>.ThisClassPtrParameter'>, <ns3modulegen_core_customizations.SmartPointerTransformation object at 0x7fadbc4dbac8>, <pybindgen.typehandlers.ctypeparser.TypeTraits object at 0x7fadbc2025c0>))
DEBUG:pybindgen.typehandlers:TypeMatcher.lookup('void')
DEBUG:pybindgen.typehandlers:try to lookup type handler for 'void' => success ((<class 'pybindgen.typehandlers.voidtype.VoidReturn'>, None, <pybindgen.typehandlers.ctypeparser.TypeTraits object at 0x7fadbc202828>))
DEBUG:pybindgen.typehandlers:TypeMatcher.lookup('ns3::Ptr< ns3::OutputStreamWrapper >')
DEBUG:pybindgen.typehandlers:try to lookup type handler for 'ns3::Ptr< ns3::OutputStreamWrapper >' => failure
DEBUG:pybindgen.typehandlers:try to lookup type handler for 'ns3::OutputStreamWrapper *' => success ((<class 'pybindgen.cppclass.MemoryPolicy.register_ptr_parameter_and_return.<locals>.ThisClassPtrParameter'>, <ns3modulegen_core_customizations.SmartPointerTransformation object at 0x7fadbc4dbac8>, <pybindgen.typehandlers.ctypeparser.TypeTraits object at 0x7fadbc202ba8>))
DEBUG:pybindgen.typehandlers:TypeMatcher.lookup('std::string')
DEBUG:pybindgen.typehandlers:try to lookup type handler for 'std::string' => success ((<class 'pybindgen.typehandlers.stringtype.StdStringParam'>, None, <pybindgen.typehandlers.ctypeparser.TypeTraits object at 0x7fadbc202ba8>))
DEBUG:pybindgen.typehandlers:TypeMatcher.lookup('ns3::Ptr< ns3::Packet const >')
DEBUG:pybindgen.typehandlers:try to lookup type handler for 'ns3::Ptr< ns3::Packet const >' => failure
DEBUG:pybindgen.typehandlers:try to lookup type handler for 'ns3::Packet *' => success ((<class 'pybindgen.cppclass.MemoryPolicy.register_ptr_parameter_and_return.<locals>.ThisClassPtrParameter'>, <ns3modulegen_core_customizations.SmartPointerTransformation object at 0x7fadbc4dbac8>, <pybindgen.typehandlers.ctypeparser.TypeTraits object at 0x7fadbc202eb8>))
DEBUG:pybindgen.typehandlers:TypeMatcher.lookup('void')
DEBUG:pybindgen.typehandlers:try to lookup type handler for 'void' => success ((<class 'pybindgen.typehandlers.voidtype.VoidReturn'>, None, <pybindgen.typehandlers.ctypeparser.TypeTraits object at 0x7fadbc207160>))
DEBUG:pybindgen.typehandlers:TypeMatcher.lookup('ns3::Ptr< ns3::OutputStreamWrapper >')
DEBUG:pybindgen.typehandlers:try to lookup type handler for 'ns3::Ptr< ns3::OutputStreamWrapper >' => failure
DEBUG:pybindgen.typehandlers:try to lookup type handler for 'ns3::OutputStreamWrapper *' => success ((<class 'pybindgen.cppclass.MemoryPolicy.register_ptr_parameter_and_return.<locals>.ThisClassPtrParameter'>, <ns3modulegen_core_customizations.SmartPointerTransformation object at 0x7fadbc4dbac8>, <pybindgen.typehandlers.ctypeparser.TypeTraits object at 0x7fadbc2074e0>))
DEBUG:pybindgen.typehandlers:TypeMatcher.lookup('ns3::Ptr< ns3::Packet const >')
DEBUG:pybindgen.typehandlers:try to lookup type handler for 'ns3::Ptr< ns3::Packet const >' => failure
DEBUG:pybindgen.typehandlers:try to lookup type handler for 'ns3::Packet *' => success ((<class 'pybindgen.cppclass.MemoryPolicy.register_ptr_parameter_and_return.<locals>.ThisClassPtrParameter'>, <ns3modulegen_core_customizations.SmartPointerTransformation object at 0x7fadbc4dbac8>, <pybindgen.typehandlers.ctypeparser.TypeTraits object at 0x7fadbc207710>))
DEBUG:pybindgen.typehandlers:TypeMatcher.lookup('void')
DEBUG:pybindgen.typehandlers:try to lookup type handler for 'void' => success ((<class 'pybindgen.typehandlers.voidtype.VoidReturn'>, None, <pybindgen.typehandlers.ctypeparser.TypeTraits object at 0x7fadbc207978>))
DEBUG:pybindgen.typehandlers:TypeMatcher.lookup('ns3::Ptr< ns3::OutputStreamWrapper >')
DEBUG:pybindgen.typehandlers:try to lookup type handler for 'ns3::Ptr< ns3::OutputStreamWrapper >' => failure
DEBUG:pybindgen.typehandlers:try to lookup type handler for 'ns3::OutputStreamWrapper *' => success ((<class 'pybindgen.cppclass.MemoryPolicy.register_ptr_parameter_and_return.<locals>.ThisClassPtrParameter'>, <ns3modulegen_core_customizations.SmartPointerTransformation object at 0x7fadbc4dbac8>, <pybindgen.typehandlers.ctypeparser.TypeTraits object at 0x7fadbc207cf8>))
DEBUG:pybindgen.typehandlers:TypeMatcher.lookup('std::string')
DEBUG:pybindgen.typehandlers:try to lookup type handler for 'std::string' => success ((<class 'pybindgen.typehandlers.stringtype.StdStringParam'>, None, <pybindgen.typehandlers.ctypeparser.TypeTraits object at 0x7fadbc207cf8>))
DEBUG:pybindgen.typehandlers:TypeMatcher.lookup('ns3::Ptr< ns3::Packet const >')
DEBUG:pybindgen.typehandlers:try to lookup type handler for 'ns3::Ptr< ns3::Packet const >' => failure
DEBUG:pybindgen.typehandlers:try to lookup type handler for 'ns3::Packet *' => success ((<class 'pybindgen.cppclass.MemoryPolicy.register_ptr_parameter_and_return.<locals>.ThisClassPtrParameter'>, <ns3modulegen_core_customizations.SmartPointerTransformation object at 0x7fadbc4dbac8>, <pybindgen.typehandlers.ctypeparser.TypeTraits object at 0x7fadbc20d048>))
DEBUG:pybindgen.typehandlers:TypeMatcher.lookup('void')
DEBUG:pybindgen.typehandlers:try to lookup type handler for 'void' => success ((<class 'pybindgen.typehandlers.voidtype.VoidReturn'>, None, <pybindgen.typehandlers.ctypeparser.TypeTraits object at 0x7fadbc20d2b0>))
DEBUG:pybindgen.typehandlers:TypeMatcher.lookup('ns3::Ptr< ns3::OutputStreamWrapper >')
DEBUG:pybindgen.typehandlers:try to lookup type handler for 'ns3::Ptr< ns3::OutputStreamWrapper >' => failure
DEBUG:pybindgen.typehandlers:try to lookup type handler for 'ns3::OutputStreamWrapper *' => success ((<class 'pybindgen.cppclass.MemoryPolicy.register_ptr_parameter_and_return.<locals>.ThisClassPtrParameter'>, <ns3modulegen_core_customizations.SmartPointerTransformation object at 0x7fadbc4dbac8>, <pybindgen.typehandlers.ctypeparser.TypeTraits object at 0x7fadbc20d630>))
DEBUG:pybindgen.typehandlers:TypeMatcher.lookup('ns3::Ptr< ns3::Packet const >')
DEBUG:pybindgen.typehandlers:try to lookup type handler for 'ns3::Ptr< ns3::Packet const >' => failure
DEBUG:pybindgen.typehandlers:try to lookup type handler for 'ns3::Packet *' => success ((<class 'pybindgen.cppclass.MemoryPolicy.register_ptr_parameter_and_return.<locals>.ThisClassPtrParameter'>, <ns3modulegen_core_customizations.SmartPointerTransformation object at 0x7fadbc4dbac8>, <pybindgen.typehandlers.ctypeparser.TypeTraits object at 0x7fadbc20d860>))
DEBUG:pybindgen.typehandlers:TypeMatcher.lookup('std::string')
DEBUG:pybindgen.typehandlers:try to lookup type handler for 'std::string' => success ((<class 'pybindgen.typehandlers.stringtype.StdStringReturn'>, None, <pybindgen.typehandlers.ctypeparser.TypeTraits object at 0x7fadbc20dac8>))
DEBUG:pybindgen.typehandlers:TypeMatcher.lookup('std::string')
DEBUG:pybindgen.typehandlers:try to lookup type handler for 'std::string' => success ((<class 'pybindgen.typehandlers.stringtype.StdStringParam'>, None, <pybindgen.typehandlers.ctypeparser.TypeTraits object at 0x7fadbc20dbe0>))
DEBUG:pybindgen.typehandlers:TypeMatcher.lookup('ns3::Ptr< ns3::NetDevice >')
DEBUG:pybindgen.typehandlers:try to lookup type handler for 'ns3::Ptr< ns3::NetDevice >' => failure
DEBUG:pybindgen.typehandlers:try to lookup type handler for 'ns3::NetDevice *' => success ((<class 'pybindgen.cppclass.MemoryPolicy.register_ptr_parameter_and_return.<locals>.ThisClassPtrParameter'>, <ns3modulegen_core_customizations.SmartPointerTransformation object at 0x7fadbc4dbac8>, <pybindgen.typehandlers.ctypeparser.TypeTraits object at 0x7fadbc20def0>))
DEBUG:pybindgen.typehandlers:TypeMatcher.lookup('bool')
DEBUG:pybindgen.typehandlers:try to lookup type handler for 'bool' => success ((<class 'pybindgen.typehandlers.booltype.BoolParam'>, None, <pybindgen.typehandlers.ctypeparser.TypeTraits object at 0x7fadbc20def0>))
DEBUG:pybindgen.typehandlers:TypeMatcher.lookup('std::string')
DEBUG:pybindgen.typehandlers:try to lookup type handler for 'std::string' => success ((<class 'pybindgen.typehandlers.stringtype.StdStringReturn'>, None, <pybindgen.typehandlers.ctypeparser.TypeTraits object at 0x7fadbc212278>))
DEBUG:pybindgen.typehandlers:TypeMatcher.lookup('std::string')
DEBUG:pybindgen.typehandlers:try to lookup type handler for 'std::string' => success ((<class 'pybindgen.typehandlers.stringtype.StdStringParam'>, None, <pybindgen.typehandlers.ctypeparser.TypeTraits object at 0x7fadbc212390>))
DEBUG:pybindgen.typehandlers:TypeMatcher.lookup('ns3::Ptr< ns3::Object >')
DEBUG:pybindgen.typehandlers:try to lookup type handler for 'ns3::Ptr< ns3::Object >' => failure
DEBUG:pybindgen.typehandlers:try to lookup type handler for 'ns3::Object *' => success ((<class 'pybindgen.cppclass.MemoryPolicy.register_ptr_parameter_and_return.<locals>.ThisClassPtrParameter'>, <ns3modulegen_core_customizations.SmartPointerTransformation object at 0x7fadbc4dbac8>, <pybindgen.typehandlers.ctypeparser.TypeTraits object at 0x7fadbc2126a0>))
DEBUG:pybindgen.typehandlers:TypeMatcher.lookup('uint32_t')
DEBUG:pybindgen.typehandlers:try to lookup type handler for 'uint32_t' => success ((<class 'pybindgen.typehandlers.inttype.UnsignedIntParam'>, None, <pybindgen.typehandlers.ctypeparser.TypeTraits object at 0x7fadbc2126a0>))
DEBUG:pybindgen.typehandlers:TypeMatcher.lookup('bool')
DEBUG:pybindgen.typehandlers:try to lookup type handler for 'bool' => success ((<class 'pybindgen.typehandlers.booltype.BoolParam'>, None, <pybindgen.typehandlers.ctypeparser.TypeTraits object at 0x7fadbc212780>))
DEBUG:pybindgen.typehandlers:TypeMatcher.lookup('ns3::AsciiTraceHelperForDevice const &')
DEBUG:pybindgen.typehandlers:try to lookup type handler for 'ns3::AsciiTraceHelperForDevice const &' => success ((<class 'pybindgen.cppclass.CppClass.__init__.<locals>.ThisClassRefParameter'>, None, <pybindgen.typehandlers.ctypeparser.TypeTraits object at 0x7fadbc212b00>))
DEBUG:pybindgen.typehandlers:TypeMatcher.lookup('void')
DEBUG:pybindgen.typehandlers:try to lookup type handler for 'void' => success ((<class 'pybindgen.typehandlers.voidtype.VoidReturn'>, None, <pybindgen.typehandlers.ctypeparser.TypeTraits object at 0x7fadbc199160>))
DEBUG:pybindgen.typehandlers:TypeMatcher.lookup('std::string')
DEBUG:pybindgen.typehandlers:try to lookup type handler for 'std::string' => success ((<class 'pybindgen.typehandlers.stringtype.StdStringParam'>, None, <pybindgen.typehandlers.ctypeparser.TypeTraits object at 0x7fadbc1992b0>))
DEBUG:pybindgen.typehandlers:TypeMatcher.lookup('ns3::Ptr< ns3::NetDevice >')
DEBUG:pybindgen.typehandlers:try to lookup type handler for 'ns3::Ptr< ns3::NetDevice >' => failure
DEBUG:pybindgen.typehandlers:try to lookup type handler for 'ns3::NetDevice *' => success ((<class 'pybindgen.cppclass.MemoryPolicy.register_ptr_parameter_and_return.<locals>.ThisClassPtrParameter'>, <ns3modulegen_core_customizations.SmartPointerTransformation object at 0x7fadbc4dbac8>, <pybindgen.typehandlers.ctypeparser.TypeTraits object at 0x7fadbc1995c0>))
DEBUG:pybindgen.typehandlers:TypeMatcher.lookup('bool')
DEBUG:pybindgen.typehandlers:try to lookup type handler for 'bool' => success ((<class 'pybindgen.typehandlers.booltype.BoolParam'>, None, <pybindgen.typehandlers.ctypeparser.TypeTraits object at 0x7fadbc1995c0>))
DEBUG:pybindgen.typehandlers:TypeMatcher.lookup('void')
DEBUG:pybindgen.typehandlers:try to lookup type handler for 'void' => success ((<class 'pybindgen.typehandlers.voidtype.VoidReturn'>, None, <pybindgen.typehandlers.ctypeparser.TypeTraits object at 0x7fadbc199908>))
DEBUG:pybindgen.typehandlers:TypeMatcher.lookup('ns3::Ptr< ns3::OutputStreamWrapper >')
DEBUG:pybindgen.typehandlers:try to lookup type handler for 'ns3::Ptr< ns3::OutputStreamWrapper >' => failure
DEBUG:pybindgen.typehandlers:try to lookup type handler for 'ns3::OutputStreamWrapper *' => success ((<class 'pybindgen.cppclass.MemoryPolicy.register_ptr_parameter_and_return.<locals>.ThisClassPtrParameter'>, <ns3modulegen_core_customizations.SmartPointerTransformation object at 0x7fadbc4dbac8>, <pybindgen.typehandlers.ctypeparser.TypeTraits object at 0x7fadbc199c88>))
DEBUG:pybindgen.typehandlers:TypeMatcher.lookup('ns3::Ptr< ns3::NetDevice >')
DEBUG:pybindgen.typehandlers:try to lookup type handler for 'ns3::Ptr< ns3::NetDevice >' => failure
DEBUG:pybindgen.typehandlers:try to lookup type handler for 'ns3::NetDevice *' => success ((<class 'pybindgen.cppclass.MemoryPolicy.register_ptr_parameter_and_return.<locals>.ThisClassPtrParameter'>, <ns3modulegen_core_customizations.SmartPointerTransformation object at 0x7fadbc4dbac8>, <pybindgen.typehandlers.ctypeparser.TypeTraits object at 0x7fadbc199e80>))
DEBUG:pybindgen.typehandlers:TypeMatcher.lookup('void')
DEBUG:pybindgen.typehandlers:try to lookup type handler for 'void' => success ((<class 'pybindgen.typehandlers.voidtype.VoidReturn'>, None, <pybindgen.typehandlers.ctypeparser.TypeTraits object at 0x7fadbc19f0b8>))
DEBUG:pybindgen.typehandlers:TypeMatcher.lookup('std::string')
DEBUG:pybindgen.typehandlers:try to lookup type handler for 'std::string' => success ((<class 'pybindgen.typehandlers.stringtype.StdStringParam'>, None, <pybindgen.typehandlers.ctypeparser.TypeTraits object at 0x7fadbc19f208>))
DEBUG:pybindgen.typehandlers:TypeMatcher.lookup('std::string')
DEBUG:pybindgen.typehandlers:try to lookup type handler for 'std::string' => success ((<class 'pybindgen.typehandlers.stringtype.StdStringParam'>, None, <pybindgen.typehandlers.ctypeparser.TypeTraits object at 0x7fadbc19f2b0>))
DEBUG:pybindgen.typehandlers:TypeMatcher.lookup('bool')
DEBUG:pybindgen.typehandlers:try to lookup type handler for 'bool' => success ((<class 'pybindgen.typehandlers.booltype.BoolParam'>, None, <pybindgen.typehandlers.ctypeparser.TypeTraits object at 0x7fadbc19f390>))
DEBUG:pybindgen.typehandlers:TypeMatcher.lookup('void')
DEBUG:pybindgen.typehandlers:try to lookup type handler for 'void' => success ((<class 'pybindgen.typehandlers.voidtype.VoidReturn'>, None, <pybindgen.typehandlers.ctypeparser.TypeTraits object at 0x7fadbc19f710>))
DEBUG:pybindgen.typehandlers:TypeMatcher.lookup('ns3::Ptr< ns3::OutputStreamWrapper >')
DEBUG:pybindgen.typehandlers:try to lookup type handler for 'ns3::Ptr< ns3::OutputStreamWrapper >' => failure
DEBUG:pybindgen.typehandlers:try to lookup type handler for 'ns3::OutputStreamWrapper *' => success ((<class 'pybindgen.cppclass.MemoryPolicy.register_ptr_parameter_and_return.<locals>.ThisClassPtrParameter'>, <ns3modulegen_core_customizations.SmartPointerTransformation object at 0x7fadbc4dbac8>, <pybindgen.typehandlers.ctypeparser.TypeTraits object at 0x7fadbc19fa90>))
DEBUG:pybindgen.typehandlers:TypeMatcher.lookup('std::string')
DEBUG:pybindgen.typehandlers:try to lookup type handler for 'std::string' => success ((<class 'pybindgen.typehandlers.stringtype.StdStringParam'>, None, <pybindgen.typehandlers.ctypeparser.TypeTraits object at 0x7fadbc19fa90>))
DEBUG:pybindgen.typehandlers:TypeMatcher.lookup('void')
DEBUG:pybindgen.typehandlers:try to lookup type handler for 'void' => success ((<class 'pybindgen.typehandlers.voidtype.VoidReturn'>, None, <pybindgen.typehandlers.ctypeparser.TypeTraits object at 0x7fadbc19fd68>))
DEBUG:pybindgen.typehandlers:TypeMatcher.lookup('std::string')
DEBUG:pybindgen.typehandlers:try to lookup type handler for 'std::string' => success ((<class 'pybindgen.typehandlers.stringtype.StdStringParam'>, None, <pybindgen.typehandlers.ctypeparser.TypeTraits object at 0x7fadbc19feb8>))
DEBUG:pybindgen.typehandlers:TypeMatcher.lookup('ns3::NetDeviceContainer')
DEBUG:pybindgen.typehandlers:try to lookup type handler for 'ns3::NetDeviceContainer' => success ((<class 'pybindgen.cppclass.CppClass.__init__.<locals>.ThisClassParameter'>, None, <pybindgen.typehandlers.ctypeparser.TypeTraits object at 0x7fadbc19ff60>))
DEBUG:pybindgen.typehandlers:TypeMatcher.lookup('void')
DEBUG:pybindgen.typehandlers:try to lookup type handler for 'void' => success ((<class 'pybindgen.typehandlers.voidtype.VoidReturn'>, None, <pybindgen.typehandlers.ctypeparser.TypeTraits object at 0x7fadbc1a82e8>))
DEBUG:pybindgen.typehandlers:TypeMatcher.lookup('ns3::Ptr< ns3::OutputStreamWrapper >')
DEBUG:pybindgen.typehandlers:try to lookup type handler for 'ns3::Ptr< ns3::OutputStreamWrapper >' => failure
DEBUG:pybindgen.typehandlers:try to lookup type handler for 'ns3::OutputStreamWrapper *' => success ((<class 'pybindgen.cppclass.MemoryPolicy.register_ptr_parameter_and_return.<locals>.ThisClassPtrParameter'>, <ns3modulegen_core_customizations.SmartPointerTransformation object at 0x7fadbc4dbac8>, <pybindgen.typehandlers.ctypeparser.TypeTraits object at 0x7fadbc1a8668>))
DEBUG:pybindgen.typehandlers:TypeMatcher.lookup('ns3::NetDeviceContainer')
DEBUG:pybindgen.typehandlers:try to lookup type handler for 'ns3::NetDeviceContainer' => success ((<class 'pybindgen.cppclass.CppClass.__init__.<locals>.ThisClassParameter'>, None, <pybindgen.typehandlers.ctypeparser.TypeTraits object at 0x7fadbc1a8668>))
DEBUG:pybindgen.typehandlers:TypeMatcher.lookup('void')
DEBUG:pybindgen.typehandlers:try to lookup type handler for 'void' => success ((<class 'pybindgen.typehandlers.voidtype.VoidReturn'>, None, <pybindgen.typehandlers.ctypeparser.TypeTraits object at 0x7fadbc1a8940>))
DEBUG:pybindgen.typehandlers:TypeMatcher.lookup('std::string')
DEBUG:pybindgen.typehandlers:try to lookup type handler for 'std::string' => success ((<class 'pybindgen.typehandlers.stringtype.StdStringParam'>, None, <pybindgen.typehandlers.ctypeparser.TypeTraits object at 0x7fadbc1a8a90>))
DEBUG:pybindgen.typehandlers:TypeMatcher.lookup('ns3::NodeContainer')
DEBUG:pybindgen.typehandlers:try to lookup type handler for 'ns3::NodeContainer' => success ((<class 'pybindgen.cppclass.CppClass.__init__.<locals>.ThisClassParameter'>, None, <pybindgen.typehandlers.ctypeparser.TypeTraits object at 0x7fadbc1a8b38>))
DEBUG:pybindgen.typehandlers:TypeMatcher.lookup('void')
DEBUG:pybindgen.typehandlers:try to lookup type handler for 'void' => success ((<class 'pybindgen.typehandlers.voidtype.VoidReturn'>, None, <pybindgen.typehandlers.ctypeparser.TypeTraits object at 0x7fadbc1a8e80>))
DEBUG:pybindgen.typehandlers:TypeMatcher.lookup('ns3::Ptr< ns3::OutputStreamWrapper >')
DEBUG:pybindgen.typehandlers:try to lookup type handler for 'ns3::Ptr< ns3::OutputStreamWrapper >' => failure
DEBUG:pybindgen.typehandlers:try to lookup type handler for 'ns3::OutputStreamWrapper *' => success ((<class 'pybindgen.cppclass.MemoryPolicy.register_ptr_parameter_and_return.<locals>.ThisClassPtrParameter'>, <ns3modulegen_core_customizations.SmartPointerTransformation object at 0x7fadbc4dbac8>, <pybindgen.typehandlers.ctypeparser.TypeTraits object at 0x7fadbc1ad240>))
DEBUG:pybindgen.typehandlers:TypeMatcher.lookup('ns3::NodeContainer')
DEBUG:pybindgen.typehandlers:try to lookup type handler for 'ns3::NodeContainer' => success ((<class 'pybindgen.cppclass.CppClass.__init__.<locals>.ThisClassParameter'>, None, <pybindgen.typehandlers.ctypeparser.TypeTraits object at 0x7fadbc1ad240>))
DEBUG:pybindgen.typehandlers:TypeMatcher.lookup('void')
DEBUG:pybindgen.typehandlers:try to lookup type handler for 'void' => success ((<class 'pybindgen.typehandlers.voidtype.VoidReturn'>, None, <pybindgen.typehandlers.ctypeparser.TypeTraits object at 0x7fadbc1ad518>))
DEBUG:pybindgen.typehandlers:TypeMatcher.lookup('std::string')
DEBUG:pybindgen.typehandlers:try to lookup type handler for 'std::string' => success ((<class 'pybindgen.typehandlers.stringtype.StdStringParam'>, None, <pybindgen.typehandlers.ctypeparser.TypeTraits object at 0x7fadbc1ad668>))
DEBUG:pybindgen.typehandlers:TypeMatcher.lookup('uint32_t')
DEBUG:pybindgen.typehandlers:try to lookup type handler for 'uint32_t' => success ((<class 'pybindgen.typehandlers.inttype.UnsignedIntParam'>, None, <pybindgen.typehandlers.ctypeparser.TypeTraits object at 0x7fadbc1ad710>))
DEBUG:pybindgen.typehandlers:TypeMatcher.lookup('uint32_t')
DEBUG:pybindgen.typehandlers:try to lookup type handler for 'uint32_t' => success ((<class 'pybindgen.typehandlers.inttype.UnsignedIntParam'>, None, <pybindgen.typehandlers.ctypeparser.TypeTraits object at 0x7fadbc1ad7f0>))
DEBUG:pybindgen.typehandlers:TypeMatcher.lookup('bool')
DEBUG:pybindgen.typehandlers:try to lookup type handler for 'bool' => success ((<class 'pybindgen.typehandlers.booltype.BoolParam'>, None, <pybindgen.typehandlers.ctypeparser.TypeTraits object at 0x7fadbc1ad8d0>))
DEBUG:pybindgen.typehandlers:TypeMatcher.lookup('void')
DEBUG:pybindgen.typehandlers:try to lookup type handler for 'void' => success ((<class 'pybindgen.typehandlers.voidtype.VoidReturn'>, None, <pybindgen.typehandlers.ctypeparser.TypeTraits object at 0x7fadbc1adc50>))
DEBUG:pybindgen.typehandlers:TypeMatcher.lookup('ns3::Ptr< ns3::OutputStreamWrapper >')
DEBUG:pybindgen.typehandlers:try to lookup type handler for 'ns3::Ptr< ns3::OutputStreamWrapper >' => failure
DEBUG:pybindgen.typehandlers:try to lookup type handler for 'ns3::OutputStreamWrapper *' => success ((<class 'pybindgen.cppclass.MemoryPolicy.register_ptr_parameter_and_return.<locals>.ThisClassPtrParameter'>, <ns3modulegen_core_customizations.SmartPointerTransformation object at 0x7fadbc4dbac8>, <pybindgen.typehandlers.ctypeparser.TypeTraits object at 0x7fadbc1adfd0>))
DEBUG:pybindgen.typehandlers:TypeMatcher.lookup('uint32_t')
DEBUG:pybindgen.typehandlers:try to lookup type handler for 'uint32_t' => success ((<class 'pybindgen.typehandlers.inttype.UnsignedIntParam'>, None, <pybindgen.typehandlers.ctypeparser.TypeTraits object at 0x7fadbc1adfd0>))
DEBUG:pybindgen.typehandlers:TypeMatcher.lookup('uint32_t')
DEBUG:pybindgen.typehandlers:try to lookup type handler for 'uint32_t' => success ((<class 'pybindgen.typehandlers.inttype.UnsignedIntParam'>, None, <pybindgen.typehandlers.ctypeparser.TypeTraits object at 0x7fadbc1b3048>))
DEBUG:pybindgen.typehandlers:TypeMatcher.lookup('void')
DEBUG:pybindgen.typehandlers:try to lookup type handler for 'void' => success ((<class 'pybindgen.typehandlers.voidtype.VoidReturn'>, None, <pybindgen.typehandlers.ctypeparser.TypeTraits object at 0x7fadbc1b33c8>))
DEBUG:pybindgen.typehandlers:TypeMatcher.lookup('std::string')
DEBUG:pybindgen.typehandlers:try to lookup type handler for 'std::string' => success ((<class 'pybindgen.typehandlers.stringtype.StdStringParam'>, None, <pybindgen.typehandlers.ctypeparser.TypeTraits object at 0x7fadbc1b3518>))
DEBUG:pybindgen.typehandlers:TypeMatcher.lookup('void')
DEBUG:pybindgen.typehandlers:try to lookup type handler for 'void' => success ((<class 'pybindgen.typehandlers.voidtype.VoidReturn'>, None, <pybindgen.typehandlers.ctypeparser.TypeTraits object at 0x7fadbc1b3860>))
DEBUG:pybindgen.typehandlers:TypeMatcher.lookup('ns3::Ptr< ns3::OutputStreamWrapper >')
DEBUG:pybindgen.typehandlers:try to lookup type handler for 'ns3::Ptr< ns3::OutputStreamWrapper >' => failure
DEBUG:pybindgen.typehandlers:try to lookup type handler for 'ns3::OutputStreamWrapper *' => success ((<class 'pybindgen.cppclass.MemoryPolicy.register_ptr_parameter_and_return.<locals>.ThisClassPtrParameter'>, <ns3modulegen_core_customizations.SmartPointerTransformation object at 0x7fadbc4dbac8>, <pybindgen.typehandlers.ctypeparser.TypeTraits object at 0x7fadbc1b3be0>))
DEBUG:pybindgen.typehandlers:TypeMatcher.lookup('void')
DEBUG:pybindgen.typehandlers:try to lookup type handler for 'void' => success ((<class 'pybindgen.typehandlers.voidtype.VoidReturn'>, None, <pybindgen.typehandlers.ctypeparser.TypeTraits object at 0x7fadbc1b3dd8>))
DEBUG:pybindgen.typehandlers:TypeMatcher.lookup('ns3::Ptr< ns3::OutputStreamWrapper >')
DEBUG:pybindgen.typehandlers:try to lookup type handler for 'ns3::Ptr< ns3::OutputStreamWrapper >' => failure
DEBUG:pybindgen.typehandlers:try to lookup type handler for 'ns3::OutputStreamWrapper *' => success ((<class 'pybindgen.cppclass.MemoryPolicy.register_ptr_parameter_and_return.<locals>.ThisClassPtrParameter'>, <ns3modulegen_core_customizations.SmartPointerTransformation object at 0x7fadbc4dbac8>, <pybindgen.typehandlers.ctypeparser.TypeTraits object at 0x7fadbc1b9198>))
DEBUG:pybindgen.typehandlers:TypeMatcher.lookup('std::string')
DEBUG:pybindgen.typehandlers:try to lookup type handler for 'std::string' => success ((<class 'pybindgen.typehandlers.stringtype.StdStringParam'>, None, <pybindgen.typehandlers.ctypeparser.TypeTraits object at 0x7fadbc1b9198>))
DEBUG:pybindgen.typehandlers:TypeMatcher.lookup('ns3::Ptr< ns3::NetDevice >')
DEBUG:pybindgen.typehandlers:try to lookup type handler for 'ns3::Ptr< ns3::NetDevice >' => failure
DEBUG:pybindgen.typehandlers:try to lookup type handler for 'ns3::NetDevice *' => success ((<class 'pybindgen.cppclass.MemoryPolicy.register_ptr_parameter_and_return.<locals>.ThisClassPtrParameter'>, <ns3modulegen_core_customizations.SmartPointerTransformation object at 0x7fadbc4dbac8>, <pybindgen.typehandlers.ctypeparser.TypeTraits object at 0x7fadbc1b9470>))
DEBUG:pybindgen.typehandlers:TypeMatcher.lookup('bool')
DEBUG:pybindgen.typehandlers:try to lookup type handler for 'bool' => success ((<class 'pybindgen.typehandlers.booltype.BoolParam'>, None, <pybindgen.typehandlers.ctypeparser.TypeTraits object at 0x7fadbc1b9470>))
DEBUG:pybindgen.typehandlers:TypeMatcher.lookup('ns3::AttributeConstructionList const &')
DEBUG:pybindgen.typehandlers:try to lookup type handler for 'ns3::AttributeConstructionList const &' => success ((<class 'pybindgen.cppclass.CppClass.__init__.<locals>.ThisClassRefParameter'>, None, <pybindgen.typehandlers.ctypeparser.TypeTraits object at 0x7fadbc1b9a20>))
DEBUG:pybindgen.typehandlers:TypeMatcher.lookup('void')
DEBUG:pybindgen.typehandlers:try to lookup type handler for 'void' => success ((<class 'pybindgen.typehandlers.voidtype.VoidReturn'>, None, <pybindgen.typehandlers.ctypeparser.TypeTraits object at 0x7fadbc1c3080>))
DEBUG:pybindgen.typehandlers:TypeMatcher.lookup('std::string')
DEBUG:pybindgen.typehandlers:try to lookup type handler for 'std::string' => success ((<class 'pybindgen.typehandlers.stringtype.StdStringParam'>, None, <pybindgen.typehandlers.ctypeparser.TypeTraits object at 0x7fadbc1c31d0>))
DEBUG:pybindgen.typehandlers:TypeMatcher.lookup('ns3::Ptr< ns3::AttributeChecker const >')
DEBUG:pybindgen.typehandlers:try to lookup type handler for 'ns3::Ptr< ns3::AttributeChecker const >' => failure
DEBUG:pybindgen.typehandlers:try to lookup type handler for 'ns3::AttributeChecker *' => success ((<class 'pybindgen.cppclass.MemoryPolicy.register_ptr_parameter_and_return.<locals>.ThisClassPtrParameter'>, <ns3modulegen_core_customizations.SmartPointerTransformation object at 0x7fadbc4dbac8>, <pybindgen.typehandlers.ctypeparser.TypeTraits object at 0x7fadbc1c3518>))
DEBUG:pybindgen.typehandlers:TypeMatcher.lookup('ns3::Ptr< ns3::AttributeValue >')
DEBUG:pybindgen.typehandlers:try to lookup type handler for 'ns3::Ptr< ns3::AttributeValue >' => failure
DEBUG:pybindgen.typehandlers:try to lookup type handler for 'ns3::AttributeValue *' => success ((<class 'pybindgen.cppclass.MemoryPolicy.register_ptr_parameter_and_return.<locals>.ThisClassPtrParameter'>, <ns3modulegen_core_customizations.SmartPointerTransformation object at 0x7fadbc4dbac8>, <pybindgen.typehandlers.ctypeparser.TypeTraits object at 0x7fadbc1c3748>))
DEBUG:pybindgen.typehandlers:TypeMatcher.lookup('ns3::AttributeConstructionList::CIterator')
DEBUG:pybindgen.typehandlers:try to lookup type handler for 'ns3::AttributeConstructionList::CIterator' => failure
'ns3::AttributeConstructionList::CIterator' did not match
/home/cs18/tarballs/ns-allinone-3.34/ns-3.34/src/lr-wpan/bindings/modulegen__gcc_LP64.py:1146: Warning: exception TypeLookupError(['ns3::AttributeConstructionList::CIterator'],) in wrapper public: retval? ???::Begin (params?) const;
  is_const=True)
DEBUG:pybindgen.typehandlers:TypeMatcher.lookup('ns3::AttributeConstructionList::CIterator')
DEBUG:pybindgen.typehandlers:try to lookup type handler for 'ns3::AttributeConstructionList::CIterator' => failure
'ns3::AttributeConstructionList::CIterator' did not match
/home/cs18/tarballs/ns-allinone-3.34/ns-3.34/src/lr-wpan/bindings/modulegen__gcc_LP64.py:1151: Warning: exception TypeLookupError(['ns3::AttributeConstructionList::CIterator'],) in wrapper public: retval? ???::End (params?) const;
  is_const=True)
DEBUG:pybindgen.typehandlers:TypeMatcher.lookup('ns3::Ptr< ns3::AttributeValue >')
DEBUG:pybindgen.typehandlers:try to lookup type handler for 'ns3::Ptr< ns3::AttributeValue >' => failure
DEBUG:pybindgen.typehandlers:try to lookup type handler for 'ns3::AttributeValue *' => success ((<class 'pybindgen.cppclass.MemoryPolicy.register_ptr_parameter_and_return.<locals>.ThisClassPtrReturn'>, <ns3modulegen_core_customizations.SmartPointerTransformation object at 0x7fadbc4dbac8>, <pybindgen.typehandlers.ctypeparser.TypeTraits object at 0x7fadbc1c3eb8>))
DEBUG:pybindgen.typehandlers:TypeMatcher.lookup('ns3::Ptr< ns3::AttributeChecker const >')
DEBUG:pybindgen.typehandlers:try to lookup type handler for 'ns3::Ptr< ns3::AttributeChecker const >' => failure
DEBUG:pybindgen.typehandlers:try to lookup type handler for 'ns3::AttributeChecker *' => success ((<class 'pybindgen.cppclass.MemoryPolicy.register_ptr_parameter_and_return.<locals>.ThisClassPtrParameter'>, <ns3modulegen_core_customizations.SmartPointerTransformation object at 0x7fadbc4dbac8>, <pybindgen.typehandlers.ctypeparser.TypeTraits object at 0x7fadbc1ca160>))
DEBUG:pybindgen.typehandlers:TypeMatcher.lookup('ns3::AttributeConstructionList::Item const &')
DEBUG:pybindgen.typehandlers:try to lookup type handler for 'ns3::AttributeConstructionList::Item const &' => success ((<class 'pybindgen.cppclass.CppClass.__init__.<locals>.ThisClassRefParameter'>, None, <pybindgen.typehandlers.ctypeparser.TypeTraits object at 0x7fadbc1ca668>))
DEBUG:pybindgen.typehandlers:TypeMatcher.lookup('ns3::Ptr< ns3::AttributeChecker const >')
DEBUG:pybindgen.typehandlers:try to lookup type handler for 'ns3::Ptr< ns3::AttributeChecker const >' => failure
DEBUG:pybindgen.typehandlers:try to lookup type handler for 'ns3::AttributeChecker *' => success ((<class 'pybindgen.cppclass.MemoryPolicy.register_ptr_parameter_and_return.<locals>.ThisClassPtrReturn'>, <ns3modulegen_core_customizations.SmartPointerTransformation object at 0x7fadbc4dbac8>, <pybindgen.typehandlers.ctypeparser.TypeTraits object at 0x7fadbc1cac50>))
DEBUG:pybindgen.typehandlers:TypeMatcher.lookup('std::string')
DEBUG:pybindgen.typehandlers:try to lookup type handler for 'std::string' => success ((<class 'pybindgen.typehandlers.stringtype.StdStringReturn'>, None, <pybindgen.typehandlers.ctypeparser.TypeTraits object at 0x7fadbc1d30f0>))
DEBUG:pybindgen.typehandlers:TypeMatcher.lookup('ns3::Ptr< ns3::AttributeValue >')
DEBUG:pybindgen.typehandlers:try to lookup type handler for 'ns3::Ptr< ns3::AttributeValue >' => failure
DEBUG:pybindgen.typehandlers:try to lookup type handler for 'ns3::AttributeValue *' => success ((<class 'pybindgen.cppclass.MemoryPolicy.register_ptr_parameter_and_return.<locals>.ThisClassPtrReturn'>, <ns3modulegen_core_customizations.SmartPointerTransformation object at 0x7fadbc4dbac8>, <pybindgen.typehandlers.ctypeparser.TypeTraits object at 0x7fadbc1c3940>))
DEBUG:pybindgen.typehandlers:TypeMatcher.lookup('ns3::Buffer const &')
DEBUG:pybindgen.typehandlers:try to lookup type handler for 'ns3::Buffer const &' => success ((<class 'pybindgen.cppclass.CppClass.__init__.<locals>.ThisClassRefParameter'>, None, <pybindgen.typehandlers.ctypeparser.TypeTraits object at 0x7fadbc1d3ba8>))
DEBUG:pybindgen.typehandlers:TypeMatcher.lookup('uint32_t')
DEBUG:pybindgen.typehandlers:try to lookup type handler for 'uint32_t' => success ((<class 'pybindgen.typehandlers.inttype.UnsignedIntParam'>, None, <pybindgen.typehandlers.ctypeparser.TypeTraits object at 0x7fadbc15a240>))
DEBUG:pybindgen.typehandlers:TypeMatcher.lookup('uint32_t')
DEBUG:pybindgen.typehandlers:try to lookup type handler for 'uint32_t' => success ((<class 'pybindgen.typehandlers.inttype.UnsignedIntParam'>, None, <pybindgen.typehandlers.ctypeparser.TypeTraits object at 0x7fadbc15a588>))
DEBUG:pybindgen.typehandlers:TypeMatcher.lookup('bool')
DEBUG:pybindgen.typehandlers:try to lookup type handler for 'bool' => success ((<class 'pybindgen.typehandlers.booltype.BoolParam'>, None, <pybindgen.typehandlers.ctypeparser.TypeTraits object at 0x7fadbc15a630>))
DEBUG:pybindgen.typehandlers:TypeMatcher.lookup('void')
DEBUG:pybindgen.typehandlers:try to lookup type handler for 'void' => success ((<class 'pybindgen.typehandlers.voidtype.VoidReturn'>, None, <pybindgen.typehandlers.ctypeparser.TypeTraits object at 0x7fadbc15a9b0>))
DEBUG:pybindgen.typehandlers:TypeMatcher.lookup('uint32_t')
DEBUG:pybindgen.typehandlers:try to lookup type handler for 'uint32_t' => success ((<class 'pybindgen.typehandlers.inttype.UnsignedIntParam'>, None, <pybindgen.typehandlers.ctypeparser.TypeTraits object at 0x7fadbc15ab00>))
DEBUG:pybindgen.typehandlers:TypeMatcher.lookup('void')
DEBUG:pybindgen.typehandlers:try to lookup type handler for 'void' => success ((<class 'pybindgen.typehandlers.voidtype.VoidReturn'>, None, <pybindgen.typehandlers.ctypeparser.TypeTraits object at 0x7fadbc15ae48>))
DEBUG:pybindgen.typehandlers:TypeMatcher.lookup('ns3::Buffer const &')
DEBUG:pybindgen.typehandlers:try to lookup type handler for 'ns3::Buffer const &' => success ((<class 'pybindgen.cppclass.CppClass.__init__.<locals>.ThisClassRefParameter'>, None, <pybindgen.typehandlers.ctypeparser.TypeTraits object at 0x7fadbc15af98>))
DEBUG:pybindgen.typehandlers:TypeMatcher.lookup('void')
DEBUG:pybindgen.typehandlers:try to lookup type handler for 'void' => success ((<class 'pybindgen.typehandlers.voidtype.VoidReturn'>, None, <pybindgen.typehandlers.ctypeparser.TypeTraits object at 0x7fadbc163390>))
DEBUG:pybindgen.typehandlers:TypeMatcher.lookup('uint32_t')
DEBUG:pybindgen.typehandlers:try to lookup type handler for 'uint32_t' => success ((<class 'pybindgen.typehandlers.inttype.UnsignedIntParam'>, None, <pybindgen.typehandlers.ctypeparser.TypeTraits object at 0x7fadbc1634e0>))
DEBUG:pybindgen.typehandlers:TypeMatcher.lookup('ns3::Buffer::Iterator')
DEBUG:pybindgen.typehandlers:try to lookup type handler for 'ns3::Buffer::Iterator' => success ((<class 'pybindgen.cppclass.CppClass.__init__.<locals>.ThisClassReturn'>, None, <pybindgen.typehandlers.ctypeparser.TypeTraits object at 0x7fadbc163828>))
DEBUG:pybindgen.typehandlers:TypeMatcher.lookup('void')
DEBUG:pybindgen.typehandlers:try to lookup type handler for 'void' => success ((<class 'pybindgen.typehandlers.voidtype.VoidReturn'>, None, <pybindgen.typehandlers.ctypeparser.TypeTraits object at 0x7fadbc163ba8>))
DEBUG:pybindgen.typehandlers:TypeMatcher.lookup('std::ostream *')
DEBUG:pybindgen.typehandlers:try to lookup type handler for 'std::ostream *' => failure
'std::ostream *' did not match
/home/cs18/tarballs/ns-allinone-3.34/ns-3.34/src/lr-wpan/bindings/modulegen__gcc_LP64.py:1202: Warning: exception TypeLookupError(['std::ostream *'],) in wrapper public: retval? ???::CopyData (params?) const;
  is_const=True)
DEBUG:pybindgen.typehandlers:TypeMatcher.lookup('uint32_t')
DEBUG:pybindgen.typehandlers:try to lookup type handler for 'uint32_t' => success ((<class 'pybindgen.typehandlers.inttype.UnsignedIntReturn'>, None, <pybindgen.typehandlers.ctypeparser.TypeTraits object at 0x7fadbc163cf8>))
DEBUG:pybindgen.typehandlers:TypeMatcher.lookup('uint8_t *')
DEBUG:pybindgen.typehandlers:try to lookup type handler for 'uint8_t *' => success ((<class 'pybindgen.typehandlers.inttype.UInt8PtrParam'>, None, <pybindgen.typehandlers.ctypeparser.TypeTraits object at 0x7fadbc163c18>))
/home/cs18/tarballs/ns-allinone-3.34/ns-3.34/src/lr-wpan/bindings/modulegen__gcc_LP64.py:1207: Warning: exception TypeConfigurationError('direction not given',) in wrapper public: retval? ???::CopyData (params?) const;
  is_const=True)
DEBUG:pybindgen.typehandlers:TypeMatcher.lookup('ns3::Buffer')
DEBUG:pybindgen.typehandlers:try to lookup type handler for 'ns3::Buffer' => success ((<class 'pybindgen.cppclass.CppClass.__init__.<locals>.ThisClassReturn'>, None, <pybindgen.typehandlers.ctypeparser.TypeTraits object at 0x7fadbc163c50>))
DEBUG:pybindgen.typehandlers:TypeMatcher.lookup('uint32_t')
DEBUG:pybindgen.typehandlers:try to lookup type handler for 'uint32_t' => success ((<class 'pybindgen.typehandlers.inttype.UnsignedIntParam'>, None, <pybindgen.typehandlers.ctypeparser.TypeTraits object at 0x7fadbc163f28>))
DEBUG:pybindgen.typehandlers:TypeMatcher.lookup('uint32_t')
DEBUG:pybindgen.typehandlers:try to lookup type handler for 'uint32_t' => success ((<class 'pybindgen.typehandlers.inttype.UnsignedIntParam'>, None, <pybindgen.typehandlers.ctypeparser.TypeTraits object at 0x7fadbc16a048>))
DEBUG:pybindgen.typehandlers:TypeMatcher.lookup('uint32_t')
DEBUG:pybindgen.typehandlers:try to lookup type handler for 'uint32_t' => success ((<class 'pybindgen.typehandlers.inttype.UnsignedIntReturn'>, None, <pybindgen.typehandlers.ctypeparser.TypeTraits object at 0x7fadbc16a390>))
DEBUG:pybindgen.typehandlers:TypeMatcher.lookup('uint8_t const *')
DEBUG:pybindgen.typehandlers:try to lookup type handler for 'uint8_t const *' => success ((<class 'pybindgen.typehandlers.inttype.UInt8PtrParam'>, None, <pybindgen.typehandlers.ctypeparser.TypeTraits object at 0x7fadbc16a4a8>))
/home/cs18/tarballs/ns-allinone-3.34/ns-3.34/src/lr-wpan/bindings/modulegen__gcc_LP64.py:1216: Warning: exception TypeConfigurationError('direction not given',) in wrapper public: retval? ???::Deserialize (params?);
  [param('uint8_t const *', 'buffer'), param('uint32_t', 'size')])
DEBUG:pybindgen.typehandlers:TypeMatcher.lookup('ns3::Buffer::Iterator')
DEBUG:pybindgen.typehandlers:try to lookup type handler for 'ns3::Buffer::Iterator' => success ((<class 'pybindgen.cppclass.CppClass.__init__.<locals>.ThisClassReturn'>, None, <pybindgen.typehandlers.ctypeparser.TypeTraits object at 0x7fadbc16a5f8>))
DEBUG:pybindgen.typehandlers:TypeMatcher.lookup('uint32_t')
DEBUG:pybindgen.typehandlers:try to lookup type handler for 'uint32_t' => success ((<class 'pybindgen.typehandlers.inttype.UnsignedIntReturn'>, None, <pybindgen.typehandlers.ctypeparser.TypeTraits object at 0x7fadbc16a9e8>))
DEBUG:pybindgen.typehandlers:TypeMatcher.lookup('uint32_t')
DEBUG:pybindgen.typehandlers:try to lookup type handler for 'uint32_t' => success ((<class 'pybindgen.typehandlers.inttype.UnsignedIntReturn'>, None, <pybindgen.typehandlers.ctypeparser.TypeTraits object at 0x7fadbc16ad68>))
DEBUG:pybindgen.typehandlers:TypeMatcher.lookup('uint8_t const *')
DEBUG:pybindgen.typehandlers:try to lookup type handler for 'uint8_t const *' => failure
'uint8_t const *' did not match
/home/cs18/tarballs/ns-allinone-3.34/ns-3.34/src/lr-wpan/bindings/modulegen__gcc_LP64.py:1236: Warning: exception TypeLookupError(['uint8_t *'],) in wrapper public: retval? ???::PeekData (params?) const;
  is_const=True)
DEBUG:pybindgen.typehandlers:TypeMatcher.lookup('void')
DEBUG:pybindgen.typehandlers:try to lookup type handler for 'void' => success ((<class 'pybindgen.typehandlers.voidtype.VoidReturn'>, None, <pybindgen.typehandlers.ctypeparser.TypeTraits object at 0x7fadbc1712e8>))
DEBUG:pybindgen.typehandlers:TypeMatcher.lookup('uint32_t')
DEBUG:pybindgen.typehandlers:try to lookup type handler for 'uint32_t' => success ((<class 'pybindgen.typehandlers.inttype.UnsignedIntParam'>, None, <pybindgen.typehandlers.ctypeparser.TypeTraits object at 0x7fadbc171400>))
DEBUG:pybindgen.typehandlers:TypeMatcher.lookup('void')
DEBUG:pybindgen.typehandlers:try to lookup type handler for 'void' => success ((<class 'pybindgen.typehandlers.voidtype.VoidReturn'>, None, <pybindgen.typehandlers.ctypeparser.TypeTraits object at 0x7fadbc171748>))
DEBUG:pybindgen.typehandlers:TypeMatcher.lookup('uint32_t')
DEBUG:pybindgen.typehandlers:try to lookup type handler for 'uint32_t' => success ((<class 'pybindgen.typehandlers.inttype.UnsignedIntParam'>, None, <pybindgen.typehandlers.ctypeparser.TypeTraits object at 0x7fadbc171898>))
DEBUG:pybindgen.typehandlers:TypeMatcher.lookup('uint32_t')
DEBUG:pybindgen.typehandlers:try to lookup type handler for 'uint32_t' => success ((<class 'pybindgen.typehandlers.inttype.UnsignedIntReturn'>, None, <pybindgen.typehandlers.ctypeparser.TypeTraits object at 0x7fadbc171be0>))
DEBUG:pybindgen.typehandlers:TypeMatcher.lookup('uint8_t *')
DEBUG:pybindgen.typehandlers:try to lookup type handler for 'uint8_t *' => success ((<class 'pybindgen.typehandlers.inttype.UInt8PtrParam'>, None, <pybindgen.typehandlers.ctypeparser.TypeTraits object at 0x7fadbc171cf8>))
/home/cs18/tarballs/ns-allinone-3.34/ns-3.34/src/lr-wpan/bindings/modulegen__gcc_LP64.py:1249: Warning: exception TypeConfigurationError('direction not given',) in wrapper public: retval? ???::Serialize (params?) const;
  is_const=True)
DEBUG:pybindgen.typehandlers:TypeMatcher.lookup('ns3::Buffer::Iterator const &')
DEBUG:pybindgen.typehandlers:try to lookup type handler for 'ns3::Buffer::Iterator const &' => success ((<class 'pybindgen.cppclass.CppClass.__init__.<locals>.ThisClassRefParameter'>, None, <pybindgen.typehandlers.ctypeparser.TypeTraits object at 0x7fadbc171e80>))
DEBUG:pybindgen.typehandlers:TypeMatcher.lookup('uint16_t')
DEBUG:pybindgen.typehandlers:try to lookup type handler for 'uint16_t' => success ((<class 'pybindgen.typehandlers.inttype.UInt16Return'>, None, <pybindgen.typehandlers.ctypeparser.TypeTraits object at 0x7fadbc171198>))
DEBUG:pybindgen.typehandlers:TypeMatcher.lookup('uint16_t')
DEBUG:pybindgen.typehandlers:try to lookup type handler for 'uint16_t' => success ((<class 'pybindgen.typehandlers.inttype.UInt16Param'>, None, <pybindgen.typehandlers.ctypeparser.TypeTraits object at 0x7fadbc16a4a8>))
DEBUG:pybindgen.typehandlers:TypeMatcher.lookup('uint16_t')
DEBUG:pybindgen.typehandlers:try to lookup type handler for 'uint16_t' => success ((<class 'pybindgen.typehandlers.inttype.UInt16Return'>, None, <pybindgen.typehandlers.ctypeparser.TypeTraits object at 0x7fadbc163be0>))
DEBUG:pybindgen.typehandlers:TypeMatcher.lookup('uint16_t')
DEBUG:pybindgen.typehandlers:try to lookup type handler for 'uint16_t' => success ((<class 'pybindgen.typehandlers.inttype.UInt16Param'>, None, <pybindgen.typehandlers.ctypeparser.TypeTraits object at 0x7fadbc163d68>))
DEBUG:pybindgen.typehandlers:TypeMatcher.lookup('uint32_t')
DEBUG:pybindgen.typehandlers:try to lookup type handler for 'uint32_t' => success ((<class 'pybindgen.typehandlers.inttype.UnsignedIntParam'>, None, <pybindgen.typehandlers.ctypeparser.TypeTraits object at 0x7fadbc2b1f98>))
DEBUG:pybindgen.typehandlers:TypeMatcher.lookup('uint32_t')
DEBUG:pybindgen.typehandlers:try to lookup type handler for 'uint32_t' => success ((<class 'pybindgen.typehandlers.inttype.UnsignedIntReturn'>, None, <pybindgen.typehandlers.ctypeparser.TypeTraits object at 0x7fadbc178240>))
DEBUG:pybindgen.typehandlers:TypeMatcher.lookup('ns3::Buffer::Iterator const &')
DEBUG:pybindgen.typehandlers:try to lookup type handler for 'ns3::Buffer::Iterator const &' => success ((<class 'pybindgen.cppclass.CppClass.__init__.<locals>.ThisClassRefParameter'>, None, <pybindgen.typehandlers.ctypeparser.TypeTraits object at 0x7fadbc178358>))
DEBUG:pybindgen.typehandlers:TypeMatcher.lookup('uint32_t')
DEBUG:pybindgen.typehandlers:try to lookup type handler for 'uint32_t' => success ((<class 'pybindgen.typehandlers.inttype.UnsignedIntReturn'>, None, <pybindgen.typehandlers.ctypeparser.TypeTraits object at 0x7fadbc178748>))
DEBUG:pybindgen.typehandlers:TypeMatcher.lookup('uint32_t')
DEBUG:pybindgen.typehandlers:try to lookup type handler for 'uint32_t' => success ((<class 'pybindgen.typehandlers.inttype.UnsignedIntReturn'>, None, <pybindgen.typehandlers.ctypeparser.TypeTraits object at 0x7fadbc178ac8>))
DEBUG:pybindgen.typehandlers:TypeMatcher.lookup('bool')
DEBUG:pybindgen.typehandlers:try to lookup type handler for 'bool' => success ((<class 'pybindgen.typehandlers.booltype.BoolReturn'>, None, <pybindgen.typehandlers.ctypeparser.TypeTraits object at 0x7fadbc178e48>))
DEBUG:pybindgen.typehandlers:TypeMatcher.lookup('bool')
DEBUG:pybindgen.typehandlers:try to lookup type handler for 'bool' => success ((<class 'pybindgen.typehandlers.booltype.BoolReturn'>, None, <pybindgen.typehandlers.ctypeparser.TypeTraits object at 0x7fadbc17f240>))
DEBUG:pybindgen.typehandlers:TypeMatcher.lookup('void')
DEBUG:pybindgen.typehandlers:try to lookup type handler for 'void' => success ((<class 'pybindgen.typehandlers.voidtype.VoidReturn'>, None, <pybindgen.typehandlers.ctypeparser.TypeTraits object at 0x7fadbc17f5f8>))
DEBUG:pybindgen.typehandlers:TypeMatcher.lookup('void')
DEBUG:pybindgen.typehandlers:try to lookup type handler for 'void' => success ((<class 'pybindgen.typehandlers.voidtype.VoidReturn'>, None, <pybindgen.typehandlers.ctypeparser.TypeTraits object at 0x7fadbc17f9e8>))
DEBUG:pybindgen.typehandlers:TypeMatcher.lookup('uint32_t')
DEBUG:pybindgen.typehandlers:try to lookup type handler for 'uint32_t' => success ((<class 'pybindgen.typehandlers.inttype.UnsignedIntParam'>, None, <pybindgen.typehandlers.ctypeparser.TypeTraits object at 0x7fadbc17fb38>))
DEBUG:pybindgen.typehandlers:TypeMatcher.lookup('uint8_t')
DEBUG:pybindgen.typehandlers:try to lookup type handler for 'uint8_t' => success ((<class 'pybindgen.typehandlers.inttype.UInt8Return'>, None, <pybindgen.typehandlers.ctypeparser.TypeTraits object at 0x7fadbc17fe48>))
DEBUG:pybindgen.typehandlers:TypeMatcher.lookup('void')
DEBUG:pybindgen.typehandlers:try to lookup type handler for 'void' => success ((<class 'pybindgen.typehandlers.voidtype.VoidReturn'>, None, <pybindgen.typehandlers.ctypeparser.TypeTraits object at 0x7fadbc186278>))
DEBUG:pybindgen.typehandlers:TypeMatcher.lookup('void')
DEBUG:pybindgen.typehandlers:try to lookup type handler for 'void' => success ((<class 'pybindgen.typehandlers.voidtype.VoidReturn'>, None, <pybindgen.typehandlers.ctypeparser.TypeTraits object at 0x7fadbc186668>))
DEBUG:pybindgen.typehandlers:TypeMatcher.lookup('uint32_t')
DEBUG:pybindgen.typehandlers:try to lookup type handler for 'uint32_t' => success ((<class 'pybindgen.typehandlers.inttype.UnsignedIntParam'>, None, <pybindgen.typehandlers.ctypeparser.TypeTraits object at 0x7fadbc1867b8>))
DEBUG:pybindgen.typehandlers:TypeMatcher.lookup('void')
DEBUG:pybindgen.typehandlers:try to lookup type handler for 'void' => success ((<class 'pybindgen.typehandlers.voidtype.VoidReturn'>, None, <pybindgen.typehandlers.ctypeparser.TypeTraits object at 0x7fadbc186ac8>))
DEBUG:pybindgen.typehandlers:TypeMatcher.lookup('uint8_t *')
DEBUG:pybindgen.typehandlers:try to lookup type handler for 'uint8_t *' => success ((<class 'pybindgen.typehandlers.inttype.UInt8PtrParam'>, None, <pybindgen.typehandlers.ctypeparser.TypeTraits object at 0x7fadbc186c18>))
/home/cs18/tarballs/ns-allinone-3.34/ns-3.34/src/lr-wpan/bindings/modulegen__gcc_LP64.py:1313: Warning: exception TypeConfigurationError('direction not given',) in wrapper public: retval? ???::Read (params?);
  [param('uint8_t *', 'buffer'), param('uint32_t', 'size')])
DEBUG:pybindgen.typehandlers:TypeMatcher.lookup('void')
DEBUG:pybindgen.typehandlers:try to lookup type handler for 'void' => success ((<class 'pybindgen.typehandlers.voidtype.VoidReturn'>, None, <pybindgen.typehandlers.ctypeparser.TypeTraits object at 0x7fadbc186cf8>))
DEBUG:pybindgen.typehandlers:TypeMatcher.lookup('ns3::Buffer::Iterator')
DEBUG:pybindgen.typehandlers:try to lookup type handler for 'ns3::Buffer::Iterator' => success ((<class 'pybindgen.cppclass.CppClass.__init__.<locals>.ThisClassParameter'>, None, <pybindgen.typehandlers.ctypeparser.TypeTraits object at 0x7fadbc186eb8>))
DEBUG:pybindgen.typehandlers:TypeMatcher.lookup('uint32_t')
DEBUG:pybindgen.typehandlers:try to lookup type handler for 'uint32_t' => success ((<class 'pybindgen.typehandlers.inttype.UnsignedIntParam'>, None, <pybindgen.typehandlers.ctypeparser.TypeTraits object at 0x7fadbc186f60>))
DEBUG:pybindgen.typehandlers:TypeMatcher.lookup('uint16_t')
DEBUG:pybindgen.typehandlers:try to lookup type handler for 'uint16_t' => success ((<class 'pybindgen.typehandlers.inttype.UInt16Return'>, None, <pybindgen.typehandlers.ctypeparser.TypeTraits object at 0x7fadbc18e320>))
DEBUG:pybindgen.typehandlers:TypeMatcher.lookup('uint32_t')
DEBUG:pybindgen.typehandlers:try to lookup type handler for 'uint32_t' => success ((<class 'pybindgen.typehandlers.inttype.UnsignedIntReturn'>, None, <pybindgen.typehandlers.ctypeparser.TypeTraits object at 0x7fadbc18e6d8>))
DEBUG:pybindgen.typehandlers:TypeMatcher.lookup('uint64_t')
DEBUG:pybindgen.typehandlers:try to lookup type handler for 'uint64_t' => success ((<class 'pybindgen.typehandlers.inttype.UnsignedLongLongReturn'>, None, <pybindgen.typehandlers.ctypeparser.TypeTraits object at 0x7fadbc18ea90>))
DEBUG:pybindgen.typehandlers:TypeMatcher.lookup('uint16_t')
DEBUG:pybindgen.typehandlers:try to lookup type handler for 'uint16_t' => success ((<class 'pybindgen.typehandlers.inttype.UInt16Return'>, None, <pybindgen.typehandlers.ctypeparser.TypeTraits object at 0x7fadbc18ee48>))
DEBUG:pybindgen.typehandlers:TypeMatcher.lookup('uint32_t')
DEBUG:pybindgen.typehandlers:try to lookup type handler for 'uint32_t' => success ((<class 'pybindgen.typehandlers.inttype.UnsignedIntReturn'>, None, <pybindgen.typehandlers.ctypeparser.TypeTraits object at 0x7fadbc197240>))
DEBUG:pybindgen.typehandlers:TypeMatcher.lookup('uint64_t')
DEBUG:pybindgen.typehandlers:try to lookup type handler for 'uint64_t' => success ((<class 'pybindgen.typehandlers.inttype.UnsignedLongLongReturn'>, None, <pybindgen.typehandlers.ctypeparser.TypeTraits object at 0x7fadbc1975f8>))
DEBUG:pybindgen.typehandlers:TypeMatcher.lookup('uint16_t')
DEBUG:pybindgen.typehandlers:try to lookup type handler for 'uint16_t' => success ((<class 'pybindgen.typehandlers.inttype.UInt16Return'>, None, <pybindgen.typehandlers.ctypeparser.TypeTraits object at 0x7fadbc1979b0>))
DEBUG:pybindgen.typehandlers:TypeMatcher.lookup('uint32_t')
DEBUG:pybindgen.typehandlers:try to lookup type handler for 'uint32_t' => success ((<class 'pybindgen.typehandlers.inttype.UnsignedIntReturn'>, None, <pybindgen.typehandlers.ctypeparser.TypeTraits object at 0x7fadbc197ac8>))
DEBUG:pybindgen.typehandlers:TypeMatcher.lookup('uint64_t')
DEBUG:pybindgen.typehandlers:try to lookup type handler for 'uint64_t' => success ((<class 'pybindgen.typehandlers.inttype.UnsignedLongLongReturn'>, None, <pybindgen.typehandlers.ctypeparser.TypeTraits object at 0x7fadbc197e80>))
DEBUG:pybindgen.typehandlers:TypeMatcher.lookup('uint8_t')
DEBUG:pybindgen.typehandlers:try to lookup type handler for 'uint8_t' => success ((<class 'pybindgen.typehandlers.inttype.UInt8Return'>, None, <pybindgen.typehandlers.ctypeparser.TypeTraits object at 0x7fadbc11d278>))
DEBUG:pybindgen.typehandlers:TypeMatcher.lookup('void')
DEBUG:pybindgen.typehandlers:try to lookup type handler for 'void' => success ((<class 'pybindgen.typehandlers.voidtype.VoidReturn'>, None, <pybindgen.typehandlers.ctypeparser.TypeTraits object at 0x7fadbc11d668>))
DEBUG:pybindgen.typehandlers:TypeMatcher.lookup('uint8_t const *')
DEBUG:pybindgen.typehandlers:try to lookup type handler for 'uint8_t const *' => success ((<class 'pybindgen.typehandlers.inttype.UInt8PtrParam'>, None, <pybindgen.typehandlers.ctypeparser.TypeTraits object at 0x7fadbc11d7b8>))
/home/cs18/tarballs/ns-allinone-3.34/ns-3.34/src/lr-wpan/bindings/modulegen__gcc_LP64.py:1361: Warning: exception TypeConfigurationError('direction not given',) in wrapper public: retval? ???::Write (params?);
  [param('uint8_t const *', 'buffer'), param('uint32_t', 'size')])
DEBUG:pybindgen.typehandlers:TypeMatcher.lookup('void')
DEBUG:pybindgen.typehandlers:try to lookup type handler for 'void' => success ((<class 'pybindgen.typehandlers.voidtype.VoidReturn'>, None, <pybindgen.typehandlers.ctypeparser.TypeTraits object at 0x7fadbc11d908>))
DEBUG:pybindgen.typehandlers:TypeMatcher.lookup('ns3::Buffer::Iterator')
DEBUG:pybindgen.typehandlers:try to lookup type handler for 'ns3::Buffer::Iterator' => success ((<class 'pybindgen.cppclass.CppClass.__init__.<locals>.ThisClassParameter'>, None, <pybindgen.typehandlers.ctypeparser.TypeTraits object at 0x7fadbc11dac8>))
DEBUG:pybindgen.typehandlers:TypeMatcher.lookup('ns3::Buffer::Iterator')
DEBUG:pybindgen.typehandlers:try to lookup type handler for 'ns3::Buffer::Iterator' => success ((<class 'pybindgen.cppclass.CppClass.__init__.<locals>.ThisClassParameter'>, None, <pybindgen.typehandlers.ctypeparser.TypeTraits object at 0x7fadbc11db70>))
DEBUG:pybindgen.typehandlers:TypeMatcher.lookup('void')
DEBUG:pybindgen.typehandlers:try to lookup type handler for 'void' => success ((<class 'pybindgen.typehandlers.voidtype.VoidReturn'>, None, <pybindgen.typehandlers.ctypeparser.TypeTraits object at 0x7fadbc11def0>))
DEBUG:pybindgen.typehandlers:TypeMatcher.lookup('uint16_t')
DEBUG:pybindgen.typehandlers:try to lookup type handler for 'uint16_t' => success ((<class 'pybindgen.typehandlers.inttype.UInt16Param'>, None, <pybindgen.typehandlers.ctypeparser.TypeTraits object at 0x7fadbc125080>))
DEBUG:pybindgen.typehandlers:TypeMatcher.lookup('void')
DEBUG:pybindgen.typehandlers:try to lookup type handler for 'void' => success ((<class 'pybindgen.typehandlers.voidtype.VoidReturn'>, None, <pybindgen.typehandlers.ctypeparser.TypeTraits object at 0x7fadbc1253c8>))
DEBUG:pybindgen.typehandlers:TypeMatcher.lookup('uint32_t')
DEBUG:pybindgen.typehandlers:try to lookup type handler for 'uint32_t' => success ((<class 'pybindgen.typehandlers.inttype.UnsignedIntParam'>, None, <pybindgen.typehandlers.ctypeparser.TypeTraits object at 0x7fadbc125518>))
DEBUG:pybindgen.typehandlers:TypeMatcher.lookup('void')
DEBUG:pybindgen.typehandlers:try to lookup type handler for 'void' => success ((<class 'pybindgen.typehandlers.voidtype.VoidReturn'>, None, <pybindgen.typehandlers.ctypeparser.TypeTraits object at 0x7fadbc125860>))
DEBUG:pybindgen.typehandlers:TypeMatcher.lookup('uint64_t')
DEBUG:pybindgen.typehandlers:try to lookup type handler for 'uint64_t' => success ((<class 'pybindgen.typehandlers.inttype.UnsignedLongLongParam'>, None, <pybindgen.typehandlers.ctypeparser.TypeTraits object at 0x7fadbc1259b0>))
DEBUG:pybindgen.typehandlers:TypeMatcher.lookup('void')
DEBUG:pybindgen.typehandlers:try to lookup type handler for 'void' => success ((<class 'pybindgen.typehandlers.voidtype.VoidReturn'>, None, <pybindgen.typehandlers.ctypeparser.TypeTraits object at 0x7fadbc125cf8>))
DEBUG:pybindgen.typehandlers:TypeMatcher.lookup('uint16_t')
DEBUG:pybindgen.typehandlers:try to lookup type handler for 'uint16_t' => success ((<class 'pybindgen.typehandlers.inttype.UInt16Param'>, None, <pybindgen.typehandlers.ctypeparser.TypeTraits object at 0x7fadbc125e48>))
DEBUG:pybindgen.typehandlers:TypeMatcher.lookup('void')
DEBUG:pybindgen.typehandlers:try to lookup type handler for 'void' => success ((<class 'pybindgen.typehandlers.voidtype.VoidReturn'>, None, <pybindgen.typehandlers.ctypeparser.TypeTraits object at 0x7fadbc11d7b8>))
DEBUG:pybindgen.typehandlers:TypeMatcher.lookup('uint32_t')
DEBUG:pybindgen.typehandlers:try to lookup type handler for 'uint32_t' => success ((<class 'pybindgen.typehandlers.inttype.UnsignedIntParam'>, None, <pybindgen.typehandlers.ctypeparser.TypeTraits object at 0x7fadbc11d940>))
DEBUG:pybindgen.typehandlers:TypeMatcher.lookup('void')
DEBUG:pybindgen.typehandlers:try to lookup type handler for 'void' => success ((<class 'pybindgen.typehandlers.voidtype.VoidReturn'>, None, <pybindgen.typehandlers.ctypeparser.TypeTraits object at 0x7fadbc12d358>))
DEBUG:pybindgen.typehandlers:TypeMatcher.lookup('uint64_t')
DEBUG:pybindgen.typehandlers:try to lookup type handler for 'uint64_t' => success ((<class 'pybindgen.typehandlers.inttype.UnsignedLongLongParam'>, None, <pybindgen.typehandlers.ctypeparser.TypeTraits object at 0x7fadbc12d4a8>))
DEBUG:pybindgen.typehandlers:TypeMatcher.lookup('void')
DEBUG:pybindgen.typehandlers:try to lookup type handler for 'void' => success ((<class 'pybindgen.typehandlers.voidtype.VoidReturn'>, None, <pybindgen.typehandlers.ctypeparser.TypeTraits object at 0x7fadbc12d7f0>))
DEBUG:pybindgen.typehandlers:TypeMatcher.lookup('uint16_t')
DEBUG:pybindgen.typehandlers:try to lookup type handler for 'uint16_t' => success ((<class 'pybindgen.typehandlers.inttype.UInt16Param'>, None, <pybindgen.typehandlers.ctypeparser.TypeTraits object at 0x7fadbc12d940>))
DEBUG:pybindgen.typehandlers:TypeMatcher.lookup('void')
DEBUG:pybindgen.typehandlers:try to lookup type handler for 'void' => success ((<class 'pybindgen.typehandlers.voidtype.VoidReturn'>, None, <pybindgen.typehandlers.ctypeparser.TypeTraits object at 0x7fadbc12dc88>))
DEBUG:pybindgen.typehandlers:TypeMatcher.lookup('uint32_t')
DEBUG:pybindgen.typehandlers:try to lookup type handler for 'uint32_t' => success ((<class 'pybindgen.typehandlers.inttype.UnsignedIntParam'>, None, <pybindgen.typehandlers.ctypeparser.TypeTraits object at 0x7fadbc12ddd8>))
DEBUG:pybindgen.typehandlers:TypeMatcher.lookup('void')
DEBUG:pybindgen.typehandlers:try to lookup type handler for 'void' => success ((<class 'pybindgen.typehandlers.voidtype.VoidReturn'>, None, <pybindgen.typehandlers.ctypeparser.TypeTraits object at 0x7fadbc131160>))
DEBUG:pybindgen.typehandlers:TypeMatcher.lookup('uint64_t')
DEBUG:pybindgen.typehandlers:try to lookup type handler for 'uint64_t' => success ((<class 'pybindgen.typehandlers.inttype.UnsignedLongLongParam'>, None, <pybindgen.typehandlers.ctypeparser.TypeTraits object at 0x7fadbc1312b0>))
DEBUG:pybindgen.typehandlers:TypeMatcher.lookup('void')
DEBUG:pybindgen.typehandlers:try to lookup type handler for 'void' => success ((<class 'pybindgen.typehandlers.voidtype.VoidReturn'>, None, <pybindgen.typehandlers.ctypeparser.TypeTraits object at 0x7fadbc1315f8>))
DEBUG:pybindgen.typehandlers:TypeMatcher.lookup('uint8_t')
DEBUG:pybindgen.typehandlers:try to lookup type handler for 'uint8_t' => success ((<class 'pybindgen.typehandlers.inttype.UInt8Param'>, None, <pybindgen.typehandlers.ctypeparser.TypeTraits object at 0x7fadbc131748>))
DEBUG:pybindgen.typehandlers:TypeMatcher.lookup('void')
DEBUG:pybindgen.typehandlers:try to lookup type handler for 'void' => success ((<class 'pybindgen.typehandlers.voidtype.VoidReturn'>, None, <pybindgen.typehandlers.ctypeparser.TypeTraits object at 0x7fadbc131ac8>))
DEBUG:pybindgen.typehandlers:TypeMatcher.lookup('uint8_t')
DEBUG:pybindgen.typehandlers:try to lookup type handler for 'uint8_t' => success ((<class 'pybindgen.typehandlers.inttype.UInt8Param'>, None, <pybindgen.typehandlers.ctypeparser.TypeTraits object at 0x7fadbc131c18>))
DEBUG:pybindgen.typehandlers:TypeMatcher.lookup('uint32_t')
DEBUG:pybindgen.typehandlers:try to lookup type handler for 'uint32_t' => success ((<class 'pybindgen.typehandlers.inttype.UnsignedIntParam'>, None, <pybindgen.typehandlers.ctypeparser.TypeTraits object at 0x7fadbc131cf8>))
DEBUG:pybindgen.typehandlers:TypeMatcher.lookup('ns3::ByteTagIterator const &')
DEBUG:pybindgen.typehandlers:try to lookup type handler for 'ns3::ByteTagIterator const &' => success ((<class 'pybindgen.cppclass.CppClass.__init__.<locals>.ThisClassRefParameter'>, None, <pybindgen.typehandlers.ctypeparser.TypeTraits object at 0x7fadbc1380b8>))
DEBUG:pybindgen.typehandlers:TypeMatcher.lookup('bool')
DEBUG:pybindgen.typehandlers:try to lookup type handler for 'bool' => success ((<class 'pybindgen.typehandlers.booltype.BoolReturn'>, None, <pybindgen.typehandlers.ctypeparser.TypeTraits object at 0x7fadbc138470>))
DEBUG:pybindgen.typehandlers:TypeMatcher.lookup('ns3::ByteTagIterator::Item')
DEBUG:pybindgen.typehandlers:try to lookup type handler for 'ns3::ByteTagIterator::Item' => success ((<class 'pybindgen.cppclass.CppClass.__init__.<locals>.ThisClassReturn'>, None, <pybindgen.typehandlers.ctypeparser.TypeTraits object at 0x7fadbc138828>))
DEBUG:pybindgen.typehandlers:TypeMatcher.lookup('ns3::ByteTagIterator::Item const &')
DEBUG:pybindgen.typehandlers:try to lookup type handler for 'ns3::ByteTagIterator::Item const &' => success ((<class 'pybindgen.cppclass.CppClass.__init__.<locals>.ThisClassRefParameter'>, None, <pybindgen.typehandlers.ctypeparser.TypeTraits object at 0x7fadbc138c18>))
DEBUG:pybindgen.typehandlers:TypeMatcher.lookup('uint32_t')
DEBUG:pybindgen.typehandlers:try to lookup type handler for 'uint32_t' => success ((<class 'pybindgen.typehandlers.inttype.UnsignedIntReturn'>, None, <pybindgen.typehandlers.ctypeparser.TypeTraits object at 0x7fadbc138fd0>))
DEBUG:pybindgen.typehandlers:TypeMatcher.lookup('uint32_t')
DEBUG:pybindgen.typehandlers:try to lookup type handler for 'uint32_t' => success ((<class 'pybindgen.typehandlers.inttype.UnsignedIntReturn'>, None, <pybindgen.typehandlers.ctypeparser.TypeTraits object at 0x7fadbc142390>))
DEBUG:pybindgen.typehandlers:TypeMatcher.lookup('void')
DEBUG:pybindgen.typehandlers:try to lookup type handler for 'void' => success ((<class 'pybindgen.typehandlers.voidtype.VoidReturn'>, None, <pybindgen.typehandlers.ctypeparser.TypeTraits object at 0x7fadbc142710>))
DEBUG:pybindgen.typehandlers:TypeMatcher.lookup('ns3::Tag &')
DEBUG:pybindgen.typehandlers:try to lookup type handler for 'ns3::Tag &' => success ((<class 'pybindgen.cppclass.CppClass.__init__.<locals>.ThisClassRefParameter'>, None, <pybindgen.typehandlers.ctypeparser.TypeTraits object at 0x7fadbc142860>))
DEBUG:pybindgen.typehandlers:TypeMatcher.lookup('ns3::TypeId')
DEBUG:pybindgen.typehandlers:try to lookup type handler for 'ns3::TypeId' => success ((<class 'pybindgen.cppclass.CppClass.__init__.<locals>.ThisClassReturn'>, None, <pybindgen.typehandlers.ctypeparser.TypeTraits object at 0x7fadbc142be0>))
DEBUG:pybindgen.typehandlers:TypeMatcher.lookup('ns3::ByteTagList const &')
DEBUG:pybindgen.typehandlers:try to lookup type handler for 'ns3::ByteTagList const &' => success ((<class 'pybindgen.cppclass.CppClass.__init__.<locals>.ThisClassRefParameter'>, None, <pybindgen.typehandlers.ctypeparser.TypeTraits object at 0x7fadbc148240>))
DEBUG:pybindgen.typehandlers:TypeMatcher.lookup('ns3::TagBuffer')
DEBUG:pybindgen.typehandlers:try to lookup type handler for 'ns3::TagBuffer' => success ((<class 'pybindgen.cppclass.CppClass.__init__.<locals>.ThisClassReturn'>, None, <pybindgen.typehandlers.ctypeparser.TypeTraits object at 0x7fadbc1485f8>))
DEBUG:pybindgen.typehandlers:TypeMatcher.lookup('ns3::TypeId')
DEBUG:pybindgen.typehandlers:try to lookup type handler for 'ns3::TypeId' => success ((<class 'pybindgen.cppclass.CppClass.__init__.<locals>.ThisClassParameter'>, None, <pybindgen.typehandlers.ctypeparser.TypeTraits object at 0x7fadbc148710>))
DEBUG:pybindgen.typehandlers:TypeMatcher.lookup('uint32_t')
DEBUG:pybindgen.typehandlers:try to lookup type handler for 'uint32_t' => success ((<class 'pybindgen.typehandlers.inttype.UnsignedIntParam'>, None, <pybindgen.typehandlers.ctypeparser.TypeTraits object at 0x7fadbc1487b8>))
DEBUG:pybindgen.typehandlers:TypeMatcher.lookup('int32_t')
DEBUG:pybindgen.typehandlers:try to lookup type handler for 'int32_t' => success ((<class 'pybindgen.typehandlers.inttype.IntParam'>, None, <pybindgen.typehandlers.ctypeparser.TypeTraits object at 0x7fadbc148898>))
DEBUG:pybindgen.typehandlers:TypeMatcher.lookup('int32_t')
DEBUG:pybindgen.typehandlers:try to lookup type handler for 'int32_t' => success ((<class 'pybindgen.typehandlers.inttype.IntParam'>, None, <pybindgen.typehandlers.ctypeparser.TypeTraits object at 0x7fadbc1489b0>))
DEBUG:pybindgen.typehandlers:TypeMatcher.lookup('void')
DEBUG:pybindgen.typehandlers:try to lookup type handler for 'void' => success ((<class 'pybindgen.typehandlers.voidtype.VoidReturn'>, None, <pybindgen.typehandlers.ctypeparser.TypeTraits object at 0x7fadbc148d68>))
DEBUG:pybindgen.typehandlers:TypeMatcher.lookup('ns3::ByteTagList const &')
DEBUG:pybindgen.typehandlers:try to lookup type handler for 'ns3::ByteTagList const &' => success ((<class 'pybindgen.cppclass.CppClass.__init__.<locals>.ThisClassRefParameter'>, None, <pybindgen.typehandlers.ctypeparser.TypeTraits object at 0x7fadbc148eb8>))
DEBUG:pybindgen.typehandlers:TypeMatcher.lookup('void')
DEBUG:pybindgen.typehandlers:try to lookup type handler for 'void' => success ((<class 'pybindgen.typehandlers.voidtype.VoidReturn'>, None, <pybindgen.typehandlers.ctypeparser.TypeTraits object at 0x7fadbc1502b0>))
DEBUG:pybindgen.typehandlers:TypeMatcher.lookup('int32_t')
DEBUG:pybindgen.typehandlers:try to lookup type handler for 'int32_t' => success ((<class 'pybindgen.typehandlers.inttype.IntParam'>, None, <pybindgen.typehandlers.ctypeparser.TypeTraits object at 0x7fadbc150400>))
DEBUG:pybindgen.typehandlers:TypeMatcher.lookup('void')
DEBUG:pybindgen.typehandlers:try to lookup type handler for 'void' => success ((<class 'pybindgen.typehandlers.voidtype.VoidReturn'>, None, <pybindgen.typehandlers.ctypeparser.TypeTraits object at 0x7fadbc150780>))
DEBUG:pybindgen.typehandlers:TypeMatcher.lookup('int32_t')
DEBUG:pybindgen.typehandlers:try to lookup type handler for 'int32_t' => success ((<class 'pybindgen.typehandlers.inttype.IntParam'>, None, <pybindgen.typehandlers.ctypeparser.TypeTraits object at 0x7fadbc1508d0>))
DEBUG:pybindgen.typehandlers:TypeMatcher.lookup('void')
DEBUG:pybindgen.typehandlers:try to lookup type handler for 'void' => success ((<class 'pybindgen.typehandlers.voidtype.VoidReturn'>, None, <pybindgen.typehandlers.ctypeparser.TypeTraits object at 0x7fadbc150c50>))
DEBUG:pybindgen.typehandlers:TypeMatcher.lookup('int32_t')
DEBUG:pybindgen.typehandlers:try to lookup type handler for 'int32_t' => success ((<class 'pybindgen.typehandlers.inttype.IntParam'>, None, <pybindgen.typehandlers.ctypeparser.TypeTraits object at 0x7fadbc150da0>))
DEBUG:pybindgen.typehandlers:TypeMatcher.lookup('ns3::ByteTagList::Iterator')
DEBUG:pybindgen.typehandlers:try to lookup type handler for 'ns3::ByteTagList::Iterator' => success ((<class 'pybindgen.cppclass.CppClass.__init__.<locals>.ThisClassReturn'>, None, <pybindgen.typehandlers.ctypeparser.TypeTraits object at 0x7fadbc0d9160>))
DEBUG:pybindgen.typehandlers:TypeMatcher.lookup('int32_t')
DEBUG:pybindgen.typehandlers:try to lookup type handler for 'int32_t' => success ((<class 'pybindgen.typehandlers.inttype.IntParam'>, None, <pybindgen.typehandlers.ctypeparser.TypeTraits object at 0x7fadbc0d9278>))
DEBUG:pybindgen.typehandlers:TypeMatcher.lookup('int32_t')
DEBUG:pybindgen.typehandlers:try to lookup type handler for 'int32_t' => success ((<class 'pybindgen.typehandlers.inttype.IntParam'>, None, <pybindgen.typehandlers.ctypeparser.TypeTraits object at 0x7fadbc0d9358>))
DEBUG:pybindgen.typehandlers:TypeMatcher.lookup('uint32_t')
DEBUG:pybindgen.typehandlers:try to lookup type handler for 'uint32_t' => success ((<class 'pybindgen.typehandlers.inttype.UnsignedIntReturn'>, None, <pybindgen.typehandlers.ctypeparser.TypeTraits object at 0x7fadbc0d9710>))
DEBUG:pybindgen.typehandlers:TypeMatcher.lookup('uint32_t const *')
DEBUG:pybindgen.typehandlers:try to lookup type handler for 'uint32_t const *' => success ((<class 'pybindgen.typehandlers.inttype.UnsignedIntPtrParam'>, None, <pybindgen.typehandlers.ctypeparser.TypeTraits object at 0x7fadbc0d9828>))
DEBUG:pybindgen.typehandlers:TypeMatcher.lookup('uint32_t')
DEBUG:pybindgen.typehandlers:try to lookup type handler for 'uint32_t' => success ((<class 'pybindgen.typehandlers.inttype.UnsignedIntParam'>, None, <pybindgen.typehandlers.ctypeparser.TypeTraits object at 0x7fadbc0d99e8>))
DEBUG:pybindgen.typehandlers:TypeMatcher.lookup('uint32_t')
DEBUG:pybindgen.typehandlers:try to lookup type handler for 'uint32_t' => success ((<class 'pybindgen.typehandlers.inttype.UnsignedIntReturn'>, None, <pybindgen.typehandlers.ctypeparser.TypeTraits object at 0x7fadbc0d9cf8>))
DEBUG:pybindgen.typehandlers:TypeMatcher.lookup('void')
DEBUG:pybindgen.typehandlers:try to lookup type handler for 'void' => success ((<class 'pybindgen.typehandlers.voidtype.VoidReturn'>, None, <pybindgen.typehandlers.ctypeparser.TypeTraits object at 0x7fadbc0dd0b8>))
DEBUG:pybindgen.typehandlers:TypeMatcher.lookup('uint32_t')
DEBUG:pybindgen.typehandlers:try to lookup type handler for 'uint32_t' => success ((<class 'pybindgen.typehandlers.inttype.UnsignedIntReturn'>, None, <pybindgen.typehandlers.ctypeparser.TypeTraits object at 0x7fadbc0dd4a8>))
DEBUG:pybindgen.typehandlers:TypeMatcher.lookup('uint32_t *')
DEBUG:pybindgen.typehandlers:try to lookup type handler for 'uint32_t *' => success ((<class 'pybindgen.typehandlers.inttype.UnsignedIntPtrParam'>, None, <pybindgen.typehandlers.ctypeparser.TypeTraits object at 0x7fadbc0dd5c0>))
DEBUG:pybindgen.typehandlers:TypeMatcher.lookup('uint32_t')
DEBUG:pybindgen.typehandlers:try to lookup type handler for 'uint32_t' => success ((<class 'pybindgen.typehandlers.inttype.UnsignedIntParam'>, None, <pybindgen.typehandlers.ctypeparser.TypeTraits object at 0x7fadbc0dd6d8>))
DEBUG:pybindgen.typehandlers:TypeMatcher.lookup('ns3::ByteTagList::Iterator const &')
DEBUG:pybindgen.typehandlers:try to lookup type handler for 'ns3::ByteTagList::Iterator const &' => success ((<class 'pybindgen.cppclass.CppClass.__init__.<locals>.ThisClassRefParameter'>, None, <pybindgen.typehandlers.ctypeparser.TypeTraits object at 0x7fadbc0dda58>))
DEBUG:pybindgen.typehandlers:TypeMatcher.lookup('uint32_t')
DEBUG:pybindgen.typehandlers:try to lookup type handler for 'uint32_t' => success ((<class 'pybindgen.typehandlers.inttype.UnsignedIntReturn'>, None, <pybindgen.typehandlers.ctypeparser.TypeTraits object at 0x7fadbc0dde10>))
DEBUG:pybindgen.typehandlers:TypeMatcher.lookup('bool')
DEBUG:pybindgen.typehandlers:try to lookup type handler for 'bool' => success ((<class 'pybindgen.typehandlers.booltype.BoolReturn'>, None, <pybindgen.typehandlers.ctypeparser.TypeTraits object at 0x7fadbc0e71d0>))
DEBUG:pybindgen.typehandlers:TypeMatcher.lookup('ns3::ByteTagList::Iterator::Item')
DEBUG:pybindgen.typehandlers:try to lookup type handler for 'ns3::ByteTagList::Iterator::Item' => success ((<class 'pybindgen.cppclass.CppClass.__init__.<locals>.ThisClassReturn'>, None, <pybindgen.typehandlers.ctypeparser.TypeTraits object at 0x7fadbc0e7588>))
DEBUG:pybindgen.typehandlers:TypeMatcher.lookup('ns3::ByteTagList::Iterator::Item const &')
DEBUG:pybindgen.typehandlers:try to lookup type handler for 'ns3::ByteTagList::Iterator::Item const &' => success ((<class 'pybindgen.cppclass.CppClass.__init__.<locals>.ThisClassRefParameter'>, None, <pybindgen.typehandlers.ctypeparser.TypeTraits object at 0x7fadbc0e7978>))
DEBUG:pybindgen.typehandlers:TypeMatcher.lookup('ns3::TagBuffer')
DEBUG:pybindgen.typehandlers:try to lookup type handler for 'ns3::TagBuffer' => success ((<class 'pybindgen.cppclass.CppClass.__init__.<locals>.ThisClassParameter'>, None, <pybindgen.typehandlers.ctypeparser.TypeTraits object at 0x7fadbc0e7d68>))
DEBUG:pybindgen.typehandlers:TypeMatcher.lookup('ns3::TagBuffer')
DEBUG:pybindgen.typehandlers:try to lookup type handler for 'ns3::TagBuffer' => success ((<class 'pybindgen.cppclass.CppClass.__init__.<locals>.ThisClassReturn'>, None, <pybindgen.typehandlers.ctypeparser.TypeTraits object at 0x7fadbc0ee080>))
DEBUG:pybindgen.typehandlers:TypeMatcher.lookup('int32_t')
DEBUG:pybindgen.typehandlers:try to lookup type handler for 'int32_t' => success ((<class 'pybindgen.typehandlers.inttype.IntReturn'>, None, <pybindgen.typehandlers.ctypeparser.TypeTraits object at 0x7fadbc0ee5c0>))
DEBUG:pybindgen.typehandlers:TypeMatcher.lookup('uint32_t')
DEBUG:pybindgen.typehandlers:try to lookup type handler for 'uint32_t' => success ((<class 'pybindgen.typehandlers.inttype.UnsignedIntReturn'>, None, <pybindgen.typehandlers.ctypeparser.TypeTraits object at 0x7fadbc0eeb38>))
DEBUG:pybindgen.typehandlers:TypeMatcher.lookup('int32_t')
DEBUG:pybindgen.typehandlers:try to lookup type handler for 'int32_t' => success ((<class 'pybindgen.typehandlers.inttype.IntReturn'>, None, <pybindgen.typehandlers.ctypeparser.TypeTraits object at 0x7fadbc0f60b8>))
DEBUG:pybindgen.typehandlers:TypeMatcher.lookup('ns3::TypeId')
DEBUG:pybindgen.typehandlers:try to lookup type handler for 'ns3::TypeId' => success ((<class 'pybindgen.cppclass.CppClass.__init__.<locals>.ThisClassReturn'>, None, <pybindgen.typehandlers.ctypeparser.TypeTraits object at 0x7fadbc0f6630>))
DEBUG:pybindgen.typehandlers:TypeMatcher.lookup('ns3::CallbackBase const &')
DEBUG:pybindgen.typehandlers:try to lookup type handler for 'ns3::CallbackBase const &' => success ((<class 'pybindgen.cppclass.CppClass.__init__.<locals>.ThisClassRefParameter'>, None, <pybindgen.typehandlers.ctypeparser.TypeTraits object at 0x7fadbc0f6be0>))
DEBUG:pybindgen.typehandlers:TypeMatcher.lookup('ns3::Ptr< ns3::CallbackImplBase >')
DEBUG:pybindgen.typehandlers:try to lookup type handler for 'ns3::Ptr< ns3::CallbackImplBase >' => failure
DEBUG:pybindgen.typehandlers:try to lookup type handler for 'ns3::CallbackImplBase *' => success ((<class 'pybindgen.cppclass.MemoryPolicy.register_ptr_parameter_and_return.<locals>.ThisClassPtrReturn'>, <ns3modulegen_core_customizations.SmartPointerTransformation object at 0x7fadbc4dbac8>, <pybindgen.typehandlers.ctypeparser.TypeTraits object at 0x7fadbc0fe470>))
DEBUG:pybindgen.typehandlers:TypeMatcher.lookup('ns3::Ptr< ns3::CallbackImplBase >')
DEBUG:pybindgen.typehandlers:try to lookup type handler for 'ns3::Ptr< ns3::CallbackImplBase >' => failure
DEBUG:pybindgen.typehandlers:try to lookup type handler for 'ns3::CallbackImplBase *' => success ((<class 'pybindgen.cppclass.MemoryPolicy.register_ptr_parameter_and_return.<locals>.ThisClassPtrParameter'>, <ns3modulegen_core_customizations.SmartPointerTransformation object at 0x7fadbc4dbac8>, <pybindgen.typehandlers.ctypeparser.TypeTraits object at 0x7fadbc0fe940>))
DEBUG:pybindgen.typehandlers:TypeMatcher.lookup('ns3::DefaultDeleter< ns3::AttributeAccessor > const &')
DEBUG:pybindgen.typehandlers:try to lookup type handler for 'ns3::DefaultDeleter< ns3::AttributeAccessor > const &' => success ((<class 'pybindgen.cppclass.CppClass.__init__.<locals>.ThisClassRefParameter'>, None, <pybindgen.typehandlers.ctypeparser.TypeTraits object at 0x7fadbc0fedd8>))
DEBUG:pybindgen.typehandlers:TypeMatcher.lookup('void')
DEBUG:pybindgen.typehandlers:try to lookup type handler for 'void' => success ((<class 'pybindgen.typehandlers.voidtype.VoidReturn'>, None, <pybindgen.typehandlers.ctypeparser.TypeTraits object at 0x7fadbc105278>))
DEBUG:pybindgen.typehandlers:TypeMatcher.lookup('ns3::AttributeAccessor *')
DEBUG:pybindgen.typehandlers:try to lookup type handler for 'ns3::AttributeAccessor *' => success ((<class 'pybindgen.cppclass.MemoryPolicy.register_ptr_parameter_and_return.<locals>.ThisClassPtrParameter'>, None, <pybindgen.typehandlers.ctypeparser.TypeTraits object at 0x7fadbc1053c8>))
/home/cs18/tarballs/ns-allinone-3.34/ns-3.34/src/lr-wpan/bindings/modulegen__gcc_LP64.py:1561: Warning: exception TypeConfigurationError('Missing transfer_ownership option',) in wrapper public: retval? ???::Delete (params?);
  is_static=True)
DEBUG:pybindgen.typehandlers:TypeMatcher.lookup('ns3::DefaultDeleter< ns3::AttributeChecker > const &')
DEBUG:pybindgen.typehandlers:try to lookup type handler for 'ns3::DefaultDeleter< ns3::AttributeChecker > const &' => success ((<class 'pybindgen.cppclass.CppClass.__init__.<locals>.ThisClassRefParameter'>, None, <pybindgen.typehandlers.ctypeparser.TypeTraits object at 0x7fadbc1057b8>))
DEBUG:pybindgen.typehandlers:TypeMatcher.lookup('void')
DEBUG:pybindgen.typehandlers:try to lookup type handler for 'void' => success ((<class 'pybindgen.typehandlers.voidtype.VoidReturn'>, None, <pybindgen.typehandlers.ctypeparser.TypeTraits object at 0x7fadbc105978>))
DEBUG:pybindgen.typehandlers:TypeMatcher.lookup('ns3::AttributeChecker *')
DEBUG:pybindgen.typehandlers:try to lookup type handler for 'ns3::AttributeChecker *' => success ((<class 'pybindgen.cppclass.MemoryPolicy.register_ptr_parameter_and_return.<locals>.ThisClassPtrParameter'>, None, <pybindgen.typehandlers.ctypeparser.TypeTraits object at 0x7fadbc105ac8>))
/home/cs18/tarballs/ns-allinone-3.34/ns-3.34/src/lr-wpan/bindings/modulegen__gcc_LP64.py:1573: Warning: exception TypeConfigurationError('Missing transfer_ownership option',) in wrapper public: retval? ???::Delete (params?);
  is_static=True)
DEBUG:pybindgen.typehandlers:TypeMatcher.lookup('ns3::DefaultDeleter< ns3::AttributeValue > const &')
DEBUG:pybindgen.typehandlers:try to lookup type handler for 'ns3::DefaultDeleter< ns3::AttributeValue > const &' => success ((<class 'pybindgen.cppclass.CppClass.__init__.<locals>.ThisClassRefParameter'>, None, <pybindgen.typehandlers.ctypeparser.TypeTraits object at 0x7fadbc105eb8>))
DEBUG:pybindgen.typehandlers:TypeMatcher.lookup('void')
DEBUG:pybindgen.typehandlers:try to lookup type handler for 'void' => success ((<class 'pybindgen.typehandlers.voidtype.VoidReturn'>, None, <pybindgen.typehandlers.ctypeparser.TypeTraits object at 0x7fadbc10f358>))
DEBUG:pybindgen.typehandlers:TypeMatcher.lookup('ns3::AttributeValue *')
DEBUG:pybindgen.typehandlers:try to lookup type handler for 'ns3::AttributeValue *' => success ((<class 'pybindgen.cppclass.MemoryPolicy.register_ptr_parameter_and_return.<locals>.ThisClassPtrParameter'>, None, <pybindgen.typehandlers.ctypeparser.TypeTraits object at 0x7fadbc10f4a8>))
/home/cs18/tarballs/ns-allinone-3.34/ns-3.34/src/lr-wpan/bindings/modulegen__gcc_LP64.py:1585: Warning: exception TypeConfigurationError('Missing transfer_ownership option',) in wrapper public: retval? ???::Delete (params?);
  is_static=True)
DEBUG:pybindgen.typehandlers:TypeMatcher.lookup('ns3::DefaultDeleter< ns3::CallbackImplBase > const &')
DEBUG:pybindgen.typehandlers:try to lookup type handler for 'ns3::DefaultDeleter< ns3::CallbackImplBase > const &' => success ((<class 'pybindgen.cppclass.CppClass.__init__.<locals>.ThisClassRefParameter'>, None, <pybindgen.typehandlers.ctypeparser.TypeTraits object at 0x7fadbc10f898>))
DEBUG:pybindgen.typehandlers:TypeMatcher.lookup('void')
DEBUG:pybindgen.typehandlers:try to lookup type handler for 'void' => success ((<class 'pybindgen.typehandlers.voidtype.VoidReturn'>, None, <pybindgen.typehandlers.ctypeparser.TypeTraits object at 0x7fadbc10fcf8>))
DEBUG:pybindgen.typehandlers:TypeMatcher.lookup('ns3::CallbackImplBase *')
DEBUG:pybindgen.typehandlers:try to lookup type handler for 'ns3::CallbackImplBase *' => success ((<class 'pybindgen.cppclass.MemoryPolicy.register_ptr_parameter_and_return.<locals>.ThisClassPtrParameter'>, None, <pybindgen.typehandlers.ctypeparser.TypeTraits object at 0x7fadbc10fe48>))
/home/cs18/tarballs/ns-allinone-3.34/ns-3.34/src/lr-wpan/bindings/modulegen__gcc_LP64.py:1597: Warning: exception TypeConfigurationError('Missing transfer_ownership option',) in wrapper public: retval? ???::Delete (params?);
  is_static=True)
DEBUG:pybindgen.typehandlers:TypeMatcher.lookup('ns3::DefaultDeleter< ns3::EventImpl > const &')
DEBUG:pybindgen.typehandlers:try to lookup type handler for 'ns3::DefaultDeleter< ns3::EventImpl > const &' => success ((<class 'pybindgen.cppclass.CppClass.__init__.<locals>.ThisClassRefParameter'>, None, <pybindgen.typehandlers.ctypeparser.TypeTraits object at 0x7fadbc117278>))
DEBUG:pybindgen.typehandlers:TypeMatcher.lookup('void')
DEBUG:pybindgen.typehandlers:try to lookup type handler for 'void' => success ((<class 'pybindgen.typehandlers.voidtype.VoidReturn'>, None, <pybindgen.typehandlers.ctypeparser.TypeTraits object at 0x7fadbc1176d8>))
DEBUG:pybindgen.typehandlers:TypeMatcher.lookup('ns3::EventImpl *')
DEBUG:pybindgen.typehandlers:try to lookup type handler for 'ns3::EventImpl *' => success ((<class 'pybindgen.cppclass.MemoryPolicy.register_ptr_parameter_and_return.<locals>.ThisClassPtrParameter'>, None, <pybindgen.typehandlers.ctypeparser.TypeTraits object at 0x7fadbc117828>))
/home/cs18/tarballs/ns-allinone-3.34/ns-3.34/src/lr-wpan/bindings/modulegen__gcc_LP64.py:1609: Warning: exception TypeConfigurationError('Missing transfer_ownership option',) in wrapper public: retval? ???::Delete (params?);
  is_static=True)
DEBUG:pybindgen.typehandlers:TypeMatcher.lookup('ns3::DefaultDeleter< ns3::Hash::Implementation > const &')
DEBUG:pybindgen.typehandlers:try to lookup type handler for 'ns3::DefaultDeleter< ns3::Hash::Implementation > const &' => success ((<class 'pybindgen.cppclass.CppClass.__init__.<locals>.ThisClassRefParameter'>, None, <pybindgen.typehandlers.ctypeparser.TypeTraits object at 0x7fadbc117c18>))
DEBUG:pybindgen.typehandlers:TypeMatcher.lookup('void')
DEBUG:pybindgen.typehandlers:try to lookup type handler for 'void' => success ((<class 'pybindgen.typehandlers.voidtype.VoidReturn'>, None, <pybindgen.typehandlers.ctypeparser.TypeTraits object at 0x7fadbc10f550>))
DEBUG:pybindgen.typehandlers:TypeMatcher.lookup('ns3::Hash::Implementation *')
DEBUG:pybindgen.typehandlers:try to lookup type handler for 'ns3::Hash::Implementation *' => success ((<class 'pybindgen.cppclass.MemoryPolicy.register_ptr_parameter_and_return.<locals>.ThisClassPtrParameter'>, None, <pybindgen.typehandlers.ctypeparser.TypeTraits object at 0x7fadbc10f358>))
/home/cs18/tarballs/ns-allinone-3.34/ns-3.34/src/lr-wpan/bindings/modulegen__gcc_LP64.py:1621: Warning: exception TypeConfigurationError('Missing transfer_ownership option',) in wrapper public: retval? ???::Delete (params?);
  is_static=True)
DEBUG:pybindgen.typehandlers:TypeMatcher.lookup('ns3::DefaultDeleter< ns3::LrWpanInterferenceHelper > const &')
DEBUG:pybindgen.typehandlers:try to lookup type handler for 'ns3::DefaultDeleter< ns3::LrWpanInterferenceHelper > const &' => success ((<class 'pybindgen.cppclass.CppClass.__init__.<locals>.ThisClassRefParameter'>, None, <pybindgen.typehandlers.ctypeparser.TypeTraits object at 0x7fadbc117908>))
DEBUG:pybindgen.typehandlers:TypeMatcher.lookup('void')
DEBUG:pybindgen.typehandlers:try to lookup type handler for 'void' => success ((<class 'pybindgen.typehandlers.voidtype.VoidReturn'>, None, <pybindgen.typehandlers.ctypeparser.TypeTraits object at 0x7fadbc117f98>))
DEBUG:pybindgen.typehandlers:TypeMatcher.lookup('ns3::LrWpanInterferenceHelper *')
DEBUG:pybindgen.typehandlers:try to lookup type handler for 'ns3::LrWpanInterferenceHelper *' => success ((<class 'pybindgen.cppclass.MemoryPolicy.register_ptr_parameter_and_return.<locals>.ThisClassPtrParameter'>, None, <pybindgen.typehandlers.ctypeparser.TypeTraits object at 0x7fadbc05f128>))
/home/cs18/tarballs/ns-allinone-3.34/ns-3.34/src/lr-wpan/bindings/modulegen__gcc_LP64.py:1633: Warning: exception TypeConfigurationError('Missing transfer_ownership option',) in wrapper public: retval? ???::Delete (params?);
  is_static=True)
DEBUG:pybindgen.typehandlers:TypeMatcher.lookup('ns3::DefaultDeleter< ns3::NixVector > const &')
DEBUG:pybindgen.typehandlers:try to lookup type handler for 'ns3::DefaultDeleter< ns3::NixVector > const &' => success ((<class 'pybindgen.cppclass.CppClass.__init__.<locals>.ThisClassRefParameter'>, None, <pybindgen.typehandlers.ctypeparser.TypeTraits object at 0x7fadbc05f518>))
DEBUG:pybindgen.typehandlers:TypeMatcher.lookup('void')
DEBUG:pybindgen.typehandlers:try to lookup type handler for 'void' => success ((<class 'pybindgen.typehandlers.voidtype.VoidReturn'>, None, <pybindgen.typehandlers.ctypeparser.TypeTraits object at 0x7fadbc05f978>))
DEBUG:pybindgen.typehandlers:TypeMatcher.lookup('ns3::NixVector *')
DEBUG:pybindgen.typehandlers:try to lookup type handler for 'ns3::NixVector *' => success ((<class 'pybindgen.cppclass.MemoryPolicy.register_ptr_parameter_and_return.<locals>.ThisClassPtrParameter'>, None, <pybindgen.typehandlers.ctypeparser.TypeTraits object at 0x7fadbc05fac8>))
/home/cs18/tarballs/ns-allinone-3.34/ns-3.34/src/lr-wpan/bindings/modulegen__gcc_LP64.py:1645: Warning: exception TypeConfigurationError('Missing transfer_ownership option',) in wrapper public: retval? ???::Delete (params?);
  is_static=True)
DEBUG:pybindgen.typehandlers:TypeMatcher.lookup('ns3::DefaultDeleter< ns3::OutputStreamWrapper > const &')
DEBUG:pybindgen.typehandlers:try to lookup type handler for 'ns3::DefaultDeleter< ns3::OutputStreamWrapper > const &' => success ((<class 'pybindgen.cppclass.CppClass.__init__.<locals>.ThisClassRefParameter'>, None, <pybindgen.typehandlers.ctypeparser.TypeTraits object at 0x7fadbc05feb8>))
DEBUG:pybindgen.typehandlers:TypeMatcher.lookup('void')
DEBUG:pybindgen.typehandlers:try to lookup type handler for 'void' => success ((<class 'pybindgen.typehandlers.voidtype.VoidReturn'>, None, <pybindgen.typehandlers.ctypeparser.TypeTraits object at 0x7fadbc067358>))
DEBUG:pybindgen.typehandlers:TypeMatcher.lookup('ns3::OutputStreamWrapper *')
DEBUG:pybindgen.typehandlers:try to lookup type handler for 'ns3::OutputStreamWrapper *' => success ((<class 'pybindgen.cppclass.MemoryPolicy.register_ptr_parameter_and_return.<locals>.ThisClassPtrParameter'>, None, <pybindgen.typehandlers.ctypeparser.TypeTraits object at 0x7fadbc0674a8>))
/home/cs18/tarballs/ns-allinone-3.34/ns-3.34/src/lr-wpan/bindings/modulegen__gcc_LP64.py:1657: Warning: exception TypeConfigurationError('Missing transfer_ownership option',) in wrapper public: retval? ???::Delete (params?);
  is_static=True)
DEBUG:pybindgen.typehandlers:TypeMatcher.lookup('ns3::DefaultDeleter< ns3::Packet > const &')
DEBUG:pybindgen.typehandlers:try to lookup type handler for 'ns3::DefaultDeleter< ns3::Packet > const &' => success ((<class 'pybindgen.cppclass.CppClass.__init__.<locals>.ThisClassRefParameter'>, None, <pybindgen.typehandlers.ctypeparser.TypeTraits object at 0x7fadbc067898>))
DEBUG:pybindgen.typehandlers:TypeMatcher.lookup('void')
DEBUG:pybindgen.typehandlers:try to lookup type handler for 'void' => success ((<class 'pybindgen.typehandlers.voidtype.VoidReturn'>, None, <pybindgen.typehandlers.ctypeparser.TypeTraits object at 0x7fadbc117f60>))
DEBUG:pybindgen.typehandlers:TypeMatcher.lookup('ns3::Packet *')
DEBUG:pybindgen.typehandlers:try to lookup type handler for 'ns3::Packet *' => success ((<class 'pybindgen.cppclass.MemoryPolicy.register_ptr_parameter_and_return.<locals>.ThisClassPtrParameter'>, None, <pybindgen.typehandlers.ctypeparser.TypeTraits object at 0x7fadbc05fba8>))
/home/cs18/tarballs/ns-allinone-3.34/ns-3.34/src/lr-wpan/bindings/modulegen__gcc_LP64.py:1669: Warning: exception TypeConfigurationError('Missing transfer_ownership option',) in wrapper public: retval? ???::Delete (params?);
  is_static=True)
DEBUG:pybindgen.typehandlers:TypeMatcher.lookup('ns3::DefaultDeleter< ns3::SpectrumSignalParameters > const &')
DEBUG:pybindgen.typehandlers:try to lookup type handler for 'ns3::DefaultDeleter< ns3::SpectrumSignalParameters > const &' => success ((<class 'pybindgen.cppclass.CppClass.__init__.<locals>.ThisClassRefParameter'>, None, <pybindgen.typehandlers.ctypeparser.TypeTraits object at 0x7fadbc105ac8>))
DEBUG:pybindgen.typehandlers:TypeMatcher.lookup('void')
DEBUG:pybindgen.typehandlers:try to lookup type handler for 'void' => success ((<class 'pybindgen.typehandlers.voidtype.VoidReturn'>, None, <pybindgen.typehandlers.ctypeparser.TypeTraits object at 0x7fadbc0673c8>))
DEBUG:pybindgen.typehandlers:TypeMatcher.lookup('ns3::SpectrumSignalParameters *')
DEBUG:pybindgen.typehandlers:try to lookup type handler for 'ns3::SpectrumSignalParameters *' => success ((<class 'pybindgen.cppclass.MemoryPolicy.register_ptr_parameter_and_return.<locals>.ThisClassPtrParameter'>, None, <pybindgen.typehandlers.ctypeparser.TypeTraits object at 0x7fadbc067d68>))
/home/cs18/tarballs/ns-allinone-3.34/ns-3.34/src/lr-wpan/bindings/modulegen__gcc_LP64.py:1681: Warning: exception TypeConfigurationError('Missing transfer_ownership option',) in wrapper public: retval? ???::Delete (params?);
  is_static=True)
DEBUG:pybindgen.typehandlers:TypeMatcher.lookup('ns3::DefaultDeleter< ns3::TraceSourceAccessor > const &')
DEBUG:pybindgen.typehandlers:try to lookup type handler for 'ns3::DefaultDeleter< ns3::TraceSourceAccessor > const &' => success ((<class 'pybindgen.cppclass.CppClass.__init__.<locals>.ThisClassRefParameter'>, None, <pybindgen.typehandlers.ctypeparser.TypeTraits object at 0x7fadbc06e198>))
DEBUG:pybindgen.typehandlers:TypeMatcher.lookup('void')
DEBUG:pybindgen.typehandlers:try to lookup type handler for 'void' => success ((<class 'pybindgen.typehandlers.voidtype.VoidReturn'>, None, <pybindgen.typehandlers.ctypeparser.TypeTraits object at 0x7fadbc06e5f8>))
DEBUG:pybindgen.typehandlers:TypeMatcher.lookup('ns3::TraceSourceAccessor *')
DEBUG:pybindgen.typehandlers:try to lookup type handler for 'ns3::TraceSourceAccessor *' => success ((<class 'pybindgen.cppclass.MemoryPolicy.register_ptr_parameter_and_return.<locals>.ThisClassPtrParameter'>, None, <pybindgen.typehandlers.ctypeparser.TypeTraits object at 0x7fadbc06e748>))
/home/cs18/tarballs/ns-allinone-3.34/ns-3.34/src/lr-wpan/bindings/modulegen__gcc_LP64.py:1693: Warning: exception TypeConfigurationError('Missing transfer_ownership option',) in wrapper public: retval? ???::Delete (params?);
  is_static=True)
DEBUG:pybindgen.typehandlers:TypeMatcher.lookup('ns3::EventId const &')
DEBUG:pybindgen.typehandlers:try to lookup type handler for 'ns3::EventId const &' => success ((<class 'pybindgen.cppclass.CppClass.__init__.<locals>.ThisClassRefParameter'>, None, <pybindgen.typehandlers.ctypeparser.TypeTraits object at 0x7fadbc06e8d0>))
DEBUG:pybindgen.typehandlers:TypeMatcher.lookup('ns3::Ptr< ns3::EventImpl > const &')
DEBUG:pybindgen.typehandlers:try to lookup type handler for 'ns3::Ptr< ns3::EventImpl > const &' => failure
'ns3::Ptr< ns3::EventImpl > const &' did not match
/home/cs18/tarballs/ns-allinone-3.34/ns-3.34/src/lr-wpan/bindings/modulegen__gcc_LP64.py:1705: Warning: exception TypeLookupError(['ns3::Ptr< ns3::EventImpl > &'],) in wrapper <pybindgen.cppmethod.CppConstructor object at 0x7fadbc06eeb8>
  cls.add_constructor([param('ns3::Ptr< ns3::EventImpl > const &', 'impl'), param('uint64_t', 'ts'), param('uint32_t', 'context'), param('uint32_t', 'uid')])
DEBUG:pybindgen.typehandlers:TypeMatcher.lookup('void')
DEBUG:pybindgen.typehandlers:try to lookup type handler for 'void' => success ((<class 'pybindgen.typehandlers.voidtype.VoidReturn'>, None, <pybindgen.typehandlers.ctypeparser.TypeTraits object at 0x7fadbc077128>))
DEBUG:pybindgen.typehandlers:TypeMatcher.lookup('uint32_t')
DEBUG:pybindgen.typehandlers:try to lookup type handler for 'uint32_t' => success ((<class 'pybindgen.typehandlers.inttype.UnsignedIntReturn'>, None, <pybindgen.typehandlers.ctypeparser.TypeTraits object at 0x7fadbc077550>))
DEBUG:pybindgen.typehandlers:TypeMatcher.lookup('uint64_t')
DEBUG:pybindgen.typehandlers:try to lookup type handler for 'uint64_t' => success ((<class 'pybindgen.typehandlers.inttype.UnsignedLongLongReturn'>, None, <pybindgen.typehandlers.ctypeparser.TypeTraits object at 0x7fadbc0778d0>))
DEBUG:pybindgen.typehandlers:TypeMatcher.lookup('uint32_t')
DEBUG:pybindgen.typehandlers:try to lookup type handler for 'uint32_t' => success ((<class 'pybindgen.typehandlers.inttype.UnsignedIntReturn'>, None, <pybindgen.typehandlers.ctypeparser.TypeTraits object at 0x7fadbc06ef28>))
DEBUG:pybindgen.typehandlers:TypeMatcher.lookup('bool')
DEBUG:pybindgen.typehandlers:try to lookup type handler for 'bool' => success ((<class 'pybindgen.typehandlers.booltype.BoolReturn'>, None, <pybindgen.typehandlers.ctypeparser.TypeTraits object at 0x7fadbc06e5f8>))
DEBUG:pybindgen.typehandlers:TypeMatcher.lookup('bool')
DEBUG:pybindgen.typehandlers:try to lookup type handler for 'bool' => success ((<class 'pybindgen.typehandlers.booltype.BoolReturn'>, None, <pybindgen.typehandlers.ctypeparser.TypeTraits object at 0x7fadbc117f60>))
DEBUG:pybindgen.typehandlers:TypeMatcher.lookup('ns3::EventImpl *')
DEBUG:pybindgen.typehandlers:try to lookup type handler for 'ns3::EventImpl *' => success ((<class 'pybindgen.cppclass.MemoryPolicy.register_ptr_parameter_and_return.<locals>.ThisClassPtrReturn'>, None, <pybindgen.typehandlers.ctypeparser.TypeTraits object at 0x7fadbc077d30>))
DEBUG:pybindgen.typehandlers:TypeMatcher.lookup('void')
DEBUG:pybindgen.typehandlers:try to lookup type handler for 'void' => success ((<class 'pybindgen.typehandlers.voidtype.VoidReturn'>, None, <pybindgen.typehandlers.ctypeparser.TypeTraits object at 0x7fadbc07e128>))
DEBUG:pybindgen.typehandlers:TypeMatcher.lookup('ns3::GtsFields const &')
DEBUG:pybindgen.typehandlers:try to lookup type handler for 'ns3::GtsFields const &' => success ((<class 'pybindgen.cppclass.CppClass.__init__.<locals>.ThisClassRefParameter'>, None, <pybindgen.typehandlers.ctypeparser.TypeTraits object at 0x7fadbc07e550>))
DEBUG:pybindgen.typehandlers:TypeMatcher.lookup('ns3::Buffer::Iterator')
DEBUG:pybindgen.typehandlers:try to lookup type handler for 'ns3::Buffer::Iterator' => success ((<class 'pybindgen.cppclass.CppClass.__init__.<locals>.ThisClassReturn'>, None, <pybindgen.typehandlers.ctypeparser.TypeTraits object at 0x7fadbc07eb70>))
DEBUG:pybindgen.typehandlers:TypeMatcher.lookup('ns3::Buffer::Iterator')
DEBUG:pybindgen.typehandlers:try to lookup type handler for 'ns3::Buffer::Iterator' => success ((<class 'pybindgen.cppclass.CppClass.__init__.<locals>.ThisClassParameter'>, None, <pybindgen.typehandlers.ctypeparser.TypeTraits object at 0x7fadbc07ec88>))
DEBUG:pybindgen.typehandlers:TypeMatcher.lookup('uint8_t')
DEBUG:pybindgen.typehandlers:try to lookup type handler for 'uint8_t' => success ((<class 'pybindgen.typehandlers.inttype.UInt8Return'>, None, <pybindgen.typehandlers.ctypeparser.TypeTraits object at 0x7fadbc07efd0>))
DEBUG:pybindgen.typehandlers:TypeMatcher.lookup('uint8_t')
DEBUG:pybindgen.typehandlers:try to lookup type handler for 'uint8_t' => success ((<class 'pybindgen.typehandlers.inttype.UInt8Return'>, None, <pybindgen.typehandlers.ctypeparser.TypeTraits object at 0x7fadbc0853c8>))
DEBUG:pybindgen.typehandlers:TypeMatcher.lookup('uint32_t')
DEBUG:pybindgen.typehandlers:try to lookup type handler for 'uint32_t' => success ((<class 'pybindgen.typehandlers.inttype.UnsignedIntReturn'>, None, <pybindgen.typehandlers.ctypeparser.TypeTraits object at 0x7fadbc085780>))
DEBUG:pybindgen.typehandlers:TypeMatcher.lookup('ns3::Buffer::Iterator')
DEBUG:pybindgen.typehandlers:try to lookup type handler for 'ns3::Buffer::Iterator' => success ((<class 'pybindgen.cppclass.CppClass.__init__.<locals>.ThisClassReturn'>, None, <pybindgen.typehandlers.ctypeparser.TypeTraits object at 0x7fadbc085b00>))
DEBUG:pybindgen.typehandlers:TypeMatcher.lookup('ns3::Buffer::Iterator')
DEBUG:pybindgen.typehandlers:try to lookup type handler for 'ns3::Buffer::Iterator' => success ((<class 'pybindgen.cppclass.CppClass.__init__.<locals>.ThisClassParameter'>, None, <pybindgen.typehandlers.ctypeparser.TypeTraits object at 0x7fadbc085c18>))
DEBUG:pybindgen.typehandlers:TypeMatcher.lookup('void')
DEBUG:pybindgen.typehandlers:try to lookup type handler for 'void' => success ((<class 'pybindgen.typehandlers.voidtype.VoidReturn'>, None, <pybindgen.typehandlers.ctypeparser.TypeTraits object at 0x7fadbc085f60>))
DEBUG:pybindgen.typehandlers:TypeMatcher.lookup('uint8_t')
DEBUG:pybindgen.typehandlers:try to lookup type handler for 'uint8_t' => success ((<class 'pybindgen.typehandlers.inttype.UInt8Param'>, None, <pybindgen.typehandlers.ctypeparser.TypeTraits object at 0x7fadbc08e0f0>))
DEBUG:pybindgen.typehandlers:TypeMatcher.lookup('void')
DEBUG:pybindgen.typehandlers:try to lookup type handler for 'void' => success ((<class 'pybindgen.typehandlers.voidtype.VoidReturn'>, None, <pybindgen.typehandlers.ctypeparser.TypeTraits object at 0x7fadbc08e470>))
DEBUG:pybindgen.typehandlers:TypeMatcher.lookup('uint8_t')
DEBUG:pybindgen.typehandlers:try to lookup type handler for 'uint8_t' => success ((<class 'pybindgen.typehandlers.inttype.UInt8Param'>, None, <pybindgen.typehandlers.ctypeparser.TypeTraits object at 0x7fadbc08e5c0>))
DEBUG:pybindgen.typehandlers:TypeMatcher.lookup('ns3::Hasher const &')
DEBUG:pybindgen.typehandlers:try to lookup type handler for 'ns3::Hasher const &' => success ((<class 'pybindgen.cppclass.CppClass.__init__.<locals>.ThisClassRefParameter'>, None, <pybindgen.typehandlers.ctypeparser.TypeTraits object at 0x7fadbc08e978>))
DEBUG:pybindgen.typehandlers:TypeMatcher.lookup('ns3::Ptr< ns3::Hash::Implementation >')
DEBUG:pybindgen.typehandlers:try to lookup type handler for 'ns3::Ptr< ns3::Hash::Implementation >' => failure
DEBUG:pybindgen.typehandlers:try to lookup type handler for 'ns3::Hash::Implementation *' => success ((<class 'pybindgen.cppclass.MemoryPolicy.register_ptr_parameter_and_return.<locals>.ThisClassPtrParameter'>, <ns3modulegen_core_customizations.SmartPointerTransformation object at 0x7fadbc4dbac8>, <pybindgen.typehandlers.ctypeparser.TypeTraits object at 0x7fadbc096240>))
DEBUG:pybindgen.typehandlers:TypeMatcher.lookup('uint32_t')
DEBUG:pybindgen.typehandlers:try to lookup type handler for 'uint32_t' => success ((<class 'pybindgen.typehandlers.inttype.UnsignedIntReturn'>, None, <pybindgen.typehandlers.ctypeparser.TypeTraits object at 0x7fadbc096438>))
DEBUG:pybindgen.typehandlers:TypeMatcher.lookup('char const *')
DEBUG:pybindgen.typehandlers:try to lookup type handler for 'char const *' => success ((<class 'pybindgen.typehandlers.stringtype.CStringParam'>, None, <pybindgen.typehandlers.ctypeparser.TypeTraits object at 0x7fadbc096550>))
DEBUG:pybindgen.typehandlers:TypeMatcher.lookup('std::size_t const')
DEBUG:pybindgen.typehandlers:try to lookup type handler for 'std::size_t const' => success ((<class 'pybindgen.typehandlers.inttype.SizeTParam'>, None, <pybindgen.typehandlers.ctypeparser.TypeTraits object at 0x7fadbc096710>))
DEBUG:pybindgen.typehandlers:TypeMatcher.lookup('uint32_t')
DEBUG:pybindgen.typehandlers:try to lookup type handler for 'uint32_t' => success ((<class 'pybindgen.typehandlers.inttype.UnsignedIntReturn'>, None, <pybindgen.typehandlers.ctypeparser.TypeTraits object at 0x7fadbc096ac8>))
DEBUG:pybindgen.typehandlers:TypeMatcher.lookup('std::string const')
DEBUG:pybindgen.typehandlers:try to lookup type handler for 'std::string const' => success ((<class 'pybindgen.typehandlers.stringtype.StdStringParam'>, None, <pybindgen.typehandlers.ctypeparser.TypeTraits object at 0x7fadbc096be0>))
DEBUG:pybindgen.typehandlers:TypeMatcher.lookup('uint64_t')
DEBUG:pybindgen.typehandlers:try to lookup type handler for 'uint64_t' => success ((<class 'pybindgen.typehandlers.inttype.UnsignedLongLongReturn'>, None, <pybindgen.typehandlers.ctypeparser.TypeTraits object at 0x7fadbc096f60>))
DEBUG:pybindgen.typehandlers:TypeMatcher.lookup('char const *')
DEBUG:pybindgen.typehandlers:try to lookup type handler for 'char const *' => success ((<class 'pybindgen.typehandlers.stringtype.CStringParam'>, None, <pybindgen.typehandlers.ctypeparser.TypeTraits object at 0x7fadbc01b0b8>))
DEBUG:pybindgen.typehandlers:TypeMatcher.lookup('std::size_t const')
DEBUG:pybindgen.typehandlers:try to lookup type handler for 'std::size_t const' => success ((<class 'pybindgen.typehandlers.inttype.SizeTParam'>, None, <pybindgen.typehandlers.ctypeparser.TypeTraits object at 0x7fadbc01b278>))
DEBUG:pybindgen.typehandlers:TypeMatcher.lookup('uint64_t')
DEBUG:pybindgen.typehandlers:try to lookup type handler for 'uint64_t' => success ((<class 'pybindgen.typehandlers.inttype.UnsignedLongLongReturn'>, None, <pybindgen.typehandlers.ctypeparser.TypeTraits object at 0x7fadbc01b630>))
DEBUG:pybindgen.typehandlers:TypeMatcher.lookup('std::string const')
DEBUG:pybindgen.typehandlers:try to lookup type handler for 'std::string const' => success ((<class 'pybindgen.typehandlers.stringtype.StdStringParam'>, None, <pybindgen.typehandlers.ctypeparser.TypeTraits object at 0x7fadbc01b748>))
DEBUG:pybindgen.typehandlers:TypeMatcher.lookup('ns3::Hasher &')
DEBUG:pybindgen.typehandlers:try to lookup type handler for 'ns3::Hasher &' => success ((<class 'pybindgen.cppclass.CppClass.__init__.<locals>.ThisClassRefReturn'>, None, <pybindgen.typehandlers.ctypeparser.TypeTraits object at 0x7fadbc01bac8>))
DEBUG:pybindgen.typehandlers:TypeMatcher.lookup('ns3::Ipv4Address const &')
DEBUG:pybindgen.typehandlers:try to lookup type handler for 'ns3::Ipv4Address const &' => success ((<class 'pybindgen.cppclass.CppClass.__init__.<locals>.ThisClassRefParameter'>, None, <pybindgen.typehandlers.ctypeparser.TypeTraits object at 0x7fadbc01bef0>))
DEBUG:pybindgen.typehandlers:TypeMatcher.lookup('uint32_t')
DEBUG:pybindgen.typehandlers:try to lookup type handler for 'uint32_t' => success ((<class 'pybindgen.typehandlers.inttype.UnsignedIntParam'>, None, <pybindgen.typehandlers.ctypeparser.TypeTraits object at 0x7fadbc023588>))
DEBUG:pybindgen.typehandlers:TypeMatcher.lookup('char const *')
DEBUG:pybindgen.typehandlers:try to lookup type handler for 'char const *' => success ((<class 'pybindgen.typehandlers.stringtype.CStringParam'>, None, <pybindgen.typehandlers.ctypeparser.TypeTraits object at 0x7fadbc0238d0>))
DEBUG:pybindgen.typehandlers:TypeMatcher.lookup('ns3::Ipv4Address')
DEBUG:pybindgen.typehandlers:try to lookup type handler for 'ns3::Ipv4Address' => success ((<class 'pybindgen.cppclass.CppClass.__init__.<locals>.ThisClassReturn'>, None, <pybindgen.typehandlers.ctypeparser.TypeTraits object at 0x7fadbc023cc0>))
DEBUG:pybindgen.typehandlers:TypeMatcher.lookup('ns3::Ipv4Mask const &')
DEBUG:pybindgen.typehandlers:try to lookup type handler for 'ns3::Ipv4Mask const &' => success ((<class 'pybindgen.cppclass.CppClass.__init__.<locals>.ThisClassRefParameter'>, None, <pybindgen.typehandlers.ctypeparser.TypeTraits object at 0x7fadbc023dd8>))
DEBUG:pybindgen.typehandlers:TypeMatcher.lookup('ns3::Ipv4Address')
DEBUG:pybindgen.typehandlers:try to lookup type handler for 'ns3::Ipv4Address' => success ((<class 'pybindgen.cppclass.CppClass.__init__.<locals>.ThisClassReturn'>, None, <pybindgen.typehandlers.ctypeparser.TypeTraits object at 0x7fadbc02a208>))
DEBUG:pybindgen.typehandlers:TypeMatcher.lookup('ns3::Address const &')
DEBUG:pybindgen.typehandlers:try to lookup type handler for 'ns3::Address const &' => success ((<class 'pybindgen.cppclass.CppClass.__init__.<locals>.ThisClassRefParameter'>, None, <pybindgen.typehandlers.ctypeparser.TypeTraits object at 0x7fadbc02a320>))
DEBUG:pybindgen.typehandlers:TypeMatcher.lookup('ns3::Ipv4Address')
DEBUG:pybindgen.typehandlers:try to lookup type handler for 'ns3::Ipv4Address' => success ((<class 'pybindgen.cppclass.CppClass.__init__.<locals>.ThisClassReturn'>, None, <pybindgen.typehandlers.ctypeparser.TypeTraits object at 0x7fadbc02a710>))
DEBUG:pybindgen.typehandlers:TypeMatcher.lookup('uint8_t const *')
DEBUG:pybindgen.typehandlers:try to lookup type handler for 'uint8_t const *' => success ((<class 'pybindgen.typehandlers.inttype.UInt8PtrParam'>, None, <pybindgen.typehandlers.ctypeparser.TypeTraits object at 0x7fadbc02a828>))
/home/cs18/tarballs/ns-allinone-3.34/ns-3.34/src/lr-wpan/bindings/modulegen__gcc_LP64.py:1842: Warning: exception TypeConfigurationError('direction not given',) in wrapper public: retval? ???::Deserialize (params?);
  is_static=True)
DEBUG:pybindgen.typehandlers:TypeMatcher.lookup('uint32_t')
DEBUG:pybindgen.typehandlers:try to lookup type handler for 'uint32_t' => success ((<class 'pybindgen.typehandlers.inttype.UnsignedIntReturn'>, None, <pybindgen.typehandlers.ctypeparser.TypeTraits object at 0x7fadbc02a978>))
DEBUG:pybindgen.typehandlers:TypeMatcher.lookup('ns3::Ipv4Address')
DEBUG:pybindgen.typehandlers:try to lookup type handler for 'ns3::Ipv4Address' => success ((<class 'pybindgen.cppclass.CppClass.__init__.<locals>.ThisClassReturn'>, None, <pybindgen.typehandlers.ctypeparser.TypeTraits object at 0x7fadbc02ad68>))
DEBUG:pybindgen.typehandlers:TypeMatcher.lookup('ns3::Ipv4Address')
DEBUG:pybindgen.typehandlers:try to lookup type handler for 'ns3::Ipv4Address' => success ((<class 'pybindgen.cppclass.CppClass.__init__.<locals>.ThisClassReturn'>, None, <pybindgen.typehandlers.ctypeparser.TypeTraits object at 0x7fadbc02a898>))
DEBUG:pybindgen.typehandlers:TypeMatcher.lookup('ns3::Ipv4Address')
DEBUG:pybindgen.typehandlers:try to lookup type handler for 'ns3::Ipv4Address' => success ((<class 'pybindgen.cppclass.CppClass.__init__.<locals>.ThisClassReturn'>, None, <pybindgen.typehandlers.ctypeparser.TypeTraits object at 0x7fadbc0311d0>))
DEBUG:pybindgen.typehandlers:TypeMatcher.lookup('ns3::Ipv4Address')
DEBUG:pybindgen.typehandlers:try to lookup type handler for 'ns3::Ipv4Address' => success ((<class 'pybindgen.cppclass.CppClass.__init__.<locals>.ThisClassReturn'>, None, <pybindgen.typehandlers.ctypeparser.TypeTraits object at 0x7fadbc031550>))
DEBUG:pybindgen.typehandlers:TypeMatcher.lookup('ns3::Ipv4Mask const &')
DEBUG:pybindgen.typehandlers:try to lookup type handler for 'ns3::Ipv4Mask const &' => success ((<class 'pybindgen.cppclass.CppClass.__init__.<locals>.ThisClassRefParameter'>, None, <pybindgen.typehandlers.ctypeparser.TypeTraits object at 0x7fadbc031668>))
DEBUG:pybindgen.typehandlers:TypeMatcher.lookup('ns3::Ipv4Address')
DEBUG:pybindgen.typehandlers:try to lookup type handler for 'ns3::Ipv4Address' => success ((<class 'pybindgen.cppclass.CppClass.__init__.<locals>.ThisClassReturn'>, None, <pybindgen.typehandlers.ctypeparser.TypeTraits object at 0x7fadbc031a58>))
DEBUG:pybindgen.typehandlers:TypeMatcher.lookup('bool')
DEBUG:pybindgen.typehandlers:try to lookup type handler for 'bool' => success ((<class 'pybindgen.typehandlers.booltype.BoolReturn'>, None, <pybindgen.typehandlers.ctypeparser.TypeTraits object at 0x7fadbc031dd8>))
DEBUG:pybindgen.typehandlers:TypeMatcher.lookup('bool')
DEBUG:pybindgen.typehandlers:try to lookup type handler for 'bool' => success ((<class 'pybindgen.typehandlers.booltype.BoolReturn'>, None, <pybindgen.typehandlers.ctypeparser.TypeTraits object at 0x7fadbc0391d0>))
DEBUG:pybindgen.typehandlers:TypeMatcher.lookup('bool')
DEBUG:pybindgen.typehandlers:try to lookup type handler for 'bool' => success ((<class 'pybindgen.typehandlers.booltype.BoolReturn'>, None, <pybindgen.typehandlers.ctypeparser.TypeTraits object at 0x7fadbc039588>))
DEBUG:pybindgen.typehandlers:TypeMatcher.lookup('ns3::Ipv4Address const &')
DEBUG:pybindgen.typehandlers:try to lookup type handler for 'ns3::Ipv4Address const &' => success ((<class 'pybindgen.cppclass.CppClass.__init__.<locals>.ThisClassRefParameter'>, None, <pybindgen.typehandlers.ctypeparser.TypeTraits object at 0x7fadbc0396d8>))
DEBUG:pybindgen.typehandlers:TypeMatcher.lookup('bool')
DEBUG:pybindgen.typehandlers:try to lookup type handler for 'bool' => success ((<class 'pybindgen.typehandlers.booltype.BoolReturn'>, None, <pybindgen.typehandlers.ctypeparser.TypeTraits object at 0x7fadbc039ac8>))
DEBUG:pybindgen.typehandlers:TypeMatcher.lookup('bool')
DEBUG:pybindgen.typehandlers:try to lookup type handler for 'bool' => success ((<class 'pybindgen.typehandlers.booltype.BoolReturn'>, None, <pybindgen.typehandlers.ctypeparser.TypeTraits object at 0x7fadbc039e80>))
DEBUG:pybindgen.typehandlers:TypeMatcher.lookup('bool')
DEBUG:pybindgen.typehandlers:try to lookup type handler for 'bool' => success ((<class 'pybindgen.typehandlers.booltype.BoolReturn'>, None, <pybindgen.typehandlers.ctypeparser.TypeTraits object at 0x7fadbc041278>))
DEBUG:pybindgen.typehandlers:TypeMatcher.lookup('bool')
DEBUG:pybindgen.typehandlers:try to lookup type handler for 'bool' => success ((<class 'pybindgen.typehandlers.booltype.BoolReturn'>, None, <pybindgen.typehandlers.ctypeparser.TypeTraits object at 0x7fadbc041630>))
DEBUG:pybindgen.typehandlers:TypeMatcher.lookup('ns3::Address const &')
DEBUG:pybindgen.typehandlers:try to lookup type handler for 'ns3::Address const &' => success ((<class 'pybindgen.cppclass.CppClass.__init__.<locals>.ThisClassRefParameter'>, None, <pybindgen.typehandlers.ctypeparser.TypeTraits object at 0x7fadbc041780>))
DEBUG:pybindgen.typehandlers:TypeMatcher.lookup('bool')
DEBUG:pybindgen.typehandlers:try to lookup type handler for 'bool' => success ((<class 'pybindgen.typehandlers.booltype.BoolReturn'>, None, <pybindgen.typehandlers.ctypeparser.TypeTraits object at 0x7fadbc041b70>))
DEBUG:pybindgen.typehandlers:TypeMatcher.lookup('bool')
DEBUG:pybindgen.typehandlers:try to lookup type handler for 'bool' => success ((<class 'pybindgen.typehandlers.booltype.BoolReturn'>, None, <pybindgen.typehandlers.ctypeparser.TypeTraits object at 0x7fadbc041f28>))
DEBUG:pybindgen.typehandlers:TypeMatcher.lookup('ns3::Ipv4Mask const &')
DEBUG:pybindgen.typehandlers:try to lookup type handler for 'ns3::Ipv4Mask const &' => success ((<class 'pybindgen.cppclass.CppClass.__init__.<locals>.ThisClassRefParameter'>, None, <pybindgen.typehandlers.ctypeparser.TypeTraits object at 0x7fadbc0470b8>))
DEBUG:pybindgen.typehandlers:TypeMatcher.lookup('void')
DEBUG:pybindgen.typehandlers:try to lookup type handler for 'void' => success ((<class 'pybindgen.typehandlers.voidtype.VoidReturn'>, None, <pybindgen.typehandlers.ctypeparser.TypeTraits object at 0x7fadbc0474a8>))
DEBUG:pybindgen.typehandlers:TypeMatcher.lookup('std::ostream &')
DEBUG:pybindgen.typehandlers:try to lookup type handler for 'std::ostream &' => failure
'std::ostream &' did not match
/home/cs18/tarballs/ns-allinone-3.34/ns-3.34/src/lr-wpan/bindings/modulegen__gcc_LP64.py:1922: Warning: exception TypeLookupError(['std::ostream &'],) in wrapper public: retval? ???::Print (params?) const;
  is_const=True)
DEBUG:pybindgen.typehandlers:TypeMatcher.lookup('void')
DEBUG:pybindgen.typehandlers:try to lookup type handler for 'void' => success ((<class 'pybindgen.typehandlers.voidtype.VoidReturn'>, None, <pybindgen.typehandlers.ctypeparser.TypeTraits object at 0x7fadbc047710>))
DEBUG:pybindgen.typehandlers:TypeMatcher.lookup('uint8_t *')
DEBUG:pybindgen.typehandlers:try to lookup type handler for 'uint8_t *' => success ((<class 'pybindgen.typehandlers.inttype.UInt8PtrParam'>, None, <pybindgen.typehandlers.ctypeparser.TypeTraits object at 0x7fadbc047828>))
/home/cs18/tarballs/ns-allinone-3.34/ns-3.34/src/lr-wpan/bindings/modulegen__gcc_LP64.py:1927: Warning: exception TypeConfigurationError('direction not given',) in wrapper public: retval? ???::Serialize (params?) const;
  is_const=True)
DEBUG:pybindgen.typehandlers:TypeMatcher.lookup('void')
DEBUG:pybindgen.typehandlers:try to lookup type handler for 'void' => success ((<class 'pybindgen.typehandlers.voidtype.VoidReturn'>, None, <pybindgen.typehandlers.ctypeparser.TypeTraits object at 0x7fadbc047908>))
DEBUG:pybindgen.typehandlers:TypeMatcher.lookup('uint32_t')
DEBUG:pybindgen.typehandlers:try to lookup type handler for 'uint32_t' => success ((<class 'pybindgen.typehandlers.inttype.UnsignedIntParam'>, None, <pybindgen.typehandlers.ctypeparser.TypeTraits object at 0x7fadbc047ac8>))
DEBUG:pybindgen.typehandlers:TypeMatcher.lookup('void')
DEBUG:pybindgen.typehandlers:try to lookup type handler for 'void' => success ((<class 'pybindgen.typehandlers.voidtype.VoidReturn'>, None, <pybindgen.typehandlers.ctypeparser.TypeTraits object at 0x7fadbc047e10>))
DEBUG:pybindgen.typehandlers:TypeMatcher.lookup('char const *')
DEBUG:pybindgen.typehandlers:try to lookup type handler for 'char const *' => success ((<class 'pybindgen.typehandlers.stringtype.CStringParam'>, None, <pybindgen.typehandlers.ctypeparser.TypeTraits object at 0x7fadbc047f60>))
DEBUG:pybindgen.typehandlers:TypeMatcher.lookup('ns3::Ipv4AddressHash const &')
DEBUG:pybindgen.typehandlers:try to lookup type handler for 'ns3::Ipv4AddressHash const &' => success ((<class 'pybindgen.cppclass.CppClass.__init__.<locals>.ThisClassRefParameter'>, None, <pybindgen.typehandlers.ctypeparser.TypeTraits object at 0x7fadbc050630>))
DEBUG:pybindgen.typehandlers:TypeMatcher.lookup('size_t')
DEBUG:pybindgen.typehandlers:try to lookup type handler for 'size_t' => success ((<class 'pybindgen.typehandlers.inttype.SizeTReturn'>, None, <pybindgen.typehandlers.ctypeparser.TypeTraits object at 0x7fadbc0509e8>))
DEBUG:pybindgen.typehandlers:TypeMatcher.lookup('ns3::Ipv4Address const &')
DEBUG:pybindgen.typehandlers:try to lookup type handler for 'ns3::Ipv4Address const &' => success ((<class 'pybindgen.cppclass.CppClass.__init__.<locals>.ThisClassRefParameter'>, None, <pybindgen.typehandlers.ctypeparser.TypeTraits object at 0x7fadbc050b38>))
DEBUG:pybindgen.typehandlers:TypeMatcher.lookup('ns3::Ipv4Mask const &')
DEBUG:pybindgen.typehandlers:try to lookup type handler for 'ns3::Ipv4Mask const &' => success ((<class 'pybindgen.cppclass.CppClass.__init__.<locals>.ThisClassRefParameter'>, None, <pybindgen.typehandlers.ctypeparser.TypeTraits object at 0x7fadbc0478d0>))
DEBUG:pybindgen.typehandlers:TypeMatcher.lookup('uint32_t')
DEBUG:pybindgen.typehandlers:try to lookup type handler for 'uint32_t' => success ((<class 'pybindgen.typehandlers.inttype.UnsignedIntParam'>, None, <pybindgen.typehandlers.ctypeparser.TypeTraits object at 0x7fadbc057128>))
DEBUG:pybindgen.typehandlers:TypeMatcher.lookup('char const *')
DEBUG:pybindgen.typehandlers:try to lookup type handler for 'char const *' => success ((<class 'pybindgen.typehandlers.stringtype.CStringParam'>, None, <pybindgen.typehandlers.ctypeparser.TypeTraits object at 0x7fadbc057470>))
DEBUG:pybindgen.typehandlers:TypeMatcher.lookup('uint32_t')
DEBUG:pybindgen.typehandlers:try to lookup type handler for 'uint32_t' => success ((<class 'pybindgen.typehandlers.inttype.UnsignedIntReturn'>, None, <pybindgen.typehandlers.ctypeparser.TypeTraits object at 0x7fadbc057860>))
DEBUG:pybindgen.typehandlers:TypeMatcher.lookup('uint32_t')
DEBUG:pybindgen.typehandlers:try to lookup type handler for 'uint32_t' => success ((<class 'pybindgen.typehandlers.inttype.UnsignedIntReturn'>, None, <pybindgen.typehandlers.ctypeparser.TypeTraits object at 0x7fadbc057be0>))
DEBUG:pybindgen.typehandlers:TypeMatcher.lookup('ns3::Ipv4Mask')
DEBUG:pybindgen.typehandlers:try to lookup type handler for 'ns3::Ipv4Mask' => success ((<class 'pybindgen.cppclass.CppClass.__init__.<locals>.ThisClassReturn'>, None, <pybindgen.typehandlers.ctypeparser.TypeTraits object at 0x7fadbc057f60>))
DEBUG:pybindgen.typehandlers:TypeMatcher.lookup('ns3::Ipv4Mask')
DEBUG:pybindgen.typehandlers:try to lookup type handler for 'ns3::Ipv4Mask' => success ((<class 'pybindgen.cppclass.CppClass.__init__.<locals>.ThisClassReturn'>, None, <pybindgen.typehandlers.ctypeparser.TypeTraits object at 0x7fadbbfdf320>))
DEBUG:pybindgen.typehandlers:TypeMatcher.lookup('uint16_t')
DEBUG:pybindgen.typehandlers:try to lookup type handler for 'uint16_t' => success ((<class 'pybindgen.typehandlers.inttype.UInt16Return'>, None, <pybindgen.typehandlers.ctypeparser.TypeTraits object at 0x7fadbbfdf6a0>))
DEBUG:pybindgen.typehandlers:TypeMatcher.lookup('ns3::Ipv4Mask')
DEBUG:pybindgen.typehandlers:try to lookup type handler for 'ns3::Ipv4Mask' => success ((<class 'pybindgen.cppclass.CppClass.__init__.<locals>.ThisClassReturn'>, None, <pybindgen.typehandlers.ctypeparser.TypeTraits object at 0x7fadbbfdfa20>))
DEBUG:pybindgen.typehandlers:TypeMatcher.lookup('bool')
DEBUG:pybindgen.typehandlers:try to lookup type handler for 'bool' => success ((<class 'pybindgen.typehandlers.booltype.BoolReturn'>, None, <pybindgen.typehandlers.ctypeparser.TypeTraits object at 0x7fadbbfdfda0>))
DEBUG:pybindgen.typehandlers:TypeMatcher.lookup('ns3::Ipv4Mask')
DEBUG:pybindgen.typehandlers:try to lookup type handler for 'ns3::Ipv4Mask' => success ((<class 'pybindgen.cppclass.CppClass.__init__.<locals>.ThisClassParameter'>, None, <pybindgen.typehandlers.ctypeparser.TypeTraits object at 0x7fadbbfdfef0>))
DEBUG:pybindgen.typehandlers:TypeMatcher.lookup('bool')
DEBUG:pybindgen.typehandlers:try to lookup type handler for 'bool' => success ((<class 'pybindgen.typehandlers.booltype.BoolReturn'>, None, <pybindgen.typehandlers.ctypeparser.TypeTraits object at 0x7fadbbfe9278>))
DEBUG:pybindgen.typehandlers:TypeMatcher.lookup('ns3::Ipv4Address')
DEBUG:pybindgen.typehandlers:try to lookup type handler for 'ns3::Ipv4Address' => success ((<class 'pybindgen.cppclass.CppClass.__init__.<locals>.ThisClassParameter'>, None, <pybindgen.typehandlers.ctypeparser.TypeTraits object at 0x7fadbbfe93c8>))
DEBUG:pybindgen.typehandlers:TypeMatcher.lookup('ns3::Ipv4Address')
DEBUG:pybindgen.typehandlers:try to lookup type handler for 'ns3::Ipv4Address' => success ((<class 'pybindgen.cppclass.CppClass.__init__.<locals>.ThisClassParameter'>, None, <pybindgen.typehandlers.ctypeparser.TypeTraits object at 0x7fadbbfe9470>))
DEBUG:pybindgen.typehandlers:TypeMatcher.lookup('void')
DEBUG:pybindgen.typehandlers:try to lookup type handler for 'void' => success ((<class 'pybindgen.typehandlers.voidtype.VoidReturn'>, None, <pybindgen.typehandlers.ctypeparser.TypeTraits object at 0x7fadbbfe97f0>))
DEBUG:pybindgen.typehandlers:TypeMatcher.lookup('std::ostream &')
DEBUG:pybindgen.typehandlers:try to lookup type handler for 'std::ostream &' => failure
'std::ostream &' did not match
/home/cs18/tarballs/ns-allinone-3.34/ns-3.34/src/lr-wpan/bindings/modulegen__gcc_LP64.py:2006: Warning: exception TypeLookupError(['std::ostream &'],) in wrapper public: retval? ???::Print (params?) const;
  is_const=True)
DEBUG:pybindgen.typehandlers:TypeMatcher.lookup('void')
DEBUG:pybindgen.typehandlers:try to lookup type handler for 'void' => success ((<class 'pybindgen.typehandlers.voidtype.VoidReturn'>, None, <pybindgen.typehandlers.ctypeparser.TypeTraits object at 0x7fadbbfe9a58>))
DEBUG:pybindgen.typehandlers:TypeMatcher.lookup('uint32_t')
DEBUG:pybindgen.typehandlers:try to lookup type handler for 'uint32_t' => success ((<class 'pybindgen.typehandlers.inttype.UnsignedIntParam'>, None, <pybindgen.typehandlers.ctypeparser.TypeTraits object at 0x7fadbbfe9b70>))
DEBUG:pybindgen.typehandlers:TypeMatcher.lookup('char const *')
DEBUG:pybindgen.typehandlers:try to lookup type handler for 'char const *' => success ((<class 'pybindgen.typehandlers.stringtype.CStringParam'>, None, <pybindgen.typehandlers.ctypeparser.TypeTraits object at 0x7fadbbfef198>))
DEBUG:pybindgen.typehandlers:TypeMatcher.lookup('uint8_t *')
DEBUG:pybindgen.typehandlers:try to lookup type handler for 'uint8_t *' => success ((<class 'pybindgen.typehandlers.inttype.UInt8PtrParam'>, None, <pybindgen.typehandlers.ctypeparser.TypeTraits object at 0x7fadbbfef5c0>))
/home/cs18/tarballs/ns-allinone-3.34/ns-3.34/src/lr-wpan/bindings/modulegen__gcc_LP64.py:2023: Warning: exception TypeConfigurationError('direction not given',) in wrapper <pybindgen.cppmethod.CppConstructor object at 0x7fadbbfef550>
  cls.add_constructor([param('uint8_t *', 'address')])
DEBUG:pybindgen.typehandlers:TypeMatcher.lookup('ns3::Ipv6Address const &')
DEBUG:pybindgen.typehandlers:try to lookup type handler for 'ns3::Ipv6Address const &' => success ((<class 'pybindgen.cppclass.CppClass.__init__.<locals>.ThisClassRefParameter'>, None, <pybindgen.typehandlers.ctypeparser.TypeTraits object at 0x7fadbbfef748>))
DEBUG:pybindgen.typehandlers:TypeMatcher.lookup('ns3::Ipv6Address const *')
DEBUG:pybindgen.typehandlers:try to lookup type handler for 'ns3::Ipv6Address const *' => success ((<class 'pybindgen.cppclass.CppClass.__init__.<locals>.ThisClassPtrParameter'>, None, <pybindgen.typehandlers.ctypeparser.TypeTraits object at 0x7fadbbfefb38>))
DEBUG:pybindgen.typehandlers:TypeMatcher.lookup('ns3::Ipv6Address')
DEBUG:pybindgen.typehandlers:try to lookup type handler for 'ns3::Ipv6Address' => success ((<class 'pybindgen.cppclass.CppClass.__init__.<locals>.ThisClassReturn'>, None, <pybindgen.typehandlers.ctypeparser.TypeTraits object at 0x7fadbbfefef0>))
DEBUG:pybindgen.typehandlers:TypeMatcher.lookup('ns3::Ipv6Prefix const &')
DEBUG:pybindgen.typehandlers:try to lookup type handler for 'ns3::Ipv6Prefix const &' => success ((<class 'pybindgen.cppclass.CppClass.__init__.<locals>.ThisClassRefParameter'>, None, <pybindgen.typehandlers.ctypeparser.TypeTraits object at 0x7fadbbff5048>))
DEBUG:pybindgen.typehandlers:TypeMatcher.lookup('ns3::Ipv6Address')
DEBUG:pybindgen.typehandlers:try to lookup type handler for 'ns3::Ipv6Address' => success ((<class 'pybindgen.cppclass.CppClass.__init__.<locals>.ThisClassReturn'>, None, <pybindgen.typehandlers.ctypeparser.TypeTraits object at 0x7fadbbff5438>))
DEBUG:pybindgen.typehandlers:TypeMatcher.lookup('ns3::Address const &')
DEBUG:pybindgen.typehandlers:try to lookup type handler for 'ns3::Address const &' => success ((<class 'pybindgen.cppclass.CppClass.__init__.<locals>.ThisClassRefParameter'>, None, <pybindgen.typehandlers.ctypeparser.TypeTraits object at 0x7fadbbff5550>))
DEBUG:pybindgen.typehandlers:TypeMatcher.lookup('ns3::Ipv6Address')
DEBUG:pybindgen.typehandlers:try to lookup type handler for 'ns3::Ipv6Address' => success ((<class 'pybindgen.cppclass.CppClass.__init__.<locals>.ThisClassReturn'>, None, <pybindgen.typehandlers.ctypeparser.TypeTraits object at 0x7fadbbfef5c0>))
DEBUG:pybindgen.typehandlers:TypeMatcher.lookup('uint8_t const *')
DEBUG:pybindgen.typehandlers:try to lookup type handler for 'uint8_t const *' => success ((<class 'pybindgen.typehandlers.inttype.UInt8PtrParam'>, None, <pybindgen.typehandlers.ctypeparser.TypeTraits object at 0x7fadbbfef550>))
/home/cs18/tarballs/ns-allinone-3.34/ns-3.34/src/lr-wpan/bindings/modulegen__gcc_LP64.py:2042: Warning: exception TypeConfigurationError('direction not given',) in wrapper public: retval? ???::Deserialize (params?);
  is_static=True)
DEBUG:pybindgen.typehandlers:TypeMatcher.lookup('ns3::Ipv6Address')
DEBUG:pybindgen.typehandlers:try to lookup type handler for 'ns3::Ipv6Address' => success ((<class 'pybindgen.cppclass.CppClass.__init__.<locals>.ThisClassReturn'>, None, <pybindgen.typehandlers.ctypeparser.TypeTraits object at 0x7fadbbfe98d0>))
DEBUG:pybindgen.typehandlers:TypeMatcher.lookup('ns3::Ipv6Address')
DEBUG:pybindgen.typehandlers:try to lookup type handler for 'ns3::Ipv6Address' => success ((<class 'pybindgen.cppclass.CppClass.__init__.<locals>.ThisClassReturn'>, None, <pybindgen.typehandlers.ctypeparser.TypeTraits object at 0x7fadbbff5be0>))
DEBUG:pybindgen.typehandlers:TypeMatcher.lookup('ns3::Ipv6Address')
DEBUG:pybindgen.typehandlers:try to lookup type handler for 'ns3::Ipv6Address' => success ((<class 'pybindgen.cppclass.CppClass.__init__.<locals>.ThisClassReturn'>, None, <pybindgen.typehandlers.ctypeparser.TypeTraits object at 0x7fadbbff5f60>))
DEBUG:pybindgen.typehandlers:TypeMatcher.lookup('ns3::Ipv6Address')
DEBUG:pybindgen.typehandlers:try to lookup type handler for 'ns3::Ipv6Address' => success ((<class 'pybindgen.cppclass.CppClass.__init__.<locals>.ThisClassReturn'>, None, <pybindgen.typehandlers.ctypeparser.TypeTraits object at 0x7fadbbffd320>))
DEBUG:pybindgen.typehandlers:TypeMatcher.lookup('void')
DEBUG:pybindgen.typehandlers:try to lookup type handler for 'void' => success ((<class 'pybindgen.typehandlers.voidtype.VoidReturn'>, None, <pybindgen.typehandlers.ctypeparser.TypeTraits object at 0x7fadbbffd6a0>))
DEBUG:pybindgen.typehandlers:TypeMatcher.lookup('uint8_t *')
DEBUG:pybindgen.typehandlers:try to lookup type handler for 'uint8_t *' => success ((<class 'pybindgen.typehandlers.inttype.UInt8PtrParam'>, None, <pybindgen.typehandlers.ctypeparser.TypeTraits object at 0x7fadbbffd7f0>))
/home/cs18/tarballs/ns-allinone-3.34/ns-3.34/src/lr-wpan/bindings/modulegen__gcc_LP64.py:2067: Warning: exception TypeConfigurationError('direction not given',) in wrapper public: retval? ???::GetBytes (params?) const;
  is_const=True)
DEBUG:pybindgen.typehandlers:TypeMatcher.lookup('ns3::Ipv4Address')
DEBUG:pybindgen.typehandlers:try to lookup type handler for 'ns3::Ipv4Address' => success ((<class 'pybindgen.cppclass.CppClass.__init__.<locals>.ThisClassReturn'>, None, <pybindgen.typehandlers.ctypeparser.TypeTraits object at 0x7fadbbffd8d0>))
DEBUG:pybindgen.typehandlers:TypeMatcher.lookup('ns3::Ipv6Address')
DEBUG:pybindgen.typehandlers:try to lookup type handler for 'ns3::Ipv6Address' => success ((<class 'pybindgen.cppclass.CppClass.__init__.<locals>.ThisClassReturn'>, None, <pybindgen.typehandlers.ctypeparser.TypeTraits object at 0x7fadbbffdcc0>))
DEBUG:pybindgen.typehandlers:TypeMatcher.lookup('ns3::Ipv6Address')
DEBUG:pybindgen.typehandlers:try to lookup type handler for 'ns3::Ipv6Address' => success ((<class 'pybindgen.cppclass.CppClass.__init__.<locals>.ThisClassReturn'>, None, <pybindgen.typehandlers.ctypeparser.TypeTraits object at 0x7fadbc004080>))
DEBUG:pybindgen.typehandlers:TypeMatcher.lookup('ns3::Ipv6Address')
DEBUG:pybindgen.typehandlers:try to lookup type handler for 'ns3::Ipv6Address' => success ((<class 'pybindgen.cppclass.CppClass.__init__.<locals>.ThisClassReturn'>, None, <pybindgen.typehandlers.ctypeparser.TypeTraits object at 0x7fadbc004400>))
DEBUG:pybindgen.typehandlers:TypeMatcher.lookup('bool')
DEBUG:pybindgen.typehandlers:try to lookup type handler for 'bool' => success ((<class 'pybindgen.typehandlers.booltype.BoolReturn'>, None, <pybindgen.typehandlers.ctypeparser.TypeTraits object at 0x7fadbc004780>))
DEBUG:pybindgen.typehandlers:TypeMatcher.lookup('ns3::Ipv6Prefix const &')
DEBUG:pybindgen.typehandlers:try to lookup type handler for 'ns3::Ipv6Prefix const &' => success ((<class 'pybindgen.cppclass.CppClass.__init__.<locals>.ThisClassRefParameter'>, None, <pybindgen.typehandlers.ctypeparser.TypeTraits object at 0x7fadbc0048d0>))
DEBUG:pybindgen.typehandlers:TypeMatcher.lookup('bool')
DEBUG:pybindgen.typehandlers:try to lookup type handler for 'bool' => success ((<class 'pybindgen.typehandlers.booltype.BoolReturn'>, None, <pybindgen.typehandlers.ctypeparser.TypeTraits object at 0x7fadbc004cc0>))
DEBUG:pybindgen.typehandlers:TypeMatcher.lookup('bool')
DEBUG:pybindgen.typehandlers:try to lookup type handler for 'bool' => success ((<class 'pybindgen.typehandlers.booltype.BoolReturn'>, None, <pybindgen.typehandlers.ctypeparser.TypeTraits object at 0x7fadbbfe9978>))
DEBUG:pybindgen.typehandlers:TypeMatcher.lookup('bool')
DEBUG:pybindgen.typehandlers:try to lookup type handler for 'bool' => success ((<class 'pybindgen.typehandlers.booltype.BoolReturn'>, None, <pybindgen.typehandlers.ctypeparser.TypeTraits object at 0x7fadbc004eb8>))
DEBUG:pybindgen.typehandlers:TypeMatcher.lookup('bool')
DEBUG:pybindgen.typehandlers:try to lookup type handler for 'bool' => success ((<class 'pybindgen.typehandlers.booltype.BoolReturn'>, None, <pybindgen.typehandlers.ctypeparser.TypeTraits object at 0x7fadbc00a2b0>))
DEBUG:pybindgen.typehandlers:TypeMatcher.lookup('bool')
DEBUG:pybindgen.typehandlers:try to lookup type handler for 'bool' => success ((<class 'pybindgen.typehandlers.booltype.BoolReturn'>, None, <pybindgen.typehandlers.ctypeparser.TypeTraits object at 0x7fadbc00a668>))
DEBUG:pybindgen.typehandlers:TypeMatcher.lookup('ns3::Ipv6Address const &')
DEBUG:pybindgen.typehandlers:try to lookup type handler for 'ns3::Ipv6Address const &' => success ((<class 'pybindgen.cppclass.CppClass.__init__.<locals>.ThisClassRefParameter'>, None, <pybindgen.typehandlers.ctypeparser.TypeTraits object at 0x7fadbc00a7b8>))
DEBUG:pybindgen.typehandlers:TypeMatcher.lookup('bool')
DEBUG:pybindgen.typehandlers:try to lookup type handler for 'bool' => success ((<class 'pybindgen.typehandlers.booltype.BoolReturn'>, None, <pybindgen.typehandlers.ctypeparser.TypeTraits object at 0x7fadbc00aba8>))
DEBUG:pybindgen.typehandlers:TypeMatcher.lookup('bool')
DEBUG:pybindgen.typehandlers:try to lookup type handler for 'bool' => success ((<class 'pybindgen.typehandlers.booltype.BoolReturn'>, None, <pybindgen.typehandlers.ctypeparser.TypeTraits object at 0x7fadbc00af60>))
DEBUG:pybindgen.typehandlers:TypeMatcher.lookup('bool')
DEBUG:pybindgen.typehandlers:try to lookup type handler for 'bool' => success ((<class 'pybindgen.typehandlers.booltype.BoolReturn'>, None, <pybindgen.typehandlers.ctypeparser.TypeTraits object at 0x7fadbc013358>))
DEBUG:pybindgen.typehandlers:TypeMatcher.lookup('bool')
DEBUG:pybindgen.typehandlers:try to lookup type handler for 'bool' => success ((<class 'pybindgen.typehandlers.booltype.BoolReturn'>, None, <pybindgen.typehandlers.ctypeparser.TypeTraits object at 0x7fadbc013710>))
DEBUG:pybindgen.typehandlers:TypeMatcher.lookup('bool')
DEBUG:pybindgen.typehandlers:try to lookup type handler for 'bool' => success ((<class 'pybindgen.typehandlers.booltype.BoolReturn'>, None, <pybindgen.typehandlers.ctypeparser.TypeTraits object at 0x7fadbc013ac8>))
DEBUG:pybindgen.typehandlers:TypeMatcher.lookup('bool')
DEBUG:pybindgen.typehandlers:try to lookup type handler for 'bool' => success ((<class 'pybindgen.typehandlers.booltype.BoolReturn'>, None, <pybindgen.typehandlers.ctypeparser.TypeTraits object at 0x7fadbc013e80>))
DEBUG:pybindgen.typehandlers:TypeMatcher.lookup('ns3::Address const &')
DEBUG:pybindgen.typehandlers:try to lookup type handler for 'ns3::Address const &' => success ((<class 'pybindgen.cppclass.CppClass.__init__.<locals>.ThisClassRefParameter'>, None, <pybindgen.typehandlers.ctypeparser.TypeTraits object at 0x7fadbc013fd0>))
DEBUG:pybindgen.typehandlers:TypeMatcher.lookup('bool')
DEBUG:pybindgen.typehandlers:try to lookup type handler for 'bool' => success ((<class 'pybindgen.typehandlers.booltype.BoolReturn'>, None, <pybindgen.typehandlers.ctypeparser.TypeTraits object at 0x7fadbbf9d400>))
DEBUG:pybindgen.typehandlers:TypeMatcher.lookup('bool')
DEBUG:pybindgen.typehandlers:try to lookup type handler for 'bool' => success ((<class 'pybindgen.typehandlers.booltype.BoolReturn'>, None, <pybindgen.typehandlers.ctypeparser.TypeTraits object at 0x7fadbbf9d7b8>))
DEBUG:pybindgen.typehandlers:TypeMatcher.lookup('ns3::Ipv6Address')
DEBUG:pybindgen.typehandlers:try to lookup type handler for 'ns3::Ipv6Address' => success ((<class 'pybindgen.cppclass.CppClass.__init__.<locals>.ThisClassReturn'>, None, <pybindgen.typehandlers.ctypeparser.TypeTraits object at 0x7fadbbf9db70>))
DEBUG:pybindgen.typehandlers:TypeMatcher.lookup('ns3::Address')
DEBUG:pybindgen.typehandlers:try to lookup type handler for 'ns3::Address' => success ((<class 'pybindgen.cppclass.CppClass.__init__.<locals>.ThisClassParameter'>, None, <pybindgen.typehandlers.ctypeparser.TypeTraits object at 0x7fadbbf9dc88>))
DEBUG:pybindgen.typehandlers:TypeMatcher.lookup('ns3::Ipv6Address')
DEBUG:pybindgen.typehandlers:try to lookup type handler for 'ns3::Ipv6Address' => success ((<class 'pybindgen.cppclass.CppClass.__init__.<locals>.ThisClassParameter'>, None, <pybindgen.typehandlers.ctypeparser.TypeTraits object at 0x7fadbbf9dd30>))
DEBUG:pybindgen.typehandlers:TypeMatcher.lookup('ns3::Ipv6Address')
DEBUG:pybindgen.typehandlers:try to lookup type handler for 'ns3::Ipv6Address' => success ((<class 'pybindgen.cppclass.CppClass.__init__.<locals>.ThisClassReturn'>, None, <pybindgen.typehandlers.ctypeparser.TypeTraits object at 0x7fadbbfa20f0>))
DEBUG:pybindgen.typehandlers:TypeMatcher.lookup('ns3::Address')
DEBUG:pybindgen.typehandlers:try to lookup type handler for 'ns3::Address' => success ((<class 'pybindgen.cppclass.CppClass.__init__.<locals>.ThisClassParameter'>, None, <pybindgen.typehandlers.ctypeparser.TypeTraits object at 0x7fadbbfa2208>))
DEBUG:pybindgen.typehandlers:TypeMatcher.lookup('ns3::Ipv6Prefix')
DEBUG:pybindgen.typehandlers:try to lookup type handler for 'ns3::Ipv6Prefix' => success ((<class 'pybindgen.cppclass.CppClass.__init__.<locals>.ThisClassParameter'>, None, <pybindgen.typehandlers.ctypeparser.TypeTraits object at 0x7fadbbfa22b0>))
DEBUG:pybindgen.typehandlers:TypeMatcher.lookup('ns3::Ipv6Address')
DEBUG:pybindgen.typehandlers:try to lookup type handler for 'ns3::Ipv6Address' => success ((<class 'pybindgen.cppclass.CppClass.__init__.<locals>.ThisClassReturn'>, None, <pybindgen.typehandlers.ctypeparser.TypeTraits object at 0x7fadbbfa25f8>))
DEBUG:pybindgen.typehandlers:TypeMatcher.lookup('ns3::Mac16Address')
DEBUG:pybindgen.typehandlers:try to lookup type handler for 'ns3::Mac16Address' => success ((<class 'pybindgen.cppclass.CppClass.__init__.<locals>.ThisClassParameter'>, None, <pybindgen.typehandlers.ctypeparser.TypeTraits object at 0x7fadbbfa2710>))
DEBUG:pybindgen.typehandlers:TypeMatcher.lookup('ns3::Ipv6Address')
DEBUG:pybindgen.typehandlers:try to lookup type handler for 'ns3::Ipv6Address' => success ((<class 'pybindgen.cppclass.CppClass.__init__.<locals>.ThisClassParameter'>, None, <pybindgen.typehandlers.ctypeparser.TypeTraits object at 0x7fadbbfa27b8>))
DEBUG:pybindgen.typehandlers:TypeMatcher.lookup('ns3::Ipv6Address')
DEBUG:pybindgen.typehandlers:try to lookup type handler for 'ns3::Ipv6Address' => success ((<class 'pybindgen.cppclass.CppClass.__init__.<locals>.ThisClassReturn'>, None, <pybindgen.typehandlers.ctypeparser.TypeTraits object at 0x7fadbbfa2b00>))
DEBUG:pybindgen.typehandlers:TypeMatcher.lookup('ns3::Mac48Address')
DEBUG:pybindgen.typehandlers:try to lookup type handler for 'ns3::Mac48Address' => success ((<class 'pybindgen.cppclass.CppClass.__init__.<locals>.ThisClassParameter'>, None, <pybindgen.typehandlers.ctypeparser.TypeTraits object at 0x7fadbbfa2c18>))
DEBUG:pybindgen.typehandlers:TypeMatcher.lookup('ns3::Ipv6Address')
DEBUG:pybindgen.typehandlers:try to lookup type handler for 'ns3::Ipv6Address' => success ((<class 'pybindgen.cppclass.CppClass.__init__.<locals>.ThisClassParameter'>, None, <pybindgen.typehandlers.ctypeparser.TypeTraits object at 0x7fadbbfa2cc0>))
DEBUG:pybindgen.typehandlers:TypeMatcher.lookup('ns3::Ipv6Address')
DEBUG:pybindgen.typehandlers:try to lookup type handler for 'ns3::Ipv6Address' => success ((<class 'pybindgen.cppclass.CppClass.__init__.<locals>.ThisClassReturn'>, None, <pybindgen.typehandlers.ctypeparser.TypeTraits object at 0x7fadbbfaa048>))
DEBUG:pybindgen.typehandlers:TypeMatcher.lookup('ns3::Mac64Address')
DEBUG:pybindgen.typehandlers:try to lookup type handler for 'ns3::Mac64Address' => success ((<class 'pybindgen.cppclass.CppClass.__init__.<locals>.ThisClassParameter'>, None, <pybindgen.typehandlers.ctypeparser.TypeTraits object at 0x7fadbbfaa160>))
DEBUG:pybindgen.typehandlers:TypeMatcher.lookup('ns3::Ipv6Address')
DEBUG:pybindgen.typehandlers:try to lookup type handler for 'ns3::Ipv6Address' => success ((<class 'pybindgen.cppclass.CppClass.__init__.<locals>.ThisClassParameter'>, None, <pybindgen.typehandlers.ctypeparser.TypeTraits object at 0x7fadbbfaa208>))
DEBUG:pybindgen.typehandlers:TypeMatcher.lookup('ns3::Ipv6Address')
DEBUG:pybindgen.typehandlers:try to lookup type handler for 'ns3::Ipv6Address' => success ((<class 'pybindgen.cppclass.CppClass.__init__.<locals>.ThisClassReturn'>, None, <pybindgen.typehandlers.ctypeparser.TypeTraits object at 0x7fadbbfaa550>))
DEBUG:pybindgen.typehandlers:TypeMatcher.lookup('ns3::Mac8Address')
DEBUG:pybindgen.typehandlers:try to lookup type handler for 'ns3::Mac8Address' => success ((<class 'pybindgen.cppclass.CppClass.__init__.<locals>.ThisClassParameter'>, None, <pybindgen.typehandlers.ctypeparser.TypeTraits object at 0x7fadbbfaa668>))
DEBUG:pybindgen.typehandlers:TypeMatcher.lookup('ns3::Ipv6Address')
DEBUG:pybindgen.typehandlers:try to lookup type handler for 'ns3::Ipv6Address' => success ((<class 'pybindgen.cppclass.CppClass.__init__.<locals>.ThisClassParameter'>, None, <pybindgen.typehandlers.ctypeparser.TypeTraits object at 0x7fadbbfaa710>))
DEBUG:pybindgen.typehandlers:TypeMatcher.lookup('ns3::Ipv6Address')
DEBUG:pybindgen.typehandlers:try to lookup type handler for 'ns3::Ipv6Address' => success ((<class 'pybindgen.cppclass.CppClass.__init__.<locals>.ThisClassReturn'>, None, <pybindgen.typehandlers.ctypeparser.TypeTraits object at 0x7fadbbfaaa58>))
DEBUG:pybindgen.typehandlers:TypeMatcher.lookup('ns3::Address')
DEBUG:pybindgen.typehandlers:try to lookup type handler for 'ns3::Address' => success ((<class 'pybindgen.cppclass.CppClass.__init__.<locals>.ThisClassParameter'>, None, <pybindgen.typehandlers.ctypeparser.TypeTraits object at 0x7fadbbfaab70>))
DEBUG:pybindgen.typehandlers:TypeMatcher.lookup('ns3::Ipv6Address')
DEBUG:pybindgen.typehandlers:try to lookup type handler for 'ns3::Ipv6Address' => success ((<class 'pybindgen.cppclass.CppClass.__init__.<locals>.ThisClassReturn'>, None, <pybindgen.typehandlers.ctypeparser.TypeTraits object at 0x7fadbbfaaeb8>))
DEBUG:pybindgen.typehandlers:TypeMatcher.lookup('ns3::Mac16Address')
DEBUG:pybindgen.typehandlers:try to lookup type handler for 'ns3::Mac16Address' => success ((<class 'pybindgen.cppclass.CppClass.__init__.<locals>.ThisClassParameter'>, None, <pybindgen.typehandlers.ctypeparser.TypeTraits object at 0x7fadbbfaafd0>))
DEBUG:pybindgen.typehandlers:TypeMatcher.lookup('ns3::Ipv6Address')
DEBUG:pybindgen.typehandlers:try to lookup type handler for 'ns3::Ipv6Address' => success ((<class 'pybindgen.cppclass.CppClass.__init__.<locals>.ThisClassReturn'>, None, <pybindgen.typehandlers.ctypeparser.TypeTraits object at 0x7fadbbfb4320>))
DEBUG:pybindgen.typehandlers:TypeMatcher.lookup('ns3::Mac48Address')
DEBUG:pybindgen.typehandlers:try to lookup type handler for 'ns3::Mac48Address' => success ((<class 'pybindgen.cppclass.CppClass.__init__.<locals>.ThisClassParameter'>, None, <pybindgen.typehandlers.ctypeparser.TypeTraits object at 0x7fadbbfb4438>))
DEBUG:pybindgen.typehandlers:TypeMatcher.lookup('ns3::Ipv6Address')
DEBUG:pybindgen.typehandlers:try to lookup type handler for 'ns3::Ipv6Address' => success ((<class 'pybindgen.cppclass.CppClass.__init__.<locals>.ThisClassReturn'>, None, <pybindgen.typehandlers.ctypeparser.TypeTraits object at 0x7fadbbfb4748>))
DEBUG:pybindgen.typehandlers:TypeMatcher.lookup('ns3::Mac64Address')
DEBUG:pybindgen.typehandlers:try to lookup type handler for 'ns3::Mac64Address' => success ((<class 'pybindgen.cppclass.CppClass.__init__.<locals>.ThisClassParameter'>, None, <pybindgen.typehandlers.ctypeparser.TypeTraits object at 0x7fadbbfb4860>))
DEBUG:pybindgen.typehandlers:TypeMatcher.lookup('ns3::Ipv6Address')
DEBUG:pybindgen.typehandlers:try to lookup type handler for 'ns3::Ipv6Address' => success ((<class 'pybindgen.cppclass.CppClass.__init__.<locals>.ThisClassReturn'>, None, <pybindgen.typehandlers.ctypeparser.TypeTraits object at 0x7fadbbfb4b70>))
DEBUG:pybindgen.typehandlers:TypeMatcher.lookup('ns3::Mac8Address')
DEBUG:pybindgen.typehandlers:try to lookup type handler for 'ns3::Mac8Address' => success ((<class 'pybindgen.cppclass.CppClass.__init__.<locals>.ThisClassParameter'>, None, <pybindgen.typehandlers.ctypeparser.TypeTraits object at 0x7fadbbfb4c88>))
DEBUG:pybindgen.typehandlers:TypeMatcher.lookup('ns3::Ipv6Address')
DEBUG:pybindgen.typehandlers:try to lookup type handler for 'ns3::Ipv6Address' => success ((<class 'pybindgen.cppclass.CppClass.__init__.<locals>.ThisClassReturn'>, None, <pybindgen.typehandlers.ctypeparser.TypeTraits object at 0x7fadbbfb4f98>))
DEBUG:pybindgen.typehandlers:TypeMatcher.lookup('ns3::Ipv4Address')
DEBUG:pybindgen.typehandlers:try to lookup type handler for 'ns3::Ipv4Address' => success ((<class 'pybindgen.cppclass.CppClass.__init__.<locals>.ThisClassParameter'>, None, <pybindgen.typehandlers.ctypeparser.TypeTraits object at 0x7fadbbfba0f0>))
DEBUG:pybindgen.typehandlers:TypeMatcher.lookup('ns3::Ipv6Address')
DEBUG:pybindgen.typehandlers:try to lookup type handler for 'ns3::Ipv6Address' => success ((<class 'pybindgen.cppclass.CppClass.__init__.<locals>.ThisClassReturn'>, None, <pybindgen.typehandlers.ctypeparser.TypeTraits object at 0x7fadbbfba438>))
DEBUG:pybindgen.typehandlers:TypeMatcher.lookup('ns3::Ipv6Address')
DEBUG:pybindgen.typehandlers:try to lookup type handler for 'ns3::Ipv6Address' => success ((<class 'pybindgen.cppclass.CppClass.__init__.<locals>.ThisClassParameter'>, None, <pybindgen.typehandlers.ctypeparser.TypeTraits object at 0x7fadbbfba550>))
DEBUG:pybindgen.typehandlers:TypeMatcher.lookup('void')
DEBUG:pybindgen.typehandlers:try to lookup type handler for 'void' => success ((<class 'pybindgen.typehandlers.voidtype.VoidReturn'>, None, <pybindgen.typehandlers.ctypeparser.TypeTraits object at 0x7fadbbfba898>))
DEBUG:pybindgen.typehandlers:TypeMatcher.lookup('std::ostream &')
DEBUG:pybindgen.typehandlers:try to lookup type handler for 'std::ostream &' => failure
'std::ostream &' did not match
/home/cs18/tarballs/ns-allinone-3.34/ns-3.34/src/lr-wpan/bindings/modulegen__gcc_LP64.py:2227: Warning: exception TypeLookupError(['std::ostream &'],) in wrapper public: retval? ???::Print (params?) const;
  is_const=True)
DEBUG:pybindgen.typehandlers:TypeMatcher.lookup('void')
DEBUG:pybindgen.typehandlers:try to lookup type handler for 'void' => success ((<class 'pybindgen.typehandlers.voidtype.VoidReturn'>, None, <pybindgen.typehandlers.ctypeparser.TypeTraits object at 0x7fadbbfbab00>))
DEBUG:pybindgen.typehandlers:TypeMatcher.lookup('uint8_t *')
DEBUG:pybindgen.typehandlers:try to lookup type handler for 'uint8_t *' => success ((<class 'pybindgen.typehandlers.inttype.UInt8PtrParam'>, None, <pybindgen.typehandlers.ctypeparser.TypeTraits object at 0x7fadbbfbac18>))
/home/cs18/tarballs/ns-allinone-3.34/ns-3.34/src/lr-wpan/bindings/modulegen__gcc_LP64.py:2232: Warning: exception TypeConfigurationError('direction not given',) in wrapper public: retval? ???::Serialize (params?) const;
  is_const=True)
DEBUG:pybindgen.typehandlers:TypeMatcher.lookup('void')
DEBUG:pybindgen.typehandlers:try to lookup type handler for 'void' => success ((<class 'pybindgen.typehandlers.voidtype.VoidReturn'>, None, <pybindgen.typehandlers.ctypeparser.TypeTraits object at 0x7fadbbfbacf8>))
DEBUG:pybindgen.typehandlers:TypeMatcher.lookup('char const *')
DEBUG:pybindgen.typehandlers:try to lookup type handler for 'char const *' => success ((<class 'pybindgen.typehandlers.stringtype.CStringParam'>, None, <pybindgen.typehandlers.ctypeparser.TypeTraits object at 0x7fadbbfbaeb8>))
DEBUG:pybindgen.typehandlers:TypeMatcher.lookup('void')
DEBUG:pybindgen.typehandlers:try to lookup type handler for 'void' => success ((<class 'pybindgen.typehandlers.voidtype.VoidReturn'>, None, <pybindgen.typehandlers.ctypeparser.TypeTraits object at 0x7fadbbfba908>))
DEBUG:pybindgen.typehandlers:TypeMatcher.lookup('uint8_t *')
DEBUG:pybindgen.typehandlers:try to lookup type handler for 'uint8_t *' => success ((<class 'pybindgen.typehandlers.inttype.UInt8PtrParam'>, None, <pybindgen.typehandlers.ctypeparser.TypeTraits object at 0x7fadbbfbaf60>))
/home/cs18/tarballs/ns-allinone-3.34/ns-3.34/src/lr-wpan/bindings/modulegen__gcc_LP64.py:2240: Warning: exception TypeConfigurationError('direction not given',) in wrapper public: retval? ???::Set (params?);
  [param('uint8_t *', 'address')])
DEBUG:pybindgen.typehandlers:TypeMatcher.lookup('ns3::Ipv6AddressHash const &')
DEBUG:pybindgen.typehandlers:try to lookup type handler for 'ns3::Ipv6AddressHash const &' => success ((<class 'pybindgen.cppclass.CppClass.__init__.<locals>.ThisClassRefParameter'>, None, <pybindgen.typehandlers.ctypeparser.TypeTraits object at 0x7fadbbfc3390>))
DEBUG:pybindgen.typehandlers:TypeMatcher.lookup('size_t')
DEBUG:pybindgen.typehandlers:try to lookup type handler for 'size_t' => success ((<class 'pybindgen.typehandlers.inttype.SizeTReturn'>, None, <pybindgen.typehandlers.ctypeparser.TypeTraits object at 0x7fadbbfc3748>))
DEBUG:pybindgen.typehandlers:TypeMatcher.lookup('ns3::Ipv6Address const &')
DEBUG:pybindgen.typehandlers:try to lookup type handler for 'ns3::Ipv6Address const &' => success ((<class 'pybindgen.cppclass.CppClass.__init__.<locals>.ThisClassRefParameter'>, None, <pybindgen.typehandlers.ctypeparser.TypeTraits object at 0x7fadbbfc3898>))
DEBUG:pybindgen.typehandlers:TypeMatcher.lookup('uint8_t *')
DEBUG:pybindgen.typehandlers:try to lookup type handler for 'uint8_t *' => success ((<class 'pybindgen.typehandlers.inttype.UInt8PtrParam'>, None, <pybindgen.typehandlers.ctypeparser.TypeTraits object at 0x7fadbbfc3f28>))
/home/cs18/tarballs/ns-allinone-3.34/ns-3.34/src/lr-wpan/bindings/modulegen__gcc_LP64.py:2262: Warning: exception TypeConfigurationError('direction not given',) in wrapper <pybindgen.cppmethod.CppConstructor object at 0x7fadbbfc3eb8>
  cls.add_constructor([param('uint8_t *', 'prefix')])
DEBUG:pybindgen.typehandlers:TypeMatcher.lookup('char const *')
DEBUG:pybindgen.typehandlers:try to lookup type handler for 'char const *' => success ((<class 'pybindgen.typehandlers.stringtype.CStringParam'>, None, <pybindgen.typehandlers.ctypeparser.TypeTraits object at 0x7fadbbfc90f0>))
DEBUG:pybindgen.typehandlers:TypeMatcher.lookup('uint8_t *')
DEBUG:pybindgen.typehandlers:try to lookup type handler for 'uint8_t *' => success ((<class 'pybindgen.typehandlers.inttype.UInt8PtrParam'>, None, <pybindgen.typehandlers.ctypeparser.TypeTraits object at 0x7fadbbfc9518>))
/home/cs18/tarballs/ns-allinone-3.34/ns-3.34/src/lr-wpan/bindings/modulegen__gcc_LP64.py:2266: Warning: exception TypeConfigurationError('direction not given',) in wrapper <pybindgen.cppmethod.CppConstructor object at 0x7fadbbfc94a8>
  cls.add_constructor([param('uint8_t *', 'prefix'), param('uint8_t', 'prefixLength')])
DEBUG:pybindgen.typehandlers:TypeMatcher.lookup('char const *')
DEBUG:pybindgen.typehandlers:try to lookup type handler for 'char const *' => success ((<class 'pybindgen.typehandlers.stringtype.CStringParam'>, None, <pybindgen.typehandlers.ctypeparser.TypeTraits object at 0x7fadbbfc96a0>))
DEBUG:pybindgen.typehandlers:TypeMatcher.lookup('uint8_t')
DEBUG:pybindgen.typehandlers:try to lookup type handler for 'uint8_t' => success ((<class 'pybindgen.typehandlers.inttype.UInt8Param'>, None, <pybindgen.typehandlers.ctypeparser.TypeTraits object at 0x7fadbbfc9860>))
DEBUG:pybindgen.typehandlers:TypeMatcher.lookup('uint8_t')
DEBUG:pybindgen.typehandlers:try to lookup type handler for 'uint8_t' => success ((<class 'pybindgen.typehandlers.inttype.UInt8Param'>, None, <pybindgen.typehandlers.ctypeparser.TypeTraits object at 0x7fadbbfc9be0>))
DEBUG:pybindgen.typehandlers:TypeMatcher.lookup('ns3::Ipv6Prefix const &')
DEBUG:pybindgen.typehandlers:try to lookup type handler for 'ns3::Ipv6Prefix const &' => success ((<class 'pybindgen.cppclass.CppClass.__init__.<locals>.ThisClassRefParameter'>, None, <pybindgen.typehandlers.ctypeparser.TypeTraits object at 0x7fadbbfc9f60>))
DEBUG:pybindgen.typehandlers:TypeMatcher.lookup('ns3::Ipv6Prefix const *')
DEBUG:pybindgen.typehandlers:try to lookup type handler for 'ns3::Ipv6Prefix const *' => success ((<class 'pybindgen.cppclass.CppClass.__init__.<locals>.ThisClassPtrParameter'>, None, <pybindgen.typehandlers.ctypeparser.TypeTraits object at 0x7fadbbfd1390>))
DEBUG:pybindgen.typehandlers:TypeMatcher.lookup('ns3::Ipv6Address')
DEBUG:pybindgen.typehandlers:try to lookup type handler for 'ns3::Ipv6Address' => success ((<class 'pybindgen.cppclass.CppClass.__init__.<locals>.ThisClassReturn'>, None, <pybindgen.typehandlers.ctypeparser.TypeTraits object at 0x7fadbbfc3ef0>))
DEBUG:pybindgen.typehandlers:TypeMatcher.lookup('void')
DEBUG:pybindgen.typehandlers:try to lookup type handler for 'void' => success ((<class 'pybindgen.typehandlers.voidtype.VoidReturn'>, None, <pybindgen.typehandlers.ctypeparser.TypeTraits object at 0x7fadbbfd1518>))
DEBUG:pybindgen.typehandlers:TypeMatcher.lookup('uint8_t *')
DEBUG:pybindgen.typehandlers:try to lookup type handler for 'uint8_t *' => success ((<class 'pybindgen.typehandlers.inttype.UInt8PtrParam'>, None, <pybindgen.typehandlers.ctypeparser.TypeTraits object at 0x7fadbbfd1668>))
/home/cs18/tarballs/ns-allinone-3.34/ns-3.34/src/lr-wpan/bindings/modulegen__gcc_LP64.py:2284: Warning: exception TypeConfigurationError('direction not given',) in wrapper public: retval? ???::GetBytes (params?) const;
  is_const=True)
DEBUG:pybindgen.typehandlers:TypeMatcher.lookup('ns3::Ipv6Prefix')
DEBUG:pybindgen.typehandlers:try to lookup type handler for 'ns3::Ipv6Prefix' => success ((<class 'pybindgen.cppclass.CppClass.__init__.<locals>.ThisClassReturn'>, None, <pybindgen.typehandlers.ctypeparser.TypeTraits object at 0x7fadbbfd1748>))
DEBUG:pybindgen.typehandlers:TypeMatcher.lookup('uint8_t')
DEBUG:pybindgen.typehandlers:try to lookup type handler for 'uint8_t' => success ((<class 'pybindgen.typehandlers.inttype.UInt8Return'>, None, <pybindgen.typehandlers.ctypeparser.TypeTraits object at 0x7fadbbfd1b38>))
DEBUG:pybindgen.typehandlers:TypeMatcher.lookup('ns3::Ipv6Prefix')
DEBUG:pybindgen.typehandlers:try to lookup type handler for 'ns3::Ipv6Prefix' => success ((<class 'pybindgen.cppclass.CppClass.__init__.<locals>.ThisClassReturn'>, None, <pybindgen.typehandlers.ctypeparser.TypeTraits object at 0x7fadbbfd1ef0>))
DEBUG:pybindgen.typehandlers:TypeMatcher.lookup('uint8_t')
DEBUG:pybindgen.typehandlers:try to lookup type handler for 'uint8_t' => success ((<class 'pybindgen.typehandlers.inttype.UInt8Return'>, None, <pybindgen.typehandlers.ctypeparser.TypeTraits object at 0x7fadbbfd82b0>))
DEBUG:pybindgen.typehandlers:TypeMatcher.lookup('ns3::Ipv6Prefix')
DEBUG:pybindgen.typehandlers:try to lookup type handler for 'ns3::Ipv6Prefix' => success ((<class 'pybindgen.cppclass.CppClass.__init__.<locals>.ThisClassReturn'>, None, <pybindgen.typehandlers.ctypeparser.TypeTraits object at 0x7fadbbfd8668>))
DEBUG:pybindgen.typehandlers:TypeMatcher.lookup('bool')
DEBUG:pybindgen.typehandlers:try to lookup type handler for 'bool' => success ((<class 'pybindgen.typehandlers.booltype.BoolReturn'>, None, <pybindgen.typehandlers.ctypeparser.TypeTraits object at 0x7fadbbfd89e8>))
DEBUG:pybindgen.typehandlers:TypeMatcher.lookup('ns3::Ipv6Prefix const &')
DEBUG:pybindgen.typehandlers:try to lookup type handler for 'ns3::Ipv6Prefix const &' => success ((<class 'pybindgen.cppclass.CppClass.__init__.<locals>.ThisClassRefParameter'>, None, <pybindgen.typehandlers.ctypeparser.TypeTraits object at 0x7fadbbfd8b38>))
DEBUG:pybindgen.typehandlers:TypeMatcher.lookup('bool')
DEBUG:pybindgen.typehandlers:try to lookup type handler for 'bool' => success ((<class 'pybindgen.typehandlers.booltype.BoolReturn'>, None, <pybindgen.typehandlers.ctypeparser.TypeTraits object at 0x7fadbbfd8f28>))
DEBUG:pybindgen.typehandlers:TypeMatcher.lookup('ns3::Ipv6Address')
DEBUG:pybindgen.typehandlers:try to lookup type handler for 'ns3::Ipv6Address' => success ((<class 'pybindgen.cppclass.CppClass.__init__.<locals>.ThisClassParameter'>, None, <pybindgen.typehandlers.ctypeparser.TypeTraits object at 0x7fadbbf210b8>))
DEBUG:pybindgen.typehandlers:TypeMatcher.lookup('ns3::Ipv6Address')
DEBUG:pybindgen.typehandlers:try to lookup type handler for 'ns3::Ipv6Address' => success ((<class 'pybindgen.cppclass.CppClass.__init__.<locals>.ThisClassParameter'>, None, <pybindgen.typehandlers.ctypeparser.TypeTraits object at 0x7fadbbf21160>))
DEBUG:pybindgen.typehandlers:TypeMatcher.lookup('void')
DEBUG:pybindgen.typehandlers:try to lookup type handler for 'void' => success ((<class 'pybindgen.typehandlers.voidtype.VoidReturn'>, None, <pybindgen.typehandlers.ctypeparser.TypeTraits object at 0x7fadbbf214e0>))
DEBUG:pybindgen.typehandlers:TypeMatcher.lookup('std::ostream &')
DEBUG:pybindgen.typehandlers:try to lookup type handler for 'std::ostream &' => failure
'std::ostream &' did not match
/home/cs18/tarballs/ns-allinone-3.34/ns-3.34/src/lr-wpan/bindings/modulegen__gcc_LP64.py:2324: Warning: exception TypeLookupError(['std::ostream &'],) in wrapper public: retval? ???::Print (params?) const;
  is_const=True)
DEBUG:pybindgen.typehandlers:TypeMatcher.lookup('void')
DEBUG:pybindgen.typehandlers:try to lookup type handler for 'void' => success ((<class 'pybindgen.typehandlers.voidtype.VoidReturn'>, None, <pybindgen.typehandlers.ctypeparser.TypeTraits object at 0x7fadbbfd16a0>))
DEBUG:pybindgen.typehandlers:TypeMatcher.lookup('uint8_t')
DEBUG:pybindgen.typehandlers:try to lookup type handler for 'uint8_t' => success ((<class 'pybindgen.typehandlers.inttype.UInt8Param'>, None, <pybindgen.typehandlers.ctypeparser.TypeTraits object at 0x7fadbbfd15f8>))
DEBUG:pybindgen.typehandlers:TypeMatcher.lookup('ns3::LogComponent const &')
DEBUG:pybindgen.typehandlers:try to lookup type handler for 'ns3::LogComponent const &' => success ((<class 'pybindgen.cppclass.CppClass.__init__.<locals>.ThisClassRefParameter'>, None, <pybindgen.typehandlers.ctypeparser.TypeTraits object at 0x7fadbbf216d8>))
DEBUG:pybindgen.typehandlers:TypeMatcher.lookup('std::string const &')
DEBUG:pybindgen.typehandlers:try to lookup type handler for 'std::string const &' => success ((<class 'pybindgen.typehandlers.stringtype.StdStringRefParam'>, None, <pybindgen.typehandlers.ctypeparser.TypeTraits object at 0x7fadbbf21b38>))
DEBUG:pybindgen.typehandlers:TypeMatcher.lookup('std::string const &')
DEBUG:pybindgen.typehandlers:try to lookup type handler for 'std::string const &' => success ((<class 'pybindgen.typehandlers.stringtype.StdStringRefParam'>, None, <pybindgen.typehandlers.ctypeparser.TypeTraits object at 0x7fadbbf21cf8>))
DEBUG:pybindgen.typehandlers:TypeMatcher.lookup('ns3::LogLevel const')
DEBUG:pybindgen.typehandlers:try to lookup type handler for 'ns3::LogLevel const' => success ((<class 'pybindgen.enum.Enum.set_module.<locals>.ThisEnumParameter'>, None, <pybindgen.typehandlers.ctypeparser.TypeTraits object at 0x7fadbbf21e80>))
DEBUG:pybindgen.typehandlers:TypeMatcher.lookup('void')
DEBUG:pybindgen.typehandlers:try to lookup type handler for 'void' => success ((<class 'pybindgen.typehandlers.voidtype.VoidReturn'>, None, <pybindgen.typehandlers.ctypeparser.TypeTraits object at 0x7fadbbf28198>))
DEBUG:pybindgen.typehandlers:TypeMatcher.lookup('ns3::LogLevel const')
DEBUG:pybindgen.typehandlers:try to lookup type handler for 'ns3::LogLevel const' => success ((<class 'pybindgen.enum.Enum.set_module.<locals>.ThisEnumParameter'>, None, <pybindgen.typehandlers.ctypeparser.TypeTraits object at 0x7fadbbf282e8>))
DEBUG:pybindgen.typehandlers:TypeMatcher.lookup('void')
DEBUG:pybindgen.typehandlers:try to lookup type handler for 'void' => success ((<class 'pybindgen.typehandlers.voidtype.VoidReturn'>, None, <pybindgen.typehandlers.ctypeparser.TypeTraits object at 0x7fadbbf28630>))
DEBUG:pybindgen.typehandlers:TypeMatcher.lookup('ns3::LogLevel const')
DEBUG:pybindgen.typehandlers:try to lookup type handler for 'ns3::LogLevel const' => success ((<class 'pybindgen.enum.Enum.set_module.<locals>.ThisEnumParameter'>, None, <pybindgen.typehandlers.ctypeparser.TypeTraits object at 0x7fadbbf28780>))
DEBUG:pybindgen.typehandlers:TypeMatcher.lookup('std::string')
DEBUG:pybindgen.typehandlers:try to lookup type handler for 'std::string' => success ((<class 'pybindgen.typehandlers.stringtype.StdStringReturn'>, None, <pybindgen.typehandlers.ctypeparser.TypeTraits object at 0x7fadbbf28ac8>))
DEBUG:pybindgen.typehandlers:TypeMatcher.lookup('ns3::LogComponent::ComponentList *')
DEBUG:pybindgen.typehandlers:try to lookup type handler for 'ns3::LogComponent::ComponentList *' => failure
'ns3::LogComponent::ComponentList *' did not match
/home/cs18/tarballs/ns-allinone-3.34/ns-3.34/src/lr-wpan/bindings/modulegen__gcc_LP64.py:2353: Warning: exception TypeLookupError(['ns3::LogComponent::ComponentList *'],) in wrapper public: retval? ???::GetComponentList (params?);
  is_static=True)
DEBUG:pybindgen.typehandlers:TypeMatcher.lookup('std::string')
DEBUG:pybindgen.typehandlers:try to lookup type handler for 'std::string' => success ((<class 'pybindgen.typehandlers.stringtype.StdStringReturn'>, None, <pybindgen.typehandlers.ctypeparser.TypeTraits object at 0x7fadbbf28f60>))
DEBUG:pybindgen.typehandlers:TypeMatcher.lookup('ns3::LogLevel const')
DEBUG:pybindgen.typehandlers:try to lookup type handler for 'ns3::LogLevel const' => success ((<class 'pybindgen.enum.Enum.set_module.<locals>.ThisEnumParameter'>, None, <pybindgen.typehandlers.ctypeparser.TypeTraits object at 0x7fadbbf30080>))
DEBUG:pybindgen.typehandlers:TypeMatcher.lookup('bool')
DEBUG:pybindgen.typehandlers:try to lookup type handler for 'bool' => success ((<class 'pybindgen.typehandlers.booltype.BoolReturn'>, None, <pybindgen.typehandlers.ctypeparser.TypeTraits object at 0x7fadbbf303c8>))
DEBUG:pybindgen.typehandlers:TypeMatcher.lookup('ns3::LogLevel const')
DEBUG:pybindgen.typehandlers:try to lookup type handler for 'ns3::LogLevel const' => success ((<class 'pybindgen.enum.Enum.set_module.<locals>.ThisEnumParameter'>, None, <pybindgen.typehandlers.ctypeparser.TypeTraits object at 0x7fadbbf30518>))
DEBUG:pybindgen.typehandlers:TypeMatcher.lookup('bool')
DEBUG:pybindgen.typehandlers:try to lookup type handler for 'bool' => success ((<class 'pybindgen.typehandlers.booltype.BoolReturn'>, None, <pybindgen.typehandlers.ctypeparser.TypeTraits object at 0x7fadbbf30860>))
DEBUG:pybindgen.typehandlers:TypeMatcher.lookup('char const *')
DEBUG:pybindgen.typehandlers:try to lookup type handler for 'char const *' => success ((<class 'pybindgen.typehandlers.stringtype.CStringReturn'>, None, <pybindgen.typehandlers.ctypeparser.TypeTraits object at 0x7fadbbf28e48>))
DEBUG:pybindgen.typehandlers:TypeMatcher.lookup('void')
DEBUG:pybindgen.typehandlers:try to lookup type handler for 'void' => success ((<class 'pybindgen.typehandlers.voidtype.VoidReturn'>, None, <pybindgen.typehandlers.ctypeparser.TypeTraits object at 0x7fadbbf30f28>))
DEBUG:pybindgen.typehandlers:TypeMatcher.lookup('ns3::LogLevel const')
DEBUG:pybindgen.typehandlers:try to lookup type handler for 'ns3::LogLevel const' => success ((<class 'pybindgen.enum.Enum.set_module.<locals>.ThisEnumParameter'>, None, <pybindgen.typehandlers.ctypeparser.TypeTraits object at 0x7fadbbf38128>))
DEBUG:pybindgen.typehandlers:TypeMatcher.lookup('ns3::LrWpanEdPower const &')
DEBUG:pybindgen.typehandlers:try to lookup type handler for 'ns3::LrWpanEdPower const &' => success ((<class 'pybindgen.cppclass.CppClass.__init__.<locals>.ThisClassRefParameter'>, None, <pybindgen.typehandlers.ctypeparser.TypeTraits object at 0x7fadbbf38710>))
DEBUG:pybindgen.typehandlers:TypeMatcher.lookup('double')
DEBUG:pybindgen.typehandlers:try to lookup type handler for 'double' => success ((<class 'pybindgen.typehandlers.doubletype.DoubleReturn'>, None, <pybindgen.typehandlers.ctypeparser.TypeTraits object at 0x7fadbbf38a90>))
DEBUG:pybindgen.typehandlers:TypeMatcher.lookup('ns3::Time')
DEBUG:pybindgen.typehandlers:try to lookup type handler for 'ns3::Time' => success ((<class 'pybindgen.cppclass.CppClass.__init__.<locals>.ThisClassReturn'>, None, <pybindgen.typehandlers.ctypeparser.TypeTraits object at 0x7fadbbf3f048>))
DEBUG:pybindgen.typehandlers:TypeMatcher.lookup('ns3::Time')
DEBUG:pybindgen.typehandlers:try to lookup type handler for 'ns3::Time' => success ((<class 'pybindgen.cppclass.CppClass.__init__.<locals>.ThisClassReturn'>, None, <pybindgen.typehandlers.ctypeparser.TypeTraits object at 0x7fadbbf3f588>))
DEBUG:pybindgen.typehandlers:TypeMatcher.lookup('ns3::LrWpanPhyDataAndSymbolRates const &')
DEBUG:pybindgen.typehandlers:try to lookup type handler for 'ns3::LrWpanPhyDataAndSymbolRates const &' => success ((<class 'pybindgen.cppclass.CppClass.__init__.<locals>.ThisClassRefParameter'>, None, <pybindgen.typehandlers.ctypeparser.TypeTraits object at 0x7fadbbf3fda0>))
DEBUG:pybindgen.typehandlers:TypeMatcher.lookup('double')
DEBUG:pybindgen.typehandlers:try to lookup type handler for 'double' => success ((<class 'pybindgen.typehandlers.doubletype.DoubleReturn'>, None, <pybindgen.typehandlers.ctypeparser.TypeTraits object at 0x7fadbbf46160>))
DEBUG:pybindgen.typehandlers:TypeMatcher.lookup('double')
DEBUG:pybindgen.typehandlers:try to lookup type handler for 'double' => success ((<class 'pybindgen.typehandlers.doubletype.DoubleReturn'>, None, <pybindgen.typehandlers.ctypeparser.TypeTraits object at 0x7fadbbf466d8>))
DEBUG:pybindgen.typehandlers:TypeMatcher.lookup('ns3::LrWpanPhyPibAttributes const &')
DEBUG:pybindgen.typehandlers:try to lookup type handler for 'ns3::LrWpanPhyPibAttributes const &' => success ((<class 'pybindgen.cppclass.CppClass.__init__.<locals>.ThisClassRefParameter'>, None, <pybindgen.typehandlers.ctypeparser.TypeTraits object at 0x7fadbbf46f28>))
DEBUG:pybindgen.typehandlers:TypeMatcher.lookup('uint8_t')
DEBUG:pybindgen.typehandlers:try to lookup type handler for 'uint8_t' => success ((<class 'pybindgen.typehandlers.inttype.UInt8Return'>, None, <pybindgen.typehandlers.ctypeparser.TypeTraits object at 0x7fadbbf512e8>))
DEBUG:pybindgen.typehandlers:TypeMatcher.lookup('uint32_t [ 32 ]')
DEBUG:pybindgen.typehandlers:try to lookup type handler for 'uint32_t [ 32 ]' => failure
'uint32_t [ 32 ]' did not match
bindings/python/ns3modulegen-modular.py:30: UserWarning: exception TypeLookupError(['uint32_t [ 32 ]'],) in wrapper None
  warnings.warn("exception %r in wrapper %s" % (exception, wrapper))
DEBUG:pybindgen.typehandlers:TypeMatcher.lookup('uint8_t')
DEBUG:pybindgen.typehandlers:try to lookup type handler for 'uint8_t' => success ((<class 'pybindgen.typehandlers.inttype.UInt8Return'>, None, <pybindgen.typehandlers.ctypeparser.TypeTraits object at 0x7fadbbf51a90>))
DEBUG:pybindgen.typehandlers:TypeMatcher.lookup('uint32_t')
DEBUG:pybindgen.typehandlers:try to lookup type handler for 'uint32_t' => success ((<class 'pybindgen.typehandlers.inttype.UnsignedIntReturn'>, None, <pybindgen.typehandlers.ctypeparser.TypeTraits object at 0x7fadbbf51fd0>))
DEBUG:pybindgen.typehandlers:TypeMatcher.lookup('uint32_t')
DEBUG:pybindgen.typehandlers:try to lookup type handler for 'uint32_t' => success ((<class 'pybindgen.typehandlers.inttype.UnsignedIntReturn'>, None, <pybindgen.typehandlers.ctypeparser.TypeTraits object at 0x7fadbbed9550>))
DEBUG:pybindgen.typehandlers:TypeMatcher.lookup('uint32_t')
DEBUG:pybindgen.typehandlers:try to lookup type handler for 'uint32_t' => success ((<class 'pybindgen.typehandlers.inttype.UnsignedIntReturn'>, None, <pybindgen.typehandlers.ctypeparser.TypeTraits object at 0x7fadbbed9a90>))
DEBUG:pybindgen.typehandlers:TypeMatcher.lookup('double')
DEBUG:pybindgen.typehandlers:try to lookup type handler for 'double' => success ((<class 'pybindgen.typehandlers.doubletype.DoubleReturn'>, None, <pybindgen.typehandlers.ctypeparser.TypeTraits object at 0x7fadbbed9dd8>))
DEBUG:pybindgen.typehandlers:TypeMatcher.lookup('uint8_t')
DEBUG:pybindgen.typehandlers:try to lookup type handler for 'uint8_t' => success ((<class 'pybindgen.typehandlers.inttype.UInt8Return'>, None, <pybindgen.typehandlers.ctypeparser.TypeTraits object at 0x7fadbbedf390>))
DEBUG:pybindgen.typehandlers:TypeMatcher.lookup('ns3::LrWpanPhyPpduHeaderSymbolNumber const &')
DEBUG:pybindgen.typehandlers:try to lookup type handler for 'ns3::LrWpanPhyPpduHeaderSymbolNumber const &' => success ((<class 'pybindgen.cppclass.CppClass.__init__.<locals>.ThisClassRefParameter'>, None, <pybindgen.typehandlers.ctypeparser.TypeTraits object at 0x7fadbbedfbe0>))
DEBUG:pybindgen.typehandlers:TypeMatcher.lookup('double')
DEBUG:pybindgen.typehandlers:try to lookup type handler for 'double' => success ((<class 'pybindgen.typehandlers.doubletype.DoubleReturn'>, None, <pybindgen.typehandlers.ctypeparser.TypeTraits object at 0x7fadbbedff60>))
DEBUG:pybindgen.typehandlers:TypeMatcher.lookup('double')
DEBUG:pybindgen.typehandlers:try to lookup type handler for 'double' => success ((<class 'pybindgen.typehandlers.doubletype.DoubleReturn'>, None, <pybindgen.typehandlers.ctypeparser.TypeTraits object at 0x7fadbbee8518>))
DEBUG:pybindgen.typehandlers:TypeMatcher.lookup('double')
DEBUG:pybindgen.typehandlers:try to lookup type handler for 'double' => success ((<class 'pybindgen.typehandlers.doubletype.DoubleReturn'>, None, <pybindgen.typehandlers.ctypeparser.TypeTraits object at 0x7fadbbee8a90>))
DEBUG:pybindgen.typehandlers:TypeMatcher.lookup('ns3::LrWpanSpectrumValueHelper const &')
DEBUG:pybindgen.typehandlers:try to lookup type handler for 'ns3::LrWpanSpectrumValueHelper const &' => success ((<class 'pybindgen.cppclass.CppClass.__init__.<locals>.ThisClassRefParameter'>, None, <pybindgen.typehandlers.ctypeparser.TypeTraits object at 0x7fadbbeee0b8>))
DEBUG:pybindgen.typehandlers:TypeMatcher.lookup('ns3::Ptr< ns3::SpectrumValue >')
DEBUG:pybindgen.typehandlers:try to lookup type handler for 'ns3::Ptr< ns3::SpectrumValue >' => failure
DEBUG:pybindgen.typehandlers:try to lookup type handler for 'ns3::SpectrumValue *' => failure ('')
/home/cs18/tarballs/ns-allinone-3.34/ns-3.34/src/lr-wpan/bindings/modulegen__gcc_LP64.py:2448: Warning: exception TypeLookupError(['ns3::Ptr< ns3::SpectrumValue >', 'ns3::SpectrumValue *'],) in wrapper public: retval? ???::CreateNoisePowerSpectralDensity (params?);
  [param('uint32_t', 'channel')])
DEBUG:pybindgen.typehandlers:TypeMatcher.lookup('ns3::Ptr< ns3::SpectrumValue >')
DEBUG:pybindgen.typehandlers:try to lookup type handler for 'ns3::Ptr< ns3::SpectrumValue >' => failure
DEBUG:pybindgen.typehandlers:try to lookup type handler for 'ns3::SpectrumValue *' => failure ('')
/home/cs18/tarballs/ns-allinone-3.34/ns-3.34/src/lr-wpan/bindings/modulegen__gcc_LP64.py:2452: Warning: exception TypeLookupError(['ns3::Ptr< ns3::SpectrumValue >', 'ns3::SpectrumValue *'],) in wrapper public: retval? ???::CreateTxPowerSpectralDensity (params?);
  [param('double', 'txPower'), param('uint32_t', 'channel')])
DEBUG:pybindgen.typehandlers:TypeMatcher.lookup('double')
DEBUG:pybindgen.typehandlers:try to lookup type handler for 'double' => success ((<class 'pybindgen.typehandlers.doubletype.DoubleReturn'>, None, <pybindgen.typehandlers.ctypeparser.TypeTraits object at 0x7fadbbeeec50>))
DEBUG:pybindgen.typehandlers:TypeMatcher.lookup('ns3::Ptr< ns3::SpectrumValue const >')
DEBUG:pybindgen.typehandlers:try to lookup type handler for 'ns3::Ptr< ns3::SpectrumValue const >' => failure
DEBUG:pybindgen.typehandlers:try to lookup type handler for 'ns3::SpectrumValue *' => failure ('')
/home/cs18/tarballs/ns-allinone-3.34/ns-3.34/src/lr-wpan/bindings/modulegen__gcc_LP64.py:2457: Warning: exception TypeLookupError(['ns3::Ptr< ns3::SpectrumValue const >', 'ns3::SpectrumValue *'],) in wrapper public: retval? ???::TotalAvgPower (params?);
  is_static=True)
DEBUG:pybindgen.typehandlers:TypeMatcher.lookup('ns3::Mac16Address const &')
DEBUG:pybindgen.typehandlers:try to lookup type handler for 'ns3::Mac16Address const &' => success ((<class 'pybindgen.cppclass.CppClass.__init__.<locals>.ThisClassRefParameter'>, None, <pybindgen.typehandlers.ctypeparser.TypeTraits object at 0x7fadbbefa128>))
DEBUG:pybindgen.typehandlers:TypeMatcher.lookup('char const *')
DEBUG:pybindgen.typehandlers:try to lookup type handler for 'char const *' => success ((<class 'pybindgen.typehandlers.stringtype.CStringParam'>, None, <pybindgen.typehandlers.ctypeparser.TypeTraits object at 0x7fadbbefa748>))
DEBUG:pybindgen.typehandlers:TypeMatcher.lookup('ns3::Mac16Address')
DEBUG:pybindgen.typehandlers:try to lookup type handler for 'ns3::Mac16Address' => success ((<class 'pybindgen.cppclass.CppClass.__init__.<locals>.ThisClassReturn'>, None, <pybindgen.typehandlers.ctypeparser.TypeTraits object at 0x7fadbbefab38>))
DEBUG:pybindgen.typehandlers:TypeMatcher.lookup('ns3::Mac16Address')
DEBUG:pybindgen.typehandlers:try to lookup type handler for 'ns3::Mac16Address' => success ((<class 'pybindgen.cppclass.CppClass.__init__.<locals>.ThisClassReturn'>, None, <pybindgen.typehandlers.ctypeparser.TypeTraits object at 0x7fadbbefaeb8>))
DEBUG:pybindgen.typehandlers:TypeMatcher.lookup('ns3::Address const &')
DEBUG:pybindgen.typehandlers:try to lookup type handler for 'ns3::Address const &' => success ((<class 'pybindgen.cppclass.CppClass.__init__.<locals>.ThisClassRefParameter'>, None, <pybindgen.typehandlers.ctypeparser.TypeTraits object at 0x7fadbbefafd0>))
DEBUG:pybindgen.typehandlers:TypeMatcher.lookup('void')
DEBUG:pybindgen.typehandlers:try to lookup type handler for 'void' => success ((<class 'pybindgen.typehandlers.voidtype.VoidReturn'>, None, <pybindgen.typehandlers.ctypeparser.TypeTraits object at 0x7fadbbf02400>))
DEBUG:pybindgen.typehandlers:TypeMatcher.lookup('uint8_t const *')
DEBUG:pybindgen.typehandlers:try to lookup type handler for 'uint8_t const *' => success ((<class 'pybindgen.typehandlers.inttype.UInt8PtrParam'>, None, <pybindgen.typehandlers.ctypeparser.TypeTraits object at 0x7fadbbf02550>))
/home/cs18/tarballs/ns-allinone-3.34/ns-3.34/src/lr-wpan/bindings/modulegen__gcc_LP64.py:2484: Warning: exception TypeConfigurationError('direction not given',) in wrapper public: retval? ???::CopyFrom (params?);
  [param('uint8_t const *', 'buffer')])
DEBUG:pybindgen.typehandlers:TypeMatcher.lookup('void')
DEBUG:pybindgen.typehandlers:try to lookup type handler for 'void' => success ((<class 'pybindgen.typehandlers.voidtype.VoidReturn'>, None, <pybindgen.typehandlers.ctypeparser.TypeTraits object at 0x7fadbbeeef60>))
DEBUG:pybindgen.typehandlers:TypeMatcher.lookup('uint8_t *')
DEBUG:pybindgen.typehandlers:try to lookup type handler for 'uint8_t *' => success ((<class 'pybindgen.typehandlers.inttype.UInt8PtrParam'>, None, <pybindgen.typehandlers.ctypeparser.TypeTraits object at 0x7fadbbeeee80>))
/home/cs18/tarballs/ns-allinone-3.34/ns-3.34/src/lr-wpan/bindings/modulegen__gcc_LP64.py:2489: Warning: exception TypeConfigurationError('direction not given',) in wrapper public: retval? ???::CopyTo (params?) const;
  is_const=True)
DEBUG:pybindgen.typehandlers:TypeMatcher.lookup('ns3::Mac16Address')
DEBUG:pybindgen.typehandlers:try to lookup type handler for 'ns3::Mac16Address' => success ((<class 'pybindgen.cppclass.CppClass.__init__.<locals>.ThisClassReturn'>, None, <pybindgen.typehandlers.ctypeparser.TypeTraits object at 0x7fadbbeeeef0>))
DEBUG:pybindgen.typehandlers:TypeMatcher.lookup('ns3::Mac16Address')
DEBUG:pybindgen.typehandlers:try to lookup type handler for 'ns3::Mac16Address' => success ((<class 'pybindgen.cppclass.CppClass.__init__.<locals>.ThisClassReturn'>, None, <pybindgen.typehandlers.ctypeparser.TypeTraits object at 0x7fadbbeeea90>))
DEBUG:pybindgen.typehandlers:TypeMatcher.lookup('ns3::Ipv6Address')
DEBUG:pybindgen.typehandlers:try to lookup type handler for 'ns3::Ipv6Address' => success ((<class 'pybindgen.cppclass.CppClass.__init__.<locals>.ThisClassParameter'>, None, <pybindgen.typehandlers.ctypeparser.TypeTraits object at 0x7fadbbeee6d8>))
DEBUG:pybindgen.typehandlers:TypeMatcher.lookup('bool')
DEBUG:pybindgen.typehandlers:try to lookup type handler for 'bool' => success ((<class 'pybindgen.typehandlers.booltype.BoolReturn'>, None, <pybindgen.typehandlers.ctypeparser.TypeTraits object at 0x7fadbbf027f0>))
DEBUG:pybindgen.typehandlers:TypeMatcher.lookup('bool')
DEBUG:pybindgen.typehandlers:try to lookup type handler for 'bool' => success ((<class 'pybindgen.typehandlers.booltype.BoolReturn'>, None, <pybindgen.typehandlers.ctypeparser.TypeTraits object at 0x7fadbbf02ba8>))
DEBUG:pybindgen.typehandlers:TypeMatcher.lookup('ns3::Address const &')
DEBUG:pybindgen.typehandlers:try to lookup type handler for 'ns3::Address const &' => success ((<class 'pybindgen.cppclass.CppClass.__init__.<locals>.ThisClassRefParameter'>, None, <pybindgen.typehandlers.ctypeparser.TypeTraits object at 0x7fadbbf02cf8>))
DEBUG:pybindgen.typehandlers:TypeMatcher.lookup('bool')
DEBUG:pybindgen.typehandlers:try to lookup type handler for 'bool' => success ((<class 'pybindgen.typehandlers.booltype.BoolReturn'>, None, <pybindgen.typehandlers.ctypeparser.TypeTraits object at 0x7fadbbf05128>))
DEBUG:pybindgen.typehandlers:TypeMatcher.lookup('ns3::Mac48Address const &')
DEBUG:pybindgen.typehandlers:try to lookup type handler for 'ns3::Mac48Address const &' => success ((<class 'pybindgen.cppclass.CppClass.__init__.<locals>.ThisClassRefParameter'>, None, <pybindgen.typehandlers.ctypeparser.TypeTraits object at 0x7fadbbf05518>))
DEBUG:pybindgen.typehandlers:TypeMatcher.lookup('char const *')
DEBUG:pybindgen.typehandlers:try to lookup type handler for 'char const *' => success ((<class 'pybindgen.typehandlers.stringtype.CStringParam'>, None, <pybindgen.typehandlers.ctypeparser.TypeTraits object at 0x7fadbbf05b70>))
DEBUG:pybindgen.typehandlers:TypeMatcher.lookup('ns3::Mac48Address')
DEBUG:pybindgen.typehandlers:try to lookup type handler for 'ns3::Mac48Address' => success ((<class 'pybindgen.cppclass.CppClass.__init__.<locals>.ThisClassReturn'>, None, <pybindgen.typehandlers.ctypeparser.TypeTraits object at 0x7fadbbf05f60>))
DEBUG:pybindgen.typehandlers:TypeMatcher.lookup('ns3::Mac48Address')
DEBUG:pybindgen.typehandlers:try to lookup type handler for 'ns3::Mac48Address' => success ((<class 'pybindgen.cppclass.CppClass.__init__.<locals>.ThisClassReturn'>, None, <pybindgen.typehandlers.ctypeparser.TypeTraits object at 0x7fadbbf0e320>))
DEBUG:pybindgen.typehandlers:TypeMatcher.lookup('ns3::Address const &')
DEBUG:pybindgen.typehandlers:try to lookup type handler for 'ns3::Address const &' => success ((<class 'pybindgen.cppclass.CppClass.__init__.<locals>.ThisClassRefParameter'>, None, <pybindgen.typehandlers.ctypeparser.TypeTraits object at 0x7fadbbf0e438>))
DEBUG:pybindgen.typehandlers:TypeMatcher.lookup('void')
DEBUG:pybindgen.typehandlers:try to lookup type handler for 'void' => success ((<class 'pybindgen.typehandlers.voidtype.VoidReturn'>, None, <pybindgen.typehandlers.ctypeparser.TypeTraits object at 0x7fadbbf0e828>))
DEBUG:pybindgen.typehandlers:TypeMatcher.lookup('uint8_t const *')
DEBUG:pybindgen.typehandlers:try to lookup type handler for 'uint8_t const *' => success ((<class 'pybindgen.typehandlers.inttype.UInt8PtrParam'>, None, <pybindgen.typehandlers.ctypeparser.TypeTraits object at 0x7fadbbeeeeb8>))
/home/cs18/tarballs/ns-allinone-3.34/ns-3.34/src/lr-wpan/bindings/modulegen__gcc_LP64.py:2541: Warning: exception TypeConfigurationError('direction not given',) in wrapper public: retval? ???::CopyFrom (params?);
  [param('uint8_t const *', 'buffer')])
DEBUG:pybindgen.typehandlers:TypeMatcher.lookup('void')
DEBUG:pybindgen.typehandlers:try to lookup type handler for 'void' => success ((<class 'pybindgen.typehandlers.voidtype.VoidReturn'>, None, <pybindgen.typehandlers.ctypeparser.TypeTraits object at 0x7fadbbeeed68>))
DEBUG:pybindgen.typehandlers:TypeMatcher.lookup('uint8_t *')
DEBUG:pybindgen.typehandlers:try to lookup type handler for 'uint8_t *' => success ((<class 'pybindgen.typehandlers.inttype.UInt8PtrParam'>, None, <pybindgen.typehandlers.ctypeparser.TypeTraits object at 0x7fadbbf0e9e8>))
/home/cs18/tarballs/ns-allinone-3.34/ns-3.34/src/lr-wpan/bindings/modulegen__gcc_LP64.py:2546: Warning: exception TypeConfigurationError('direction not given',) in wrapper public: retval? ???::CopyTo (params?) const;
  is_const=True)
DEBUG:pybindgen.typehandlers:TypeMatcher.lookup('ns3::Mac48Address')
DEBUG:pybindgen.typehandlers:try to lookup type handler for 'ns3::Mac48Address' => success ((<class 'pybindgen.cppclass.CppClass.__init__.<locals>.ThisClassReturn'>, None, <pybindgen.typehandlers.ctypeparser.TypeTraits object at 0x7fadbbf0eac8>))
DEBUG:pybindgen.typehandlers:TypeMatcher.lookup('ns3::Mac48Address')
DEBUG:pybindgen.typehandlers:try to lookup type handler for 'ns3::Mac48Address' => success ((<class 'pybindgen.cppclass.CppClass.__init__.<locals>.ThisClassReturn'>, None, <pybindgen.typehandlers.ctypeparser.TypeTraits object at 0x7fadbbf0eeb8>))
DEBUG:pybindgen.typehandlers:TypeMatcher.lookup('ns3::Ipv4Address')
DEBUG:pybindgen.typehandlers:try to lookup type handler for 'ns3::Ipv4Address' => success ((<class 'pybindgen.cppclass.CppClass.__init__.<locals>.ThisClassParameter'>, None, <pybindgen.typehandlers.ctypeparser.TypeTraits object at 0x7fadbbf0efd0>))
DEBUG:pybindgen.typehandlers:TypeMatcher.lookup('ns3::Mac48Address')
DEBUG:pybindgen.typehandlers:try to lookup type handler for 'ns3::Mac48Address' => success ((<class 'pybindgen.cppclass.CppClass.__init__.<locals>.ThisClassReturn'>, None, <pybindgen.typehandlers.ctypeparser.TypeTraits object at 0x7fadbbf15358>))
DEBUG:pybindgen.typehandlers:TypeMatcher.lookup('ns3::Ipv6Address')
DEBUG:pybindgen.typehandlers:try to lookup type handler for 'ns3::Ipv6Address' => success ((<class 'pybindgen.cppclass.CppClass.__init__.<locals>.ThisClassParameter'>, None, <pybindgen.typehandlers.ctypeparser.TypeTraits object at 0x7fadbbf15470>))
DEBUG:pybindgen.typehandlers:TypeMatcher.lookup('ns3::Mac48Address')
DEBUG:pybindgen.typehandlers:try to lookup type handler for 'ns3::Mac48Address' => success ((<class 'pybindgen.cppclass.CppClass.__init__.<locals>.ThisClassReturn'>, None, <pybindgen.typehandlers.ctypeparser.TypeTraits object at 0x7fadbbf15780>))
DEBUG:pybindgen.typehandlers:TypeMatcher.lookup('ns3::Mac48Address')
DEBUG:pybindgen.typehandlers:try to lookup type handler for 'ns3::Mac48Address' => success ((<class 'pybindgen.cppclass.CppClass.__init__.<locals>.ThisClassReturn'>, None, <pybindgen.typehandlers.ctypeparser.TypeTraits object at 0x7fadbbf15b00>))
DEBUG:pybindgen.typehandlers:TypeMatcher.lookup('bool')
DEBUG:pybindgen.typehandlers:try to lookup type handler for 'bool' => success ((<class 'pybindgen.typehandlers.booltype.BoolReturn'>, None, <pybindgen.typehandlers.ctypeparser.TypeTraits object at 0x7fadbbf15e80>))
DEBUG:pybindgen.typehandlers:TypeMatcher.lookup('bool')
DEBUG:pybindgen.typehandlers:try to lookup type handler for 'bool' => success ((<class 'pybindgen.typehandlers.booltype.BoolReturn'>, None, <pybindgen.typehandlers.ctypeparser.TypeTraits object at 0x7fadbbe9c278>))
DEBUG:pybindgen.typehandlers:TypeMatcher.lookup('bool')
DEBUG:pybindgen.typehandlers:try to lookup type handler for 'bool' => success ((<class 'pybindgen.typehandlers.booltype.BoolReturn'>, None, <pybindgen.typehandlers.ctypeparser.TypeTraits object at 0x7fadbbe9c630>))
DEBUG:pybindgen.typehandlers:TypeMatcher.lookup('ns3::Address const &')
DEBUG:pybindgen.typehandlers:try to lookup type handler for 'ns3::Address const &' => success ((<class 'pybindgen.cppclass.CppClass.__init__.<locals>.ThisClassRefParameter'>, None, <pybindgen.typehandlers.ctypeparser.TypeTraits object at 0x7fadbbe9c780>))
DEBUG:pybindgen.typehandlers:TypeMatcher.lookup('ns3::Mac64Address const &')
DEBUG:pybindgen.typehandlers:try to lookup type handler for 'ns3::Mac64Address const &' => success ((<class 'pybindgen.cppclass.CppClass.__init__.<locals>.ThisClassRefParameter'>, None, <pybindgen.typehandlers.ctypeparser.TypeTraits object at 0x7fadbbe9cba8>))
DEBUG:pybindgen.typehandlers:TypeMatcher.lookup('char const *')
DEBUG:pybindgen.typehandlers:try to lookup type handler for 'char const *' => success ((<class 'pybindgen.typehandlers.stringtype.CStringParam'>, None, <pybindgen.typehandlers.ctypeparser.TypeTraits object at 0x7fadbbf0e8d0>))
DEBUG:pybindgen.typehandlers:TypeMatcher.lookup('ns3::Mac64Address')
DEBUG:pybindgen.typehandlers:try to lookup type handler for 'ns3::Mac64Address' => success ((<class 'pybindgen.cppclass.CppClass.__init__.<locals>.ThisClassReturn'>, None, <pybindgen.typehandlers.ctypeparser.TypeTraits object at 0x7fadbbea5080>))
DEBUG:pybindgen.typehandlers:TypeMatcher.lookup('ns3::Mac64Address')
DEBUG:pybindgen.typehandlers:try to lookup type handler for 'ns3::Mac64Address' => success ((<class 'pybindgen.cppclass.CppClass.__init__.<locals>.ThisClassReturn'>, None, <pybindgen.typehandlers.ctypeparser.TypeTraits object at 0x7fadbbea5400>))
DEBUG:pybindgen.typehandlers:TypeMatcher.lookup('ns3::Address const &')
DEBUG:pybindgen.typehandlers:try to lookup type handler for 'ns3::Address const &' => success ((<class 'pybindgen.cppclass.CppClass.__init__.<locals>.ThisClassRefParameter'>, None, <pybindgen.typehandlers.ctypeparser.TypeTraits object at 0x7fadbbea5518>))
DEBUG:pybindgen.typehandlers:TypeMatcher.lookup('void')
DEBUG:pybindgen.typehandlers:try to lookup type handler for 'void' => success ((<class 'pybindgen.typehandlers.voidtype.VoidReturn'>, None, <pybindgen.typehandlers.ctypeparser.TypeTraits object at 0x7fadbbea5908>))
DEBUG:pybindgen.typehandlers:TypeMatcher.lookup('uint8_t const *')
DEBUG:pybindgen.typehandlers:try to lookup type handler for 'uint8_t const *' => success ((<class 'pybindgen.typehandlers.inttype.UInt8PtrParam'>, None, <pybindgen.typehandlers.ctypeparser.TypeTraits object at 0x7fadbbea5a58>))
/home/cs18/tarballs/ns-allinone-3.34/ns-3.34/src/lr-wpan/bindings/modulegen__gcc_LP64.py:2613: Warning: exception TypeConfigurationError('direction not given',) in wrapper public: retval? ???::CopyFrom (params?);
  [param('uint8_t const *', 'buffer')])
DEBUG:pybindgen.typehandlers:TypeMatcher.lookup('void')
DEBUG:pybindgen.typehandlers:try to lookup type handler for 'void' => success ((<class 'pybindgen.typehandlers.voidtype.VoidReturn'>, None, <pybindgen.typehandlers.ctypeparser.TypeTraits object at 0x7fadbbea5ba8>))
DEBUG:pybindgen.typehandlers:TypeMatcher.lookup('uint8_t *')
DEBUG:pybindgen.typehandlers:try to lookup type handler for 'uint8_t *' => success ((<class 'pybindgen.typehandlers.inttype.UInt8PtrParam'>, None, <pybindgen.typehandlers.ctypeparser.TypeTraits object at 0x7fadbbea5d68>))
/home/cs18/tarballs/ns-allinone-3.34/ns-3.34/src/lr-wpan/bindings/modulegen__gcc_LP64.py:2618: Warning: exception TypeConfigurationError('direction not given',) in wrapper public: retval? ???::CopyTo (params?) const;
  is_const=True)
DEBUG:pybindgen.typehandlers:TypeMatcher.lookup('bool')
DEBUG:pybindgen.typehandlers:try to lookup type handler for 'bool' => success ((<class 'pybindgen.typehandlers.booltype.BoolReturn'>, None, <pybindgen.typehandlers.ctypeparser.TypeTraits object at 0x7fadbbea5e48>))
DEBUG:pybindgen.typehandlers:TypeMatcher.lookup('ns3::Address const &')
DEBUG:pybindgen.typehandlers:try to lookup type handler for 'ns3::Address const &' => success ((<class 'pybindgen.cppclass.CppClass.__init__.<locals>.ThisClassRefParameter'>, None, <pybindgen.typehandlers.ctypeparser.TypeTraits object at 0x7fadbbeae048>))
DEBUG:pybindgen.typehandlers:TypeMatcher.lookup('ns3::Mac8Address const &')
DEBUG:pybindgen.typehandlers:try to lookup type handler for 'ns3::Mac8Address const &' => success ((<class 'pybindgen.cppclass.CppClass.__init__.<locals>.ThisClassRefParameter'>, None, <pybindgen.typehandlers.ctypeparser.TypeTraits object at 0x7fadbbeae470>))
DEBUG:pybindgen.typehandlers:TypeMatcher.lookup('uint8_t')
DEBUG:pybindgen.typehandlers:try to lookup type handler for 'uint8_t' => success ((<class 'pybindgen.typehandlers.inttype.UInt8Param'>, None, <pybindgen.typehandlers.ctypeparser.TypeTraits object at 0x7fadbbeaeac8>))
DEBUG:pybindgen.typehandlers:TypeMatcher.lookup('ns3::Mac8Address')
DEBUG:pybindgen.typehandlers:try to lookup type handler for 'ns3::Mac8Address' => success ((<class 'pybindgen.cppclass.CppClass.__init__.<locals>.ThisClassReturn'>, None, <pybindgen.typehandlers.ctypeparser.TypeTraits object at 0x7fadbbeaee10>))
DEBUG:pybindgen.typehandlers:TypeMatcher.lookup('ns3::Mac8Address')
DEBUG:pybindgen.typehandlers:try to lookup type handler for 'ns3::Mac8Address' => success ((<class 'pybindgen.cppclass.CppClass.__init__.<locals>.ThisClassReturn'>, None, <pybindgen.typehandlers.ctypeparser.TypeTraits object at 0x7fadbbeb51d0>))
DEBUG:pybindgen.typehandlers:TypeMatcher.lookup('ns3::Address const &')
DEBUG:pybindgen.typehandlers:try to lookup type handler for 'ns3::Address const &' => success ((<class 'pybindgen.cppclass.CppClass.__init__.<locals>.ThisClassRefParameter'>, None, <pybindgen.typehandlers.ctypeparser.TypeTraits object at 0x7fadbbea5e10>))
DEBUG:pybindgen.typehandlers:TypeMatcher.lookup('void')
DEBUG:pybindgen.typehandlers:try to lookup type handler for 'void' => success ((<class 'pybindgen.typehandlers.voidtype.VoidReturn'>, None, <pybindgen.typehandlers.ctypeparser.TypeTraits object at 0x7fadbbea5978>))
DEBUG:pybindgen.typehandlers:TypeMatcher.lookup('uint8_t const *')
DEBUG:pybindgen.typehandlers:try to lookup type handler for 'uint8_t const *' => success ((<class 'pybindgen.typehandlers.inttype.UInt8PtrParam'>, None, <pybindgen.typehandlers.ctypeparser.TypeTraits object at 0x7fadbbeb5278>))
/home/cs18/tarballs/ns-allinone-3.34/ns-3.34/src/lr-wpan/bindings/modulegen__gcc_LP64.py:2650: Warning: exception TypeConfigurationError('direction not given',) in wrapper public: retval? ???::CopyFrom (params?);
  [param('uint8_t const *', 'pBuffer')])
DEBUG:pybindgen.typehandlers:TypeMatcher.lookup('void')
DEBUG:pybindgen.typehandlers:try to lookup type handler for 'void' => success ((<class 'pybindgen.typehandlers.voidtype.VoidReturn'>, None, <pybindgen.typehandlers.ctypeparser.TypeTraits object at 0x7fadbbeb53c8>))
DEBUG:pybindgen.typehandlers:TypeMatcher.lookup('uint8_t *')
DEBUG:pybindgen.typehandlers:try to lookup type handler for 'uint8_t *' => success ((<class 'pybindgen.typehandlers.inttype.UInt8PtrParam'>, None, <pybindgen.typehandlers.ctypeparser.TypeTraits object at 0x7fadbbeb5588>))
/home/cs18/tarballs/ns-allinone-3.34/ns-3.34/src/lr-wpan/bindings/modulegen__gcc_LP64.py:2655: Warning: exception TypeConfigurationError('direction not given',) in wrapper public: retval? ???::CopyTo (params?) const;
  is_const=True)
DEBUG:pybindgen.typehandlers:TypeMatcher.lookup('ns3::Mac8Address')
DEBUG:pybindgen.typehandlers:try to lookup type handler for 'ns3::Mac8Address' => success ((<class 'pybindgen.cppclass.CppClass.__init__.<locals>.ThisClassReturn'>, None, <pybindgen.typehandlers.ctypeparser.TypeTraits object at 0x7fadbbeb5668>))
DEBUG:pybindgen.typehandlers:TypeMatcher.lookup('bool')
DEBUG:pybindgen.typehandlers:try to lookup type handler for 'bool' => success ((<class 'pybindgen.typehandlers.booltype.BoolReturn'>, None, <pybindgen.typehandlers.ctypeparser.TypeTraits object at 0x7fadbbeb5a58>))
DEBUG:pybindgen.typehandlers:TypeMatcher.lookup('ns3::Address const &')
DEBUG:pybindgen.typehandlers:try to lookup type handler for 'ns3::Address const &' => success ((<class 'pybindgen.cppclass.CppClass.__init__.<locals>.ThisClassRefParameter'>, None, <pybindgen.typehandlers.ctypeparser.TypeTraits object at 0x7fadbbeb5ba8>))
DEBUG:pybindgen.typehandlers:TypeMatcher.lookup('ns3::McpsDataConfirmParams const &')
DEBUG:pybindgen.typehandlers:try to lookup type handler for 'ns3::McpsDataConfirmParams const &' => success ((<class 'pybindgen.cppclass.CppClass.__init__.<locals>.ThisClassRefParameter'>, None, <pybindgen.typehandlers.ctypeparser.TypeTraits object at 0x7fadbbebd278>))
DEBUG:pybindgen.typehandlers:TypeMatcher.lookup('uint8_t')
DEBUG:pybindgen.typehandlers:try to lookup type handler for 'uint8_t' => success ((<class 'pybindgen.typehandlers.inttype.UInt8Return'>, None, <pybindgen.typehandlers.ctypeparser.TypeTraits object at 0x7fadbbebd5f8>))
DEBUG:pybindgen.typehandlers:TypeMatcher.lookup('ns3::LrWpanMcpsDataConfirmStatus')
DEBUG:pybindgen.typehandlers:try to lookup type handler for 'ns3::LrWpanMcpsDataConfirmStatus' => success ((<class 'pybindgen.enum.Enum.set_module.<locals>.ThisEnumReturn'>, None, <pybindgen.typehandlers.ctypeparser.TypeTraits object at 0x7fadbbebdb70>))
DEBUG:pybindgen.typehandlers:TypeMatcher.lookup('ns3::McpsDataIndicationParams const &')
DEBUG:pybindgen.typehandlers:try to lookup type handler for 'ns3::McpsDataIndicationParams const &' => success ((<class 'pybindgen.cppclass.CppClass.__init__.<locals>.ThisClassRefParameter'>, None, <pybindgen.typehandlers.ctypeparser.TypeTraits object at 0x7fadbbec33c8>))
DEBUG:pybindgen.typehandlers:TypeMatcher.lookup('uint8_t')
DEBUG:pybindgen.typehandlers:try to lookup type handler for 'uint8_t' => success ((<class 'pybindgen.typehandlers.inttype.UInt8Return'>, None, <pybindgen.typehandlers.ctypeparser.TypeTraits object at 0x7fadbbeb5588>))
DEBUG:pybindgen.typehandlers:TypeMatcher.lookup('ns3::Mac16Address')
DEBUG:pybindgen.typehandlers:try to lookup type handler for 'ns3::Mac16Address' => success ((<class 'pybindgen.cppclass.CppClass.__init__.<locals>.ThisClassReturn'>, None, <pybindgen.typehandlers.ctypeparser.TypeTraits object at 0x7fadbbea5908>))
DEBUG:pybindgen.typehandlers:TypeMatcher.lookup('uint8_t')
DEBUG:pybindgen.typehandlers:try to lookup type handler for 'uint8_t' => success ((<class 'pybindgen.typehandlers.inttype.UInt8Return'>, None, <pybindgen.typehandlers.ctypeparser.TypeTraits object at 0x7fadbbec3c50>))
DEBUG:pybindgen.typehandlers:TypeMatcher.lookup('ns3::Mac64Address')
DEBUG:pybindgen.typehandlers:try to lookup type handler for 'ns3::Mac64Address' => success ((<class 'pybindgen.cppclass.CppClass.__init__.<locals>.ThisClassReturn'>, None, <pybindgen.typehandlers.ctypeparser.TypeTraits object at 0x7fadbbecd208>))
DEBUG:pybindgen.typehandlers:TypeMatcher.lookup('uint16_t')
DEBUG:pybindgen.typehandlers:try to lookup type handler for 'uint16_t' => success ((<class 'pybindgen.typehandlers.inttype.UInt16Return'>, None, <pybindgen.typehandlers.ctypeparser.TypeTraits object at 0x7fadbbecd748>))
DEBUG:pybindgen.typehandlers:TypeMatcher.lookup('uint8_t')
DEBUG:pybindgen.typehandlers:try to lookup type handler for 'uint8_t' => success ((<class 'pybindgen.typehandlers.inttype.UInt8Return'>, None, <pybindgen.typehandlers.ctypeparser.TypeTraits object at 0x7fadbbecdc88>))
DEBUG:pybindgen.typehandlers:TypeMatcher.lookup('ns3::Mac16Address')
DEBUG:pybindgen.typehandlers:try to lookup type handler for 'ns3::Mac16Address' => success ((<class 'pybindgen.cppclass.CppClass.__init__.<locals>.ThisClassReturn'>, None, <pybindgen.typehandlers.ctypeparser.TypeTraits object at 0x7fadbbed5240>))
DEBUG:pybindgen.typehandlers:TypeMatcher.lookup('uint8_t')
DEBUG:pybindgen.typehandlers:try to lookup type handler for 'uint8_t' => success ((<class 'pybindgen.typehandlers.inttype.UInt8Return'>, None, <pybindgen.typehandlers.ctypeparser.TypeTraits object at 0x7fadbbed5780>))
DEBUG:pybindgen.typehandlers:TypeMatcher.lookup('ns3::Mac64Address')
DEBUG:pybindgen.typehandlers:try to lookup type handler for 'ns3::Mac64Address' => success ((<class 'pybindgen.cppclass.CppClass.__init__.<locals>.ThisClassReturn'>, None, <pybindgen.typehandlers.ctypeparser.TypeTraits object at 0x7fadbbed5cf8>))
DEBUG:pybindgen.typehandlers:TypeMatcher.lookup('uint16_t')
DEBUG:pybindgen.typehandlers:try to lookup type handler for 'uint16_t' => success ((<class 'pybindgen.typehandlers.inttype.UInt16Return'>, None, <pybindgen.typehandlers.ctypeparser.TypeTraits object at 0x7fadbbe5c278>))
DEBUG:pybindgen.typehandlers:TypeMatcher.lookup('ns3::McpsDataRequestParams const &')
DEBUG:pybindgen.typehandlers:try to lookup type handler for 'ns3::McpsDataRequestParams const &' => success ((<class 'pybindgen.cppclass.CppClass.__init__.<locals>.ThisClassRefParameter'>, None, <pybindgen.typehandlers.ctypeparser.TypeTraits object at 0x7fadbbe5c828>))
DEBUG:pybindgen.typehandlers:TypeMatcher.lookup('ns3::Mac16Address')
DEBUG:pybindgen.typehandlers:try to lookup type handler for 'ns3::Mac16Address' => success ((<class 'pybindgen.cppclass.CppClass.__init__.<locals>.ThisClassReturn'>, None, <pybindgen.typehandlers.ctypeparser.TypeTraits object at 0x7fadbbe5ce10>))
DEBUG:pybindgen.typehandlers:TypeMatcher.lookup('ns3::LrWpanAddressMode')
DEBUG:pybindgen.typehandlers:try to lookup type handler for 'ns3::LrWpanAddressMode' => success ((<class 'pybindgen.enum.Enum.set_module.<locals>.ThisEnumReturn'>, None, <pybindgen.typehandlers.ctypeparser.TypeTraits object at 0x7fadbbe63390>))
DEBUG:pybindgen.typehandlers:TypeMatcher.lookup('ns3::Mac64Address')
DEBUG:pybindgen.typehandlers:try to lookup type handler for 'ns3::Mac64Address' => success ((<class 'pybindgen.cppclass.CppClass.__init__.<locals>.ThisClassReturn'>, None, <pybindgen.typehandlers.ctypeparser.TypeTraits object at 0x7fadbbe638d0>))
DEBUG:pybindgen.typehandlers:TypeMatcher.lookup('uint16_t')
DEBUG:pybindgen.typehandlers:try to lookup type handler for 'uint16_t' => success ((<class 'pybindgen.typehandlers.inttype.UInt16Return'>, None, <pybindgen.typehandlers.ctypeparser.TypeTraits object at 0x7fadbbe63e10>))
DEBUG:pybindgen.typehandlers:TypeMatcher.lookup('uint8_t')
DEBUG:pybindgen.typehandlers:try to lookup type handler for 'uint8_t' => success ((<class 'pybindgen.typehandlers.inttype.UInt8Return'>, None, <pybindgen.typehandlers.ctypeparser.TypeTraits object at 0x7fadbbe6d390>))
DEBUG:pybindgen.typehandlers:TypeMatcher.lookup('ns3::LrWpanAddressMode')
DEBUG:pybindgen.typehandlers:try to lookup type handler for 'ns3::LrWpanAddressMode' => success ((<class 'pybindgen.enum.Enum.set_module.<locals>.ThisEnumReturn'>, None, <pybindgen.typehandlers.ctypeparser.TypeTraits object at 0x7fadbbe6d908>))
DEBUG:pybindgen.typehandlers:TypeMatcher.lookup('uint8_t')
DEBUG:pybindgen.typehandlers:try to lookup type handler for 'uint8_t' => success ((<class 'pybindgen.typehandlers.inttype.UInt8Return'>, None, <pybindgen.typehandlers.ctypeparser.TypeTraits object at 0x7fadbbe6de48>))
DEBUG:pybindgen.typehandlers:TypeMatcher.lookup('ns3::MlmeBeaconNotifyIndicationParams const &')
DEBUG:pybindgen.typehandlers:try to lookup type handler for 'ns3::MlmeBeaconNotifyIndicationParams const &' => success ((<class 'pybindgen.cppclass.CppClass.__init__.<locals>.ThisClassRefParameter'>, None, <pybindgen.typehandlers.ctypeparser.TypeTraits object at 0x7fadbbe766d8>))
DEBUG:pybindgen.typehandlers:TypeMatcher.lookup('uint8_t')
DEBUG:pybindgen.typehandlers:try to lookup type handler for 'uint8_t' => success ((<class 'pybindgen.typehandlers.inttype.UInt8Return'>, None, <pybindgen.typehandlers.ctypeparser.TypeTraits object at 0x7fadbbe76a58>))
DEBUG:pybindgen.typehandlers:TypeMatcher.lookup('ns3::MlmePollConfirmParams const &')
DEBUG:pybindgen.typehandlers:try to lookup type handler for 'ns3::MlmePollConfirmParams const &' => success ((<class 'pybindgen.cppclass.CppClass.__init__.<locals>.ThisClassRefParameter'>, None, <pybindgen.typehandlers.ctypeparser.TypeTraits object at 0x7fadbbe7d2e8>))
DEBUG:pybindgen.typehandlers:TypeMatcher.lookup('ns3::LrWpanMlmePollConfirmStatus')
DEBUG:pybindgen.typehandlers:try to lookup type handler for 'ns3::LrWpanMlmePollConfirmStatus' => success ((<class 'pybindgen.enum.Enum.set_module.<locals>.ThisEnumReturn'>, None, <pybindgen.typehandlers.ctypeparser.TypeTraits object at 0x7fadbbe7d668>))
DEBUG:pybindgen.typehandlers:TypeMatcher.lookup('ns3::MlmePollRequestParams const &')
DEBUG:pybindgen.typehandlers:try to lookup type handler for 'ns3::MlmePollRequestParams const &' => success ((<class 'pybindgen.cppclass.CppClass.__init__.<locals>.ThisClassRefParameter'>, None, <pybindgen.typehandlers.ctypeparser.TypeTraits object at 0x7fadbbf024a8>))
DEBUG:pybindgen.typehandlers:TypeMatcher.lookup('ns3::LrWpanAddressMode')
DEBUG:pybindgen.typehandlers:try to lookup type handler for 'ns3::LrWpanAddressMode' => success ((<class 'pybindgen.enum.Enum.set_module.<locals>.ThisEnumReturn'>, None, <pybindgen.typehandlers.ctypeparser.TypeTraits object at 0x7fadbbe7def0>))
DEBUG:pybindgen.typehandlers:TypeMatcher.lookup('ns3::Mac64Address')
DEBUG:pybindgen.typehandlers:try to lookup type handler for 'ns3::Mac64Address' => success ((<class 'pybindgen.cppclass.CppClass.__init__.<locals>.ThisClassReturn'>, None, <pybindgen.typehandlers.ctypeparser.TypeTraits object at 0x7fadbbe85470>))
DEBUG:pybindgen.typehandlers:TypeMatcher.lookup('uint16_t')
DEBUG:pybindgen.typehandlers:try to lookup type handler for 'uint16_t' => success ((<class 'pybindgen.typehandlers.inttype.UInt16Return'>, None, <pybindgen.typehandlers.ctypeparser.TypeTraits object at 0x7fadbbe859b0>))
DEBUG:pybindgen.typehandlers:TypeMatcher.lookup('ns3::Mac16Address')
DEBUG:pybindgen.typehandlers:try to lookup type handler for 'ns3::Mac16Address' => success ((<class 'pybindgen.cppclass.CppClass.__init__.<locals>.ThisClassReturn'>, None, <pybindgen.typehandlers.ctypeparser.TypeTraits object at 0x7fadbbe85ef0>))
DEBUG:pybindgen.typehandlers:TypeMatcher.lookup('ns3::MlmeStartConfirmParams const &')
DEBUG:pybindgen.typehandlers:try to lookup type handler for 'ns3::MlmeStartConfirmParams const &' => success ((<class 'pybindgen.cppclass.CppClass.__init__.<locals>.ThisClassRefParameter'>, None, <pybindgen.typehandlers.ctypeparser.TypeTraits object at 0x7fadbbe8e748>))
DEBUG:pybindgen.typehandlers:TypeMatcher.lookup('ns3::LrWpanMlmeStartConfirmStatus')
DEBUG:pybindgen.typehandlers:try to lookup type handler for 'ns3::LrWpanMlmeStartConfirmStatus' => success ((<class 'pybindgen.enum.Enum.set_module.<locals>.ThisEnumReturn'>, None, <pybindgen.typehandlers.ctypeparser.TypeTraits object at 0x7fadbbe8eac8>))
DEBUG:pybindgen.typehandlers:TypeMatcher.lookup('ns3::MlmeStartRequestParams const &')
DEBUG:pybindgen.typehandlers:try to lookup type handler for 'ns3::MlmeStartRequestParams const &' => success ((<class 'pybindgen.cppclass.CppClass.__init__.<locals>.ThisClassRefParameter'>, None, <pybindgen.typehandlers.ctypeparser.TypeTraits object at 0x7fadbbe960b8>))
DEBUG:pybindgen.typehandlers:TypeMatcher.lookup('uint16_t')
DEBUG:pybindgen.typehandlers:try to lookup type handler for 'uint16_t' => success ((<class 'pybindgen.typehandlers.inttype.UInt16Return'>, None, <pybindgen.typehandlers.ctypeparser.TypeTraits object at 0x7fadbbe966a0>))
DEBUG:pybindgen.typehandlers:TypeMatcher.lookup('bool')
DEBUG:pybindgen.typehandlers:try to lookup type handler for 'bool' => success ((<class 'pybindgen.typehandlers.booltype.BoolReturn'>, None, <pybindgen.typehandlers.ctypeparser.TypeTraits object at 0x7fadbbe96be0>))
DEBUG:pybindgen.typehandlers:TypeMatcher.lookup('uint8_t')
DEBUG:pybindgen.typehandlers:try to lookup type handler for 'uint8_t' => success ((<class 'pybindgen.typehandlers.inttype.UInt8Return'>, None, <pybindgen.typehandlers.ctypeparser.TypeTraits object at 0x7fadbbe1c198>))
DEBUG:pybindgen.typehandlers:TypeMatcher.lookup('bool')
DEBUG:pybindgen.typehandlers:try to lookup type handler for 'bool' => success ((<class 'pybindgen.typehandlers.booltype.BoolReturn'>, None, <pybindgen.typehandlers.ctypeparser.TypeTraits object at 0x7fadbbe1c710>))
DEBUG:pybindgen.typehandlers:TypeMatcher.lookup('uint8_t')
DEBUG:pybindgen.typehandlers:try to lookup type handler for 'uint8_t' => success ((<class 'pybindgen.typehandlers.inttype.UInt8Return'>, None, <pybindgen.typehandlers.ctypeparser.TypeTraits object at 0x7fadbbe1cc88>))
DEBUG:pybindgen.typehandlers:TypeMatcher.lookup('uint32_t')
DEBUG:pybindgen.typehandlers:try to lookup type handler for 'uint32_t' => success ((<class 'pybindgen.typehandlers.inttype.UnsignedIntReturn'>, None, <pybindgen.typehandlers.ctypeparser.TypeTraits object at 0x7fadbbe27240>))
DEBUG:pybindgen.typehandlers:TypeMatcher.lookup('bool')
DEBUG:pybindgen.typehandlers:try to lookup type handler for 'bool' => success ((<class 'pybindgen.typehandlers.booltype.BoolReturn'>, None, <pybindgen.typehandlers.ctypeparser.TypeTraits object at 0x7fadbbe27780>))
DEBUG:pybindgen.typehandlers:TypeMatcher.lookup('uint8_t')
DEBUG:pybindgen.typehandlers:try to lookup type handler for 'uint8_t' => success ((<class 'pybindgen.typehandlers.inttype.UInt8Return'>, None, <pybindgen.typehandlers.ctypeparser.TypeTraits object at 0x7fadbbe27cf8>))
DEBUG:pybindgen.typehandlers:TypeMatcher.lookup('uint32_t')
DEBUG:pybindgen.typehandlers:try to lookup type handler for 'uint32_t' => success ((<class 'pybindgen.typehandlers.inttype.UnsignedIntReturn'>, None, <pybindgen.typehandlers.ctypeparser.TypeTraits object at 0x7fadbbe2d2b0>))
DEBUG:pybindgen.typehandlers:TypeMatcher.lookup('ns3::MlmeSyncLossIndicationParams const &')
DEBUG:pybindgen.typehandlers:try to lookup type handler for 'ns3::MlmeSyncLossIndicationParams const &' => success ((<class 'pybindgen.cppclass.CppClass.__init__.<locals>.ThisClassRefParameter'>, None, <pybindgen.typehandlers.ctypeparser.TypeTraits object at 0x7fadbbe2dac8>))
DEBUG:pybindgen.typehandlers:TypeMatcher.lookup('uint8_t')
DEBUG:pybindgen.typehandlers:try to lookup type handler for 'uint8_t' => success ((<class 'pybindgen.typehandlers.inttype.UInt8Return'>, None, <pybindgen.typehandlers.ctypeparser.TypeTraits object at 0x7fadbbe2de48>))
DEBUG:pybindgen.typehandlers:TypeMatcher.lookup('ns3::LrWpanSyncLossReason')
DEBUG:pybindgen.typehandlers:try to lookup type handler for 'ns3::LrWpanSyncLossReason' => success ((<class 'pybindgen.enum.Enum.set_module.<locals>.ThisEnumReturn'>, None, <pybindgen.typehandlers.ctypeparser.TypeTraits object at 0x7fadbbe38400>))
DEBUG:pybindgen.typehandlers:TypeMatcher.lookup('uint16_t')
DEBUG:pybindgen.typehandlers:try to lookup type handler for 'uint16_t' => success ((<class 'pybindgen.typehandlers.inttype.UInt16Return'>, None, <pybindgen.typehandlers.ctypeparser.TypeTraits object at 0x7fadbbe38940>))
DEBUG:pybindgen.typehandlers:TypeMatcher.lookup('ns3::MlmeSyncRequestParams const &')
DEBUG:pybindgen.typehandlers:try to lookup type handler for 'ns3::MlmeSyncRequestParams const &' => success ((<class 'pybindgen.cppclass.CppClass.__init__.<locals>.ThisClassRefParameter'>, None, <pybindgen.typehandlers.ctypeparser.TypeTraits object at 0x7fadbbe38ef0>))
DEBUG:pybindgen.typehandlers:TypeMatcher.lookup('uint8_t')
DEBUG:pybindgen.typehandlers:try to lookup type handler for 'uint8_t' => success ((<class 'pybindgen.typehandlers.inttype.UInt8Return'>, None, <pybindgen.typehandlers.ctypeparser.TypeTraits object at 0x7fadbbe3f518>))
DEBUG:pybindgen.typehandlers:TypeMatcher.lookup('bool')
DEBUG:pybindgen.typehandlers:try to lookup type handler for 'bool' => success ((<class 'pybindgen.typehandlers.booltype.BoolReturn'>, None, <pybindgen.typehandlers.ctypeparser.TypeTraits object at 0x7fadbbe3fa90>))
DEBUG:pybindgen.typehandlers:TypeMatcher.lookup('ns3::NetDeviceContainer const &')
DEBUG:pybindgen.typehandlers:try to lookup type handler for 'ns3::NetDeviceContainer const &' => success ((<class 'pybindgen.cppclass.CppClass.__init__.<locals>.ThisClassRefParameter'>, None, <pybindgen.typehandlers.ctypeparser.TypeTraits object at 0x7fadbbe480b8>))
DEBUG:pybindgen.typehandlers:TypeMatcher.lookup('ns3::Ptr< ns3::NetDevice >')
DEBUG:pybindgen.typehandlers:try to lookup type handler for 'ns3::Ptr< ns3::NetDevice >' => failure
DEBUG:pybindgen.typehandlers:try to lookup type handler for 'ns3::NetDevice *' => success ((<class 'pybindgen.cppclass.MemoryPolicy.register_ptr_parameter_and_return.<locals>.ThisClassPtrParameter'>, <ns3modulegen_core_customizations.SmartPointerTransformation object at 0x7fadbc4dbac8>, <pybindgen.typehandlers.ctypeparser.TypeTraits object at 0x7fadbbe48940>))
DEBUG:pybindgen.typehandlers:TypeMatcher.lookup('std::string')
DEBUG:pybindgen.typehandlers:try to lookup type handler for 'std::string' => success ((<class 'pybindgen.typehandlers.stringtype.StdStringParam'>, None, <pybindgen.typehandlers.ctypeparser.TypeTraits object at 0x7fadbbe48b70>))
DEBUG:pybindgen.typehandlers:TypeMatcher.lookup('ns3::NetDeviceContainer const &')
DEBUG:pybindgen.typehandlers:try to lookup type handler for 'ns3::NetDeviceContainer const &' => success ((<class 'pybindgen.cppclass.CppClass.__init__.<locals>.ThisClassRefParameter'>, None, <pybindgen.typehandlers.ctypeparser.TypeTraits object at 0x7fadbbe48eb8>))
DEBUG:pybindgen.typehandlers:TypeMatcher.lookup('ns3::NetDeviceContainer const &')
DEBUG:pybindgen.typehandlers:try to lookup type handler for 'ns3::NetDeviceContainer const &' => success ((<class 'pybindgen.cppclass.CppClass.__init__.<locals>.ThisClassRefParameter'>, None, <pybindgen.typehandlers.ctypeparser.TypeTraits object at 0x7fadbbe500b8>))
DEBUG:pybindgen.typehandlers:TypeMatcher.lookup('void')
DEBUG:pybindgen.typehandlers:try to lookup type handler for 'void' => success ((<class 'pybindgen.typehandlers.voidtype.VoidReturn'>, None, <pybindgen.typehandlers.ctypeparser.TypeTraits object at 0x7fadbbe50438>))
DEBUG:pybindgen.typehandlers:TypeMatcher.lookup('ns3::NetDeviceContainer')
DEBUG:pybindgen.typehandlers:try to lookup type handler for 'ns3::NetDeviceContainer' => success ((<class 'pybindgen.cppclass.CppClass.__init__.<locals>.ThisClassParameter'>, None, <pybindgen.typehandlers.ctypeparser.TypeTraits object at 0x7fadbbe50588>))
DEBUG:pybindgen.typehandlers:TypeMatcher.lookup('void')
DEBUG:pybindgen.typehandlers:try to lookup type handler for 'void' => success ((<class 'pybindgen.typehandlers.voidtype.VoidReturn'>, None, <pybindgen.typehandlers.ctypeparser.TypeTraits object at 0x7fadbbe508d0>))
DEBUG:pybindgen.typehandlers:TypeMatcher.lookup('ns3::Ptr< ns3::NetDevice >')
DEBUG:pybindgen.typehandlers:try to lookup type handler for 'ns3::Ptr< ns3::NetDevice >' => failure
DEBUG:pybindgen.typehandlers:try to lookup type handler for 'ns3::NetDevice *' => success ((<class 'pybindgen.cppclass.MemoryPolicy.register_ptr_parameter_and_return.<locals>.ThisClassPtrParameter'>, <ns3modulegen_core_customizations.SmartPointerTransformation object at 0x7fadbc4dbac8>, <pybindgen.typehandlers.ctypeparser.TypeTraits object at 0x7fadbbe50c50>))
DEBUG:pybindgen.typehandlers:TypeMatcher.lookup('void')
DEBUG:pybindgen.typehandlers:try to lookup type handler for 'void' => success ((<class 'pybindgen.typehandlers.voidtype.VoidReturn'>, None, <pybindgen.typehandlers.ctypeparser.TypeTraits object at 0x7fadbbe50e48>))
DEBUG:pybindgen.typehandlers:TypeMatcher.lookup('std::string')
DEBUG:pybindgen.typehandlers:try to lookup type handler for 'std::string' => success ((<class 'pybindgen.typehandlers.stringtype.StdStringParam'>, None, <pybindgen.typehandlers.ctypeparser.TypeTraits object at 0x7fadbbe50f98>))
DEBUG:pybindgen.typehandlers:TypeMatcher.lookup('ns3::NetDeviceContainer::Iterator')
DEBUG:pybindgen.typehandlers:try to lookup type handler for 'ns3::NetDeviceContainer::Iterator' => failure
'ns3::NetDeviceContainer::Iterator' did not match
/home/cs18/tarballs/ns-allinone-3.34/ns-3.34/src/lr-wpan/bindings/modulegen__gcc_LP64.py:2845: Warning: exception TypeLookupError(['ns3::NetDeviceContainer::Iterator'],) in wrapper public: retval? ???::Begin (params?) const;
  is_const=True)
DEBUG:pybindgen.typehandlers:TypeMatcher.lookup('ns3::NetDeviceContainer::Iterator')
DEBUG:pybindgen.typehandlers:try to lookup type handler for 'ns3::NetDeviceContainer::Iterator' => failure
'ns3::NetDeviceContainer::Iterator' did not match
/home/cs18/tarballs/ns-allinone-3.34/ns-3.34/src/lr-wpan/bindings/modulegen__gcc_LP64.py:2850: Warning: exception TypeLookupError(['ns3::NetDeviceContainer::Iterator'],) in wrapper public: retval? ???::End (params?) const;
  is_const=True)
DEBUG:pybindgen.typehandlers:TypeMatcher.lookup('ns3::Ptr< ns3::NetDevice >')
DEBUG:pybindgen.typehandlers:try to lookup type handler for 'ns3::Ptr< ns3::NetDevice >' => failure
DEBUG:pybindgen.typehandlers:try to lookup type handler for 'ns3::NetDevice *' => success ((<class 'pybindgen.cppclass.MemoryPolicy.register_ptr_parameter_and_return.<locals>.ThisClassPtrReturn'>, <ns3modulegen_core_customizations.SmartPointerTransformation object at 0x7fadbc4dbac8>, <pybindgen.typehandlers.ctypeparser.TypeTraits object at 0x7fadbbe56668>))
DEBUG:pybindgen.typehandlers:TypeMatcher.lookup('uint32_t')
DEBUG:pybindgen.typehandlers:try to lookup type handler for 'uint32_t' => success ((<class 'pybindgen.typehandlers.inttype.UnsignedIntParam'>, None, <pybindgen.typehandlers.ctypeparser.TypeTraits object at 0x7fadbbe565c0>))
DEBUG:pybindgen.typehandlers:TypeMatcher.lookup('uint32_t')
DEBUG:pybindgen.typehandlers:try to lookup type handler for 'uint32_t' => success ((<class 'pybindgen.typehandlers.inttype.UnsignedIntReturn'>, None, <pybindgen.typehandlers.ctypeparser.TypeTraits object at 0x7fadbbe569b0>))
DEBUG:pybindgen.typehandlers:TypeMatcher.lookup('ns3::NodeContainer const &')
DEBUG:pybindgen.typehandlers:try to lookup type handler for 'ns3::NodeContainer const &' => success ((<class 'pybindgen.cppclass.CppClass.__init__.<locals>.ThisClassRefParameter'>, None, <pybindgen.typehandlers.ctypeparser.TypeTraits object at 0x7fadbbe56d68>))
DEBUG:pybindgen.typehandlers:TypeMatcher.lookup('ns3::Ptr< ns3::Node >')
DEBUG:pybindgen.typehandlers:try to lookup type handler for 'ns3::Ptr< ns3::Node >' => failure
DEBUG:pybindgen.typehandlers:try to lookup type handler for 'ns3::Node *' => success ((<class 'pybindgen.cppclass.MemoryPolicy.register_ptr_parameter_and_return.<locals>.ThisClassPtrParameter'>, <ns3modulegen_core_customizations.SmartPointerTransformation object at 0x7fadbc4dbac8>, <pybindgen.typehandlers.ctypeparser.TypeTraits object at 0x7fadbbda0630>))
DEBUG:pybindgen.typehandlers:TypeMatcher.lookup('std::string')
DEBUG:pybindgen.typehandlers:try to lookup type handler for 'std::string' => success ((<class 'pybindgen.typehandlers.stringtype.StdStringParam'>, None, <pybindgen.typehandlers.ctypeparser.TypeTraits object at 0x7fadbbe56400>))
DEBUG:pybindgen.typehandlers:TypeMatcher.lookup('uint32_t')
DEBUG:pybindgen.typehandlers:try to lookup type handler for 'uint32_t' => success ((<class 'pybindgen.typehandlers.inttype.UnsignedIntParam'>, None, <pybindgen.typehandlers.ctypeparser.TypeTraits object at 0x7fadbbda0a58>))
DEBUG:pybindgen.typehandlers:TypeMatcher.lookup('uint32_t')
DEBUG:pybindgen.typehandlers:try to lookup type handler for 'uint32_t' => success ((<class 'pybindgen.typehandlers.inttype.UnsignedIntParam'>, None, <pybindgen.typehandlers.ctypeparser.TypeTraits object at 0x7fadbbda0b00>))
DEBUG:pybindgen.typehandlers:TypeMatcher.lookup('ns3::NodeContainer const &')
DEBUG:pybindgen.typehandlers:try to lookup type handler for 'ns3::NodeContainer const &' => success ((<class 'pybindgen.cppclass.CppClass.__init__.<locals>.ThisClassRefParameter'>, None, <pybindgen.typehandlers.ctypeparser.TypeTraits object at 0x7fadbbda0e80>))
DEBUG:pybindgen.typehandlers:TypeMatcher.lookup('ns3::NodeContainer const &')
DEBUG:pybindgen.typehandlers:try to lookup type handler for 'ns3::NodeContainer const &' => success ((<class 'pybindgen.cppclass.CppClass.__init__.<locals>.ThisClassRefParameter'>, None, <pybindgen.typehandlers.ctypeparser.TypeTraits object at 0x7fadbbda6048>))
DEBUG:pybindgen.typehandlers:TypeMatcher.lookup('ns3::NodeContainer const &')
DEBUG:pybindgen.typehandlers:try to lookup type handler for 'ns3::NodeContainer const &' => success ((<class 'pybindgen.cppclass.CppClass.__init__.<locals>.ThisClassRefParameter'>, None, <pybindgen.typehandlers.ctypeparser.TypeTraits object at 0x7fadbbda6438>))
DEBUG:pybindgen.typehandlers:TypeMatcher.lookup('ns3::NodeContainer const &')
DEBUG:pybindgen.typehandlers:try to lookup type handler for 'ns3::NodeContainer const &' => success ((<class 'pybindgen.cppclass.CppClass.__init__.<locals>.ThisClassRefParameter'>, None, <pybindgen.typehandlers.ctypeparser.TypeTraits object at 0x7fadbbda65f8>))
DEBUG:pybindgen.typehandlers:TypeMatcher.lookup('ns3::NodeContainer const &')
DEBUG:pybindgen.typehandlers:try to lookup type handler for 'ns3::NodeContainer const &' => success ((<class 'pybindgen.cppclass.CppClass.__init__.<locals>.ThisClassRefParameter'>, None, <pybindgen.typehandlers.ctypeparser.TypeTraits object at 0x7fadbbda6780>))
DEBUG:pybindgen.typehandlers:TypeMatcher.lookup('ns3::NodeContainer const &')
DEBUG:pybindgen.typehandlers:try to lookup type handler for 'ns3::NodeContainer const &' => success ((<class 'pybindgen.cppclass.CppClass.__init__.<locals>.ThisClassRefParameter'>, None, <pybindgen.typehandlers.ctypeparser.TypeTraits object at 0x7fadbbda6b38>))
DEBUG:pybindgen.typehandlers:TypeMatcher.lookup('ns3::NodeContainer const &')
DEBUG:pybindgen.typehandlers:try to lookup type handler for 'ns3::NodeContainer const &' => success ((<class 'pybindgen.cppclass.CppClass.__init__.<locals>.ThisClassRefParameter'>, None, <pybindgen.typehandlers.ctypeparser.TypeTraits object at 0x7fadbbda6cf8>))
DEBUG:pybindgen.typehandlers:TypeMatcher.lookup('ns3::NodeContainer const &')
DEBUG:pybindgen.typehandlers:try to lookup type handler for 'ns3::NodeContainer const &' => success ((<class 'pybindgen.cppclass.CppClass.__init__.<locals>.ThisClassRefParameter'>, None, <pybindgen.typehandlers.ctypeparser.TypeTraits object at 0x7fadbbda6e80>))
DEBUG:pybindgen.typehandlers:TypeMatcher.lookup('ns3::NodeContainer const &')
DEBUG:pybindgen.typehandlers:try to lookup type handler for 'ns3::NodeContainer const &' => success ((<class 'pybindgen.cppclass.CppClass.__init__.<locals>.ThisClassRefParameter'>, None, <pybindgen.typehandlers.ctypeparser.TypeTraits object at 0x7fadbbda6fd0>))
DEBUG:pybindgen.typehandlers:TypeMatcher.lookup('ns3::NodeContainer const &')
DEBUG:pybindgen.typehandlers:try to lookup type handler for 'ns3::NodeContainer const &' => success ((<class 'pybindgen.cppclass.CppClass.__init__.<locals>.ThisClassRefParameter'>, None, <pybindgen.typehandlers.ctypeparser.TypeTraits object at 0x7fadbbdae400>))
DEBUG:pybindgen.typehandlers:TypeMatcher.lookup('ns3::NodeContainer const &')
DEBUG:pybindgen.typehandlers:try to lookup type handler for 'ns3::NodeContainer const &' => success ((<class 'pybindgen.cppclass.CppClass.__init__.<locals>.ThisClassRefParameter'>, None, <pybindgen.typehandlers.ctypeparser.TypeTraits object at 0x7fadbbdae5c0>))
DEBUG:pybindgen.typehandlers:TypeMatcher.lookup('ns3::NodeContainer const &')
DEBUG:pybindgen.typehandlers:try to lookup type handler for 'ns3::NodeContainer const &' => success ((<class 'pybindgen.cppclass.CppClass.__init__.<locals>.ThisClassRefParameter'>, None, <pybindgen.typehandlers.ctypeparser.TypeTraits object at 0x7fadbbdae748>))
DEBUG:pybindgen.typehandlers:TypeMatcher.lookup('ns3::NodeContainer const &')
DEBUG:pybindgen.typehandlers:try to lookup type handler for 'ns3::NodeContainer const &' => success ((<class 'pybindgen.cppclass.CppClass.__init__.<locals>.ThisClassRefParameter'>, None, <pybindgen.typehandlers.ctypeparser.TypeTraits object at 0x7fadbbdae8d0>))
DEBUG:pybindgen.typehandlers:TypeMatcher.lookup('ns3::NodeContainer const &')
DEBUG:pybindgen.typehandlers:try to lookup type handler for 'ns3::NodeContainer const &' => success ((<class 'pybindgen.cppclass.CppClass.__init__.<locals>.ThisClassRefParameter'>, None, <pybindgen.typehandlers.ctypeparser.TypeTraits object at 0x7fadbbdaea58>))
DEBUG:pybindgen.typehandlers:TypeMatcher.lookup('void')
DEBUG:pybindgen.typehandlers:try to lookup type handler for 'void' => success ((<class 'pybindgen.typehandlers.voidtype.VoidReturn'>, None, <pybindgen.typehandlers.ctypeparser.TypeTraits object at 0x7fadbbdaedd8>))
DEBUG:pybindgen.typehandlers:TypeMatcher.lookup('ns3::NodeContainer')
DEBUG:pybindgen.typehandlers:try to lookup type handler for 'ns3::NodeContainer' => success ((<class 'pybindgen.cppclass.CppClass.__init__.<locals>.ThisClassParameter'>, None, <pybindgen.typehandlers.ctypeparser.TypeTraits object at 0x7fadbbdaef28>))
DEBUG:pybindgen.typehandlers:TypeMatcher.lookup('void')
DEBUG:pybindgen.typehandlers:try to lookup type handler for 'void' => success ((<class 'pybindgen.typehandlers.voidtype.VoidReturn'>, None, <pybindgen.typehandlers.ctypeparser.TypeTraits object at 0x7fadbbdb12b0>))
DEBUG:pybindgen.typehandlers:TypeMatcher.lookup('ns3::Ptr< ns3::Node >')
DEBUG:pybindgen.typehandlers:try to lookup type handler for 'ns3::Ptr< ns3::Node >' => failure
DEBUG:pybindgen.typehandlers:try to lookup type handler for 'ns3::Node *' => success ((<class 'pybindgen.cppclass.MemoryPolicy.register_ptr_parameter_and_return.<locals>.ThisClassPtrParameter'>, <ns3modulegen_core_customizations.SmartPointerTransformation object at 0x7fadbc4dbac8>, <pybindgen.typehandlers.ctypeparser.TypeTraits object at 0x7fadbbdb1630>))
DEBUG:pybindgen.typehandlers:TypeMatcher.lookup('void')
DEBUG:pybindgen.typehandlers:try to lookup type handler for 'void' => success ((<class 'pybindgen.typehandlers.voidtype.VoidReturn'>, None, <pybindgen.typehandlers.ctypeparser.TypeTraits object at 0x7fadbbdb1828>))
DEBUG:pybindgen.typehandlers:TypeMatcher.lookup('std::string')
DEBUG:pybindgen.typehandlers:try to lookup type handler for 'std::string' => success ((<class 'pybindgen.typehandlers.stringtype.StdStringParam'>, None, <pybindgen.typehandlers.ctypeparser.TypeTraits object at 0x7fadbbdb1978>))
DEBUG:pybindgen.typehandlers:TypeMatcher.lookup('ns3::NodeContainer::Iterator')
DEBUG:pybindgen.typehandlers:try to lookup type handler for 'ns3::NodeContainer::Iterator' => failure
'ns3::NodeContainer::Iterator' did not match
/home/cs18/tarballs/ns-allinone-3.34/ns-3.34/src/lr-wpan/bindings/modulegen__gcc_LP64.py:2898: Warning: exception TypeLookupError(['ns3::NodeContainer::Iterator'],) in wrapper public: retval? ???::Begin (params?) const;
  is_const=True)
DEBUG:pybindgen.typehandlers:TypeMatcher.lookup('bool')
DEBUG:pybindgen.typehandlers:try to lookup type handler for 'bool' => success ((<class 'pybindgen.typehandlers.booltype.BoolReturn'>, None, <pybindgen.typehandlers.ctypeparser.TypeTraits object at 0x7fadbbdb1d68>))
DEBUG:pybindgen.typehandlers:TypeMatcher.lookup('uint32_t')
DEBUG:pybindgen.typehandlers:try to lookup type handler for 'uint32_t' => success ((<class 'pybindgen.typehandlers.inttype.UnsignedIntParam'>, None, <pybindgen.typehandlers.ctypeparser.TypeTraits object at 0x7fadbbdb1e80>))
DEBUG:pybindgen.typehandlers:TypeMatcher.lookup('void')
DEBUG:pybindgen.typehandlers:try to lookup type handler for 'void' => success ((<class 'pybindgen.typehandlers.voidtype.VoidReturn'>, None, <pybindgen.typehandlers.ctypeparser.TypeTraits object at 0x7fadbbdba208>))
DEBUG:pybindgen.typehandlers:TypeMatcher.lookup('uint32_t')
DEBUG:pybindgen.typehandlers:try to lookup type handler for 'uint32_t' => success ((<class 'pybindgen.typehandlers.inttype.UnsignedIntParam'>, None, <pybindgen.typehandlers.ctypeparser.TypeTraits object at 0x7fadbbdba358>))
DEBUG:pybindgen.typehandlers:TypeMatcher.lookup('void')
DEBUG:pybindgen.typehandlers:try to lookup type handler for 'void' => success ((<class 'pybindgen.typehandlers.voidtype.VoidReturn'>, None, <pybindgen.typehandlers.ctypeparser.TypeTraits object at 0x7fadbbdba6a0>))
DEBUG:pybindgen.typehandlers:TypeMatcher.lookup('uint32_t')
DEBUG:pybindgen.typehandlers:try to lookup type handler for 'uint32_t' => success ((<class 'pybindgen.typehandlers.inttype.UnsignedIntParam'>, None, <pybindgen.typehandlers.ctypeparser.TypeTraits object at 0x7fadbbdba7f0>))
DEBUG:pybindgen.typehandlers:TypeMatcher.lookup('uint32_t')
DEBUG:pybindgen.typehandlers:try to lookup type handler for 'uint32_t' => success ((<class 'pybindgen.typehandlers.inttype.UnsignedIntParam'>, None, <pybindgen.typehandlers.ctypeparser.TypeTraits object at 0x7fadbbdba898>))
DEBUG:pybindgen.typehandlers:TypeMatcher.lookup('ns3::NodeContainer::Iterator')
DEBUG:pybindgen.typehandlers:try to lookup type handler for 'ns3::NodeContainer::Iterator' => failure
'ns3::NodeContainer::Iterator' did not match
/home/cs18/tarballs/ns-allinone-3.34/ns-3.34/src/lr-wpan/bindings/modulegen__gcc_LP64.py:2916: Warning: exception TypeLookupError(['ns3::NodeContainer::Iterator'],) in wrapper public: retval? ???::End (params?) const;
  is_const=True)
DEBUG:pybindgen.typehandlers:TypeMatcher.lookup('ns3::Ptr< ns3::Node >')
DEBUG:pybindgen.typehandlers:try to lookup type handler for 'ns3::Ptr< ns3::Node >' => failure
DEBUG:pybindgen.typehandlers:try to lookup type handler for 'ns3::Node *' => success ((<class 'pybindgen.cppclass.MemoryPolicy.register_ptr_parameter_and_return.<locals>.ThisClassPtrReturn'>, <ns3modulegen_core_customizations.SmartPointerTransformation object at 0x7fadbc4dbac8>, <pybindgen.typehandlers.ctypeparser.TypeTraits object at 0x7fadbbdbaeb8>))
DEBUG:pybindgen.typehandlers:TypeMatcher.lookup('uint32_t')
DEBUG:pybindgen.typehandlers:try to lookup type handler for 'uint32_t' => success ((<class 'pybindgen.typehandlers.inttype.UnsignedIntParam'>, None, <pybindgen.typehandlers.ctypeparser.TypeTraits object at 0x7fadbbdbae10>))
DEBUG:pybindgen.typehandlers:TypeMatcher.lookup('ns3::NodeContainer')
DEBUG:pybindgen.typehandlers:try to lookup type handler for 'ns3::NodeContainer' => success ((<class 'pybindgen.cppclass.CppClass.__init__.<locals>.ThisClassReturn'>, None, <pybindgen.typehandlers.ctypeparser.TypeTraits object at 0x7fadbbdc1240>))
DEBUG:pybindgen.typehandlers:TypeMatcher.lookup('uint32_t')
DEBUG:pybindgen.typehandlers:try to lookup type handler for 'uint32_t' => success ((<class 'pybindgen.typehandlers.inttype.UnsignedIntReturn'>, None, <pybindgen.typehandlers.ctypeparser.TypeTraits object at 0x7fadbbdc15c0>))
DEBUG:pybindgen.typehandlers:TypeMatcher.lookup('ns3::ObjectBase const &')
DEBUG:pybindgen.typehandlers:try to lookup type handler for 'ns3::ObjectBase const &' => success ((<class 'pybindgen.cppclass.CppClass.__init__.<locals>.ThisClassRefParameter'>, None, <pybindgen.typehandlers.ctypeparser.TypeTraits object at 0x7fadbbdc1a90>))
DEBUG:pybindgen.typehandlers:TypeMatcher.lookup('void')
DEBUG:pybindgen.typehandlers:try to lookup type handler for 'void' => success ((<class 'pybindgen.typehandlers.voidtype.VoidReturn'>, None, <pybindgen.typehandlers.ctypeparser.TypeTraits object at 0x7fadbbdc1e48>))
DEBUG:pybindgen.typehandlers:TypeMatcher.lookup('std::string')
DEBUG:pybindgen.typehandlers:try to lookup type handler for 'std::string' => success ((<class 'pybindgen.typehandlers.stringtype.StdStringParam'>, None, <pybindgen.typehandlers.ctypeparser.TypeTraits object at 0x7fadbbdc1f98>))
DEBUG:pybindgen.typehandlers:TypeMatcher.lookup('ns3::AttributeValue &')
DEBUG:pybindgen.typehandlers:try to lookup type handler for 'ns3::AttributeValue &' => success ((<class 'pybindgen.cppclass.CppClass.__init__.<locals>.ThisClassRefParameter'>, None, <pybindgen.typehandlers.ctypeparser.TypeTraits object at 0x7fadbbdc7080>))
DEBUG:pybindgen.typehandlers:TypeMatcher.lookup('bool')
DEBUG:pybindgen.typehandlers:try to lookup type handler for 'bool' => success ((<class 'pybindgen.typehandlers.booltype.BoolReturn'>, None, <pybindgen.typehandlers.ctypeparser.TypeTraits object at 0x7fadbbdc7438>))
DEBUG:pybindgen.typehandlers:TypeMatcher.lookup('std::string')
DEBUG:pybindgen.typehandlers:try to lookup type handler for 'std::string' => success ((<class 'pybindgen.typehandlers.stringtype.StdStringParam'>, None, <pybindgen.typehandlers.ctypeparser.TypeTraits object at 0x7fadbbdc7588>))
DEBUG:pybindgen.typehandlers:TypeMatcher.lookup('ns3::AttributeValue &')
DEBUG:pybindgen.typehandlers:try to lookup type handler for 'ns3::AttributeValue &' => success ((<class 'pybindgen.cppclass.CppClass.__init__.<locals>.ThisClassRefParameter'>, None, <pybindgen.typehandlers.ctypeparser.TypeTraits object at 0x7fadbbdc7630>))
DEBUG:pybindgen.typehandlers:TypeMatcher.lookup('ns3::TypeId')
DEBUG:pybindgen.typehandlers:try to lookup type handler for 'ns3::TypeId' => success ((<class 'pybindgen.cppclass.CppClass.__init__.<locals>.ThisClassReturn'>, None, <pybindgen.typehandlers.ctypeparser.TypeTraits object at 0x7fadbbdc79e8>))
DEBUG:pybindgen.typehandlers:TypeMatcher.lookup('ns3::TypeId')
DEBUG:pybindgen.typehandlers:try to lookup type handler for 'ns3::TypeId' => success ((<class 'pybindgen.cppclass.CppClass.__init__.<locals>.ThisClassReturn'>, None, <pybindgen.typehandlers.ctypeparser.TypeTraits object at 0x7fadbbdc7f98>))
DEBUG:pybindgen.typehandlers:TypeMatcher.lookup('void')
DEBUG:pybindgen.typehandlers:try to lookup type handler for 'void' => success ((<class 'pybindgen.typehandlers.voidtype.VoidReturn'>, None, <pybindgen.typehandlers.ctypeparser.TypeTraits object at 0x7fadbbdcf358>))
DEBUG:pybindgen.typehandlers:TypeMatcher.lookup('std::string')
DEBUG:pybindgen.typehandlers:try to lookup type handler for 'std::string' => success ((<class 'pybindgen.typehandlers.stringtype.StdStringParam'>, None, <pybindgen.typehandlers.ctypeparser.TypeTraits object at 0x7fadbbdcf4a8>))
DEBUG:pybindgen.typehandlers:TypeMatcher.lookup('ns3::AttributeValue const &')
DEBUG:pybindgen.typehandlers:try to lookup type handler for 'ns3::AttributeValue const &' => success ((<class 'pybindgen.cppclass.CppClass.__init__.<locals>.ThisClassRefParameter'>, None, <pybindgen.typehandlers.ctypeparser.TypeTraits object at 0x7fadbbdcf550>))
DEBUG:pybindgen.typehandlers:TypeMatcher.lookup('bool')
DEBUG:pybindgen.typehandlers:try to lookup type handler for 'bool' => success ((<class 'pybindgen.typehandlers.booltype.BoolReturn'>, None, <pybindgen.typehandlers.ctypeparser.TypeTraits object at 0x7fadbbdcf978>))
DEBUG:pybindgen.typehandlers:TypeMatcher.lookup('std::string')
DEBUG:pybindgen.typehandlers:try to lookup type handler for 'std::string' => success ((<class 'pybindgen.typehandlers.stringtype.StdStringParam'>, None, <pybindgen.typehandlers.ctypeparser.TypeTraits object at 0x7fadbbdcfac8>))
DEBUG:pybindgen.typehandlers:TypeMatcher.lookup('ns3::AttributeValue const &')
DEBUG:pybindgen.typehandlers:try to lookup type handler for 'ns3::AttributeValue const &' => success ((<class 'pybindgen.cppclass.CppClass.__init__.<locals>.ThisClassRefParameter'>, None, <pybindgen.typehandlers.ctypeparser.TypeTraits object at 0x7fadbbdcfb70>))
DEBUG:pybindgen.typehandlers:TypeMatcher.lookup('bool')
DEBUG:pybindgen.typehandlers:try to lookup type handler for 'bool' => success ((<class 'pybindgen.typehandlers.booltype.BoolReturn'>, None, <pybindgen.typehandlers.ctypeparser.TypeTraits object at 0x7fadbbdcff98>))
DEBUG:pybindgen.typehandlers:TypeMatcher.lookup('std::string')
DEBUG:pybindgen.typehandlers:try to lookup type handler for 'std::string' => success ((<class 'pybindgen.typehandlers.stringtype.StdStringParam'>, None, <pybindgen.typehandlers.ctypeparser.TypeTraits object at 0x7fadbbdd6128>))
DEBUG:pybindgen.typehandlers:TypeMatcher.lookup('std::string')
DEBUG:pybindgen.typehandlers:try to lookup type handler for 'std::string' => success ((<class 'pybindgen.typehandlers.stringtype.StdStringParam'>, None, <pybindgen.typehandlers.ctypeparser.TypeTraits object at 0x7fadbbdd61d0>))
DEBUG:pybindgen.typehandlers:TypeMatcher.lookup('ns3::CallbackBase const &')
DEBUG:pybindgen.typehandlers:try to lookup type handler for 'ns3::CallbackBase const &' => success ((<class 'pybindgen.cppclass.CppClass.__init__.<locals>.ThisClassRefParameter'>, None, <pybindgen.typehandlers.ctypeparser.TypeTraits object at 0x7fadbbdd62b0>))
DEBUG:pybindgen.typehandlers:TypeMatcher.lookup('bool')
DEBUG:pybindgen.typehandlers:try to lookup type handler for 'bool' => success ((<class 'pybindgen.typehandlers.booltype.BoolReturn'>, None, <pybindgen.typehandlers.ctypeparser.TypeTraits object at 0x7fadbbdd66d8>))
DEBUG:pybindgen.typehandlers:TypeMatcher.lookup('std::string')
DEBUG:pybindgen.typehandlers:try to lookup type handler for 'std::string' => success ((<class 'pybindgen.typehandlers.stringtype.StdStringParam'>, None, <pybindgen.typehandlers.ctypeparser.TypeTraits object at 0x7fadbbdd6828>))
DEBUG:pybindgen.typehandlers:TypeMatcher.lookup('ns3::CallbackBase const &')
DEBUG:pybindgen.typehandlers:try to lookup type handler for 'ns3::CallbackBase const &' => success ((<class 'pybindgen.cppclass.CppClass.__init__.<locals>.ThisClassRefParameter'>, None, <pybindgen.typehandlers.ctypeparser.TypeTraits object at 0x7fadbbdd68d0>))
DEBUG:pybindgen.typehandlers:TypeMatcher.lookup('bool')
DEBUG:pybindgen.typehandlers:try to lookup type handler for 'bool' => success ((<class 'pybindgen.typehandlers.booltype.BoolReturn'>, None, <pybindgen.typehandlers.ctypeparser.TypeTraits object at 0x7fadbbdd6cf8>))
DEBUG:pybindgen.typehandlers:TypeMatcher.lookup('std::string')
DEBUG:pybindgen.typehandlers:try to lookup type handler for 'std::string' => success ((<class 'pybindgen.typehandlers.stringtype.StdStringParam'>, None, <pybindgen.typehandlers.ctypeparser.TypeTraits object at 0x7fadbbdd6e48>))
DEBUG:pybindgen.typehandlers:TypeMatcher.lookup('std::string')
DEBUG:pybindgen.typehandlers:try to lookup type handler for 'std::string' => success ((<class 'pybindgen.typehandlers.stringtype.StdStringParam'>, None, <pybindgen.typehandlers.ctypeparser.TypeTraits object at 0x7fadbbdd6ef0>))
DEBUG:pybindgen.typehandlers:TypeMatcher.lookup('ns3::CallbackBase const &')
DEBUG:pybindgen.typehandlers:try to lookup type handler for 'ns3::CallbackBase const &' => success ((<class 'pybindgen.cppclass.CppClass.__init__.<locals>.ThisClassRefParameter'>, None, <pybindgen.typehandlers.ctypeparser.TypeTraits object at 0x7fadbbd5d048>))
DEBUG:pybindgen.typehandlers:TypeMatcher.lookup('bool')
DEBUG:pybindgen.typehandlers:try to lookup type handler for 'bool' => success ((<class 'pybindgen.typehandlers.booltype.BoolReturn'>, None, <pybindgen.typehandlers.ctypeparser.TypeTraits object at 0x7fadbbd5d438>))
DEBUG:pybindgen.typehandlers:TypeMatcher.lookup('std::string')
DEBUG:pybindgen.typehandlers:try to lookup type handler for 'std::string' => success ((<class 'pybindgen.typehandlers.stringtype.StdStringParam'>, None, <pybindgen.typehandlers.ctypeparser.TypeTraits object at 0x7fadbbd5d588>))
DEBUG:pybindgen.typehandlers:TypeMatcher.lookup('ns3::CallbackBase const &')
DEBUG:pybindgen.typehandlers:try to lookup type handler for 'ns3::CallbackBase const &' => success ((<class 'pybindgen.cppclass.CppClass.__init__.<locals>.ThisClassRefParameter'>, None, <pybindgen.typehandlers.ctypeparser.TypeTraits object at 0x7fadbbd5d630>))
DEBUG:pybindgen.typehandlers:TypeMatcher.lookup('void')
DEBUG:pybindgen.typehandlers:try to lookup type handler for 'void' => success ((<class 'pybindgen.typehandlers.voidtype.VoidReturn'>, None, <pybindgen.typehandlers.ctypeparser.TypeTraits object at 0x7fadbbd5da58>))
DEBUG:pybindgen.typehandlers:TypeMatcher.lookup('ns3::AttributeConstructionList const &')
DEBUG:pybindgen.typehandlers:try to lookup type handler for 'ns3::AttributeConstructionList const &' => success ((<class 'pybindgen.cppclass.CppClass.__init__.<locals>.ThisClassRefParameter'>, None, <pybindgen.typehandlers.ctypeparser.TypeTraits object at 0x7fadbbd5dba8>))
DEBUG:pybindgen.typehandlers:TypeMatcher.lookup('void')
DEBUG:pybindgen.typehandlers:try to lookup type handler for 'void' => success ((<class 'pybindgen.typehandlers.voidtype.VoidReturn'>, None, <pybindgen.typehandlers.ctypeparser.TypeTraits object at 0x7fadbbd63240>))
DEBUG:pybindgen.typehandlers:TypeMatcher.lookup('ns3::ObjectDeleter const &')
DEBUG:pybindgen.typehandlers:try to lookup type handler for 'ns3::ObjectDeleter const &' => success ((<class 'pybindgen.cppclass.CppClass.__init__.<locals>.ThisClassRefParameter'>, None, <pybindgen.typehandlers.ctypeparser.TypeTraits object at 0x7fadbbd63cf8>))
DEBUG:pybindgen.typehandlers:TypeMatcher.lookup('void')
DEBUG:pybindgen.typehandlers:try to lookup type handler for 'void' => success ((<class 'pybindgen.typehandlers.voidtype.VoidReturn'>, None, <pybindgen.typehandlers.ctypeparser.TypeTraits object at 0x7fadbbd6b0f0>))
DEBUG:pybindgen.typehandlers:TypeMatcher.lookup('ns3::Object *')
DEBUG:pybindgen.typehandlers:try to lookup type handler for 'ns3::Object *' => success ((<class 'pybindgen.cppclass.MemoryPolicy.register_ptr_parameter_and_return.<locals>.ThisClassPtrParameter'>, None, <pybindgen.typehandlers.ctypeparser.TypeTraits object at 0x7fadbbd6b240>))
/home/cs18/tarballs/ns-allinone-3.34/ns-3.34/src/lr-wpan/bindings/modulegen__gcc_LP64.py:3004: Warning: exception TypeConfigurationError('Missing transfer_ownership option',) in wrapper public: retval? ???::Delete (params?);
  is_static=True)
DEBUG:pybindgen.typehandlers:TypeMatcher.lookup('ns3::ObjectFactory const &')
DEBUG:pybindgen.typehandlers:try to lookup type handler for 'ns3::ObjectFactory const &' => success ((<class 'pybindgen.cppclass.CppClass.__init__.<locals>.ThisClassRefParameter'>, None, <pybindgen.typehandlers.ctypeparser.TypeTraits object at 0x7fadbbd6b3c8>))
DEBUG:pybindgen.typehandlers:TypeMatcher.lookup('ns3::Ptr< ns3::Object >')
DEBUG:pybindgen.typehandlers:try to lookup type handler for 'ns3::Ptr< ns3::Object >' => failure
DEBUG:pybindgen.typehandlers:try to lookup type handler for 'ns3::Object *' => success ((<class 'pybindgen.cppclass.MemoryPolicy.register_ptr_parameter_and_return.<locals>.ThisClassPtrReturn'>, <ns3modulegen_core_customizations.SmartPointerTransformation object at 0x7fadbc4dbac8>, <pybindgen.typehandlers.ctypeparser.TypeTraits object at 0x7fadbbd6bc18>))
DEBUG:pybindgen.typehandlers:TypeMatcher.lookup('ns3::TypeId')
DEBUG:pybindgen.typehandlers:try to lookup type handler for 'ns3::TypeId' => success ((<class 'pybindgen.cppclass.CppClass.__init__.<locals>.ThisClassReturn'>, None, <pybindgen.typehandlers.ctypeparser.TypeTraits object at 0x7fadbbd6be80>))
DEBUG:pybindgen.typehandlers:TypeMatcher.lookup('bool')
DEBUG:pybindgen.typehandlers:try to lookup type handler for 'bool' => success ((<class 'pybindgen.typehandlers.booltype.BoolReturn'>, None, <pybindgen.typehandlers.ctypeparser.TypeTraits object at 0x7fadbbd75240>))
DEBUG:pybindgen.typehandlers:TypeMatcher.lookup('void')
DEBUG:pybindgen.typehandlers:try to lookup type handler for 'void' => success ((<class 'pybindgen.typehandlers.voidtype.VoidReturn'>, None, <pybindgen.typehandlers.ctypeparser.TypeTraits object at 0x7fadbbd755f8>))
DEBUG:pybindgen.typehandlers:TypeMatcher.lookup('void')
DEBUG:pybindgen.typehandlers:try to lookup type handler for 'void' => success ((<class 'pybindgen.typehandlers.voidtype.VoidReturn'>, None, <pybindgen.typehandlers.ctypeparser.TypeTraits object at 0x7fadbbd759e8>))
DEBUG:pybindgen.typehandlers:TypeMatcher.lookup('ns3::TypeId')
DEBUG:pybindgen.typehandlers:try to lookup type handler for 'ns3::TypeId' => success ((<class 'pybindgen.cppclass.CppClass.__init__.<locals>.ThisClassParameter'>, None, <pybindgen.typehandlers.ctypeparser.TypeTraits object at 0x7fadbbd75b38>))
DEBUG:pybindgen.typehandlers:TypeMatcher.lookup('void')
DEBUG:pybindgen.typehandlers:try to lookup type handler for 'void' => success ((<class 'pybindgen.typehandlers.voidtype.VoidReturn'>, None, <pybindgen.typehandlers.ctypeparser.TypeTraits object at 0x7fadbbd75e80>))
DEBUG:pybindgen.typehandlers:TypeMatcher.lookup('char const *')
DEBUG:pybindgen.typehandlers:try to lookup type handler for 'char const *' => success ((<class 'pybindgen.typehandlers.stringtype.CStringParam'>, None, <pybindgen.typehandlers.ctypeparser.TypeTraits object at 0x7fadbbd75fd0>))
DEBUG:pybindgen.typehandlers:TypeMatcher.lookup('void')
DEBUG:pybindgen.typehandlers:try to lookup type handler for 'void' => success ((<class 'pybindgen.typehandlers.voidtype.VoidReturn'>, None, <pybindgen.typehandlers.ctypeparser.TypeTraits object at 0x7fadbbd6b2b0>))
DEBUG:pybindgen.typehandlers:TypeMatcher.lookup('std::string')
DEBUG:pybindgen.typehandlers:try to lookup type handler for 'std::string' => success ((<class 'pybindgen.typehandlers.stringtype.StdStringParam'>, None, <pybindgen.typehandlers.ctypeparser.TypeTraits object at 0x7fadbbd6b160>))
DEBUG:pybindgen.typehandlers:TypeMatcher.lookup('uint64_t')
DEBUG:pybindgen.typehandlers:try to lookup type handler for 'uint64_t' => success ((<class 'pybindgen.typehandlers.inttype.UnsignedLongLongParam'>, None, <pybindgen.typehandlers.ctypeparser.TypeTraits object at 0x7fadbbd7e5f8>))
DEBUG:pybindgen.typehandlers:TypeMatcher.lookup('uint32_t')
DEBUG:pybindgen.typehandlers:try to lookup type handler for 'uint32_t' => success ((<class 'pybindgen.typehandlers.inttype.UnsignedIntParam'>, None, <pybindgen.typehandlers.ctypeparser.TypeTraits object at 0x7fadbbd7e6a0>))
DEBUG:pybindgen.typehandlers:TypeMatcher.lookup('ns3::PacketMetadata const &')
DEBUG:pybindgen.typehandlers:try to lookup type handler for 'ns3::PacketMetadata const &' => success ((<class 'pybindgen.cppclass.CppClass.__init__.<locals>.ThisClassRefParameter'>, None, <pybindgen.typehandlers.ctypeparser.TypeTraits object at 0x7fadbbd7ea20>))
DEBUG:pybindgen.typehandlers:TypeMatcher.lookup('void')
DEBUG:pybindgen.typehandlers:try to lookup type handler for 'void' => success ((<class 'pybindgen.typehandlers.voidtype.VoidReturn'>, None, <pybindgen.typehandlers.ctypeparser.TypeTraits object at 0x7fadbbd7edd8>))
DEBUG:pybindgen.typehandlers:TypeMatcher.lookup('ns3::PacketMetadata const &')
DEBUG:pybindgen.typehandlers:try to lookup type handler for 'ns3::PacketMetadata const &' => success ((<class 'pybindgen.cppclass.CppClass.__init__.<locals>.ThisClassRefParameter'>, None, <pybindgen.typehandlers.ctypeparser.TypeTraits object at 0x7fadbbd7ef28>))
DEBUG:pybindgen.typehandlers:TypeMatcher.lookup('void')
DEBUG:pybindgen.typehandlers:try to lookup type handler for 'void' => success ((<class 'pybindgen.typehandlers.voidtype.VoidReturn'>, None, <pybindgen.typehandlers.ctypeparser.TypeTraits object at 0x7fadbbd85358>))
DEBUG:pybindgen.typehandlers:TypeMatcher.lookup('ns3::Header const &')
DEBUG:pybindgen.typehandlers:try to lookup type handler for 'ns3::Header const &' => success ((<class 'pybindgen.cppclass.CppClass.__init__.<locals>.ThisClassRefParameter'>, None, <pybindgen.typehandlers.ctypeparser.TypeTraits object at 0x7fadbbd854a8>))
DEBUG:pybindgen.typehandlers:TypeMatcher.lookup('uint32_t')
DEBUG:pybindgen.typehandlers:try to lookup type handler for 'uint32_t' => success ((<class 'pybindgen.typehandlers.inttype.UnsignedIntParam'>, None, <pybindgen.typehandlers.ctypeparser.TypeTraits object at 0x7fadbbd85668>))
DEBUG:pybindgen.typehandlers:TypeMatcher.lookup('void')
DEBUG:pybindgen.typehandlers:try to lookup type handler for 'void' => success ((<class 'pybindgen.typehandlers.voidtype.VoidReturn'>, None, <pybindgen.typehandlers.ctypeparser.TypeTraits object at 0x7fadbbd85978>))
DEBUG:pybindgen.typehandlers:TypeMatcher.lookup('uint32_t')
DEBUG:pybindgen.typehandlers:try to lookup type handler for 'uint32_t' => success ((<class 'pybindgen.typehandlers.inttype.UnsignedIntParam'>, None, <pybindgen.typehandlers.ctypeparser.TypeTraits object at 0x7fadbbd85ac8>))
DEBUG:pybindgen.typehandlers:TypeMatcher.lookup('void')
DEBUG:pybindgen.typehandlers:try to lookup type handler for 'void' => success ((<class 'pybindgen.typehandlers.voidtype.VoidReturn'>, None, <pybindgen.typehandlers.ctypeparser.TypeTraits object at 0x7fadbbd85e10>))
DEBUG:pybindgen.typehandlers:TypeMatcher.lookup('ns3::Trailer const &')
DEBUG:pybindgen.typehandlers:try to lookup type handler for 'ns3::Trailer const &' => success ((<class 'pybindgen.cppclass.CppClass.__init__.<locals>.ThisClassRefParameter'>, None, <pybindgen.typehandlers.ctypeparser.TypeTraits object at 0x7fadbbd85f60>))
DEBUG:pybindgen.typehandlers:TypeMatcher.lookup('uint32_t')
DEBUG:pybindgen.typehandlers:try to lookup type handler for 'uint32_t' => success ((<class 'pybindgen.typehandlers.inttype.UnsignedIntParam'>, None, <pybindgen.typehandlers.ctypeparser.TypeTraits object at 0x7fadbbd8b160>))
DEBUG:pybindgen.typehandlers:TypeMatcher.lookup('ns3::PacketMetadata::ItemIterator')
DEBUG:pybindgen.typehandlers:try to lookup type handler for 'ns3::PacketMetadata::ItemIterator' => success ((<class 'pybindgen.cppclass.CppClass.__init__.<locals>.ThisClassReturn'>, None, <pybindgen.typehandlers.ctypeparser.TypeTraits object at 0x7fadbbd8b470>))
DEBUG:pybindgen.typehandlers:TypeMatcher.lookup('ns3::Buffer')
DEBUG:pybindgen.typehandlers:try to lookup type handler for 'ns3::Buffer' => success ((<class 'pybindgen.cppclass.CppClass.__init__.<locals>.ThisClassParameter'>, None, <pybindgen.typehandlers.ctypeparser.TypeTraits object at 0x7fadbbd8b588>))
DEBUG:pybindgen.typehandlers:TypeMatcher.lookup('ns3::PacketMetadata')
DEBUG:pybindgen.typehandlers:try to lookup type handler for 'ns3::PacketMetadata' => success ((<class 'pybindgen.cppclass.CppClass.__init__.<locals>.ThisClassReturn'>, None, <pybindgen.typehandlers.ctypeparser.TypeTraits object at 0x7fadbbd8b8d0>))
DEBUG:pybindgen.typehandlers:TypeMatcher.lookup('uint32_t')
DEBUG:pybindgen.typehandlers:try to lookup type handler for 'uint32_t' => success ((<class 'pybindgen.typehandlers.inttype.UnsignedIntParam'>, None, <pybindgen.typehandlers.ctypeparser.TypeTraits object at 0x7fadbbd8b9e8>))
DEBUG:pybindgen.typehandlers:TypeMatcher.lookup('uint32_t')
DEBUG:pybindgen.typehandlers:try to lookup type handler for 'uint32_t' => success ((<class 'pybindgen.typehandlers.inttype.UnsignedIntParam'>, None, <pybindgen.typehandlers.ctypeparser.TypeTraits object at 0x7fadbbd8ba90>))
DEBUG:pybindgen.typehandlers:TypeMatcher.lookup('uint32_t')
DEBUG:pybindgen.typehandlers:try to lookup type handler for 'uint32_t' => success ((<class 'pybindgen.typehandlers.inttype.UnsignedIntReturn'>, None, <pybindgen.typehandlers.ctypeparser.TypeTraits object at 0x7fadbbd8be10>))
DEBUG:pybindgen.typehandlers:TypeMatcher.lookup('uint8_t const *')
DEBUG:pybindgen.typehandlers:try to lookup type handler for 'uint8_t const *' => success ((<class 'pybindgen.typehandlers.inttype.UInt8PtrParam'>, None, <pybindgen.typehandlers.ctypeparser.TypeTraits object at 0x7fadbbd8bf28>))
/home/cs18/tarballs/ns-allinone-3.34/ns-3.34/src/lr-wpan/bindings/modulegen__gcc_LP64.py:3080: Warning: exception TypeConfigurationError('direction not given',) in wrapper public: retval? ???::Deserialize (params?);
  [param('uint8_t const *', 'buffer'), param('uint32_t', 'size')])
DEBUG:pybindgen.typehandlers:TypeMatcher.lookup('void')
DEBUG:pybindgen.typehandlers:try to lookup type handler for 'void' => success ((<class 'pybindgen.typehandlers.voidtype.VoidReturn'>, None, <pybindgen.typehandlers.ctypeparser.TypeTraits object at 0x7fadbbd940b8>))
DEBUG:pybindgen.typehandlers:TypeMatcher.lookup('void')
DEBUG:pybindgen.typehandlers:try to lookup type handler for 'void' => success ((<class 'pybindgen.typehandlers.voidtype.VoidReturn'>, None, <pybindgen.typehandlers.ctypeparser.TypeTraits object at 0x7fadbbd944e0>))
DEBUG:pybindgen.typehandlers:TypeMatcher.lookup('uint32_t')
DEBUG:pybindgen.typehandlers:try to lookup type handler for 'uint32_t' => success ((<class 'pybindgen.typehandlers.inttype.UnsignedIntReturn'>, None, <pybindgen.typehandlers.ctypeparser.TypeTraits object at 0x7fadbbd94898>))
DEBUG:pybindgen.typehandlers:TypeMatcher.lookup('uint64_t')
DEBUG:pybindgen.typehandlers:try to lookup type handler for 'uint64_t' => success ((<class 'pybindgen.typehandlers.inttype.UnsignedLongLongReturn'>, None, <pybindgen.typehandlers.ctypeparser.TypeTraits object at 0x7fadbbd94c18>))
DEBUG:pybindgen.typehandlers:TypeMatcher.lookup('void')
DEBUG:pybindgen.typehandlers:try to lookup type handler for 'void' => success ((<class 'pybindgen.typehandlers.voidtype.VoidReturn'>, None, <pybindgen.typehandlers.ctypeparser.TypeTraits object at 0x7fadbbd94f98>))
DEBUG:pybindgen.typehandlers:TypeMatcher.lookup('uint32_t')
DEBUG:pybindgen.typehandlers:try to lookup type handler for 'uint32_t' => success ((<class 'pybindgen.typehandlers.inttype.UnsignedIntParam'>, None, <pybindgen.typehandlers.ctypeparser.TypeTraits object at 0x7fadbbd1b128>))
DEBUG:pybindgen.typehandlers:TypeMatcher.lookup('void')
DEBUG:pybindgen.typehandlers:try to lookup type handler for 'void' => success ((<class 'pybindgen.typehandlers.voidtype.VoidReturn'>, None, <pybindgen.typehandlers.ctypeparser.TypeTraits object at 0x7fadbbd1b470>))
DEBUG:pybindgen.typehandlers:TypeMatcher.lookup('uint32_t')
DEBUG:pybindgen.typehandlers:try to lookup type handler for 'uint32_t' => success ((<class 'pybindgen.typehandlers.inttype.UnsignedIntParam'>, None, <pybindgen.typehandlers.ctypeparser.TypeTraits object at 0x7fadbbd1b5c0>))
DEBUG:pybindgen.typehandlers:TypeMatcher.lookup('void')
DEBUG:pybindgen.typehandlers:try to lookup type handler for 'void' => success ((<class 'pybindgen.typehandlers.voidtype.VoidReturn'>, None, <pybindgen.typehandlers.ctypeparser.TypeTraits object at 0x7fadbbd1b908>))
DEBUG:pybindgen.typehandlers:TypeMatcher.lookup('ns3::Header const &')
DEBUG:pybindgen.typehandlers:try to lookup type handler for 'ns3::Header const &' => success ((<class 'pybindgen.cppclass.CppClass.__init__.<locals>.ThisClassRefParameter'>, None, <pybindgen.typehandlers.ctypeparser.TypeTraits object at 0x7fadbbd1ba58>))
DEBUG:pybindgen.typehandlers:TypeMatcher.lookup('uint32_t')
DEBUG:pybindgen.typehandlers:try to lookup type handler for 'uint32_t' => success ((<class 'pybindgen.typehandlers.inttype.UnsignedIntParam'>, None, <pybindgen.typehandlers.ctypeparser.TypeTraits object at 0x7fadbbd1bc18>))
DEBUG:pybindgen.typehandlers:TypeMatcher.lookup('void')
DEBUG:pybindgen.typehandlers:try to lookup type handler for 'void' => success ((<class 'pybindgen.typehandlers.voidtype.VoidReturn'>, None, <pybindgen.typehandlers.ctypeparser.TypeTraits object at 0x7fadbbd1bf28>))
DEBUG:pybindgen.typehandlers:TypeMatcher.lookup('ns3::Trailer const &')
DEBUG:pybindgen.typehandlers:try to lookup type handler for 'ns3::Trailer const &' => success ((<class 'pybindgen.cppclass.CppClass.__init__.<locals>.ThisClassRefParameter'>, None, <pybindgen.typehandlers.ctypeparser.TypeTraits object at 0x7fadbbd210b8>))
DEBUG:pybindgen.typehandlers:TypeMatcher.lookup('uint32_t')
DEBUG:pybindgen.typehandlers:try to lookup type handler for 'uint32_t' => success ((<class 'pybindgen.typehandlers.inttype.UnsignedIntParam'>, None, <pybindgen.typehandlers.ctypeparser.TypeTraits object at 0x7fadbbd21278>))
DEBUG:pybindgen.typehandlers:TypeMatcher.lookup('uint32_t')
DEBUG:pybindgen.typehandlers:try to lookup type handler for 'uint32_t' => success ((<class 'pybindgen.typehandlers.inttype.UnsignedIntReturn'>, None, <pybindgen.typehandlers.ctypeparser.TypeTraits object at 0x7fadbbd21240>))
DEBUG:pybindgen.typehandlers:TypeMatcher.lookup('uint8_t *')
DEBUG:pybindgen.typehandlers:try to lookup type handler for 'uint8_t *' => success ((<class 'pybindgen.typehandlers.inttype.UInt8PtrParam'>, None, <pybindgen.typehandlers.ctypeparser.TypeTraits object at 0x7fadbbd213c8>))
/home/cs18/tarballs/ns-allinone-3.34/ns-3.34/src/lr-wpan/bindings/modulegen__gcc_LP64.py:3121: Warning: exception TypeConfigurationError('direction not given',) in wrapper public: retval? ???::Serialize (params?) const;
  is_const=True)
DEBUG:pybindgen.typehandlers:TypeMatcher.lookup('ns3::PacketMetadata::Item const &')
DEBUG:pybindgen.typehandlers:try to lookup type handler for 'ns3::PacketMetadata::Item const &' => success ((<class 'pybindgen.cppclass.CppClass.__init__.<locals>.ThisClassRefParameter'>, None, <pybindgen.typehandlers.ctypeparser.TypeTraits object at 0x7fadbbd217b8>))
DEBUG:pybindgen.typehandlers:TypeMatcher.lookup('ns3::Buffer::Iterator')
DEBUG:pybindgen.typehandlers:try to lookup type handler for 'ns3::Buffer::Iterator' => success ((<class 'pybindgen.cppclass.CppClass.__init__.<locals>.ThisClassReturn'>, None, <pybindgen.typehandlers.ctypeparser.TypeTraits object at 0x7fadbbd21b38>))
DEBUG:pybindgen.typehandlers:TypeMatcher.lookup('uint32_t')
DEBUG:pybindgen.typehandlers:try to lookup type handler for 'uint32_t' => success ((<class 'pybindgen.typehandlers.inttype.UnsignedIntReturn'>, None, <pybindgen.typehandlers.ctypeparser.TypeTraits object at 0x7fadbbd270b8>))
DEBUG:pybindgen.typehandlers:TypeMatcher.lookup('uint32_t')
DEBUG:pybindgen.typehandlers:try to lookup type handler for 'uint32_t' => success ((<class 'pybindgen.typehandlers.inttype.UnsignedIntReturn'>, None, <pybindgen.typehandlers.ctypeparser.TypeTraits object at 0x7fadbbd275f8>))
DEBUG:pybindgen.typehandlers:TypeMatcher.lookup('uint32_t')
DEBUG:pybindgen.typehandlers:try to lookup type handler for 'uint32_t' => success ((<class 'pybindgen.typehandlers.inttype.UnsignedIntReturn'>, None, <pybindgen.typehandlers.ctypeparser.TypeTraits object at 0x7fadbbd27b38>))
DEBUG:pybindgen.typehandlers:TypeMatcher.lookup('bool')
DEBUG:pybindgen.typehandlers:try to lookup type handler for 'bool' => success ((<class 'pybindgen.typehandlers.booltype.BoolReturn'>, None, <pybindgen.typehandlers.ctypeparser.TypeTraits object at 0x7fadbbd310b8>))
DEBUG:pybindgen.typehandlers:TypeMatcher.lookup('ns3::TypeId')
DEBUG:pybindgen.typehandlers:try to lookup type handler for 'ns3::TypeId' => success ((<class 'pybindgen.cppclass.CppClass.__init__.<locals>.ThisClassReturn'>, None, <pybindgen.typehandlers.ctypeparser.TypeTraits object at 0x7fadbbd31630>))
DEBUG:pybindgen.typehandlers:TypeMatcher.lookup('ns3::PacketMetadata::Item::ItemType')
DEBUG:pybindgen.typehandlers:try to lookup type handler for 'ns3::PacketMetadata::Item::ItemType' => success ((<class 'pybindgen.enum.Enum.set_module.<locals>.ThisEnumReturn'>, None, <pybindgen.typehandlers.ctypeparser.TypeTraits object at 0x7fadbbd31908>))
DEBUG:pybindgen.typehandlers:TypeMatcher.lookup('ns3::PacketMetadata::ItemIterator const &')
DEBUG:pybindgen.typehandlers:try to lookup type handler for 'ns3::PacketMetadata::ItemIterator const &' => success ((<class 'pybindgen.cppclass.CppClass.__init__.<locals>.ThisClassRefParameter'>, None, <pybindgen.typehandlers.ctypeparser.TypeTraits object at 0x7fadbbd31eb8>))
DEBUG:pybindgen.typehandlers:TypeMatcher.lookup('ns3::PacketMetadata const *')
DEBUG:pybindgen.typehandlers:try to lookup type handler for 'ns3::PacketMetadata const *' => success ((<class 'pybindgen.cppclass.CppClass.__init__.<locals>.ThisClassPtrParameter'>, None, <pybindgen.typehandlers.ctypeparser.TypeTraits object at 0x7fadbbd3a2e8>))
DEBUG:pybindgen.typehandlers:TypeMatcher.lookup('ns3::Buffer')
DEBUG:pybindgen.typehandlers:try to lookup type handler for 'ns3::Buffer' => success ((<class 'pybindgen.cppclass.CppClass.__init__.<locals>.ThisClassParameter'>, None, <pybindgen.typehandlers.ctypeparser.TypeTraits object at 0x7fadbbd3a4a8>))
DEBUG:pybindgen.typehandlers:TypeMatcher.lookup('bool')
DEBUG:pybindgen.typehandlers:try to lookup type handler for 'bool' => success ((<class 'pybindgen.typehandlers.booltype.BoolReturn'>, None, <pybindgen.typehandlers.ctypeparser.TypeTraits object at 0x7fadbbd3a780>))
DEBUG:pybindgen.typehandlers:TypeMatcher.lookup('ns3::PacketMetadata::Item')
DEBUG:pybindgen.typehandlers:try to lookup type handler for 'ns3::PacketMetadata::Item' => success ((<class 'pybindgen.cppclass.CppClass.__init__.<locals>.ThisClassReturn'>, None, <pybindgen.typehandlers.ctypeparser.TypeTraits object at 0x7fadbbd3ab38>))
DEBUG:pybindgen.typehandlers:TypeMatcher.lookup('ns3::PacketTagIterator const &')
DEBUG:pybindgen.typehandlers:try to lookup type handler for 'ns3::PacketTagIterator const &' => success ((<class 'pybindgen.cppclass.CppClass.__init__.<locals>.ThisClassRefParameter'>, None, <pybindgen.typehandlers.ctypeparser.TypeTraits object at 0x7fadbbd3af28>))
DEBUG:pybindgen.typehandlers:TypeMatcher.lookup('bool')
DEBUG:pybindgen.typehandlers:try to lookup type handler for 'bool' => success ((<class 'pybindgen.typehandlers.booltype.BoolReturn'>, None, <pybindgen.typehandlers.ctypeparser.TypeTraits object at 0x7fadbbd43320>))
DEBUG:pybindgen.typehandlers:TypeMatcher.lookup('ns3::PacketTagIterator::Item')
DEBUG:pybindgen.typehandlers:try to lookup type handler for 'ns3::PacketTagIterator::Item' => success ((<class 'pybindgen.cppclass.CppClass.__init__.<locals>.ThisClassReturn'>, None, <pybindgen.typehandlers.ctypeparser.TypeTraits object at 0x7fadbbd436d8>))
DEBUG:pybindgen.typehandlers:TypeMatcher.lookup('ns3::PacketTagIterator::Item const &')
DEBUG:pybindgen.typehandlers:try to lookup type handler for 'ns3::PacketTagIterator::Item const &' => success ((<class 'pybindgen.cppclass.CppClass.__init__.<locals>.ThisClassRefParameter'>, None, <pybindgen.typehandlers.ctypeparser.TypeTraits object at 0x7fadbbd43ac8>))
DEBUG:pybindgen.typehandlers:TypeMatcher.lookup('void')
DEBUG:pybindgen.typehandlers:try to lookup type handler for 'void' => success ((<class 'pybindgen.typehandlers.voidtype.VoidReturn'>, None, <pybindgen.typehandlers.ctypeparser.TypeTraits object at 0x7fadbbd43e80>))
DEBUG:pybindgen.typehandlers:TypeMatcher.lookup('ns3::Tag &')
DEBUG:pybindgen.typehandlers:try to lookup type handler for 'ns3::Tag &' => success ((<class 'pybindgen.cppclass.CppClass.__init__.<locals>.ThisClassRefParameter'>, None, <pybindgen.typehandlers.ctypeparser.TypeTraits object at 0x7fadbbd43fd0>))
DEBUG:pybindgen.typehandlers:TypeMatcher.lookup('ns3::TypeId')
DEBUG:pybindgen.typehandlers:try to lookup type handler for 'ns3::TypeId' => success ((<class 'pybindgen.cppclass.CppClass.__init__.<locals>.ThisClassReturn'>, None, <pybindgen.typehandlers.ctypeparser.TypeTraits object at 0x7fadbbd4a390>))
DEBUG:pybindgen.typehandlers:TypeMatcher.lookup('ns3::PacketTagList const &')
DEBUG:pybindgen.typehandlers:try to lookup type handler for 'ns3::PacketTagList const &' => success ((<class 'pybindgen.cppclass.CppClass.__init__.<locals>.ThisClassRefParameter'>, None, <pybindgen.typehandlers.ctypeparser.TypeTraits object at 0x7fadbbd4a9b0>))
DEBUG:pybindgen.typehandlers:TypeMatcher.lookup('void')
DEBUG:pybindgen.typehandlers:try to lookup type handler for 'void' => success ((<class 'pybindgen.typehandlers.voidtype.VoidReturn'>, None, <pybindgen.typehandlers.ctypeparser.TypeTraits object at 0x7fadbbd4ad68>))
DEBUG:pybindgen.typehandlers:TypeMatcher.lookup('ns3::Tag const &')
DEBUG:pybindgen.typehandlers:try to lookup type handler for 'ns3::Tag const &' => success ((<class 'pybindgen.cppclass.CppClass.__init__.<locals>.ThisClassRefParameter'>, None, <pybindgen.typehandlers.ctypeparser.TypeTraits object at 0x7fadbbd4aeb8>))
DEBUG:pybindgen.typehandlers:TypeMatcher.lookup('uint32_t')
DEBUG:pybindgen.typehandlers:try to lookup type handler for 'uint32_t' => success ((<class 'pybindgen.typehandlers.inttype.UnsignedIntReturn'>, None, <pybindgen.typehandlers.ctypeparser.TypeTraits object at 0x7fadbbd502e8>))
DEBUG:pybindgen.typehandlers:TypeMatcher.lookup('uint32_t const *')
DEBUG:pybindgen.typehandlers:try to lookup type handler for 'uint32_t const *' => success ((<class 'pybindgen.typehandlers.inttype.UnsignedIntPtrParam'>, None, <pybindgen.typehandlers.ctypeparser.TypeTraits object at 0x7fadbbd50400>))
DEBUG:pybindgen.typehandlers:TypeMatcher.lookup('uint32_t')
DEBUG:pybindgen.typehandlers:try to lookup type handler for 'uint32_t' => success ((<class 'pybindgen.typehandlers.inttype.UnsignedIntParam'>, None, <pybindgen.typehandlers.ctypeparser.TypeTraits object at 0x7fadbbd505c0>))
DEBUG:pybindgen.typehandlers:TypeMatcher.lookup('uint32_t')
DEBUG:pybindgen.typehandlers:try to lookup type handler for 'uint32_t' => success ((<class 'pybindgen.typehandlers.inttype.UnsignedIntReturn'>, None, <pybindgen.typehandlers.ctypeparser.TypeTraits object at 0x7fadbbd508d0>))
DEBUG:pybindgen.typehandlers:TypeMatcher.lookup('ns3::PacketTagList::TagData const *')
DEBUG:pybindgen.typehandlers:try to lookup type handler for 'ns3::PacketTagList::TagData const *' => success ((<class 'pybindgen.cppclass.CppClass.__init__.<locals>.ThisClassPtrReturn'>, None, <pybindgen.typehandlers.ctypeparser.TypeTraits object at 0x7fadbbd50c50>))
DEBUG:pybindgen.typehandlers:TypeMatcher.lookup('bool')
DEBUG:pybindgen.typehandlers:try to lookup type handler for 'bool' => success ((<class 'pybindgen.typehandlers.booltype.BoolReturn'>, None, <pybindgen.typehandlers.ctypeparser.TypeTraits object at 0x7fadbbd58048>))
DEBUG:pybindgen.typehandlers:TypeMatcher.lookup('ns3::Tag &')
DEBUG:pybindgen.typehandlers:try to lookup type handler for 'ns3::Tag &' => success ((<class 'pybindgen.cppclass.CppClass.__init__.<locals>.ThisClassRefParameter'>, None, <pybindgen.typehandlers.ctypeparser.TypeTraits object at 0x7fadbbd58208>))
DEBUG:pybindgen.typehandlers:TypeMatcher.lookup('bool')
DEBUG:pybindgen.typehandlers:try to lookup type handler for 'bool' => success ((<class 'pybindgen.typehandlers.booltype.BoolReturn'>, None, <pybindgen.typehandlers.ctypeparser.TypeTraits object at 0x7fadbbd58588>))
DEBUG:pybindgen.typehandlers:TypeMatcher.lookup('ns3::Tag &')
DEBUG:pybindgen.typehandlers:try to lookup type handler for 'ns3::Tag &' => success ((<class 'pybindgen.cppclass.CppClass.__init__.<locals>.ThisClassRefParameter'>, None, <pybindgen.typehandlers.ctypeparser.TypeTraits object at 0x7fadbbd586d8>))
DEBUG:pybindgen.typehandlers:TypeMatcher.lookup('void')
DEBUG:pybindgen.typehandlers:try to lookup type handler for 'void' => success ((<class 'pybindgen.typehandlers.voidtype.VoidReturn'>, None, <pybindgen.typehandlers.ctypeparser.TypeTraits object at 0x7fadbbd58a58>))
DEBUG:pybindgen.typehandlers:TypeMatcher.lookup('bool')
DEBUG:pybindgen.typehandlers:try to lookup type handler for 'bool' => success ((<class 'pybindgen.typehandlers.booltype.BoolReturn'>, None, <pybindgen.typehandlers.ctypeparser.TypeTraits object at 0x7fadbbd58e48>))
DEBUG:pybindgen.typehandlers:TypeMatcher.lookup('ns3::Tag &')
DEBUG:pybindgen.typehandlers:try to lookup type handler for 'ns3::Tag &' => success ((<class 'pybindgen.cppclass.CppClass.__init__.<locals>.ThisClassRefParameter'>, None, <pybindgen.typehandlers.ctypeparser.TypeTraits object at 0x7fadbbd58f98>))
DEBUG:pybindgen.typehandlers:TypeMatcher.lookup('uint32_t')
DEBUG:pybindgen.typehandlers:try to lookup type handler for 'uint32_t' => success ((<class 'pybindgen.typehandlers.inttype.UnsignedIntReturn'>, None, <pybindgen.typehandlers.ctypeparser.TypeTraits object at 0x7fadbbce0358>))
DEBUG:pybindgen.typehandlers:TypeMatcher.lookup('uint32_t *')
DEBUG:pybindgen.typehandlers:try to lookup type handler for 'uint32_t *' => success ((<class 'pybindgen.typehandlers.inttype.UnsignedIntPtrParam'>, None, <pybindgen.typehandlers.ctypeparser.TypeTraits object at 0x7fadbbce0470>))
DEBUG:pybindgen.typehandlers:TypeMatcher.lookup('uint32_t')
DEBUG:pybindgen.typehandlers:try to lookup type handler for 'uint32_t' => success ((<class 'pybindgen.typehandlers.inttype.UnsignedIntParam'>, None, <pybindgen.typehandlers.ctypeparser.TypeTraits object at 0x7fadbbce0588>))
DEBUG:pybindgen.typehandlers:TypeMatcher.lookup('ns3::PacketTagList::TagData const &')
DEBUG:pybindgen.typehandlers:try to lookup type handler for 'ns3::PacketTagList::TagData const &' => success ((<class 'pybindgen.cppclass.CppClass.__init__.<locals>.ThisClassRefParameter'>, None, <pybindgen.typehandlers.ctypeparser.TypeTraits object at 0x7fadbbce0b70>))
DEBUG:pybindgen.typehandlers:TypeMatcher.lookup('uint32_t')
DEBUG:pybindgen.typehandlers:try to lookup type handler for 'uint32_t' => success ((<class 'pybindgen.typehandlers.inttype.UnsignedIntReturn'>, None, <pybindgen.typehandlers.ctypeparser.TypeTraits object at 0x7fadbbce0ef0>))
DEBUG:pybindgen.typehandlers:TypeMatcher.lookup('uint8_t [ 1 ]')
DEBUG:pybindgen.typehandlers:try to lookup type handler for 'uint8_t [ 1 ]' => failure
'uint8_t [ 1 ]' did not match
bindings/python/ns3modulegen-modular.py:30: UserWarning: exception TypeLookupError(['uint8_t [ 1 ]'],) in wrapper None
  warnings.warn("exception %r in wrapper %s" % (exception, wrapper))
DEBUG:pybindgen.typehandlers:TypeMatcher.lookup('ns3::PacketTagList::TagData *')
DEBUG:pybindgen.typehandlers:try to lookup type handler for 'ns3::PacketTagList::TagData *' => success ((<class 'pybindgen.cppclass.CppClass.__init__.<locals>.ThisClassPtrReturn'>, None, <pybindgen.typehandlers.ctypeparser.TypeTraits object at 0x7fadbbce76a0>))
DEBUG:pybindgen.typehandlers:TypeMatcher.lookup('uint32_t')
DEBUG:pybindgen.typehandlers:try to lookup type handler for 'uint32_t' => success ((<class 'pybindgen.typehandlers.inttype.UnsignedIntReturn'>, None, <pybindgen.typehandlers.ctypeparser.TypeTraits object at 0x7fadbbce7be0>))
DEBUG:pybindgen.typehandlers:TypeMatcher.lookup('ns3::TypeId')
DEBUG:pybindgen.typehandlers:try to lookup type handler for 'ns3::TypeId' => success ((<class 'pybindgen.cppclass.CppClass.__init__.<locals>.ThisClassReturn'>, None, <pybindgen.typehandlers.ctypeparser.TypeTraits object at 0x7fadbbce7f28>))
DEBUG:pybindgen.typehandlers:TypeMatcher.lookup('ns3::ParameterLogger const &')
DEBUG:pybindgen.typehandlers:try to lookup type handler for 'ns3::ParameterLogger const &' => success ((<class 'pybindgen.cppclass.CppClass.__init__.<locals>.ThisClassRefParameter'>, None, <pybindgen.typehandlers.ctypeparser.TypeTraits object at 0x7fadbbcee518>))
DEBUG:pybindgen.typehandlers:TypeMatcher.lookup('std::ostream &')
DEBUG:pybindgen.typehandlers:try to lookup type handler for 'std::ostream &' => failure
'std::ostream &' did not match
/home/cs18/tarballs/ns-allinone-3.34/ns-3.34/src/lr-wpan/bindings/modulegen__gcc_LP64.py:3259: Warning: exception TypeLookupError(['std::ostream &'],) in wrapper <pybindgen.cppmethod.CppConstructor object at 0x7fadbbcee898>
  cls.add_constructor([param('std::ostream &', 'os')])
DEBUG:pybindgen.typehandlers:TypeMatcher.lookup('void')
DEBUG:pybindgen.typehandlers:try to lookup type handler for 'void' => success ((<class 'pybindgen.typehandlers.voidtype.VoidReturn'>, None, <pybindgen.typehandlers.ctypeparser.TypeTraits object at 0x7fadbbceec50>))
DEBUG:pybindgen.typehandlers:TypeMatcher.lookup('void')
DEBUG:pybindgen.typehandlers:try to lookup type handler for 'void' => success ((<class 'pybindgen.typehandlers.voidtype.VoidReturn'>, None, <pybindgen.typehandlers.ctypeparser.TypeTraits object at 0x7fadbbcf8080>))
DEBUG:pybindgen.typehandlers:TypeMatcher.lookup('bool')
DEBUG:pybindgen.typehandlers:try to lookup type handler for 'bool' => success ((<class 'pybindgen.typehandlers.booltype.BoolReturn'>, None, <pybindgen.typehandlers.ctypeparser.TypeTraits object at 0x7fadbbcf8470>))
DEBUG:pybindgen.typehandlers:TypeMatcher.lookup('std::string const &')
DEBUG:pybindgen.typehandlers:try to lookup type handler for 'std::string const &' => success ((<class 'pybindgen.typehandlers.stringtype.StdStringRefParam'>, None, <pybindgen.typehandlers.ctypeparser.TypeTraits object at 0x7fadbbcf85c0>))
DEBUG:pybindgen.typehandlers:TypeMatcher.lookup('std::string const &')
DEBUG:pybindgen.typehandlers:try to lookup type handler for 'std::string const &' => success ((<class 'pybindgen.typehandlers.stringtype.StdStringRefParam'>, None, <pybindgen.typehandlers.ctypeparser.TypeTraits object at 0x7fadbbcf8780>))
DEBUG:pybindgen.typehandlers:TypeMatcher.lookup('uint32_t &')
DEBUG:pybindgen.typehandlers:try to lookup type handler for 'uint32_t &' => failure
'uint32_t &' did not match
/home/cs18/tarballs/ns-allinone-3.34/ns-3.34/src/lr-wpan/bindings/modulegen__gcc_LP64.py:3277: Warning: exception TypeLookupError(['uint32_t &'],) in wrapper public: retval? ???::Diff (params?);
  is_static=True)
DEBUG:pybindgen.typehandlers:TypeMatcher.lookup('bool')
DEBUG:pybindgen.typehandlers:try to lookup type handler for 'bool' => success ((<class 'pybindgen.typehandlers.booltype.BoolReturn'>, None, <pybindgen.typehandlers.ctypeparser.TypeTraits object at 0x7fadbbcf86d8>))
DEBUG:pybindgen.typehandlers:TypeMatcher.lookup('bool')
DEBUG:pybindgen.typehandlers:try to lookup type handler for 'bool' => success ((<class 'pybindgen.typehandlers.booltype.BoolReturn'>, None, <pybindgen.typehandlers.ctypeparser.TypeTraits object at 0x7fadbbcf8a58>))
DEBUG:pybindgen.typehandlers:TypeMatcher.lookup('uint32_t')
DEBUG:pybindgen.typehandlers:try to lookup type handler for 'uint32_t' => success ((<class 'pybindgen.typehandlers.inttype.UnsignedIntReturn'>, None, <pybindgen.typehandlers.ctypeparser.TypeTraits object at 0x7fadbbcf8e10>))
DEBUG:pybindgen.typehandlers:TypeMatcher.lookup('uint32_t')
DEBUG:pybindgen.typehandlers:try to lookup type handler for 'uint32_t' => success ((<class 'pybindgen.typehandlers.inttype.UnsignedIntReturn'>, None, <pybindgen.typehandlers.ctypeparser.TypeTraits object at 0x7fadbbcf84e0>))
DEBUG:pybindgen.typehandlers:TypeMatcher.lookup('uint32_t')
DEBUG:pybindgen.typehandlers:try to lookup type handler for 'uint32_t' => success ((<class 'pybindgen.typehandlers.inttype.UnsignedIntReturn'>, None, <pybindgen.typehandlers.ctypeparser.TypeTraits object at 0x7fadbbcff278>))
DEBUG:pybindgen.typehandlers:TypeMatcher.lookup('uint32_t')
DEBUG:pybindgen.typehandlers:try to lookup type handler for 'uint32_t' => success ((<class 'pybindgen.typehandlers.inttype.UnsignedIntReturn'>, None, <pybindgen.typehandlers.ctypeparser.TypeTraits object at 0x7fadbbcff630>))
DEBUG:pybindgen.typehandlers:TypeMatcher.lookup('bool')
DEBUG:pybindgen.typehandlers:try to lookup type handler for 'bool' => success ((<class 'pybindgen.typehandlers.booltype.BoolReturn'>, None, <pybindgen.typehandlers.ctypeparser.TypeTraits object at 0x7fadbbcff9e8>))
DEBUG:pybindgen.typehandlers:TypeMatcher.lookup('int32_t')
DEBUG:pybindgen.typehandlers:try to lookup type handler for 'int32_t' => success ((<class 'pybindgen.typehandlers.inttype.IntReturn'>, None, <pybindgen.typehandlers.ctypeparser.TypeTraits object at 0x7fadbbcffdd8>))
DEBUG:pybindgen.typehandlers:TypeMatcher.lookup('uint16_t')
DEBUG:pybindgen.typehandlers:try to lookup type handler for 'uint16_t' => success ((<class 'pybindgen.typehandlers.inttype.UInt16Return'>, None, <pybindgen.typehandlers.ctypeparser.TypeTraits object at 0x7fadbbd05208>))
DEBUG:pybindgen.typehandlers:TypeMatcher.lookup('uint16_t')
DEBUG:pybindgen.typehandlers:try to lookup type handler for 'uint16_t' => success ((<class 'pybindgen.typehandlers.inttype.UInt16Return'>, None, <pybindgen.typehandlers.ctypeparser.TypeTraits object at 0x7fadbbd055c0>))
DEBUG:pybindgen.typehandlers:TypeMatcher.lookup('void')
DEBUG:pybindgen.typehandlers:try to lookup type handler for 'void' => success ((<class 'pybindgen.typehandlers.voidtype.VoidReturn'>, None, <pybindgen.typehandlers.ctypeparser.TypeTraits object at 0x7fadbbd05978>))
DEBUG:pybindgen.typehandlers:TypeMatcher.lookup('uint32_t')
DEBUG:pybindgen.typehandlers:try to lookup type handler for 'uint32_t' => success ((<class 'pybindgen.typehandlers.inttype.UnsignedIntParam'>, None, <pybindgen.typehandlers.ctypeparser.TypeTraits object at 0x7fadbbd05ac8>))
DEBUG:pybindgen.typehandlers:TypeMatcher.lookup('uint32_t')
DEBUG:pybindgen.typehandlers:try to lookup type handler for 'uint32_t' => success ((<class 'pybindgen.typehandlers.inttype.UnsignedIntParam'>, None, <pybindgen.typehandlers.ctypeparser.TypeTraits object at 0x7fadbbd05b70>))
DEBUG:pybindgen.typehandlers:TypeMatcher.lookup('int32_t')
DEBUG:pybindgen.typehandlers:try to lookup type handler for 'int32_t' => success ((<class 'pybindgen.typehandlers.inttype.IntParam'>, None, <pybindgen.typehandlers.ctypeparser.TypeTraits object at 0x7fadbbd05c50>))
DEBUG:pybindgen.typehandlers:TypeMatcher.lookup('bool')
DEBUG:pybindgen.typehandlers:try to lookup type handler for 'bool' => success ((<class 'pybindgen.typehandlers.booltype.BoolParam'>, None, <pybindgen.typehandlers.ctypeparser.TypeTraits object at 0x7fadbbd05d68>))
DEBUG:pybindgen.typehandlers:TypeMatcher.lookup('bool')
DEBUG:pybindgen.typehandlers:try to lookup type handler for 'bool' => success ((<class 'pybindgen.typehandlers.booltype.BoolParam'>, None, <pybindgen.typehandlers.ctypeparser.TypeTraits object at 0x7fadbbd05e80>))
DEBUG:pybindgen.typehandlers:TypeMatcher.lookup('bool')
DEBUG:pybindgen.typehandlers:try to lookup type handler for 'bool' => success ((<class 'pybindgen.typehandlers.booltype.BoolReturn'>, None, <pybindgen.typehandlers.ctypeparser.TypeTraits object at 0x7fadbbd0d278>))
DEBUG:pybindgen.typehandlers:TypeMatcher.lookup('void')
DEBUG:pybindgen.typehandlers:try to lookup type handler for 'void' => success ((<class 'pybindgen.typehandlers.voidtype.VoidReturn'>, None, <pybindgen.typehandlers.ctypeparser.TypeTraits object at 0x7fadbbd0d668>))
DEBUG:pybindgen.typehandlers:TypeMatcher.lookup('std::string const &')
DEBUG:pybindgen.typehandlers:try to lookup type handler for 'std::string const &' => success ((<class 'pybindgen.typehandlers.stringtype.StdStringRefParam'>, None, <pybindgen.typehandlers.ctypeparser.TypeTraits object at 0x7fadbbd0d7b8>))
DEBUG:pybindgen.typehandlers:TypeMatcher.lookup('std::ios_base::openmode')
DEBUG:pybindgen.typehandlers:try to lookup type handler for 'std::ios_base::openmode' => success ((<class 'ns3modulegen_core_customizations.IosOpenmodeParam'>, None, <pybindgen.typehandlers.ctypeparser.TypeTraits object at 0x7fadbbd0d978>))
DEBUG:pybindgen.typehandlers:TypeMatcher.lookup('void')
DEBUG:pybindgen.typehandlers:try to lookup type handler for 'void' => success ((<class 'pybindgen.typehandlers.voidtype.VoidReturn'>, None, <pybindgen.typehandlers.ctypeparser.TypeTraits object at 0x7fadbbd0dcc0>))
DEBUG:pybindgen.typehandlers:TypeMatcher.lookup('uint8_t * const')
DEBUG:pybindgen.typehandlers:try to lookup type handler for 'uint8_t * const' => success ((<class 'pybindgen.typehandlers.inttype.UInt8PtrParam'>, None, <pybindgen.typehandlers.ctypeparser.TypeTraits object at 0x7fadbbd0de10>))
/home/cs18/tarballs/ns-allinone-3.34/ns-3.34/src/lr-wpan/bindings/modulegen__gcc_LP64.py:3335: Warning: exception TypeConfigurationError('direction not given',) in wrapper public: retval? ???::Read (params?);
  [param('uint8_t * const', 'data'), param('uint32_t', 'maxBytes'), param('uint32_t &', 'tsSec'), param('uint32_t &', 'tsUsec'), param('uint32_t &', 'inclLen'), param('uint32_t &', 'origLen'), param('uint32_t &', 'readLen')])
DEBUG:pybindgen.typehandlers:TypeMatcher.lookup('void')
DEBUG:pybindgen.typehandlers:try to lookup type handler for 'void' => success ((<class 'pybindgen.typehandlers.voidtype.VoidReturn'>, None, <pybindgen.typehandlers.ctypeparser.TypeTraits object at 0x7fadbbd0df60>))
DEBUG:pybindgen.typehandlers:TypeMatcher.lookup('uint32_t')
DEBUG:pybindgen.typehandlers:try to lookup type handler for 'uint32_t' => success ((<class 'pybindgen.typehandlers.inttype.UnsignedIntParam'>, None, <pybindgen.typehandlers.ctypeparser.TypeTraits object at 0x7fadbbd15160>))
DEBUG:pybindgen.typehandlers:TypeMatcher.lookup('uint32_t')
DEBUG:pybindgen.typehandlers:try to lookup type handler for 'uint32_t' => success ((<class 'pybindgen.typehandlers.inttype.UnsignedIntParam'>, None, <pybindgen.typehandlers.ctypeparser.TypeTraits object at 0x7fadbbd15208>))
DEBUG:pybindgen.typehandlers:TypeMatcher.lookup('uint8_t const * const')
DEBUG:pybindgen.typehandlers:try to lookup type handler for 'uint8_t const * const' => success ((<class 'pybindgen.typehandlers.inttype.UInt8PtrParam'>, None, <pybindgen.typehandlers.ctypeparser.TypeTraits object at 0x7fadbbd152e8>))
/home/cs18/tarballs/ns-allinone-3.34/ns-3.34/src/lr-wpan/bindings/modulegen__gcc_LP64.py:3339: Warning: exception TypeConfigurationError('direction not given',) in wrapper public: retval? ???::Write (params?);
  [param('uint32_t', 'tsSec'), param('uint32_t', 'tsUsec'), param('uint8_t const * const', 'data'), param('uint32_t', 'totalLen')])
DEBUG:pybindgen.typehandlers:TypeMatcher.lookup('void')
DEBUG:pybindgen.typehandlers:try to lookup type handler for 'void' => success ((<class 'pybindgen.typehandlers.voidtype.VoidReturn'>, None, <pybindgen.typehandlers.ctypeparser.TypeTraits object at 0x7fadbbd15240>))
DEBUG:pybindgen.typehandlers:TypeMatcher.lookup('uint32_t')
DEBUG:pybindgen.typehandlers:try to lookup type handler for 'uint32_t' => success ((<class 'pybindgen.typehandlers.inttype.UnsignedIntParam'>, None, <pybindgen.typehandlers.ctypeparser.TypeTraits object at 0x7fadbbd152b0>))
DEBUG:pybindgen.typehandlers:TypeMatcher.lookup('uint32_t')
DEBUG:pybindgen.typehandlers:try to lookup type handler for 'uint32_t' => success ((<class 'pybindgen.typehandlers.inttype.UnsignedIntParam'>, None, <pybindgen.typehandlers.ctypeparser.TypeTraits object at 0x7fadbbd155c0>))
DEBUG:pybindgen.typehandlers:TypeMatcher.lookup('ns3::Ptr< ns3::Packet const >')
DEBUG:pybindgen.typehandlers:try to lookup type handler for 'ns3::Ptr< ns3::Packet const >' => failure
DEBUG:pybindgen.typehandlers:try to lookup type handler for 'ns3::Packet *' => success ((<class 'pybindgen.cppclass.MemoryPolicy.register_ptr_parameter_and_return.<locals>.ThisClassPtrParameter'>, <ns3modulegen_core_customizations.SmartPointerTransformation object at 0x7fadbc4dbac8>, <pybindgen.typehandlers.ctypeparser.TypeTraits object at 0x7fadbbd15940>))
DEBUG:pybindgen.typehandlers:TypeMatcher.lookup('void')
DEBUG:pybindgen.typehandlers:try to lookup type handler for 'void' => success ((<class 'pybindgen.typehandlers.voidtype.VoidReturn'>, None, <pybindgen.typehandlers.ctypeparser.TypeTraits object at 0x7fadbbd15ba8>))
DEBUG:pybindgen.typehandlers:TypeMatcher.lookup('uint32_t')
DEBUG:pybindgen.typehandlers:try to lookup type handler for 'uint32_t' => success ((<class 'pybindgen.typehandlers.inttype.UnsignedIntParam'>, None, <pybindgen.typehandlers.ctypeparser.TypeTraits object at 0x7fadbbd15cf8>))
DEBUG:pybindgen.typehandlers:TypeMatcher.lookup('uint32_t')
DEBUG:pybindgen.typehandlers:try to lookup type handler for 'uint32_t' => success ((<class 'pybindgen.typehandlers.inttype.UnsignedIntParam'>, None, <pybindgen.typehandlers.ctypeparser.TypeTraits object at 0x7fadbbd15da0>))
DEBUG:pybindgen.typehandlers:TypeMatcher.lookup('ns3::Header const &')
DEBUG:pybindgen.typehandlers:try to lookup type handler for 'ns3::Header const &' => success ((<class 'pybindgen.cppclass.CppClass.__init__.<locals>.ThisClassRefParameter'>, None, <pybindgen.typehandlers.ctypeparser.TypeTraits object at 0x7fadbbd15e80>))
DEBUG:pybindgen.typehandlers:TypeMatcher.lookup('ns3::Ptr< ns3::Packet const >')
DEBUG:pybindgen.typehandlers:try to lookup type handler for 'ns3::Ptr< ns3::Packet const >' => failure
DEBUG:pybindgen.typehandlers:try to lookup type handler for 'ns3::Packet *' => success ((<class 'pybindgen.cppclass.MemoryPolicy.register_ptr_parameter_and_return.<locals>.ThisClassPtrParameter'>, <ns3modulegen_core_customizations.SmartPointerTransformation object at 0x7fadbc4dbac8>, <pybindgen.typehandlers.ctypeparser.TypeTraits object at 0x7fadbbc9a2e8>))
DEBUG:pybindgen.typehandlers:TypeMatcher.lookup('uint32_t const')
DEBUG:pybindgen.typehandlers:try to lookup type handler for 'uint32_t const' => success ((<class 'pybindgen.typehandlers.inttype.UnsignedIntReturn'>, None, <pybindgen.typehandlers.ctypeparser.TypeTraits object at 0x7fadbbc9a4e0>))
DEBUG:pybindgen.typehandlers:TypeMatcher.lookup('int32_t const')
DEBUG:pybindgen.typehandlers:try to lookup type handler for 'int32_t const' => success ((<class 'pybindgen.typehandlers.inttype.IntReturn'>, None, <pybindgen.typehandlers.ctypeparser.TypeTraits object at 0x7fadbbc9a898>))
DEBUG:pybindgen.typehandlers:TypeMatcher.lookup('ns3::PcapHelper const &')
DEBUG:pybindgen.typehandlers:try to lookup type handler for 'ns3::PcapHelper const &' => success ((<class 'pybindgen.cppclass.CppClass.__init__.<locals>.ThisClassRefParameter'>, None, <pybindgen.typehandlers.ctypeparser.TypeTraits object at 0x7fadbbc9acf8>))
DEBUG:pybindgen.typehandlers:TypeMatcher.lookup('ns3::Ptr< ns3::PcapFileWrapper >')
DEBUG:pybindgen.typehandlers:try to lookup type handler for 'ns3::Ptr< ns3::PcapFileWrapper >' => failure
DEBUG:pybindgen.typehandlers:try to lookup type handler for 'ns3::PcapFileWrapper *' => success ((<class 'pybindgen.cppclass.MemoryPolicy.register_ptr_parameter_and_return.<locals>.ThisClassPtrReturn'>, <ns3modulegen_core_customizations.SmartPointerTransformation object at 0x7fadbc4dbac8>, <pybindgen.typehandlers.ctypeparser.TypeTraits object at 0x7fadbbd153c8>))
DEBUG:pybindgen.typehandlers:TypeMatcher.lookup('std::string')
DEBUG:pybindgen.typehandlers:try to lookup type handler for 'std::string' => success ((<class 'pybindgen.typehandlers.stringtype.StdStringParam'>, None, <pybindgen.typehandlers.ctypeparser.TypeTraits object at 0x7fadbbd15358>))
DEBUG:pybindgen.typehandlers:TypeMatcher.lookup('std::ios_base::openmode')
DEBUG:pybindgen.typehandlers:try to lookup type handler for 'std::ios_base::openmode' => success ((<class 'ns3modulegen_core_customizations.IosOpenmodeParam'>, None, <pybindgen.typehandlers.ctypeparser.TypeTraits object at 0x7fadbbd15080>))
DEBUG:pybindgen.typehandlers:TypeMatcher.lookup('ns3::PcapHelper::DataLinkType')
DEBUG:pybindgen.typehandlers:try to lookup type handler for 'ns3::PcapHelper::DataLinkType' => success ((<class 'pybindgen.enum.Enum.set_module.<locals>.ThisEnumParameter'>, None, <pybindgen.typehandlers.ctypeparser.TypeTraits object at 0x7fadbbd0de10>))
DEBUG:pybindgen.typehandlers:TypeMatcher.lookup('uint32_t')
DEBUG:pybindgen.typehandlers:try to lookup type handler for 'uint32_t' => success ((<class 'pybindgen.typehandlers.inttype.UnsignedIntParam'>, None, <pybindgen.typehandlers.ctypeparser.TypeTraits object at 0x7fadbbd0de10>))
DEBUG:pybindgen.typehandlers:TypeMatcher.lookup('int32_t')
DEBUG:pybindgen.typehandlers:try to lookup type handler for 'int32_t' => success ((<class 'pybindgen.typehandlers.inttype.IntParam'>, None, <pybindgen.typehandlers.ctypeparser.TypeTraits object at 0x7fadbbd0dda0>))
DEBUG:pybindgen.typehandlers:TypeMatcher.lookup('std::string')
DEBUG:pybindgen.typehandlers:try to lookup type handler for 'std::string' => success ((<class 'pybindgen.typehandlers.stringtype.StdStringReturn'>, None, <pybindgen.typehandlers.ctypeparser.TypeTraits object at 0x7fadbbca2588>))
DEBUG:pybindgen.typehandlers:TypeMatcher.lookup('std::string')
DEBUG:pybindgen.typehandlers:try to lookup type handler for 'std::string' => success ((<class 'pybindgen.typehandlers.stringtype.StdStringParam'>, None, <pybindgen.typehandlers.ctypeparser.TypeTraits object at 0x7fadbbca26a0>))
DEBUG:pybindgen.typehandlers:TypeMatcher.lookup('ns3::Ptr< ns3::NetDevice >')
DEBUG:pybindgen.typehandlers:try to lookup type handler for 'ns3::Ptr< ns3::NetDevice >' => failure
DEBUG:pybindgen.typehandlers:try to lookup type handler for 'ns3::NetDevice *' => success ((<class 'pybindgen.cppclass.MemoryPolicy.register_ptr_parameter_and_return.<locals>.ThisClassPtrParameter'>, <ns3modulegen_core_customizations.SmartPointerTransformation object at 0x7fadbc4dbac8>, <pybindgen.typehandlers.ctypeparser.TypeTraits object at 0x7fadbbca29b0>))
DEBUG:pybindgen.typehandlers:TypeMatcher.lookup('bool')
DEBUG:pybindgen.typehandlers:try to lookup type handler for 'bool' => success ((<class 'pybindgen.typehandlers.booltype.BoolParam'>, None, <pybindgen.typehandlers.ctypeparser.TypeTraits object at 0x7fadbbca29b0>))
DEBUG:pybindgen.typehandlers:TypeMatcher.lookup('std::string')
DEBUG:pybindgen.typehandlers:try to lookup type handler for 'std::string' => success ((<class 'pybindgen.typehandlers.stringtype.StdStringReturn'>, None, <pybindgen.typehandlers.ctypeparser.TypeTraits object at 0x7fadbbca2cf8>))
DEBUG:pybindgen.typehandlers:TypeMatcher.lookup('std::string')
DEBUG:pybindgen.typehandlers:try to lookup type handler for 'std::string' => success ((<class 'pybindgen.typehandlers.stringtype.StdStringParam'>, None, <pybindgen.typehandlers.ctypeparser.TypeTraits object at 0x7fadbbca2e10>))
DEBUG:pybindgen.typehandlers:TypeMatcher.lookup('ns3::Ptr< ns3::Object >')
DEBUG:pybindgen.typehandlers:try to lookup type handler for 'ns3::Ptr< ns3::Object >' => failure
DEBUG:pybindgen.typehandlers:try to lookup type handler for 'ns3::Object *' => success ((<class 'pybindgen.cppclass.MemoryPolicy.register_ptr_parameter_and_return.<locals>.ThisClassPtrParameter'>, <ns3modulegen_core_customizations.SmartPointerTransformation object at 0x7fadbc4dbac8>, <pybindgen.typehandlers.ctypeparser.TypeTraits object at 0x7fadbbca9160>))
DEBUG:pybindgen.typehandlers:TypeMatcher.lookup('uint32_t')
DEBUG:pybindgen.typehandlers:try to lookup type handler for 'uint32_t' => success ((<class 'pybindgen.typehandlers.inttype.UnsignedIntParam'>, None, <pybindgen.typehandlers.ctypeparser.TypeTraits object at 0x7fadbbca9160>))
DEBUG:pybindgen.typehandlers:TypeMatcher.lookup('bool')
DEBUG:pybindgen.typehandlers:try to lookup type handler for 'bool' => success ((<class 'pybindgen.typehandlers.booltype.BoolParam'>, None, <pybindgen.typehandlers.ctypeparser.TypeTraits object at 0x7fadbbca9240>))
DEBUG:pybindgen.typehandlers:TypeMatcher.lookup('ns3::PcapHelperForDevice const &')
DEBUG:pybindgen.typehandlers:try to lookup type handler for 'ns3::PcapHelperForDevice const &' => success ((<class 'pybindgen.cppclass.CppClass.__init__.<locals>.ThisClassRefParameter'>, None, <pybindgen.typehandlers.ctypeparser.TypeTraits object at 0x7fadbbca95c0>))
DEBUG:pybindgen.typehandlers:TypeMatcher.lookup('void')
DEBUG:pybindgen.typehandlers:try to lookup type handler for 'void' => success ((<class 'pybindgen.typehandlers.voidtype.VoidReturn'>, None, <pybindgen.typehandlers.ctypeparser.TypeTraits object at 0x7fadbbca9be0>))
DEBUG:pybindgen.typehandlers:TypeMatcher.lookup('std::string')
DEBUG:pybindgen.typehandlers:try to lookup type handler for 'std::string' => success ((<class 'pybindgen.typehandlers.stringtype.StdStringParam'>, None, <pybindgen.typehandlers.ctypeparser.TypeTraits object at 0x7fadbbca9d30>))
DEBUG:pybindgen.typehandlers:TypeMatcher.lookup('ns3::Ptr< ns3::NetDevice >')
DEBUG:pybindgen.typehandlers:try to lookup type handler for 'ns3::Ptr< ns3::NetDevice >' => failure
DEBUG:pybindgen.typehandlers:try to lookup type handler for 'ns3::NetDevice *' => success ((<class 'pybindgen.cppclass.MemoryPolicy.register_ptr_parameter_and_return.<locals>.ThisClassPtrParameter'>, <ns3modulegen_core_customizations.SmartPointerTransformation object at 0x7fadbc4dbac8>, <pybindgen.typehandlers.ctypeparser.TypeTraits object at 0x7fadbbcb0080>))
DEBUG:pybindgen.typehandlers:TypeMatcher.lookup('bool')
DEBUG:pybindgen.typehandlers:try to lookup type handler for 'bool' => success ((<class 'pybindgen.typehandlers.booltype.BoolParam'>, None, <pybindgen.typehandlers.ctypeparser.TypeTraits object at 0x7fadbbca9f98>))
DEBUG:pybindgen.typehandlers:TypeMatcher.lookup('bool')
DEBUG:pybindgen.typehandlers:try to lookup type handler for 'bool' => success ((<class 'pybindgen.typehandlers.booltype.BoolParam'>, None, <pybindgen.typehandlers.ctypeparser.TypeTraits object at 0x7fadbbcb0160>))
DEBUG:pybindgen.typehandlers:TypeMatcher.lookup('void')
DEBUG:pybindgen.typehandlers:try to lookup type handler for 'void' => success ((<class 'pybindgen.typehandlers.voidtype.VoidReturn'>, None, <pybindgen.typehandlers.ctypeparser.TypeTraits object at 0x7fadbbcb04e0>))
DEBUG:pybindgen.typehandlers:TypeMatcher.lookup('std::string')
DEBUG:pybindgen.typehandlers:try to lookup type handler for 'std::string' => success ((<class 'pybindgen.typehandlers.stringtype.StdStringParam'>, None, <pybindgen.typehandlers.ctypeparser.TypeTraits object at 0x7fadbbcb0630>))
DEBUG:pybindgen.typehandlers:TypeMatcher.lookup('std::string')
DEBUG:pybindgen.typehandlers:try to lookup type handler for 'std::string' => success ((<class 'pybindgen.typehandlers.stringtype.StdStringParam'>, None, <pybindgen.typehandlers.ctypeparser.TypeTraits object at 0x7fadbbcb06d8>))
DEBUG:pybindgen.typehandlers:TypeMatcher.lookup('bool')
DEBUG:pybindgen.typehandlers:try to lookup type handler for 'bool' => success ((<class 'pybindgen.typehandlers.booltype.BoolParam'>, None, <pybindgen.typehandlers.ctypeparser.TypeTraits object at 0x7fadbbcb07b8>))
DEBUG:pybindgen.typehandlers:TypeMatcher.lookup('bool')
DEBUG:pybindgen.typehandlers:try to lookup type handler for 'bool' => success ((<class 'pybindgen.typehandlers.booltype.BoolParam'>, None, <pybindgen.typehandlers.ctypeparser.TypeTraits object at 0x7fadbbcb08d0>))
DEBUG:pybindgen.typehandlers:TypeMatcher.lookup('void')
DEBUG:pybindgen.typehandlers:try to lookup type handler for 'void' => success ((<class 'pybindgen.typehandlers.voidtype.VoidReturn'>, None, <pybindgen.typehandlers.ctypeparser.TypeTraits object at 0x7fadbbcb0c50>))
DEBUG:pybindgen.typehandlers:TypeMatcher.lookup('std::string')
DEBUG:pybindgen.typehandlers:try to lookup type handler for 'std::string' => success ((<class 'pybindgen.typehandlers.stringtype.StdStringParam'>, None, <pybindgen.typehandlers.ctypeparser.TypeTraits object at 0x7fadbbcb0da0>))
DEBUG:pybindgen.typehandlers:TypeMatcher.lookup('ns3::NetDeviceContainer')
DEBUG:pybindgen.typehandlers:try to lookup type handler for 'ns3::NetDeviceContainer' => success ((<class 'pybindgen.cppclass.CppClass.__init__.<locals>.ThisClassParameter'>, None, <pybindgen.typehandlers.ctypeparser.TypeTraits object at 0x7fadbbcb0e48>))
DEBUG:pybindgen.typehandlers:TypeMatcher.lookup('bool')
DEBUG:pybindgen.typehandlers:try to lookup type handler for 'bool' => success ((<class 'pybindgen.typehandlers.booltype.BoolParam'>, None, <pybindgen.typehandlers.ctypeparser.TypeTraits object at 0x7fadbbcb0f28>))
DEBUG:pybindgen.typehandlers:TypeMatcher.lookup('void')
DEBUG:pybindgen.typehandlers:try to lookup type handler for 'void' => success ((<class 'pybindgen.typehandlers.voidtype.VoidReturn'>, None, <pybindgen.typehandlers.ctypeparser.TypeTraits object at 0x7fadbbcb62e8>))
DEBUG:pybindgen.typehandlers:TypeMatcher.lookup('std::string')
DEBUG:pybindgen.typehandlers:try to lookup type handler for 'std::string' => success ((<class 'pybindgen.typehandlers.stringtype.StdStringParam'>, None, <pybindgen.typehandlers.ctypeparser.TypeTraits object at 0x7fadbbcb6438>))
DEBUG:pybindgen.typehandlers:TypeMatcher.lookup('ns3::NodeContainer')
DEBUG:pybindgen.typehandlers:try to lookup type handler for 'ns3::NodeContainer' => success ((<class 'pybindgen.cppclass.CppClass.__init__.<locals>.ThisClassParameter'>, None, <pybindgen.typehandlers.ctypeparser.TypeTraits object at 0x7fadbbcb64e0>))
DEBUG:pybindgen.typehandlers:TypeMatcher.lookup('bool')
DEBUG:pybindgen.typehandlers:try to lookup type handler for 'bool' => success ((<class 'pybindgen.typehandlers.booltype.BoolParam'>, None, <pybindgen.typehandlers.ctypeparser.TypeTraits object at 0x7fadbbcb65c0>))
DEBUG:pybindgen.typehandlers:TypeMatcher.lookup('void')
DEBUG:pybindgen.typehandlers:try to lookup type handler for 'void' => success ((<class 'pybindgen.typehandlers.voidtype.VoidReturn'>, None, <pybindgen.typehandlers.ctypeparser.TypeTraits object at 0x7fadbbcb6940>))
DEBUG:pybindgen.typehandlers:TypeMatcher.lookup('std::string')
DEBUG:pybindgen.typehandlers:try to lookup type handler for 'std::string' => success ((<class 'pybindgen.typehandlers.stringtype.StdStringParam'>, None, <pybindgen.typehandlers.ctypeparser.TypeTraits object at 0x7fadbbcb6a90>))
DEBUG:pybindgen.typehandlers:TypeMatcher.lookup('uint32_t')
DEBUG:pybindgen.typehandlers:try to lookup type handler for 'uint32_t' => success ((<class 'pybindgen.typehandlers.inttype.UnsignedIntParam'>, None, <pybindgen.typehandlers.ctypeparser.TypeTraits object at 0x7fadbbcb6b38>))
DEBUG:pybindgen.typehandlers:TypeMatcher.lookup('uint32_t')
DEBUG:pybindgen.typehandlers:try to lookup type handler for 'uint32_t' => success ((<class 'pybindgen.typehandlers.inttype.UnsignedIntParam'>, None, <pybindgen.typehandlers.ctypeparser.TypeTraits object at 0x7fadbbcb6c18>))
DEBUG:pybindgen.typehandlers:TypeMatcher.lookup('bool')
DEBUG:pybindgen.typehandlers:try to lookup type handler for 'bool' => success ((<class 'pybindgen.typehandlers.booltype.BoolParam'>, None, <pybindgen.typehandlers.ctypeparser.TypeTraits object at 0x7fadbbcb6cf8>))
DEBUG:pybindgen.typehandlers:TypeMatcher.lookup('void')
DEBUG:pybindgen.typehandlers:try to lookup type handler for 'void' => success ((<class 'pybindgen.typehandlers.voidtype.VoidReturn'>, None, <pybindgen.typehandlers.ctypeparser.TypeTraits object at 0x7fadbbcbb0b8>))
DEBUG:pybindgen.typehandlers:TypeMatcher.lookup('std::string')
DEBUG:pybindgen.typehandlers:try to lookup type handler for 'std::string' => success ((<class 'pybindgen.typehandlers.stringtype.StdStringParam'>, None, <pybindgen.typehandlers.ctypeparser.TypeTraits object at 0x7fadbbcbb208>))
DEBUG:pybindgen.typehandlers:TypeMatcher.lookup('bool')
DEBUG:pybindgen.typehandlers:try to lookup type handler for 'bool' => success ((<class 'pybindgen.typehandlers.booltype.BoolParam'>, None, <pybindgen.typehandlers.ctypeparser.TypeTraits object at 0x7fadbbcbb2b0>))
DEBUG:pybindgen.typehandlers:TypeMatcher.lookup('void')
DEBUG:pybindgen.typehandlers:try to lookup type handler for 'void' => success ((<class 'pybindgen.typehandlers.voidtype.VoidReturn'>, None, <pybindgen.typehandlers.ctypeparser.TypeTraits object at 0x7fadbbcbb668>))
DEBUG:pybindgen.typehandlers:TypeMatcher.lookup('std::string')
DEBUG:pybindgen.typehandlers:try to lookup type handler for 'std::string' => success ((<class 'pybindgen.typehandlers.stringtype.StdStringParam'>, None, <pybindgen.typehandlers.ctypeparser.TypeTraits object at 0x7fadbbcbb7b8>))
DEBUG:pybindgen.typehandlers:TypeMatcher.lookup('ns3::Ptr< ns3::NetDevice >')
DEBUG:pybindgen.typehandlers:try to lookup type handler for 'ns3::Ptr< ns3::NetDevice >' => failure
DEBUG:pybindgen.typehandlers:try to lookup type handler for 'ns3::NetDevice *' => success ((<class 'pybindgen.cppclass.MemoryPolicy.register_ptr_parameter_and_return.<locals>.ThisClassPtrParameter'>, <ns3modulegen_core_customizations.SmartPointerTransformation object at 0x7fadbc4dbac8>, <pybindgen.typehandlers.ctypeparser.TypeTraits object at 0x7fadbbcbbac8>))
DEBUG:pybindgen.typehandlers:TypeMatcher.lookup('bool')
DEBUG:pybindgen.typehandlers:try to lookup type handler for 'bool' => success ((<class 'pybindgen.typehandlers.booltype.BoolParam'>, None, <pybindgen.typehandlers.ctypeparser.TypeTraits object at 0x7fadbbcbbac8>))
DEBUG:pybindgen.typehandlers:TypeMatcher.lookup('bool')
DEBUG:pybindgen.typehandlers:try to lookup type handler for 'bool' => success ((<class 'pybindgen.typehandlers.booltype.BoolParam'>, None, <pybindgen.typehandlers.ctypeparser.TypeTraits object at 0x7fadbbcbba90>))
DEBUG:pybindgen.typehandlers:TypeMatcher.lookup('ns3::PendingAddrFields const &')
DEBUG:pybindgen.typehandlers:try to lookup type handler for 'ns3::PendingAddrFields const &' => success ((<class 'pybindgen.cppclass.CppClass.__init__.<locals>.ThisClassRefParameter'>, None, <pybindgen.typehandlers.ctypeparser.TypeTraits object at 0x7fadbbcc21d0>))
DEBUG:pybindgen.typehandlers:TypeMatcher.lookup('void')
DEBUG:pybindgen.typehandlers:try to lookup type handler for 'void' => success ((<class 'pybindgen.typehandlers.voidtype.VoidReturn'>, None, <pybindgen.typehandlers.ctypeparser.TypeTraits object at 0x7fadbbcc27f0>))
DEBUG:pybindgen.typehandlers:TypeMatcher.lookup('ns3::Mac16Address')
DEBUG:pybindgen.typehandlers:try to lookup type handler for 'ns3::Mac16Address' => success ((<class 'pybindgen.cppclass.CppClass.__init__.<locals>.ThisClassParameter'>, None, <pybindgen.typehandlers.ctypeparser.TypeTraits object at 0x7fadbbcc2940>))
DEBUG:pybindgen.typehandlers:TypeMatcher.lookup('void')
DEBUG:pybindgen.typehandlers:try to lookup type handler for 'void' => success ((<class 'pybindgen.typehandlers.voidtype.VoidReturn'>, None, <pybindgen.typehandlers.ctypeparser.TypeTraits object at 0x7fadbbcc2c88>))
DEBUG:pybindgen.typehandlers:TypeMatcher.lookup('ns3::Mac64Address')
DEBUG:pybindgen.typehandlers:try to lookup type handler for 'ns3::Mac64Address' => success ((<class 'pybindgen.cppclass.CppClass.__init__.<locals>.ThisClassParameter'>, None, <pybindgen.typehandlers.ctypeparser.TypeTraits object at 0x7fadbbcc2dd8>))
DEBUG:pybindgen.typehandlers:TypeMatcher.lookup('ns3::Buffer::Iterator')
DEBUG:pybindgen.typehandlers:try to lookup type handler for 'ns3::Buffer::Iterator' => success ((<class 'pybindgen.cppclass.CppClass.__init__.<locals>.ThisClassReturn'>, None, <pybindgen.typehandlers.ctypeparser.TypeTraits object at 0x7fadbbcca128>))
DEBUG:pybindgen.typehandlers:TypeMatcher.lookup('ns3::Buffer::Iterator')
DEBUG:pybindgen.typehandlers:try to lookup type handler for 'ns3::Buffer::Iterator' => success ((<class 'pybindgen.cppclass.CppClass.__init__.<locals>.ThisClassParameter'>, None, <pybindgen.typehandlers.ctypeparser.TypeTraits object at 0x7fadbbcca240>))
DEBUG:pybindgen.typehandlers:TypeMatcher.lookup('uint8_t')
DEBUG:pybindgen.typehandlers:try to lookup type handler for 'uint8_t' => success ((<class 'pybindgen.typehandlers.inttype.UInt8Return'>, None, <pybindgen.typehandlers.ctypeparser.TypeTraits object at 0x7fadbbcca588>))
DEBUG:pybindgen.typehandlers:TypeMatcher.lookup('uint8_t')
DEBUG:pybindgen.typehandlers:try to lookup type handler for 'uint8_t' => success ((<class 'pybindgen.typehandlers.inttype.UInt8Return'>, None, <pybindgen.typehandlers.ctypeparser.TypeTraits object at 0x7fadbbcca940>))
DEBUG:pybindgen.typehandlers:TypeMatcher.lookup('uint8_t')
DEBUG:pybindgen.typehandlers:try to lookup type handler for 'uint8_t' => success ((<class 'pybindgen.typehandlers.inttype.UInt8Return'>, None, <pybindgen.typehandlers.ctypeparser.TypeTraits object at 0x7fadbbccacf8>))
DEBUG:pybindgen.typehandlers:TypeMatcher.lookup('uint32_t')
DEBUG:pybindgen.typehandlers:try to lookup type handler for 'uint32_t' => success ((<class 'pybindgen.typehandlers.inttype.UnsignedIntReturn'>, None, <pybindgen.typehandlers.ctypeparser.TypeTraits object at 0x7fadbbcd30f0>))
DEBUG:pybindgen.typehandlers:TypeMatcher.lookup('bool')
DEBUG:pybindgen.typehandlers:try to lookup type handler for 'bool' => success ((<class 'pybindgen.typehandlers.booltype.BoolReturn'>, None, <pybindgen.typehandlers.ctypeparser.TypeTraits object at 0x7fadbbcd3470>))
DEBUG:pybindgen.typehandlers:TypeMatcher.lookup('ns3::Mac16Address')
DEBUG:pybindgen.typehandlers:try to lookup type handler for 'ns3::Mac16Address' => success ((<class 'pybindgen.cppclass.CppClass.__init__.<locals>.ThisClassParameter'>, None, <pybindgen.typehandlers.ctypeparser.TypeTraits object at 0x7fadbbcd35c0>))
DEBUG:pybindgen.typehandlers:TypeMatcher.lookup('bool')
DEBUG:pybindgen.typehandlers:try to lookup type handler for 'bool' => success ((<class 'pybindgen.typehandlers.booltype.BoolReturn'>, None, <pybindgen.typehandlers.ctypeparser.TypeTraits object at 0x7fadbbcd3908>))
DEBUG:pybindgen.typehandlers:TypeMatcher.lookup('ns3::Mac64Address')
DEBUG:pybindgen.typehandlers:try to lookup type handler for 'ns3::Mac64Address' => success ((<class 'pybindgen.cppclass.CppClass.__init__.<locals>.ThisClassParameter'>, None, <pybindgen.typehandlers.ctypeparser.TypeTraits object at 0x7fadbbcd3a58>))
DEBUG:pybindgen.typehandlers:TypeMatcher.lookup('ns3::Buffer::Iterator')
DEBUG:pybindgen.typehandlers:try to lookup type handler for 'ns3::Buffer::Iterator' => success ((<class 'pybindgen.cppclass.CppClass.__init__.<locals>.ThisClassReturn'>, None, <pybindgen.typehandlers.ctypeparser.TypeTraits object at 0x7fadbbcd3d68>))
DEBUG:pybindgen.typehandlers:TypeMatcher.lookup('ns3::Buffer::Iterator')
DEBUG:pybindgen.typehandlers:try to lookup type handler for 'ns3::Buffer::Iterator' => success ((<class 'pybindgen.cppclass.CppClass.__init__.<locals>.ThisClassParameter'>, None, <pybindgen.typehandlers.ctypeparser.TypeTraits object at 0x7fadbbcd3e80>))
DEBUG:pybindgen.typehandlers:TypeMatcher.lookup('void')
DEBUG:pybindgen.typehandlers:try to lookup type handler for 'void' => success ((<class 'pybindgen.typehandlers.voidtype.VoidReturn'>, None, <pybindgen.typehandlers.ctypeparser.TypeTraits object at 0x7fadbbc59208>))
DEBUG:pybindgen.typehandlers:TypeMatcher.lookup('uint8_t')
DEBUG:pybindgen.typehandlers:try to lookup type handler for 'uint8_t' => success ((<class 'pybindgen.typehandlers.inttype.UInt8Param'>, None, <pybindgen.typehandlers.ctypeparser.TypeTraits object at 0x7fadbbc59358>))
DEBUG:pybindgen.typehandlers:TypeMatcher.lookup('ns3::SequenceNumber< unsigned char, signed char > const &')
DEBUG:pybindgen.typehandlers:try to lookup type handler for 'ns3::SequenceNumber< unsigned char, signed char > const &' => success ((<class 'pybindgen.cppclass.CppClass.__init__.<locals>.ThisClassRefParameter'>, None, <pybindgen.typehandlers.ctypeparser.TypeTraits object at 0x7fadbbc596a0>))
DEBUG:pybindgen.typehandlers:TypeMatcher.lookup('signed char')
DEBUG:pybindgen.typehandlers:try to lookup type handler for 'signed char' => success ((<class 'pybindgen.typehandlers.inttype.Int8Param'>, None, <pybindgen.typehandlers.ctypeparser.TypeTraits object at 0x7fadbbc59ac8>))
DEBUG:pybindgen.typehandlers:TypeMatcher.lookup('signed char')
DEBUG:pybindgen.typehandlers:try to lookup type handler for 'signed char' => success ((<class 'pybindgen.typehandlers.inttype.Int8Param'>, None, <pybindgen.typehandlers.ctypeparser.TypeTraits object at 0x7fadbbc59c18>))
DEBUG:pybindgen.typehandlers:TypeMatcher.lookup('signed char')
DEBUG:pybindgen.typehandlers:try to lookup type handler for 'signed char' => success ((<class 'pybindgen.typehandlers.inttype.Int8Param'>, None, <pybindgen.typehandlers.ctypeparser.TypeTraits object at 0x7fadbbc59da0>))
DEBUG:pybindgen.typehandlers:TypeMatcher.lookup('signed char')
DEBUG:pybindgen.typehandlers:try to lookup type handler for 'signed char' => success ((<class 'pybindgen.typehandlers.inttype.Int8Param'>, None, <pybindgen.typehandlers.ctypeparser.TypeTraits object at 0x7fadbbc59f28>))
DEBUG:pybindgen.typehandlers:TypeMatcher.lookup('unsigned char')
DEBUG:pybindgen.typehandlers:try to lookup type handler for 'unsigned char' => success ((<class 'pybindgen.typehandlers.inttype.UInt8Param'>, None, <pybindgen.typehandlers.ctypeparser.TypeTraits object at 0x7fadbbc5f3c8>))
DEBUG:pybindgen.typehandlers:TypeMatcher.lookup('ns3::SequenceNumber< unsigned char, signed char > const &')
DEBUG:pybindgen.typehandlers:try to lookup type handler for 'ns3::SequenceNumber< unsigned char, signed char > const &' => success ((<class 'pybindgen.cppclass.CppClass.__init__.<locals>.ThisClassRefParameter'>, None, <pybindgen.typehandlers.ctypeparser.TypeTraits object at 0x7fadbbc5f780>))
DEBUG:pybindgen.typehandlers:TypeMatcher.lookup('unsigned char')
DEBUG:pybindgen.typehandlers:try to lookup type handler for 'unsigned char' => success ((<class 'pybindgen.typehandlers.inttype.UInt8Return'>, None, <pybindgen.typehandlers.ctypeparser.TypeTraits object at 0x7fadbbc5fda0>))
DEBUG:pybindgen.typehandlers:TypeMatcher.lookup('ns3::SimpleRefCount< ns3::Object, ns3::ObjectBase, ns3::ObjectDeleter > const &')
DEBUG:pybindgen.typehandlers:try to lookup type handler for 'ns3::SimpleRefCount< ns3::Object, ns3::ObjectBase, ns3::ObjectDeleter > const &' => success ((<class 'pybindgen.cppclass.CppClass.__init__.<locals>.ThisClassRefParameter'>, None, <pybindgen.typehandlers.ctypeparser.TypeTraits object at 0x7fadbbc65470>))
DEBUG:pybindgen.typehandlers:TypeMatcher.lookup('ns3::Simulator const &')
DEBUG:pybindgen.typehandlers:try to lookup type handler for 'ns3::Simulator const &' => success ((<class 'pybindgen.cppclass.CppClass.__init__.<locals>.ThisClassRefParameter'>, None, <pybindgen.typehandlers.ctypeparser.TypeTraits object at 0x7fadbbc659e8>))
DEBUG:pybindgen.typehandlers:TypeMatcher.lookup('void')
DEBUG:pybindgen.typehandlers:try to lookup type handler for 'void' => success ((<class 'pybindgen.typehandlers.voidtype.VoidReturn'>, None, <pybindgen.typehandlers.ctypeparser.TypeTraits object at 0x7fadbbc65da0>))
DEBUG:pybindgen.typehandlers:TypeMatcher.lookup('ns3::EventId const &')
DEBUG:pybindgen.typehandlers:try to lookup type handler for 'ns3::EventId const &' => success ((<class 'pybindgen.cppclass.CppClass.__init__.<locals>.ThisClassRefParameter'>, None, <pybindgen.typehandlers.ctypeparser.TypeTraits object at 0x7fadbbc65ef0>))
DEBUG:pybindgen.typehandlers:TypeMatcher.lookup('void')
DEBUG:pybindgen.typehandlers:try to lookup type handler for 'void' => success ((<class 'pybindgen.typehandlers.voidtype.VoidReturn'>, None, <pybindgen.typehandlers.ctypeparser.TypeTraits object at 0x7fadbbc6d320>))
DEBUG:pybindgen.typehandlers:TypeMatcher.lookup('uint32_t')
DEBUG:pybindgen.typehandlers:try to lookup type handler for 'uint32_t' => success ((<class 'pybindgen.typehandlers.inttype.UnsignedIntReturn'>, None, <pybindgen.typehandlers.ctypeparser.TypeTraits object at 0x7fadbbc6d6d8>))
DEBUG:pybindgen.typehandlers:TypeMatcher.lookup('ns3::Time')
DEBUG:pybindgen.typehandlers:try to lookup type handler for 'ns3::Time' => success ((<class 'pybindgen.cppclass.CppClass.__init__.<locals>.ThisClassReturn'>, None, <pybindgen.typehandlers.ctypeparser.TypeTraits object at 0x7fadbbc6da58>))
DEBUG:pybindgen.typehandlers:TypeMatcher.lookup('ns3::EventId const &')
DEBUG:pybindgen.typehandlers:try to lookup type handler for 'ns3::EventId const &' => success ((<class 'pybindgen.cppclass.CppClass.__init__.<locals>.ThisClassRefParameter'>, None, <pybindgen.typehandlers.ctypeparser.TypeTraits object at 0x7fadbbc6db70>))
DEBUG:pybindgen.typehandlers:TypeMatcher.lookup('uint64_t')
DEBUG:pybindgen.typehandlers:try to lookup type handler for 'uint64_t' => success ((<class 'pybindgen.typehandlers.inttype.UnsignedLongLongReturn'>, None, <pybindgen.typehandlers.ctypeparser.TypeTraits object at 0x7fadbbc6df60>))
DEBUG:pybindgen.typehandlers:TypeMatcher.lookup('ns3::Ptr< ns3::SimulatorImpl >')
DEBUG:pybindgen.typehandlers:try to lookup type handler for 'ns3::Ptr< ns3::SimulatorImpl >' => failure
DEBUG:pybindgen.typehandlers:try to lookup type handler for 'ns3::SimulatorImpl *' => failure ('')
/home/cs18/tarballs/ns-allinone-3.34/ns-3.34/src/lr-wpan/bindings/modulegen__gcc_LP64.py:3530: Warning: exception TypeLookupError(['ns3::Ptr< ns3::SimulatorImpl >', 'ns3::SimulatorImpl *'],) in wrapper public: retval? ???::GetImplementation (params?);
  is_static=True)
DEBUG:pybindgen.typehandlers:TypeMatcher.lookup('ns3::Time')
DEBUG:pybindgen.typehandlers:try to lookup type handler for 'ns3::Time' => success ((<class 'pybindgen.cppclass.CppClass.__init__.<locals>.ThisClassReturn'>, None, <pybindgen.typehandlers.ctypeparser.TypeTraits object at 0x7fadbbc765f8>))
DEBUG:pybindgen.typehandlers:TypeMatcher.lookup('uint32_t')
DEBUG:pybindgen.typehandlers:try to lookup type handler for 'uint32_t' => success ((<class 'pybindgen.typehandlers.inttype.UnsignedIntReturn'>, None, <pybindgen.typehandlers.ctypeparser.TypeTraits object at 0x7fadbbc76940>))
DEBUG:pybindgen.typehandlers:TypeMatcher.lookup('bool')
DEBUG:pybindgen.typehandlers:try to lookup type handler for 'bool' => success ((<class 'pybindgen.typehandlers.booltype.BoolReturn'>, None, <pybindgen.typehandlers.ctypeparser.TypeTraits object at 0x7fadbbc76cc0>))
DEBUG:pybindgen.typehandlers:TypeMatcher.lookup('ns3::EventId const &')
DEBUG:pybindgen.typehandlers:try to lookup type handler for 'ns3::EventId const &' => success ((<class 'pybindgen.cppclass.CppClass.__init__.<locals>.ThisClassRefParameter'>, None, <pybindgen.typehandlers.ctypeparser.TypeTraits object at 0x7fadbbc76e10>))
DEBUG:pybindgen.typehandlers:TypeMatcher.lookup('bool')
DEBUG:pybindgen.typehandlers:try to lookup type handler for 'bool' => success ((<class 'pybindgen.typehandlers.booltype.BoolReturn'>, None, <pybindgen.typehandlers.ctypeparser.TypeTraits object at 0x7fadbbc7d240>))
DEBUG:pybindgen.typehandlers:TypeMatcher.lookup('ns3::Time')
DEBUG:pybindgen.typehandlers:try to lookup type handler for 'ns3::Time' => success ((<class 'pybindgen.cppclass.CppClass.__init__.<locals>.ThisClassReturn'>, None, <pybindgen.typehandlers.ctypeparser.TypeTraits object at 0x7fadbbc7d358>))
DEBUG:pybindgen.typehandlers:TypeMatcher.lookup('void')
DEBUG:pybindgen.typehandlers:try to lookup type handler for 'void' => success ((<class 'pybindgen.typehandlers.voidtype.VoidReturn'>, None, <pybindgen.typehandlers.ctypeparser.TypeTraits object at 0x7fadbbc7d6d8>))
DEBUG:pybindgen.typehandlers:TypeMatcher.lookup('ns3::EventId const &')
DEBUG:pybindgen.typehandlers:try to lookup type handler for 'ns3::EventId const &' => success ((<class 'pybindgen.cppclass.CppClass.__init__.<locals>.ThisClassRefParameter'>, None, <pybindgen.typehandlers.ctypeparser.TypeTraits object at 0x7fadbbc7d828>))
DEBUG:pybindgen.typehandlers:TypeMatcher.lookup('void')
DEBUG:pybindgen.typehandlers:try to lookup type handler for 'void' => success ((<class 'pybindgen.typehandlers.voidtype.VoidReturn'>, None, <pybindgen.typehandlers.ctypeparser.TypeTraits object at 0x7fadbbc7dc18>))
DEBUG:pybindgen.typehandlers:TypeMatcher.lookup('ns3::Ptr< ns3::SimulatorImpl >')
DEBUG:pybindgen.typehandlers:try to lookup type handler for 'ns3::Ptr< ns3::SimulatorImpl >' => failure
DEBUG:pybindgen.typehandlers:try to lookup type handler for 'ns3::SimulatorImpl *' => failure ('')
/home/cs18/tarballs/ns-allinone-3.34/ns-3.34/src/lr-wpan/bindings/modulegen__gcc_LP64.py:3565: Warning: exception TypeLookupError(['ns3::Ptr< ns3::SimulatorImpl >', 'ns3::SimulatorImpl *'],) in wrapper public: retval? ???::SetImplementation (params?);
  is_static=True)
DEBUG:pybindgen.typehandlers:TypeMatcher.lookup('void')
DEBUG:pybindgen.typehandlers:try to lookup type handler for 'void' => success ((<class 'pybindgen.typehandlers.voidtype.VoidReturn'>, None, <pybindgen.typehandlers.ctypeparser.TypeTraits object at 0x7fadbbc86080>))
DEBUG:pybindgen.typehandlers:TypeMatcher.lookup('ns3::ObjectFactory')
DEBUG:pybindgen.typehandlers:try to lookup type handler for 'ns3::ObjectFactory' => success ((<class 'pybindgen.cppclass.CppClass.__init__.<locals>.ThisClassParameter'>, None, <pybindgen.typehandlers.ctypeparser.TypeTraits object at 0x7fadbbc86198>))
DEBUG:pybindgen.typehandlers:TypeMatcher.lookup('void')
DEBUG:pybindgen.typehandlers:try to lookup type handler for 'void' => success ((<class 'pybindgen.typehandlers.voidtype.VoidReturn'>, None, <pybindgen.typehandlers.ctypeparser.TypeTraits object at 0x7fadbbc864e0>))
DEBUG:pybindgen.typehandlers:TypeMatcher.lookup('void')
DEBUG:pybindgen.typehandlers:try to lookup type handler for 'void' => success ((<class 'pybindgen.typehandlers.voidtype.VoidReturn'>, None, <pybindgen.typehandlers.ctypeparser.TypeTraits object at 0x7fadbbc86898>))
DEBUG:pybindgen.typehandlers:TypeMatcher.lookup('ns3::Time const &')
DEBUG:pybindgen.typehandlers:try to lookup type handler for 'ns3::Time const &' => success ((<class 'pybindgen.cppclass.CppClass.__init__.<locals>.ThisClassRefParameter'>, None, <pybindgen.typehandlers.ctypeparser.TypeTraits object at 0x7fadbbc869e8>))
DEBUG:pybindgen.typehandlers:TypeMatcher.lookup('ns3::SuperframeField const &')
DEBUG:pybindgen.typehandlers:try to lookup type handler for 'ns3::SuperframeField const &' => success ((<class 'pybindgen.cppclass.CppClass.__init__.<locals>.ThisClassRefParameter'>, None, <pybindgen.typehandlers.ctypeparser.TypeTraits object at 0x7fadbbc86dd8>))
DEBUG:pybindgen.typehandlers:TypeMatcher.lookup('ns3::Buffer::Iterator')
DEBUG:pybindgen.typehandlers:try to lookup type handler for 'ns3::Buffer::Iterator' => success ((<class 'pybindgen.cppclass.CppClass.__init__.<locals>.ThisClassReturn'>, None, <pybindgen.typehandlers.ctypeparser.TypeTraits object at 0x7fadbbc8b438>))
DEBUG:pybindgen.typehandlers:TypeMatcher.lookup('ns3::Buffer::Iterator')
DEBUG:pybindgen.typehandlers:try to lookup type handler for 'ns3::Buffer::Iterator' => success ((<class 'pybindgen.cppclass.CppClass.__init__.<locals>.ThisClassParameter'>, None, <pybindgen.typehandlers.ctypeparser.TypeTraits object at 0x7fadbbc8b550>))
DEBUG:pybindgen.typehandlers:TypeMatcher.lookup('uint8_t')
DEBUG:pybindgen.typehandlers:try to lookup type handler for 'uint8_t' => success ((<class 'pybindgen.typehandlers.inttype.UInt8Return'>, None, <pybindgen.typehandlers.ctypeparser.TypeTraits object at 0x7fadbbc7df98>))
DEBUG:pybindgen.typehandlers:TypeMatcher.lookup('uint8_t')
DEBUG:pybindgen.typehandlers:try to lookup type handler for 'uint8_t' => success ((<class 'pybindgen.typehandlers.inttype.UInt8Return'>, None, <pybindgen.typehandlers.ctypeparser.TypeTraits object at 0x7fadbbc7dcc0>))
DEBUG:pybindgen.typehandlers:TypeMatcher.lookup('uint8_t')
DEBUG:pybindgen.typehandlers:try to lookup type handler for 'uint8_t' => success ((<class 'pybindgen.typehandlers.inttype.UInt8Return'>, None, <pybindgen.typehandlers.ctypeparser.TypeTraits object at 0x7fadbbc8bc18>))
DEBUG:pybindgen.typehandlers:TypeMatcher.lookup('uint32_t')
DEBUG:pybindgen.typehandlers:try to lookup type handler for 'uint32_t' => success ((<class 'pybindgen.typehandlers.inttype.UnsignedIntReturn'>, None, <pybindgen.typehandlers.ctypeparser.TypeTraits object at 0x7fadbbc8bfd0>))
DEBUG:pybindgen.typehandlers:TypeMatcher.lookup('uint16_t')
DEBUG:pybindgen.typehandlers:try to lookup type handler for 'uint16_t' => success ((<class 'pybindgen.typehandlers.inttype.UInt16Return'>, None, <pybindgen.typehandlers.ctypeparser.TypeTraits object at 0x7fadbbc92390>))
DEBUG:pybindgen.typehandlers:TypeMatcher.lookup('bool')
DEBUG:pybindgen.typehandlers:try to lookup type handler for 'bool' => success ((<class 'pybindgen.typehandlers.booltype.BoolReturn'>, None, <pybindgen.typehandlers.ctypeparser.TypeTraits object at 0x7fadbbc92710>))
DEBUG:pybindgen.typehandlers:TypeMatcher.lookup('bool')
DEBUG:pybindgen.typehandlers:try to lookup type handler for 'bool' => success ((<class 'pybindgen.typehandlers.booltype.BoolReturn'>, None, <pybindgen.typehandlers.ctypeparser.TypeTraits object at 0x7fadbbc92ac8>))
DEBUG:pybindgen.typehandlers:TypeMatcher.lookup('bool')
DEBUG:pybindgen.typehandlers:try to lookup type handler for 'bool' => success ((<class 'pybindgen.typehandlers.booltype.BoolReturn'>, None, <pybindgen.typehandlers.ctypeparser.TypeTraits object at 0x7fadbbc92e80>))
DEBUG:pybindgen.typehandlers:TypeMatcher.lookup('ns3::Buffer::Iterator')
DEBUG:pybindgen.typehandlers:try to lookup type handler for 'ns3::Buffer::Iterator' => success ((<class 'pybindgen.cppclass.CppClass.__init__.<locals>.ThisClassReturn'>, None, <pybindgen.typehandlers.ctypeparser.TypeTraits object at 0x7fadbbc1a278>))
DEBUG:pybindgen.typehandlers:TypeMatcher.lookup('ns3::Buffer::Iterator')
DEBUG:pybindgen.typehandlers:try to lookup type handler for 'ns3::Buffer::Iterator' => success ((<class 'pybindgen.cppclass.CppClass.__init__.<locals>.ThisClassParameter'>, None, <pybindgen.typehandlers.ctypeparser.TypeTraits object at 0x7fadbbc1a390>))
DEBUG:pybindgen.typehandlers:TypeMatcher.lookup('void')
DEBUG:pybindgen.typehandlers:try to lookup type handler for 'void' => success ((<class 'pybindgen.typehandlers.voidtype.VoidReturn'>, None, <pybindgen.typehandlers.ctypeparser.TypeTraits object at 0x7fadbbc1a6d8>))
DEBUG:pybindgen.typehandlers:TypeMatcher.lookup('bool')
DEBUG:pybindgen.typehandlers:try to lookup type handler for 'bool' => success ((<class 'pybindgen.typehandlers.booltype.BoolParam'>, None, <pybindgen.typehandlers.ctypeparser.TypeTraits object at 0x7fadbbc1a828>))
DEBUG:pybindgen.typehandlers:TypeMatcher.lookup('void')
DEBUG:pybindgen.typehandlers:try to lookup type handler for 'void' => success ((<class 'pybindgen.typehandlers.voidtype.VoidReturn'>, None, <pybindgen.typehandlers.ctypeparser.TypeTraits object at 0x7fadbbc1aba8>))
DEBUG:pybindgen.typehandlers:TypeMatcher.lookup('bool')
DEBUG:pybindgen.typehandlers:try to lookup type handler for 'bool' => success ((<class 'pybindgen.typehandlers.booltype.BoolParam'>, None, <pybindgen.typehandlers.ctypeparser.TypeTraits object at 0x7fadbbc1acf8>))
DEBUG:pybindgen.typehandlers:TypeMatcher.lookup('void')
DEBUG:pybindgen.typehandlers:try to lookup type handler for 'void' => success ((<class 'pybindgen.typehandlers.voidtype.VoidReturn'>, None, <pybindgen.typehandlers.ctypeparser.TypeTraits object at 0x7fadbbc220b8>))
DEBUG:pybindgen.typehandlers:TypeMatcher.lookup('uint8_t')
DEBUG:pybindgen.typehandlers:try to lookup type handler for 'uint8_t' => success ((<class 'pybindgen.typehandlers.inttype.UInt8Param'>, None, <pybindgen.typehandlers.ctypeparser.TypeTraits object at 0x7fadbbc22208>))
DEBUG:pybindgen.typehandlers:TypeMatcher.lookup('void')
DEBUG:pybindgen.typehandlers:try to lookup type handler for 'void' => success ((<class 'pybindgen.typehandlers.voidtype.VoidReturn'>, None, <pybindgen.typehandlers.ctypeparser.TypeTraits object at 0x7fadbbc22588>))
DEBUG:pybindgen.typehandlers:TypeMatcher.lookup('uint8_t')
DEBUG:pybindgen.typehandlers:try to lookup type handler for 'uint8_t' => success ((<class 'pybindgen.typehandlers.inttype.UInt8Param'>, None, <pybindgen.typehandlers.ctypeparser.TypeTraits object at 0x7fadbbc226d8>))
DEBUG:pybindgen.typehandlers:TypeMatcher.lookup('void')
DEBUG:pybindgen.typehandlers:try to lookup type handler for 'void' => success ((<class 'pybindgen.typehandlers.voidtype.VoidReturn'>, None, <pybindgen.typehandlers.ctypeparser.TypeTraits object at 0x7fadbbc22a58>))
DEBUG:pybindgen.typehandlers:TypeMatcher.lookup('bool')
DEBUG:pybindgen.typehandlers:try to lookup type handler for 'bool' => success ((<class 'pybindgen.typehandlers.booltype.BoolParam'>, None, <pybindgen.typehandlers.ctypeparser.TypeTraits object at 0x7fadbbc22ba8>))
DEBUG:pybindgen.typehandlers:TypeMatcher.lookup('void')
DEBUG:pybindgen.typehandlers:try to lookup type handler for 'void' => success ((<class 'pybindgen.typehandlers.voidtype.VoidReturn'>, None, <pybindgen.typehandlers.ctypeparser.TypeTraits object at 0x7fadbbc22f28>))
DEBUG:pybindgen.typehandlers:TypeMatcher.lookup('uint16_t')
DEBUG:pybindgen.typehandlers:try to lookup type handler for 'uint16_t' => success ((<class 'pybindgen.typehandlers.inttype.UInt16Param'>, None, <pybindgen.typehandlers.ctypeparser.TypeTraits object at 0x7fadbbc290b8>))
DEBUG:pybindgen.typehandlers:TypeMatcher.lookup('void')
DEBUG:pybindgen.typehandlers:try to lookup type handler for 'void' => success ((<class 'pybindgen.typehandlers.voidtype.VoidReturn'>, None, <pybindgen.typehandlers.ctypeparser.TypeTraits object at 0x7fadbbc29400>))
DEBUG:pybindgen.typehandlers:TypeMatcher.lookup('uint8_t')
DEBUG:pybindgen.typehandlers:try to lookup type handler for 'uint8_t' => success ((<class 'pybindgen.typehandlers.inttype.UInt8Param'>, None, <pybindgen.typehandlers.ctypeparser.TypeTraits object at 0x7fadbbc29550>))
DEBUG:pybindgen.typehandlers:TypeMatcher.lookup('ns3::Tag const &')
DEBUG:pybindgen.typehandlers:try to lookup type handler for 'ns3::Tag const &' => success ((<class 'pybindgen.cppclass.CppClass.__init__.<locals>.ThisClassRefParameter'>, None, <pybindgen.typehandlers.ctypeparser.TypeTraits object at 0x7fadbbc29b70>))
DEBUG:pybindgen.typehandlers:TypeMatcher.lookup('void')
DEBUG:pybindgen.typehandlers:try to lookup type handler for 'void' => success ((<class 'pybindgen.typehandlers.voidtype.VoidReturn'>, None, <pybindgen.typehandlers.ctypeparser.TypeTraits object at 0x7fadbbc29f28>))
DEBUG:pybindgen.typehandlers:TypeMatcher.lookup('ns3::TagBuffer')
DEBUG:pybindgen.typehandlers:try to lookup type handler for 'ns3::TagBuffer' => success ((<class 'pybindgen.cppclass.CppClass.__init__.<locals>.ThisClassParameter'>, None, <pybindgen.typehandlers.ctypeparser.TypeTraits object at 0x7fadbbc330b8>))
DEBUG:pybindgen.typehandlers:TypeMatcher.lookup('uint32_t')
DEBUG:pybindgen.typehandlers:try to lookup type handler for 'uint32_t' => success ((<class 'pybindgen.typehandlers.inttype.UnsignedIntReturn'>, None, <pybindgen.typehandlers.ctypeparser.TypeTraits object at 0x7fadbbc33630>))
DEBUG:pybindgen.typehandlers:TypeMatcher.lookup('ns3::TypeId')
DEBUG:pybindgen.typehandlers:try to lookup type handler for 'ns3::TypeId' => success ((<class 'pybindgen.cppclass.CppClass.__init__.<locals>.ThisClassReturn'>, None, <pybindgen.typehandlers.ctypeparser.TypeTraits object at 0x7fadbbc33ba8>))
DEBUG:pybindgen.typehandlers:TypeMatcher.lookup('void')
DEBUG:pybindgen.typehandlers:try to lookup type handler for 'void' => success ((<class 'pybindgen.typehandlers.voidtype.VoidReturn'>, None, <pybindgen.typehandlers.ctypeparser.TypeTraits object at 0x7fadbbc33f28>))
DEBUG:pybindgen.typehandlers:TypeMatcher.lookup('std::ostream &')
DEBUG:pybindgen.typehandlers:try to lookup type handler for 'std::ostream &' => failure
'std::ostream &' did not match
/home/cs18/tarballs/ns-allinone-3.34/ns-3.34/src/lr-wpan/bindings/modulegen__gcc_LP64.py:3692: Warning: exception TypeLookupError(['std::ostream &'],) in wrapper public: virtual retval? ???::Print (params?) const = 0;
  is_const=True, is_pure_virtual=True, is_virtual=True)
DEBUG:pybindgen.typehandlers:TypeMatcher.lookup('void')
DEBUG:pybindgen.typehandlers:try to lookup type handler for 'void' => success ((<class 'pybindgen.typehandlers.voidtype.VoidReturn'>, None, <pybindgen.typehandlers.ctypeparser.TypeTraits object at 0x7fadbbc39630>))
DEBUG:pybindgen.typehandlers:TypeMatcher.lookup('ns3::TagBuffer')
DEBUG:pybindgen.typehandlers:try to lookup type handler for 'ns3::TagBuffer' => success ((<class 'pybindgen.cppclass.CppClass.__init__.<locals>.ThisClassParameter'>, None, <pybindgen.typehandlers.ctypeparser.TypeTraits object at 0x7fadbbc39780>))
DEBUG:pybindgen.typehandlers:TypeMatcher.lookup('ns3::TagBuffer const &')
DEBUG:pybindgen.typehandlers:try to lookup type handler for 'ns3::TagBuffer const &' => success ((<class 'pybindgen.cppclass.CppClass.__init__.<locals>.ThisClassRefParameter'>, None, <pybindgen.typehandlers.ctypeparser.TypeTraits object at 0x7fadbbc39b00>))
DEBUG:pybindgen.typehandlers:TypeMatcher.lookup('uint8_t *')
DEBUG:pybindgen.typehandlers:try to lookup type handler for 'uint8_t *' => success ((<class 'pybindgen.typehandlers.inttype.UInt8PtrParam'>, None, <pybindgen.typehandlers.ctypeparser.TypeTraits object at 0x7fadbbc39ef0>))
/home/cs18/tarballs/ns-allinone-3.34/ns-3.34/src/lr-wpan/bindings/modulegen__gcc_LP64.py:3704: Warning: exception TypeConfigurationError('direction not given',) in wrapper <pybindgen.cppmethod.CppConstructor object at 0x7fadbbc39e80>
  cls.add_constructor([param('uint8_t *', 'start'), param('uint8_t *', 'end')])
DEBUG:pybindgen.typehandlers:TypeMatcher.lookup('void')
DEBUG:pybindgen.typehandlers:try to lookup type handler for 'void' => success ((<class 'pybindgen.typehandlers.voidtype.VoidReturn'>, None, <pybindgen.typehandlers.ctypeparser.TypeTraits object at 0x7fadbbc42048>))
DEBUG:pybindgen.typehandlers:TypeMatcher.lookup('ns3::TagBuffer')
DEBUG:pybindgen.typehandlers:try to lookup type handler for 'ns3::TagBuffer' => success ((<class 'pybindgen.cppclass.CppClass.__init__.<locals>.ThisClassParameter'>, None, <pybindgen.typehandlers.ctypeparser.TypeTraits object at 0x7fadbbc421d0>))
DEBUG:pybindgen.typehandlers:TypeMatcher.lookup('void')
DEBUG:pybindgen.typehandlers:try to lookup type handler for 'void' => success ((<class 'pybindgen.typehandlers.voidtype.VoidReturn'>, None, <pybindgen.typehandlers.ctypeparser.TypeTraits object at 0x7fadbbc42518>))
DEBUG:pybindgen.typehandlers:TypeMatcher.lookup('uint8_t *')
DEBUG:pybindgen.typehandlers:try to lookup type handler for 'uint8_t *' => success ((<class 'pybindgen.typehandlers.inttype.UInt8PtrParam'>, None, <pybindgen.typehandlers.ctypeparser.TypeTraits object at 0x7fadbbc42668>))
/home/cs18/tarballs/ns-allinone-3.34/ns-3.34/src/lr-wpan/bindings/modulegen__gcc_LP64.py:3712: Warning: exception TypeConfigurationError('direction not given',) in wrapper public: retval? ???::Read (params?);
  [param('uint8_t *', 'buffer'), param('uint32_t', 'size')])
DEBUG:pybindgen.typehandlers:TypeMatcher.lookup('double')
DEBUG:pybindgen.typehandlers:try to lookup type handler for 'double' => success ((<class 'pybindgen.typehandlers.doubletype.DoubleReturn'>, None, <pybindgen.typehandlers.ctypeparser.TypeTraits object at 0x7fadbbc42748>))
DEBUG:pybindgen.typehandlers:TypeMatcher.lookup('uint16_t')
DEBUG:pybindgen.typehandlers:try to lookup type handler for 'uint16_t' => success ((<class 'pybindgen.typehandlers.inttype.UInt16Return'>, None, <pybindgen.typehandlers.ctypeparser.TypeTraits object at 0x7fadbbc39f28>))
DEBUG:pybindgen.typehandlers:TypeMatcher.lookup('uint32_t')
DEBUG:pybindgen.typehandlers:try to lookup type handler for 'uint32_t' => success ((<class 'pybindgen.typehandlers.inttype.UnsignedIntReturn'>, None, <pybindgen.typehandlers.ctypeparser.TypeTraits object at 0x7fadbbc33fd0>))
DEBUG:pybindgen.typehandlers:TypeMatcher.lookup('uint64_t')
DEBUG:pybindgen.typehandlers:try to lookup type handler for 'uint64_t' => success ((<class 'pybindgen.typehandlers.inttype.UnsignedLongLongReturn'>, None, <pybindgen.typehandlers.ctypeparser.TypeTraits object at 0x7fadbbc33a20>))
DEBUG:pybindgen.typehandlers:TypeMatcher.lookup('uint8_t')
DEBUG:pybindgen.typehandlers:try to lookup type handler for 'uint8_t' => success ((<class 'pybindgen.typehandlers.inttype.UInt8Return'>, None, <pybindgen.typehandlers.ctypeparser.TypeTraits object at 0x7fadbbc42c50>))
DEBUG:pybindgen.typehandlers:TypeMatcher.lookup('void')
DEBUG:pybindgen.typehandlers:try to lookup type handler for 'void' => success ((<class 'pybindgen.typehandlers.voidtype.VoidReturn'>, None, <pybindgen.typehandlers.ctypeparser.TypeTraits object at 0x7fadbbc47080>))
DEBUG:pybindgen.typehandlers:TypeMatcher.lookup('uint32_t')
DEBUG:pybindgen.typehandlers:try to lookup type handler for 'uint32_t' => success ((<class 'pybindgen.typehandlers.inttype.UnsignedIntParam'>, None, <pybindgen.typehandlers.ctypeparser.TypeTraits object at 0x7fadbbc471d0>))
DEBUG:pybindgen.typehandlers:TypeMatcher.lookup('void')
DEBUG:pybindgen.typehandlers:try to lookup type handler for 'void' => success ((<class 'pybindgen.typehandlers.voidtype.VoidReturn'>, None, <pybindgen.typehandlers.ctypeparser.TypeTraits object at 0x7fadbbc47518>))
DEBUG:pybindgen.typehandlers:TypeMatcher.lookup('uint8_t const *')
DEBUG:pybindgen.typehandlers:try to lookup type handler for 'uint8_t const *' => success ((<class 'pybindgen.typehandlers.inttype.UInt8PtrParam'>, None, <pybindgen.typehandlers.ctypeparser.TypeTraits object at 0x7fadbbc47668>))
/home/cs18/tarballs/ns-allinone-3.34/ns-3.34/src/lr-wpan/bindings/modulegen__gcc_LP64.py:3740: Warning: exception TypeConfigurationError('direction not given',) in wrapper public: retval? ???::Write (params?);
  [param('uint8_t const *', 'buffer'), param('uint32_t', 'size')])
DEBUG:pybindgen.typehandlers:TypeMatcher.lookup('void')
DEBUG:pybindgen.typehandlers:try to lookup type handler for 'void' => success ((<class 'pybindgen.typehandlers.voidtype.VoidReturn'>, None, <pybindgen.typehandlers.ctypeparser.TypeTraits object at 0x7fadbbc477b8>))
DEBUG:pybindgen.typehandlers:TypeMatcher.lookup('double')
DEBUG:pybindgen.typehandlers:try to lookup type handler for 'double' => success ((<class 'pybindgen.typehandlers.doubletype.DoubleParam'>, None, <pybindgen.typehandlers.ctypeparser.TypeTraits object at 0x7fadbbc47978>))
DEBUG:pybindgen.typehandlers:TypeMatcher.lookup('void')
DEBUG:pybindgen.typehandlers:try to lookup type handler for 'void' => success ((<class 'pybindgen.typehandlers.voidtype.VoidReturn'>, None, <pybindgen.typehandlers.ctypeparser.TypeTraits object at 0x7fadbbc47cf8>))
DEBUG:pybindgen.typehandlers:TypeMatcher.lookup('uint16_t')
DEBUG:pybindgen.typehandlers:try to lookup type handler for 'uint16_t' => success ((<class 'pybindgen.typehandlers.inttype.UInt16Param'>, None, <pybindgen.typehandlers.ctypeparser.TypeTraits object at 0x7fadbbc47e48>))
DEBUG:pybindgen.typehandlers:TypeMatcher.lookup('void')
DEBUG:pybindgen.typehandlers:try to lookup type handler for 'void' => success ((<class 'pybindgen.typehandlers.voidtype.VoidReturn'>, None, <pybindgen.typehandlers.ctypeparser.TypeTraits object at 0x7fadbbc4e1d0>))
DEBUG:pybindgen.typehandlers:TypeMatcher.lookup('uint32_t')
DEBUG:pybindgen.typehandlers:try to lookup type handler for 'uint32_t' => success ((<class 'pybindgen.typehandlers.inttype.UnsignedIntParam'>, None, <pybindgen.typehandlers.ctypeparser.TypeTraits object at 0x7fadbbc4e320>))
DEBUG:pybindgen.typehandlers:TypeMatcher.lookup('void')
DEBUG:pybindgen.typehandlers:try to lookup type handler for 'void' => success ((<class 'pybindgen.typehandlers.voidtype.VoidReturn'>, None, <pybindgen.typehandlers.ctypeparser.TypeTraits object at 0x7fadbbc4e668>))
DEBUG:pybindgen.typehandlers:TypeMatcher.lookup('uint64_t')
DEBUG:pybindgen.typehandlers:try to lookup type handler for 'uint64_t' => success ((<class 'pybindgen.typehandlers.inttype.UnsignedLongLongParam'>, None, <pybindgen.typehandlers.ctypeparser.TypeTraits object at 0x7fadbbc4e7b8>))
DEBUG:pybindgen.typehandlers:TypeMatcher.lookup('void')
DEBUG:pybindgen.typehandlers:try to lookup type handler for 'void' => success ((<class 'pybindgen.typehandlers.voidtype.VoidReturn'>, None, <pybindgen.typehandlers.ctypeparser.TypeTraits object at 0x7fadbbc4eb00>))
DEBUG:pybindgen.typehandlers:TypeMatcher.lookup('uint8_t')
DEBUG:pybindgen.typehandlers:try to lookup type handler for 'uint8_t' => success ((<class 'pybindgen.typehandlers.inttype.UInt8Param'>, None, <pybindgen.typehandlers.ctypeparser.TypeTraits object at 0x7fadbbc4ec50>))
DEBUG:pybindgen.typehandlers:TypeMatcher.lookup('ns3::Time const &')
DEBUG:pybindgen.typehandlers:try to lookup type handler for 'ns3::Time const &' => success ((<class 'pybindgen.cppclass.CppClass.__init__.<locals>.ThisClassRefParameter'>, None, <pybindgen.typehandlers.ctypeparser.TypeTraits object at 0x7fadbbc4ef98>))
DEBUG:pybindgen.typehandlers:TypeMatcher.lookup('ns3::Time const &')
DEBUG:pybindgen.typehandlers:try to lookup type handler for 'ns3::Time const &' => success ((<class 'pybindgen.cppclass.CppClass.__init__.<locals>.ThisClassRefParameter'>, None, <pybindgen.typehandlers.ctypeparser.TypeTraits object at 0x7fadbbc47748>))
DEBUG:pybindgen.typehandlers:TypeMatcher.lookup('ns3::int64x64_t const &')
DEBUG:pybindgen.typehandlers:try to lookup type handler for 'ns3::int64x64_t const &' => success ((<class 'pybindgen.cppclass.CppClass.__init__.<locals>.ThisClassRefParameter'>, None, <pybindgen.typehandlers.ctypeparser.TypeTraits object at 0x7fadbbc47630>))
DEBUG:pybindgen.typehandlers:TypeMatcher.lookup('ns3::Time const &')
DEBUG:pybindgen.typehandlers:try to lookup type handler for 'ns3::Time const &' => success ((<class 'pybindgen.cppclass.CppClass.__init__.<locals>.ThisClassRefParameter'>, None, <pybindgen.typehandlers.ctypeparser.TypeTraits object at 0x7fadbbc56198>))
DEBUG:pybindgen.typehandlers:TypeMatcher.lookup('ns3::int64x64_t const &')
DEBUG:pybindgen.typehandlers:try to lookup type handler for 'ns3::int64x64_t const &' => success ((<class 'pybindgen.cppclass.CppClass.__init__.<locals>.ThisClassRefParameter'>, None, <pybindgen.typehandlers.ctypeparser.TypeTraits object at 0x7fadbbc56320>))
DEBUG:pybindgen.typehandlers:TypeMatcher.lookup('ns3::Time const &')
DEBUG:pybindgen.typehandlers:try to lookup type handler for 'ns3::Time const &' => success ((<class 'pybindgen.cppclass.CppClass.__init__.<locals>.ThisClassRefParameter'>, None, <pybindgen.typehandlers.ctypeparser.TypeTraits object at 0x7fadbbc564a8>))
DEBUG:pybindgen.typehandlers:TypeMatcher.lookup('ns3::Time const &')
DEBUG:pybindgen.typehandlers:try to lookup type handler for 'ns3::Time const &' => success ((<class 'pybindgen.cppclass.CppClass.__init__.<locals>.ThisClassRefParameter'>, None, <pybindgen.typehandlers.ctypeparser.TypeTraits object at 0x7fadbbc56630>))
DEBUG:pybindgen.typehandlers:TypeMatcher.lookup('ns3::Time const &')
DEBUG:pybindgen.typehandlers:try to lookup type handler for 'ns3::Time const &' => success ((<class 'pybindgen.cppclass.CppClass.__init__.<locals>.ThisClassRefParameter'>, None, <pybindgen.typehandlers.ctypeparser.TypeTraits object at 0x7fadbbc56a58>))
DEBUG:pybindgen.typehandlers:TypeMatcher.lookup('double')
DEBUG:pybindgen.typehandlers:try to lookup type handler for 'double' => success ((<class 'pybindgen.typehandlers.doubletype.DoubleParam'>, None, <pybindgen.typehandlers.ctypeparser.TypeTraits object at 0x7fadbbc56e48>))
DEBUG:pybindgen.typehandlers:TypeMatcher.lookup('int')
DEBUG:pybindgen.typehandlers:try to lookup type handler for 'int' => success ((<class 'pybindgen.typehandlers.inttype.IntParam'>, None, <pybindgen.typehandlers.ctypeparser.TypeTraits object at 0x7fadbbbdb208>))
DEBUG:pybindgen.typehandlers:TypeMatcher.lookup('long int')
DEBUG:pybindgen.typehandlers:try to lookup type handler for 'long int' => success ((<class 'pybindgen.typehandlers.inttype.LongParam'>, None, <pybindgen.typehandlers.ctypeparser.TypeTraits object at 0x7fadbbbdb588>))
DEBUG:pybindgen.typehandlers:TypeMatcher.lookup('long long int')
DEBUG:pybindgen.typehandlers:try to lookup type handler for 'long long int' => success ((<class 'pybindgen.typehandlers.inttype.LongLongParam'>, None, <pybindgen.typehandlers.ctypeparser.TypeTraits object at 0x7fadbbbdb978>))
DEBUG:pybindgen.typehandlers:TypeMatcher.lookup('unsigned int')
DEBUG:pybindgen.typehandlers:try to lookup type handler for 'unsigned int' => success ((<class 'pybindgen.typehandlers.inttype.UnsignedIntParam'>, None, <pybindgen.typehandlers.ctypeparser.TypeTraits object at 0x7fadbbbdbdd8>))
DEBUG:pybindgen.typehandlers:TypeMatcher.lookup('long unsigned int')
DEBUG:pybindgen.typehandlers:try to lookup type handler for 'long unsigned int' => success ((<class 'pybindgen.typehandlers.inttype.UnsignedLongParam'>, None, <pybindgen.typehandlers.ctypeparser.TypeTraits object at 0x7fadbbbe31d0>))
DEBUG:pybindgen.typehandlers:TypeMatcher.lookup('long long unsigned int')
DEBUG:pybindgen.typehandlers:try to lookup type handler for 'long long unsigned int' => success ((<class 'pybindgen.typehandlers.inttype.UnsignedLongLongParam'>, None, <pybindgen.typehandlers.ctypeparser.TypeTraits object at 0x7fadbbbe35f8>))
DEBUG:pybindgen.typehandlers:TypeMatcher.lookup('ns3::int64x64_t const &')
DEBUG:pybindgen.typehandlers:try to lookup type handler for 'ns3::int64x64_t const &' => success ((<class 'pybindgen.cppclass.CppClass.__init__.<locals>.ThisClassRefParameter'>, None, <pybindgen.typehandlers.ctypeparser.TypeTraits object at 0x7fadbbbe3b38>))
DEBUG:pybindgen.typehandlers:TypeMatcher.lookup('std::string const &')
DEBUG:pybindgen.typehandlers:try to lookup type handler for 'std::string const &' => success ((<class 'pybindgen.typehandlers.stringtype.StdStringRefParam'>, None, <pybindgen.typehandlers.ctypeparser.TypeTraits object at 0x7fadbbbe3f28>))
DEBUG:pybindgen.typehandlers:TypeMatcher.lookup('ns3::TimeWithUnit')
DEBUG:pybindgen.typehandlers:try to lookup type handler for 'ns3::TimeWithUnit' => success ((<class 'pybindgen.cppclass.CppClass.__init__.<locals>.ThisClassReturn'>, None, <pybindgen.typehandlers.ctypeparser.TypeTraits object at 0x7fadbbbeb320>))
DEBUG:pybindgen.typehandlers:TypeMatcher.lookup('ns3::Time::Unit const')
DEBUG:pybindgen.typehandlers:try to lookup type handler for 'ns3::Time::Unit const' => success ((<class 'pybindgen.enum.Enum.set_module.<locals>.ThisEnumParameter'>, None, <pybindgen.typehandlers.ctypeparser.TypeTraits object at 0x7fadbbbeb438>))
DEBUG:pybindgen.typehandlers:TypeMatcher.lookup('int')
DEBUG:pybindgen.typehandlers:try to lookup type handler for 'int' => success ((<class 'pybindgen.typehandlers.inttype.IntReturn'>, None, <pybindgen.typehandlers.ctypeparser.TypeTraits object at 0x7fadbbbeb780>))
DEBUG:pybindgen.typehandlers:TypeMatcher.lookup('ns3::Time const &')
DEBUG:pybindgen.typehandlers:try to lookup type handler for 'ns3::Time const &' => success ((<class 'pybindgen.cppclass.CppClass.__init__.<locals>.ThisClassRefParameter'>, None, <pybindgen.typehandlers.ctypeparser.TypeTraits object at 0x7fadbbbeb8d0>))
DEBUG:pybindgen.typehandlers:TypeMatcher.lookup('ns3::Time')
DEBUG:pybindgen.typehandlers:try to lookup type handler for 'ns3::Time' => success ((<class 'pybindgen.cppclass.CppClass.__init__.<locals>.ThisClassReturn'>, None, <pybindgen.typehandlers.ctypeparser.TypeTraits object at 0x7fadbbbebcc0>))
DEBUG:pybindgen.typehandlers:TypeMatcher.lookup('ns3::int64x64_t const &')
DEBUG:pybindgen.typehandlers:try to lookup type handler for 'ns3::int64x64_t const &' => success ((<class 'pybindgen.cppclass.CppClass.__init__.<locals>.ThisClassRefParameter'>, None, <pybindgen.typehandlers.ctypeparser.TypeTraits object at 0x7fadbbbebdd8>))
DEBUG:pybindgen.typehandlers:TypeMatcher.lookup('ns3::Time')
DEBUG:pybindgen.typehandlers:try to lookup type handler for 'ns3::Time' => success ((<class 'pybindgen.cppclass.CppClass.__init__.<locals>.ThisClassReturn'>, None, <pybindgen.typehandlers.ctypeparser.TypeTraits object at 0x7fadbbbf3208>))
DEBUG:pybindgen.typehandlers:TypeMatcher.lookup('ns3::int64x64_t const &')
DEBUG:pybindgen.typehandlers:try to lookup type handler for 'ns3::int64x64_t const &' => success ((<class 'pybindgen.cppclass.CppClass.__init__.<locals>.ThisClassRefParameter'>, None, <pybindgen.typehandlers.ctypeparser.TypeTraits object at 0x7fadbbbf3320>))
DEBUG:pybindgen.typehandlers:TypeMatcher.lookup('ns3::Time::Unit')
DEBUG:pybindgen.typehandlers:try to lookup type handler for 'ns3::Time::Unit' => success ((<class 'pybindgen.enum.Enum.set_module.<locals>.ThisEnumParameter'>, None, <pybindgen.typehandlers.ctypeparser.TypeTraits object at 0x7fadbbbf34e0>))
DEBUG:pybindgen.typehandlers:TypeMatcher.lookup('ns3::Time')
DEBUG:pybindgen.typehandlers:try to lookup type handler for 'ns3::Time' => success ((<class 'pybindgen.cppclass.CppClass.__init__.<locals>.ThisClassReturn'>, None, <pybindgen.typehandlers.ctypeparser.TypeTraits object at 0x7fadbbbf37b8>))
DEBUG:pybindgen.typehandlers:TypeMatcher.lookup('double')
DEBUG:pybindgen.typehandlers:try to lookup type handler for 'double' => success ((<class 'pybindgen.typehandlers.doubletype.DoubleParam'>, None, <pybindgen.typehandlers.ctypeparser.TypeTraits object at 0x7fadbbbf38d0>))
DEBUG:pybindgen.typehandlers:TypeMatcher.lookup('ns3::Time::Unit')
DEBUG:pybindgen.typehandlers:try to lookup type handler for 'ns3::Time::Unit' => success ((<class 'pybindgen.enum.Enum.set_module.<locals>.ThisEnumParameter'>, None, <pybindgen.typehandlers.ctypeparser.TypeTraits object at 0x7fadbbbf39b0>))
DEBUG:pybindgen.typehandlers:TypeMatcher.lookup('ns3::Time')
DEBUG:pybindgen.typehandlers:try to lookup type handler for 'ns3::Time' => success ((<class 'pybindgen.cppclass.CppClass.__init__.<locals>.ThisClassReturn'>, None, <pybindgen.typehandlers.ctypeparser.TypeTraits object at 0x7fadbbbf3d30>))
DEBUG:pybindgen.typehandlers:TypeMatcher.lookup('uint64_t')
DEBUG:pybindgen.typehandlers:try to lookup type handler for 'uint64_t' => success ((<class 'pybindgen.typehandlers.inttype.UnsignedLongLongParam'>, None, <pybindgen.typehandlers.ctypeparser.TypeTraits object at 0x7fadbbbf3e48>))
DEBUG:pybindgen.typehandlers:TypeMatcher.lookup('ns3::Time::Unit')
DEBUG:pybindgen.typehandlers:try to lookup type handler for 'ns3::Time::Unit' => success ((<class 'pybindgen.enum.Enum.set_module.<locals>.ThisEnumParameter'>, None, <pybindgen.typehandlers.ctypeparser.TypeTraits object at 0x7fadbbbf3ef0>))
DEBUG:pybindgen.typehandlers:TypeMatcher.lookup('double')
DEBUG:pybindgen.typehandlers:try to lookup type handler for 'double' => success ((<class 'pybindgen.typehandlers.doubletype.DoubleReturn'>, None, <pybindgen.typehandlers.ctypeparser.TypeTraits object at 0x7fadbbbf92b0>))
DEBUG:pybindgen.typehandlers:TypeMatcher.lookup('double')
DEBUG:pybindgen.typehandlers:try to lookup type handler for 'double' => success ((<class 'pybindgen.typehandlers.doubletype.DoubleReturn'>, None, <pybindgen.typehandlers.ctypeparser.TypeTraits object at 0x7fadbbbf9668>))
DEBUG:pybindgen.typehandlers:TypeMatcher.lookup('int64_t')
DEBUG:pybindgen.typehandlers:try to lookup type handler for 'int64_t' => success ((<class 'pybindgen.typehandlers.inttype.LongLongReturn'>, None, <pybindgen.typehandlers.ctypeparser.TypeTraits object at 0x7fadbbbf9a20>))
DEBUG:pybindgen.typehandlers:TypeMatcher.lookup('double')
DEBUG:pybindgen.typehandlers:try to lookup type handler for 'double' => success ((<class 'pybindgen.typehandlers.doubletype.DoubleReturn'>, None, <pybindgen.typehandlers.ctypeparser.TypeTraits object at 0x7fadbbbf9dd8>))
DEBUG:pybindgen.typehandlers:TypeMatcher.lookup('int64_t')
DEBUG:pybindgen.typehandlers:try to lookup type handler for 'int64_t' => success ((<class 'pybindgen.typehandlers.inttype.LongLongReturn'>, None, <pybindgen.typehandlers.ctypeparser.TypeTraits object at 0x7fadbbc001d0>))
DEBUG:pybindgen.typehandlers:TypeMatcher.lookup('int64_t')
DEBUG:pybindgen.typehandlers:try to lookup type handler for 'int64_t' => success ((<class 'pybindgen.typehandlers.inttype.LongLongReturn'>, None, <pybindgen.typehandlers.ctypeparser.TypeTraits object at 0x7fadbbc00588>))
DEBUG:pybindgen.typehandlers:TypeMatcher.lookup('int64_t')
DEBUG:pybindgen.typehandlers:try to lookup type handler for 'int64_t' => success ((<class 'pybindgen.typehandlers.inttype.LongLongReturn'>, None, <pybindgen.typehandlers.ctypeparser.TypeTraits object at 0x7fadbbc00940>))
DEBUG:pybindgen.typehandlers:TypeMatcher.lookup('double')
DEBUG:pybindgen.typehandlers:try to lookup type handler for 'double' => success ((<class 'pybindgen.typehandlers.doubletype.DoubleReturn'>, None, <pybindgen.typehandlers.ctypeparser.TypeTraits object at 0x7fadbbc00cf8>))
DEBUG:pybindgen.typehandlers:TypeMatcher.lookup('int64_t')
DEBUG:pybindgen.typehandlers:try to lookup type handler for 'int64_t' => success ((<class 'pybindgen.typehandlers.inttype.LongLongReturn'>, None, <pybindgen.typehandlers.ctypeparser.TypeTraits object at 0x7fadbbc080f0>))
DEBUG:pybindgen.typehandlers:TypeMatcher.lookup('int64_t')
DEBUG:pybindgen.typehandlers:try to lookup type handler for 'int64_t' => success ((<class 'pybindgen.typehandlers.inttype.LongLongReturn'>, None, <pybindgen.typehandlers.ctypeparser.TypeTraits object at 0x7fadbbc084a8>))
DEBUG:pybindgen.typehandlers:TypeMatcher.lookup('ns3::Time::Unit')
DEBUG:pybindgen.typehandlers:try to lookup type handler for 'ns3::Time::Unit' => success ((<class 'pybindgen.enum.Enum.set_module.<locals>.ThisEnumReturn'>, None, <pybindgen.typehandlers.ctypeparser.TypeTraits object at 0x7fadbbc08860>))
DEBUG:pybindgen.typehandlers:TypeMatcher.lookup('double')
DEBUG:pybindgen.typehandlers:try to lookup type handler for 'double' => success ((<class 'pybindgen.typehandlers.doubletype.DoubleReturn'>, None, <pybindgen.typehandlers.ctypeparser.TypeTraits object at 0x7fadbbc08be0>))
DEBUG:pybindgen.typehandlers:TypeMatcher.lookup('int64_t')
DEBUG:pybindgen.typehandlers:try to lookup type handler for 'int64_t' => success ((<class 'pybindgen.typehandlers.inttype.LongLongReturn'>, None, <pybindgen.typehandlers.ctypeparser.TypeTraits object at 0x7fadbbc08f98>))
DEBUG:pybindgen.typehandlers:TypeMatcher.lookup('double')
DEBUG:pybindgen.typehandlers:try to lookup type handler for 'double' => success ((<class 'pybindgen.typehandlers.doubletype.DoubleReturn'>, None, <pybindgen.typehandlers.ctypeparser.TypeTraits object at 0x7fadbbc11390>))
DEBUG:pybindgen.typehandlers:TypeMatcher.lookup('bool')
DEBUG:pybindgen.typehandlers:try to lookup type handler for 'bool' => success ((<class 'pybindgen.typehandlers.booltype.BoolReturn'>, None, <pybindgen.typehandlers.ctypeparser.TypeTraits object at 0x7fadbbc11748>))
DEBUG:pybindgen.typehandlers:TypeMatcher.lookup('bool')
DEBUG:pybindgen.typehandlers:try to lookup type handler for 'bool' => success ((<class 'pybindgen.typehandlers.booltype.BoolReturn'>, None, <pybindgen.typehandlers.ctypeparser.TypeTraits object at 0x7fadbbc11b00>))
DEBUG:pybindgen.typehandlers:TypeMatcher.lookup('bool')
DEBUG:pybindgen.typehandlers:try to lookup type handler for 'bool' => success ((<class 'pybindgen.typehandlers.booltype.BoolReturn'>, None, <pybindgen.typehandlers.ctypeparser.TypeTraits object at 0x7fadbbc11eb8>))
DEBUG:pybindgen.typehandlers:TypeMatcher.lookup('bool')
DEBUG:pybindgen.typehandlers:try to lookup type handler for 'bool' => success ((<class 'pybindgen.typehandlers.booltype.BoolReturn'>, None, <pybindgen.typehandlers.ctypeparser.TypeTraits object at 0x7fadbbc172b0>))
DEBUG:pybindgen.typehandlers:TypeMatcher.lookup('bool')
DEBUG:pybindgen.typehandlers:try to lookup type handler for 'bool' => success ((<class 'pybindgen.typehandlers.booltype.BoolReturn'>, None, <pybindgen.typehandlers.ctypeparser.TypeTraits object at 0x7fadbbc17668>))
DEBUG:pybindgen.typehandlers:TypeMatcher.lookup('ns3::Time')
DEBUG:pybindgen.typehandlers:try to lookup type handler for 'ns3::Time' => success ((<class 'pybindgen.cppclass.CppClass.__init__.<locals>.ThisClassReturn'>, None, <pybindgen.typehandlers.ctypeparser.TypeTraits object at 0x7fadbbc17a20>))
DEBUG:pybindgen.typehandlers:TypeMatcher.lookup('ns3::Time')
DEBUG:pybindgen.typehandlers:try to lookup type handler for 'ns3::Time' => success ((<class 'pybindgen.cppclass.CppClass.__init__.<locals>.ThisClassReturn'>, None, <pybindgen.typehandlers.ctypeparser.TypeTraits object at 0x7fadbbc17da0>))
DEBUG:pybindgen.typehandlers:TypeMatcher.lookup('ns3::Time')
DEBUG:pybindgen.typehandlers:try to lookup type handler for 'ns3::Time' => success ((<class 'pybindgen.cppclass.CppClass.__init__.<locals>.ThisClassReturn'>, None, <pybindgen.typehandlers.ctypeparser.TypeTraits object at 0x7fadbbb9f160>))
DEBUG:pybindgen.typehandlers:TypeMatcher.lookup('ns3::Time::Unit')
DEBUG:pybindgen.typehandlers:try to lookup type handler for 'ns3::Time::Unit' => success ((<class 'pybindgen.enum.Enum.set_module.<locals>.ThisEnumParameter'>, None, <pybindgen.typehandlers.ctypeparser.TypeTraits object at 0x7fadbbb9f278>))
DEBUG:pybindgen.typehandlers:TypeMatcher.lookup('void')
DEBUG:pybindgen.typehandlers:try to lookup type handler for 'void' => success ((<class 'pybindgen.typehandlers.voidtype.VoidReturn'>, None, <pybindgen.typehandlers.ctypeparser.TypeTraits object at 0x7fadbbb9f5c0>))
DEBUG:pybindgen.typehandlers:TypeMatcher.lookup('ns3::Time::Unit')
DEBUG:pybindgen.typehandlers:try to lookup type handler for 'ns3::Time::Unit' => success ((<class 'pybindgen.enum.Enum.set_module.<locals>.ThisEnumParameter'>, None, <pybindgen.typehandlers.ctypeparser.TypeTraits object at 0x7fadbbb9f710>))
DEBUG:pybindgen.typehandlers:TypeMatcher.lookup('bool')
DEBUG:pybindgen.typehandlers:try to lookup type handler for 'bool' => success ((<class 'pybindgen.typehandlers.booltype.BoolReturn'>, None, <pybindgen.typehandlers.ctypeparser.TypeTraits object at 0x7fadbbb9fa58>))
DEBUG:pybindgen.typehandlers:TypeMatcher.lookup('ns3::int64x64_t')
DEBUG:pybindgen.typehandlers:try to lookup type handler for 'ns3::int64x64_t' => success ((<class 'pybindgen.cppclass.CppClass.__init__.<locals>.ThisClassReturn'>, None, <pybindgen.typehandlers.ctypeparser.TypeTraits object at 0x7fadbbb9fe10>))
DEBUG:pybindgen.typehandlers:TypeMatcher.lookup('ns3::Time::Unit')
DEBUG:pybindgen.typehandlers:try to lookup type handler for 'ns3::Time::Unit' => success ((<class 'pybindgen.enum.Enum.set_module.<locals>.ThisEnumParameter'>, None, <pybindgen.typehandlers.ctypeparser.TypeTraits object at 0x7fadbbb9ff28>))
DEBUG:pybindgen.typehandlers:TypeMatcher.lookup('double')
DEBUG:pybindgen.typehandlers:try to lookup type handler for 'double' => success ((<class 'pybindgen.typehandlers.doubletype.DoubleReturn'>, None, <pybindgen.typehandlers.ctypeparser.TypeTraits object at 0x7fadbbba72b0>))
DEBUG:pybindgen.typehandlers:TypeMatcher.lookup('ns3::Time::Unit')
DEBUG:pybindgen.typehandlers:try to lookup type handler for 'ns3::Time::Unit' => success ((<class 'pybindgen.enum.Enum.set_module.<locals>.ThisEnumParameter'>, None, <pybindgen.typehandlers.ctypeparser.TypeTraits object at 0x7fadbbba7400>))
DEBUG:pybindgen.typehandlers:TypeMatcher.lookup('int64_t')
DEBUG:pybindgen.typehandlers:try to lookup type handler for 'int64_t' => success ((<class 'pybindgen.typehandlers.inttype.LongLongReturn'>, None, <pybindgen.typehandlers.ctypeparser.TypeTraits object at 0x7fadbbba7748>))
DEBUG:pybindgen.typehandlers:TypeMatcher.lookup('ns3::Time::Unit')
DEBUG:pybindgen.typehandlers:try to lookup type handler for 'ns3::Time::Unit' => success ((<class 'pybindgen.enum.Enum.set_module.<locals>.ThisEnumParameter'>, None, <pybindgen.typehandlers.ctypeparser.TypeTraits object at 0x7fadbbba7898>))
DEBUG:pybindgen.typehandlers:TypeMatcher.lookup('ns3::TimeWithUnit const &')
DEBUG:pybindgen.typehandlers:try to lookup type handler for 'ns3::TimeWithUnit const &' => success ((<class 'pybindgen.cppclass.CppClass.__init__.<locals>.ThisClassRefParameter'>, None, <pybindgen.typehandlers.ctypeparser.TypeTraits object at 0x7fadbbba7c18>))
DEBUG:pybindgen.typehandlers:TypeMatcher.lookup('ns3::Time const')
DEBUG:pybindgen.typehandlers:try to lookup type handler for 'ns3::Time const' => success ((<class 'pybindgen.cppclass.CppClass.__init__.<locals>.ThisClassParameter'>, None, <pybindgen.typehandlers.ctypeparser.TypeTraits object at 0x7fadbbbad048>))
DEBUG:pybindgen.typehandlers:TypeMatcher.lookup('ns3::Time::Unit const')
DEBUG:pybindgen.typehandlers:try to lookup type handler for 'ns3::Time::Unit const' => success ((<class 'pybindgen.enum.Enum.set_module.<locals>.ThisEnumParameter'>, None, <pybindgen.typehandlers.ctypeparser.TypeTraits object at 0x7fadbbbad198>))
DEBUG:pybindgen.typehandlers:TypeMatcher.lookup('ns3::TracedValue< ns3::LrWpanMacState > const &')
DEBUG:pybindgen.typehandlers:try to lookup type handler for 'ns3::TracedValue< ns3::LrWpanMacState > const &' => success ((<class 'pybindgen.cppclass.CppClass.__init__.<locals>.ThisClassRefParameter'>, None, <pybindgen.typehandlers.ctypeparser.TypeTraits object at 0x7fadbbbad748>))
DEBUG:pybindgen.typehandlers:TypeMatcher.lookup('ns3::LrWpanMacState const &')
DEBUG:pybindgen.typehandlers:try to lookup type handler for 'ns3::LrWpanMacState const &' => success ((<class 'pybindgen.enum.Enum.set_module.<locals>.ThisEnumRefParameter'>, None, <pybindgen.typehandlers.ctypeparser.TypeTraits object at 0x7fadbbbadbe0>))
DEBUG:pybindgen.typehandlers:TypeMatcher.lookup('ns3::TracedValue< ns3::LrWpanMacState > const &')
DEBUG:pybindgen.typehandlers:try to lookup type handler for 'ns3::TracedValue< ns3::LrWpanMacState > const &' => success ((<class 'pybindgen.cppclass.CppClass.__init__.<locals>.ThisClassRefParameter'>, None, <pybindgen.typehandlers.ctypeparser.TypeTraits object at 0x7fadbbbadf60>))
DEBUG:pybindgen.typehandlers:TypeMatcher.lookup('ns3::TracedValue< ns3::LrWpanMacState > const &')
DEBUG:pybindgen.typehandlers:try to lookup type handler for 'ns3::TracedValue< ns3::LrWpanMacState > const &' => success ((<class 'pybindgen.cppclass.CppClass.__init__.<locals>.ThisClassRefParameter'>, None, <pybindgen.typehandlers.ctypeparser.TypeTraits object at 0x7fadbbbb6438>))
DEBUG:pybindgen.typehandlers:TypeMatcher.lookup('void')
DEBUG:pybindgen.typehandlers:try to lookup type handler for 'void' => success ((<class 'pybindgen.typehandlers.voidtype.VoidReturn'>, None, <pybindgen.typehandlers.ctypeparser.TypeTraits object at 0x7fadbbbb6898>))
DEBUG:pybindgen.typehandlers:TypeMatcher.lookup('ns3::CallbackBase const &')
DEBUG:pybindgen.typehandlers:try to lookup type handler for 'ns3::CallbackBase const &' => success ((<class 'pybindgen.cppclass.CppClass.__init__.<locals>.ThisClassRefParameter'>, None, <pybindgen.typehandlers.ctypeparser.TypeTraits object at 0x7fadbbbb69e8>))
DEBUG:pybindgen.typehandlers:TypeMatcher.lookup('std::string')
DEBUG:pybindgen.typehandlers:try to lookup type handler for 'std::string' => success ((<class 'pybindgen.typehandlers.stringtype.StdStringParam'>, None, <pybindgen.typehandlers.ctypeparser.TypeTraits object at 0x7fadbbbb6ba8>))
DEBUG:pybindgen.typehandlers:TypeMatcher.lookup('void')
DEBUG:pybindgen.typehandlers:try to lookup type handler for 'void' => success ((<class 'pybindgen.typehandlers.voidtype.VoidReturn'>, None, <pybindgen.typehandlers.ctypeparser.TypeTraits object at 0x7fadbbbb6eb8>))
DEBUG:pybindgen.typehandlers:TypeMatcher.lookup('ns3::CallbackBase const &')
DEBUG:pybindgen.typehandlers:try to lookup type handler for 'ns3::CallbackBase const &' => success ((<class 'pybindgen.cppclass.CppClass.__init__.<locals>.ThisClassRefParameter'>, None, <pybindgen.typehandlers.ctypeparser.TypeTraits object at 0x7fadbbbbe048>))
DEBUG:pybindgen.typehandlers:TypeMatcher.lookup('void')
DEBUG:pybindgen.typehandlers:try to lookup type handler for 'void' => success ((<class 'pybindgen.typehandlers.voidtype.VoidReturn'>, None, <pybindgen.typehandlers.ctypeparser.TypeTraits object at 0x7fadbbbbe438>))
DEBUG:pybindgen.typehandlers:TypeMatcher.lookup('ns3::CallbackBase const &')
DEBUG:pybindgen.typehandlers:try to lookup type handler for 'ns3::CallbackBase const &' => success ((<class 'pybindgen.cppclass.CppClass.__init__.<locals>.ThisClassRefParameter'>, None, <pybindgen.typehandlers.ctypeparser.TypeTraits object at 0x7fadbbbbe588>))
DEBUG:pybindgen.typehandlers:TypeMatcher.lookup('std::string')
DEBUG:pybindgen.typehandlers:try to lookup type handler for 'std::string' => success ((<class 'pybindgen.typehandlers.stringtype.StdStringParam'>, None, <pybindgen.typehandlers.ctypeparser.TypeTraits object at 0x7fadbbbbe748>))
DEBUG:pybindgen.typehandlers:TypeMatcher.lookup('void')
DEBUG:pybindgen.typehandlers:try to lookup type handler for 'void' => success ((<class 'pybindgen.typehandlers.voidtype.VoidReturn'>, None, <pybindgen.typehandlers.ctypeparser.TypeTraits object at 0x7fadbbbbea58>))
DEBUG:pybindgen.typehandlers:TypeMatcher.lookup('ns3::CallbackBase const &')
DEBUG:pybindgen.typehandlers:try to lookup type handler for 'ns3::CallbackBase const &' => success ((<class 'pybindgen.cppclass.CppClass.__init__.<locals>.ThisClassRefParameter'>, None, <pybindgen.typehandlers.ctypeparser.TypeTraits object at 0x7fadbbbbeba8>))
DEBUG:pybindgen.typehandlers:TypeMatcher.lookup('ns3::LrWpanMacState')
DEBUG:pybindgen.typehandlers:try to lookup type handler for 'ns3::LrWpanMacState' => success ((<class 'pybindgen.enum.Enum.set_module.<locals>.ThisEnumReturn'>, None, <pybindgen.typehandlers.ctypeparser.TypeTraits object at 0x7fadbbbbef98>))
DEBUG:pybindgen.typehandlers:TypeMatcher.lookup('void')
DEBUG:pybindgen.typehandlers:try to lookup type handler for 'void' => success ((<class 'pybindgen.typehandlers.voidtype.VoidReturn'>, None, <pybindgen.typehandlers.ctypeparser.TypeTraits object at 0x7fadbbbc5358>))
DEBUG:pybindgen.typehandlers:TypeMatcher.lookup('ns3::LrWpanMacState const &')
DEBUG:pybindgen.typehandlers:try to lookup type handler for 'ns3::LrWpanMacState const &' => success ((<class 'pybindgen.enum.Enum.set_module.<locals>.ThisEnumRefParameter'>, None, <pybindgen.typehandlers.ctypeparser.TypeTraits object at 0x7fadbbbc54a8>))
DEBUG:pybindgen.typehandlers:TypeMatcher.lookup('ns3::TracedValue< ns3::LrWpanPhyEnumeration > const &')
DEBUG:pybindgen.typehandlers:try to lookup type handler for 'ns3::TracedValue< ns3::LrWpanPhyEnumeration > const &' => success ((<class 'pybindgen.cppclass.CppClass.__init__.<locals>.ThisClassRefParameter'>, None, <pybindgen.typehandlers.ctypeparser.TypeTraits object at 0x7fadbbbc5ac8>))
DEBUG:pybindgen.typehandlers:TypeMatcher.lookup('ns3::LrWpanPhyEnumeration const &')
DEBUG:pybindgen.typehandlers:try to lookup type handler for 'ns3::LrWpanPhyEnumeration const &' => success ((<class 'pybindgen.enum.Enum.set_module.<locals>.ThisEnumRefParameter'>, None, <pybindgen.typehandlers.ctypeparser.TypeTraits object at 0x7fadbbbc5f60>))
DEBUG:pybindgen.typehandlers:TypeMatcher.lookup('void')
DEBUG:pybindgen.typehandlers:try to lookup type handler for 'void' => success ((<class 'pybindgen.typehandlers.voidtype.VoidReturn'>, None, <pybindgen.typehandlers.ctypeparser.TypeTraits object at 0x7fadbbbcc2e8>))
DEBUG:pybindgen.typehandlers:TypeMatcher.lookup('ns3::CallbackBase const &')
DEBUG:pybindgen.typehandlers:try to lookup type handler for 'ns3::CallbackBase const &' => success ((<class 'pybindgen.cppclass.CppClass.__init__.<locals>.ThisClassRefParameter'>, None, <pybindgen.typehandlers.ctypeparser.TypeTraits object at 0x7fadbbbcc438>))
DEBUG:pybindgen.typehandlers:TypeMatcher.lookup('std::string')
DEBUG:pybindgen.typehandlers:try to lookup type handler for 'std::string' => success ((<class 'pybindgen.typehandlers.stringtype.StdStringParam'>, None, <pybindgen.typehandlers.ctypeparser.TypeTraits object at 0x7fadbbbcc5f8>))
DEBUG:pybindgen.typehandlers:TypeMatcher.lookup('void')
DEBUG:pybindgen.typehandlers:try to lookup type handler for 'void' => success ((<class 'pybindgen.typehandlers.voidtype.VoidReturn'>, None, <pybindgen.typehandlers.ctypeparser.TypeTraits object at 0x7fadbbbcc908>))
DEBUG:pybindgen.typehandlers:TypeMatcher.lookup('ns3::CallbackBase const &')
DEBUG:pybindgen.typehandlers:try to lookup type handler for 'ns3::CallbackBase const &' => success ((<class 'pybindgen.cppclass.CppClass.__init__.<locals>.ThisClassRefParameter'>, None, <pybindgen.typehandlers.ctypeparser.TypeTraits object at 0x7fadbbbcca58>))
DEBUG:pybindgen.typehandlers:TypeMatcher.lookup('void')
DEBUG:pybindgen.typehandlers:try to lookup type handler for 'void' => success ((<class 'pybindgen.typehandlers.voidtype.VoidReturn'>, None, <pybindgen.typehandlers.ctypeparser.TypeTraits object at 0x7fadbbbcce48>))
DEBUG:pybindgen.typehandlers:TypeMatcher.lookup('ns3::CallbackBase const &')
DEBUG:pybindgen.typehandlers:try to lookup type handler for 'ns3::CallbackBase const &' => success ((<class 'pybindgen.cppclass.CppClass.__init__.<locals>.ThisClassRefParameter'>, None, <pybindgen.typehandlers.ctypeparser.TypeTraits object at 0x7fadbbbccf98>))
DEBUG:pybindgen.typehandlers:TypeMatcher.lookup('std::string')
DEBUG:pybindgen.typehandlers:try to lookup type handler for 'std::string' => success ((<class 'pybindgen.typehandlers.stringtype.StdStringParam'>, None, <pybindgen.typehandlers.ctypeparser.TypeTraits object at 0x7fadbbbd2198>))
DEBUG:pybindgen.typehandlers:TypeMatcher.lookup('void')
DEBUG:pybindgen.typehandlers:try to lookup type handler for 'void' => success ((<class 'pybindgen.typehandlers.voidtype.VoidReturn'>, None, <pybindgen.typehandlers.ctypeparser.TypeTraits object at 0x7fadbbbd24a8>))
DEBUG:pybindgen.typehandlers:TypeMatcher.lookup('ns3::CallbackBase const &')
DEBUG:pybindgen.typehandlers:try to lookup type handler for 'ns3::CallbackBase const &' => success ((<class 'pybindgen.cppclass.CppClass.__init__.<locals>.ThisClassRefParameter'>, None, <pybindgen.typehandlers.ctypeparser.TypeTraits object at 0x7fadbbbd25f8>))
DEBUG:pybindgen.typehandlers:TypeMatcher.lookup('ns3::LrWpanPhyEnumeration')
DEBUG:pybindgen.typehandlers:try to lookup type handler for 'ns3::LrWpanPhyEnumeration' => success ((<class 'pybindgen.enum.Enum.set_module.<locals>.ThisEnumReturn'>, None, <pybindgen.typehandlers.ctypeparser.TypeTraits object at 0x7fadbbbd29e8>))
DEBUG:pybindgen.typehandlers:TypeMatcher.lookup('void')
DEBUG:pybindgen.typehandlers:try to lookup type handler for 'void' => success ((<class 'pybindgen.typehandlers.voidtype.VoidReturn'>, None, <pybindgen.typehandlers.ctypeparser.TypeTraits object at 0x7fadbbbd2d68>))
DEBUG:pybindgen.typehandlers:TypeMatcher.lookup('ns3::LrWpanPhyEnumeration const &')
DEBUG:pybindgen.typehandlers:try to lookup type handler for 'ns3::LrWpanPhyEnumeration const &' => success ((<class 'pybindgen.enum.Enum.set_module.<locals>.ThisEnumRefParameter'>, None, <pybindgen.typehandlers.ctypeparser.TypeTraits object at 0x7fadbbbd2eb8>))
DEBUG:pybindgen.typehandlers:TypeMatcher.lookup('ns3::TracedValue< ns3::SuperframeStatus > const &')
DEBUG:pybindgen.typehandlers:try to lookup type handler for 'ns3::TracedValue< ns3::SuperframeStatus > const &' => success ((<class 'pybindgen.cppclass.CppClass.__init__.<locals>.ThisClassRefParameter'>, None, <pybindgen.typehandlers.ctypeparser.TypeTraits object at 0x7fadbbb59518>))
DEBUG:pybindgen.typehandlers:TypeMatcher.lookup('ns3::SuperframeStatus const &')
DEBUG:pybindgen.typehandlers:try to lookup type handler for 'ns3::SuperframeStatus const &' => success ((<class 'pybindgen.enum.Enum.set_module.<locals>.ThisEnumRefParameter'>, None, <pybindgen.typehandlers.ctypeparser.TypeTraits object at 0x7fadbbb599b0>))
DEBUG:pybindgen.typehandlers:TypeMatcher.lookup('ns3::TracedValue< ns3::SuperframeStatus > const &')
DEBUG:pybindgen.typehandlers:try to lookup type handler for 'ns3::TracedValue< ns3::SuperframeStatus > const &' => success ((<class 'pybindgen.cppclass.CppClass.__init__.<locals>.ThisClassRefParameter'>, None, <pybindgen.typehandlers.ctypeparser.TypeTraits object at 0x7fadbbb59d30>))
DEBUG:pybindgen.typehandlers:TypeMatcher.lookup('ns3::TracedValue< ns3::SuperframeStatus > const &')
DEBUG:pybindgen.typehandlers:try to lookup type handler for 'ns3::TracedValue< ns3::SuperframeStatus > const &' => success ((<class 'pybindgen.cppclass.CppClass.__init__.<locals>.ThisClassRefParameter'>, None, <pybindgen.typehandlers.ctypeparser.TypeTraits object at 0x7fadbbb60208>))
DEBUG:pybindgen.typehandlers:TypeMatcher.lookup('void')
DEBUG:pybindgen.typehandlers:try to lookup type handler for 'void' => success ((<class 'pybindgen.typehandlers.voidtype.VoidReturn'>, None, <pybindgen.typehandlers.ctypeparser.TypeTraits object at 0x7fadbbb60668>))
DEBUG:pybindgen.typehandlers:TypeMatcher.lookup('ns3::CallbackBase const &')
DEBUG:pybindgen.typehandlers:try to lookup type handler for 'ns3::CallbackBase const &' => success ((<class 'pybindgen.cppclass.CppClass.__init__.<locals>.ThisClassRefParameter'>, None, <pybindgen.typehandlers.ctypeparser.TypeTraits object at 0x7fadbbb607b8>))
DEBUG:pybindgen.typehandlers:TypeMatcher.lookup('std::string')
DEBUG:pybindgen.typehandlers:try to lookup type handler for 'std::string' => success ((<class 'pybindgen.typehandlers.stringtype.StdStringParam'>, None, <pybindgen.typehandlers.ctypeparser.TypeTraits object at 0x7fadbbb60978>))
DEBUG:pybindgen.typehandlers:TypeMatcher.lookup('void')
DEBUG:pybindgen.typehandlers:try to lookup type handler for 'void' => success ((<class 'pybindgen.typehandlers.voidtype.VoidReturn'>, None, <pybindgen.typehandlers.ctypeparser.TypeTraits object at 0x7fadbbb60c88>))
DEBUG:pybindgen.typehandlers:TypeMatcher.lookup('ns3::CallbackBase const &')
DEBUG:pybindgen.typehandlers:try to lookup type handler for 'ns3::CallbackBase const &' => success ((<class 'pybindgen.cppclass.CppClass.__init__.<locals>.ThisClassRefParameter'>, None, <pybindgen.typehandlers.ctypeparser.TypeTraits object at 0x7fadbbb60dd8>))
DEBUG:pybindgen.typehandlers:TypeMatcher.lookup('void')
DEBUG:pybindgen.typehandlers:try to lookup type handler for 'void' => success ((<class 'pybindgen.typehandlers.voidtype.VoidReturn'>, None, <pybindgen.typehandlers.ctypeparser.TypeTraits object at 0x7fadbbb67208>))
DEBUG:pybindgen.typehandlers:TypeMatcher.lookup('ns3::CallbackBase const &')
DEBUG:pybindgen.typehandlers:try to lookup type handler for 'ns3::CallbackBase const &' => success ((<class 'pybindgen.cppclass.CppClass.__init__.<locals>.ThisClassRefParameter'>, None, <pybindgen.typehandlers.ctypeparser.TypeTraits object at 0x7fadbbb67358>))
DEBUG:pybindgen.typehandlers:TypeMatcher.lookup('std::string')
DEBUG:pybindgen.typehandlers:try to lookup type handler for 'std::string' => success ((<class 'pybindgen.typehandlers.stringtype.StdStringParam'>, None, <pybindgen.typehandlers.ctypeparser.TypeTraits object at 0x7fadbbb67518>))
DEBUG:pybindgen.typehandlers:TypeMatcher.lookup('void')
DEBUG:pybindgen.typehandlers:try to lookup type handler for 'void' => success ((<class 'pybindgen.typehandlers.voidtype.VoidReturn'>, None, <pybindgen.typehandlers.ctypeparser.TypeTraits object at 0x7fadbc1c3dd8>))
DEBUG:pybindgen.typehandlers:TypeMatcher.lookup('ns3::CallbackBase const &')
DEBUG:pybindgen.typehandlers:try to lookup type handler for 'ns3::CallbackBase const &' => success ((<class 'pybindgen.cppclass.CppClass.__init__.<locals>.ThisClassRefParameter'>, None, <pybindgen.typehandlers.ctypeparser.TypeTraits object at 0x7fadbbb676d8>))
DEBUG:pybindgen.typehandlers:TypeMatcher.lookup('ns3::SuperframeStatus')
DEBUG:pybindgen.typehandlers:try to lookup type handler for 'ns3::SuperframeStatus' => success ((<class 'pybindgen.enum.Enum.set_module.<locals>.ThisEnumReturn'>, None, <pybindgen.typehandlers.ctypeparser.TypeTraits object at 0x7fadbbb67ac8>))
DEBUG:pybindgen.typehandlers:TypeMatcher.lookup('void')
DEBUG:pybindgen.typehandlers:try to lookup type handler for 'void' => success ((<class 'pybindgen.typehandlers.voidtype.VoidReturn'>, None, <pybindgen.typehandlers.ctypeparser.TypeTraits object at 0x7fadbbb67e48>))
DEBUG:pybindgen.typehandlers:TypeMatcher.lookup('ns3::SuperframeStatus const &')
DEBUG:pybindgen.typehandlers:try to lookup type handler for 'ns3::SuperframeStatus const &' => success ((<class 'pybindgen.enum.Enum.set_module.<locals>.ThisEnumRefParameter'>, None, <pybindgen.typehandlers.ctypeparser.TypeTraits object at 0x7fadbbb67f98>))
DEBUG:pybindgen.typehandlers:TypeMatcher.lookup('char const *')
DEBUG:pybindgen.typehandlers:try to lookup type handler for 'char const *' => success ((<class 'pybindgen.typehandlers.stringtype.CStringParam'>, None, <pybindgen.typehandlers.ctypeparser.TypeTraits object at 0x7fadbbb71390>))
DEBUG:pybindgen.typehandlers:TypeMatcher.lookup('ns3::TypeId const &')
DEBUG:pybindgen.typehandlers:try to lookup type handler for 'ns3::TypeId const &' => success ((<class 'pybindgen.cppclass.CppClass.__init__.<locals>.ThisClassRefParameter'>, None, <pybindgen.typehandlers.ctypeparser.TypeTraits object at 0x7fadbbb71a20>))
DEBUG:pybindgen.typehandlers:TypeMatcher.lookup('ns3::TypeId')
DEBUG:pybindgen.typehandlers:try to lookup type handler for 'ns3::TypeId' => success ((<class 'pybindgen.cppclass.CppClass.__init__.<locals>.ThisClassReturn'>, None, <pybindgen.typehandlers.ctypeparser.TypeTraits object at 0x7fadbbb71e10>))
DEBUG:pybindgen.typehandlers:TypeMatcher.lookup('std::string')
DEBUG:pybindgen.typehandlers:try to lookup type handler for 'std::string' => success ((<class 'pybindgen.typehandlers.stringtype.StdStringParam'>, None, <pybindgen.typehandlers.ctypeparser.TypeTraits object at 0x7fadbbb71f28>))
DEBUG:pybindgen.typehandlers:TypeMatcher.lookup('std::string')
DEBUG:pybindgen.typehandlers:try to lookup type handler for 'std::string' => success ((<class 'pybindgen.typehandlers.stringtype.StdStringParam'>, None, <pybindgen.typehandlers.ctypeparser.TypeTraits object at 0x7fadbbb75048>))
DEBUG:pybindgen.typehandlers:TypeMatcher.lookup('ns3::AttributeValue const &')
DEBUG:pybindgen.typehandlers:try to lookup type handler for 'ns3::AttributeValue const &' => success ((<class 'pybindgen.cppclass.CppClass.__init__.<locals>.ThisClassRefParameter'>, None, <pybindgen.typehandlers.ctypeparser.TypeTraits object at 0x7fadbbb750f0>))
DEBUG:pybindgen.typehandlers:TypeMatcher.lookup('ns3::Ptr< ns3::AttributeAccessor const >')
DEBUG:pybindgen.typehandlers:try to lookup type handler for 'ns3::Ptr< ns3::AttributeAccessor const >' => failure
DEBUG:pybindgen.typehandlers:try to lookup type handler for 'ns3::AttributeAccessor *' => success ((<class 'pybindgen.cppclass.MemoryPolicy.register_ptr_parameter_and_return.<locals>.ThisClassPtrParameter'>, <ns3modulegen_core_customizations.SmartPointerTransformation object at 0x7fadbc4dbac8>, <pybindgen.typehandlers.ctypeparser.TypeTraits object at 0x7fadbbb75518>))
DEBUG:pybindgen.typehandlers:TypeMatcher.lookup('ns3::Ptr< ns3::AttributeChecker const >')
DEBUG:pybindgen.typehandlers:try to lookup type handler for 'ns3::Ptr< ns3::AttributeChecker const >' => failure
DEBUG:pybindgen.typehandlers:try to lookup type handler for 'ns3::AttributeChecker *' => success ((<class 'pybindgen.cppclass.MemoryPolicy.register_ptr_parameter_and_return.<locals>.ThisClassPtrParameter'>, <ns3modulegen_core_customizations.SmartPointerTransformation object at 0x7fadbc4dbac8>, <pybindgen.typehandlers.ctypeparser.TypeTraits object at 0x7fadbbb75780>))
DEBUG:pybindgen.typehandlers:TypeMatcher.lookup('ns3::TypeId::SupportLevel')
DEBUG:pybindgen.typehandlers:try to lookup type handler for 'ns3::TypeId::SupportLevel' => success ((<class 'pybindgen.enum.Enum.set_module.<locals>.ThisEnumParameter'>, None, <pybindgen.typehandlers.ctypeparser.TypeTraits object at 0x7fadbbb75780>))
DEBUG:pybindgen.typehandlers:TypeMatcher.lookup('std::string const &')
DEBUG:pybindgen.typehandlers:try to lookup type handler for 'std::string const &' => success ((<class 'pybindgen.typehandlers.stringtype.StdStringRefParam'>, None, <pybindgen.typehandlers.ctypeparser.TypeTraits object at 0x7fadbbb75780>))
DEBUG:pybindgen.typehandlers:TypeMatcher.lookup('ns3::TypeId')
DEBUG:pybindgen.typehandlers:try to lookup type handler for 'ns3::TypeId' => success ((<class 'pybindgen.cppclass.CppClass.__init__.<locals>.ThisClassReturn'>, None, <pybindgen.typehandlers.ctypeparser.TypeTraits object at 0x7fadbbb75c18>))
DEBUG:pybindgen.typehandlers:TypeMatcher.lookup('std::string')
DEBUG:pybindgen.typehandlers:try to lookup type handler for 'std::string' => success ((<class 'pybindgen.typehandlers.stringtype.StdStringParam'>, None, <pybindgen.typehandlers.ctypeparser.TypeTraits object at 0x7fadbbb75d30>))
DEBUG:pybindgen.typehandlers:TypeMatcher.lookup('std::string')
DEBUG:pybindgen.typehandlers:try to lookup type handler for 'std::string' => success ((<class 'pybindgen.typehandlers.stringtype.StdStringParam'>, None, <pybindgen.typehandlers.ctypeparser.TypeTraits object at 0x7fadbbb75dd8>))
DEBUG:pybindgen.typehandlers:TypeMatcher.lookup('uint32_t')
DEBUG:pybindgen.typehandlers:try to lookup type handler for 'uint32_t' => success ((<class 'pybindgen.typehandlers.inttype.UnsignedIntParam'>, None, <pybindgen.typehandlers.ctypeparser.TypeTraits object at 0x7fadbbb75eb8>))
DEBUG:pybindgen.typehandlers:TypeMatcher.lookup('ns3::AttributeValue const &')
DEBUG:pybindgen.typehandlers:try to lookup type handler for 'ns3::AttributeValue const &' => success ((<class 'pybindgen.cppclass.CppClass.__init__.<locals>.ThisClassRefParameter'>, None, <pybindgen.typehandlers.ctypeparser.TypeTraits object at 0x7fadbbb75f98>))
DEBUG:pybindgen.typehandlers:TypeMatcher.lookup('ns3::Ptr< ns3::AttributeAccessor const >')
DEBUG:pybindgen.typehandlers:try to lookup type handler for 'ns3::Ptr< ns3::AttributeAccessor const >' => failure
DEBUG:pybindgen.typehandlers:try to lookup type handler for 'ns3::AttributeAccessor *' => success ((<class 'pybindgen.cppclass.MemoryPolicy.register_ptr_parameter_and_return.<locals>.ThisClassPtrParameter'>, <ns3modulegen_core_customizations.SmartPointerTransformation object at 0x7fadbc4dbac8>, <pybindgen.typehandlers.ctypeparser.TypeTraits object at 0x7fadbbb7b400>))
DEBUG:pybindgen.typehandlers:TypeMatcher.lookup('ns3::Ptr< ns3::AttributeChecker const >')
DEBUG:pybindgen.typehandlers:try to lookup type handler for 'ns3::Ptr< ns3::AttributeChecker const >' => failure
DEBUG:pybindgen.typehandlers:try to lookup type handler for 'ns3::AttributeChecker *' => success ((<class 'pybindgen.cppclass.MemoryPolicy.register_ptr_parameter_and_return.<locals>.ThisClassPtrParameter'>, <ns3modulegen_core_customizations.SmartPointerTransformation object at 0x7fadbc4dbac8>, <pybindgen.typehandlers.ctypeparser.TypeTraits object at 0x7fadbbb7b668>))
DEBUG:pybindgen.typehandlers:TypeMatcher.lookup('ns3::TypeId::SupportLevel')
DEBUG:pybindgen.typehandlers:try to lookup type handler for 'ns3::TypeId::SupportLevel' => success ((<class 'pybindgen.enum.Enum.set_module.<locals>.ThisEnumParameter'>, None, <pybindgen.typehandlers.ctypeparser.TypeTraits object at 0x7fadbbb7b668>))
DEBUG:pybindgen.typehandlers:TypeMatcher.lookup('std::string const &')
DEBUG:pybindgen.typehandlers:try to lookup type handler for 'std::string const &' => success ((<class 'pybindgen.typehandlers.stringtype.StdStringRefParam'>, None, <pybindgen.typehandlers.ctypeparser.TypeTraits object at 0x7fadbbb7b668>))
DEBUG:pybindgen.typehandlers:TypeMatcher.lookup('ns3::TypeId')
DEBUG:pybindgen.typehandlers:try to lookup type handler for 'ns3::TypeId' => success ((<class 'pybindgen.cppclass.CppClass.__init__.<locals>.ThisClassReturn'>, None, <pybindgen.typehandlers.ctypeparser.TypeTraits object at 0x7fadbbb7bb00>))
DEBUG:pybindgen.typehandlers:TypeMatcher.lookup('std::string')
DEBUG:pybindgen.typehandlers:try to lookup type handler for 'std::string' => success ((<class 'pybindgen.typehandlers.stringtype.StdStringParam'>, None, <pybindgen.typehandlers.ctypeparser.TypeTraits object at 0x7fadbbb7bc18>))
DEBUG:pybindgen.typehandlers:TypeMatcher.lookup('std::string')
DEBUG:pybindgen.typehandlers:try to lookup type handler for 'std::string' => success ((<class 'pybindgen.typehandlers.stringtype.StdStringParam'>, None, <pybindgen.typehandlers.ctypeparser.TypeTraits object at 0x7fadbbb7bcc0>))
DEBUG:pybindgen.typehandlers:TypeMatcher.lookup('ns3::Ptr< ns3::TraceSourceAccessor const >')
DEBUG:pybindgen.typehandlers:try to lookup type handler for 'ns3::Ptr< ns3::TraceSourceAccessor const >' => failure
DEBUG:pybindgen.typehandlers:try to lookup type handler for 'ns3::TraceSourceAccessor *' => success ((<class 'pybindgen.cppclass.MemoryPolicy.register_ptr_parameter_and_return.<locals>.ThisClassPtrParameter'>, <ns3modulegen_core_customizations.SmartPointerTransformation object at 0x7fadbc4dbac8>, <pybindgen.typehandlers.ctypeparser.TypeTraits object at 0x7fadbbb80080>))
DEBUG:pybindgen.typehandlers:TypeMatcher.lookup('std::string')
DEBUG:pybindgen.typehandlers:try to lookup type handler for 'std::string' => success ((<class 'pybindgen.typehandlers.stringtype.StdStringParam'>, None, <pybindgen.typehandlers.ctypeparser.TypeTraits object at 0x7fadbbb80080>))
DEBUG:pybindgen.typehandlers:TypeMatcher.lookup('ns3::TypeId::SupportLevel')
DEBUG:pybindgen.typehandlers:try to lookup type handler for 'ns3::TypeId::SupportLevel' => success ((<class 'pybindgen.enum.Enum.set_module.<locals>.ThisEnumParameter'>, None, <pybindgen.typehandlers.ctypeparser.TypeTraits object at 0x7fadbbb80128>))
DEBUG:pybindgen.typehandlers:TypeMatcher.lookup('std::string const &')
DEBUG:pybindgen.typehandlers:try to lookup type handler for 'std::string const &' => success ((<class 'pybindgen.typehandlers.stringtype.StdStringRefParam'>, None, <pybindgen.typehandlers.ctypeparser.TypeTraits object at 0x7fadbbb80128>))
DEBUG:pybindgen.typehandlers:TypeMatcher.lookup('ns3::TypeId::AttributeInformation')
DEBUG:pybindgen.typehandlers:try to lookup type handler for 'ns3::TypeId::AttributeInformation' => success ((<class 'pybindgen.cppclass.CppClass.__init__.<locals>.ThisClassReturn'>, None, <pybindgen.typehandlers.ctypeparser.TypeTraits object at 0x7fadbbb80630>))
DEBUG:pybindgen.typehandlers:TypeMatcher.lookup('std::size_t')
DEBUG:pybindgen.typehandlers:try to lookup type handler for 'std::size_t' => success ((<class 'pybindgen.typehandlers.inttype.SizeTParam'>, None, <pybindgen.typehandlers.ctypeparser.TypeTraits object at 0x7fadbbb80748>))
DEBUG:pybindgen.typehandlers:TypeMatcher.lookup('std::string')
DEBUG:pybindgen.typehandlers:try to lookup type handler for 'std::string' => success ((<class 'pybindgen.typehandlers.stringtype.StdStringReturn'>, None, <pybindgen.typehandlers.ctypeparser.TypeTraits object at 0x7fadbbb80a90>))
DEBUG:pybindgen.typehandlers:TypeMatcher.lookup('std::size_t')
DEBUG:pybindgen.typehandlers:try to lookup type handler for 'std::size_t' => success ((<class 'pybindgen.typehandlers.inttype.SizeTParam'>, None, <pybindgen.typehandlers.ctypeparser.TypeTraits object at 0x7fadbbb80ba8>))
DEBUG:pybindgen.typehandlers:TypeMatcher.lookup('std::size_t')
DEBUG:pybindgen.typehandlers:try to lookup type handler for 'std::size_t' => success ((<class 'pybindgen.typehandlers.inttype.SizeTReturn'>, None, <pybindgen.typehandlers.ctypeparser.TypeTraits object at 0x7fadbbb80ef0>))
DEBUG:pybindgen.typehandlers:TypeMatcher.lookup('ns3::Callback< ns3::ObjectBase *, ns3::empty, ns3::empty, ns3::empty, ns3::empty, ns3::empty, ns3::empty, ns3::empty, ns3::empty, ns3::empty >')
DEBUG:pybindgen.typehandlers:try to lookup type handler for 'ns3::Callback< ns3::ObjectBase *, ns3::empty, ns3::empty, ns3::empty, ns3::empty, ns3::empty, ns3::empty, ns3::empty, ns3::empty, ns3::empty >' => failure
'ns3::Callback< ns3::ObjectBase *, ns3::empty, ns3::empty, ns3::empty, ns3::empty, ns3::empty, ns3::empty, ns3::empty, ns3::empty, ns3::empty >' did not match
/home/cs18/tarballs/ns-allinone-3.34/ns-3.34/src/lr-wpan/bindings/modulegen__gcc_LP64.py:4127: Warning: exception TypeLookupError(['ns3::Callback< ns3::ObjectBase *, ns3::empty, ns3::empty, ns3::empty, ns3::empty, ns3::empty, ns3::empty, ns3::empty, ns3::empty, ns3::empty >'],) in wrapper public: retval? ???::GetConstructor (params?) const;
  is_const=True)
DEBUG:pybindgen.typehandlers:TypeMatcher.lookup('std::string')
DEBUG:pybindgen.typehandlers:try to lookup type handler for 'std::string' => success ((<class 'pybindgen.typehandlers.stringtype.StdStringReturn'>, None, <pybindgen.typehandlers.ctypeparser.TypeTraits object at 0x7fadbbb87828>))
DEBUG:pybindgen.typehandlers:TypeMatcher.lookup('ns3::TypeId::hash_t')
DEBUG:pybindgen.typehandlers:try to lookup type handler for 'ns3::TypeId::hash_t' => success ((<class 'pybindgen.typehandlers.inttype.UnsignedIntReturn'>, None, <pybindgen.typehandlers.ctypeparser.TypeTraits object at 0x7fadbbb87c88>))
DEBUG:pybindgen.typehandlers:TypeMatcher.lookup('std::string')
DEBUG:pybindgen.typehandlers:try to lookup type handler for 'std::string' => success ((<class 'pybindgen.typehandlers.stringtype.StdStringReturn'>, None, <pybindgen.typehandlers.ctypeparser.TypeTraits object at 0x7fadbbb8c048>))
DEBUG:pybindgen.typehandlers:TypeMatcher.lookup('ns3::TypeId')
DEBUG:pybindgen.typehandlers:try to lookup type handler for 'ns3::TypeId' => success ((<class 'pybindgen.cppclass.CppClass.__init__.<locals>.ThisClassReturn'>, None, <pybindgen.typehandlers.ctypeparser.TypeTraits object at 0x7fadbbb8c3c8>))
DEBUG:pybindgen.typehandlers:TypeMatcher.lookup('ns3::TypeId')
DEBUG:pybindgen.typehandlers:try to lookup type handler for 'ns3::TypeId' => success ((<class 'pybindgen.cppclass.CppClass.__init__.<locals>.ThisClassReturn'>, None, <pybindgen.typehandlers.ctypeparser.TypeTraits object at 0x7fadbbb8c748>))
DEBUG:pybindgen.typehandlers:TypeMatcher.lookup('uint16_t')
DEBUG:pybindgen.typehandlers:try to lookup type handler for 'uint16_t' => success ((<class 'pybindgen.typehandlers.inttype.UInt16Param'>, None, <pybindgen.typehandlers.ctypeparser.TypeTraits object at 0x7fadbbb8c860>))
DEBUG:pybindgen.typehandlers:TypeMatcher.lookup('uint16_t')
DEBUG:pybindgen.typehandlers:try to lookup type handler for 'uint16_t' => success ((<class 'pybindgen.typehandlers.inttype.UInt16Return'>, None, <pybindgen.typehandlers.ctypeparser.TypeTraits object at 0x7fadbbb8cba8>))
DEBUG:pybindgen.typehandlers:TypeMatcher.lookup('std::size_t')
DEBUG:pybindgen.typehandlers:try to lookup type handler for 'std::size_t' => success ((<class 'pybindgen.typehandlers.inttype.SizeTReturn'>, None, <pybindgen.typehandlers.ctypeparser.TypeTraits object at 0x7fadbbb8cf28>))
DEBUG:pybindgen.typehandlers:TypeMatcher.lookup('ns3::TypeId::TraceSourceInformation')
DEBUG:pybindgen.typehandlers:try to lookup type handler for 'ns3::TypeId::TraceSourceInformation' => success ((<class 'pybindgen.cppclass.CppClass.__init__.<locals>.ThisClassReturn'>, None, <pybindgen.typehandlers.ctypeparser.TypeTraits object at 0x7fadbbb922e8>))
DEBUG:pybindgen.typehandlers:TypeMatcher.lookup('std::size_t')
DEBUG:pybindgen.typehandlers:try to lookup type handler for 'std::size_t' => success ((<class 'pybindgen.typehandlers.inttype.SizeTParam'>, None, <pybindgen.typehandlers.ctypeparser.TypeTraits object at 0x7fadbbb92400>))
DEBUG:pybindgen.typehandlers:TypeMatcher.lookup('std::size_t')
DEBUG:pybindgen.typehandlers:try to lookup type handler for 'std::size_t' => success ((<class 'pybindgen.typehandlers.inttype.SizeTReturn'>, None, <pybindgen.typehandlers.ctypeparser.TypeTraits object at 0x7fadbbb92748>))
DEBUG:pybindgen.typehandlers:TypeMatcher.lookup('uint16_t')
DEBUG:pybindgen.typehandlers:try to lookup type handler for 'uint16_t' => success ((<class 'pybindgen.typehandlers.inttype.UInt16Return'>, None, <pybindgen.typehandlers.ctypeparser.TypeTraits object at 0x7fadbbb92ac8>))
DEBUG:pybindgen.typehandlers:TypeMatcher.lookup('bool')
DEBUG:pybindgen.typehandlers:try to lookup type handler for 'bool' => success ((<class 'pybindgen.typehandlers.booltype.BoolReturn'>, None, <pybindgen.typehandlers.ctypeparser.TypeTraits object at 0x7fadbbb92e48>))
DEBUG:pybindgen.typehandlers:TypeMatcher.lookup('bool')
DEBUG:pybindgen.typehandlers:try to lookup type handler for 'bool' => success ((<class 'pybindgen.typehandlers.booltype.BoolReturn'>, None, <pybindgen.typehandlers.ctypeparser.TypeTraits object at 0x7fadbbb1b240>))
DEBUG:pybindgen.typehandlers:TypeMatcher.lookup('ns3::TypeId')
DEBUG:pybindgen.typehandlers:try to lookup type handler for 'ns3::TypeId' => success ((<class 'pybindgen.cppclass.CppClass.__init__.<locals>.ThisClassReturn'>, None, <pybindgen.typehandlers.ctypeparser.TypeTraits object at 0x7fadbbb1b5f8>))
DEBUG:pybindgen.typehandlers:TypeMatcher.lookup('bool')
DEBUG:pybindgen.typehandlers:try to lookup type handler for 'bool' => success ((<class 'pybindgen.typehandlers.booltype.BoolReturn'>, None, <pybindgen.typehandlers.ctypeparser.TypeTraits object at 0x7fadbbb1b9b0>))
DEBUG:pybindgen.typehandlers:TypeMatcher.lookup('ns3::TypeId')
DEBUG:pybindgen.typehandlers:try to lookup type handler for 'ns3::TypeId' => success ((<class 'pybindgen.cppclass.CppClass.__init__.<locals>.ThisClassParameter'>, None, <pybindgen.typehandlers.ctypeparser.TypeTraits object at 0x7fadbbb1bb00>))
DEBUG:pybindgen.typehandlers:TypeMatcher.lookup('bool')
DEBUG:pybindgen.typehandlers:try to lookup type handler for 'bool' => success ((<class 'pybindgen.typehandlers.booltype.BoolReturn'>, None, <pybindgen.typehandlers.ctypeparser.TypeTraits object at 0x7fadbbb1be48>))
DEBUG:pybindgen.typehandlers:TypeMatcher.lookup('std::string')
DEBUG:pybindgen.typehandlers:try to lookup type handler for 'std::string' => success ((<class 'pybindgen.typehandlers.stringtype.StdStringParam'>, None, <pybindgen.typehandlers.ctypeparser.TypeTraits object at 0x7fadbbb1bf98>))
DEBUG:pybindgen.typehandlers:TypeMatcher.lookup('ns3::TypeId::AttributeInformation *')
DEBUG:pybindgen.typehandlers:try to lookup type handler for 'ns3::TypeId::AttributeInformation *' => success ((<class 'pybindgen.cppclass.CppClass.__init__.<locals>.ThisClassPtrParameter'>, None, <pybindgen.typehandlers.ctypeparser.TypeTraits object at 0x7fadbbb24080>))
DEBUG:pybindgen.typehandlers:TypeMatcher.lookup('ns3::TypeId')
DEBUG:pybindgen.typehandlers:try to lookup type handler for 'ns3::TypeId' => success ((<class 'pybindgen.cppclass.CppClass.__init__.<locals>.ThisClassReturn'>, None, <pybindgen.typehandlers.ctypeparser.TypeTraits object at 0x7fadbbb24438>))
DEBUG:pybindgen.typehandlers:TypeMatcher.lookup('uint32_t')
DEBUG:pybindgen.typehandlers:try to lookup type handler for 'uint32_t' => success ((<class 'pybindgen.typehandlers.inttype.UnsignedIntParam'>, None, <pybindgen.typehandlers.ctypeparser.TypeTraits object at 0x7fadbbb24550>))
DEBUG:pybindgen.typehandlers:TypeMatcher.lookup('bool')
DEBUG:pybindgen.typehandlers:try to lookup type handler for 'bool' => success ((<class 'pybindgen.typehandlers.booltype.BoolReturn'>, None, <pybindgen.typehandlers.ctypeparser.TypeTraits object at 0x7fadbbb24898>))
DEBUG:pybindgen.typehandlers:TypeMatcher.lookup('uint32_t')
DEBUG:pybindgen.typehandlers:try to lookup type handler for 'uint32_t' => success ((<class 'pybindgen.typehandlers.inttype.UnsignedIntParam'>, None, <pybindgen.typehandlers.ctypeparser.TypeTraits object at 0x7fadbbb249e8>))
DEBUG:pybindgen.typehandlers:TypeMatcher.lookup('ns3::TypeId *')
DEBUG:pybindgen.typehandlers:try to lookup type handler for 'ns3::TypeId *' => success ((<class 'pybindgen.cppclass.CppClass.__init__.<locals>.ThisClassPtrParameter'>, None, <pybindgen.typehandlers.ctypeparser.TypeTraits object at 0x7fadbbb24a90>))
/home/cs18/tarballs/ns-allinone-3.34/ns-3.34/src/lr-wpan/bindings/modulegen__gcc_LP64.py:4211: Warning: exception TypeConfigurationError('Missing transfer_ownership option',) in wrapper public: retval? ???::LookupByHashFailSafe (params?);
  is_static=True)
DEBUG:pybindgen.typehandlers:TypeMatcher.lookup('ns3::TypeId')
DEBUG:pybindgen.typehandlers:try to lookup type handler for 'ns3::TypeId' => success ((<class 'pybindgen.cppclass.CppClass.__init__.<locals>.ThisClassReturn'>, None, <pybindgen.typehandlers.ctypeparser.TypeTraits object at 0x7fadbbb24ac8>))
DEBUG:pybindgen.typehandlers:TypeMatcher.lookup('std::string')
DEBUG:pybindgen.typehandlers:try to lookup type handler for 'std::string' => success ((<class 'pybindgen.typehandlers.stringtype.StdStringParam'>, None, <pybindgen.typehandlers.ctypeparser.TypeTraits object at 0x7fadbbb24c88>))
DEBUG:pybindgen.typehandlers:TypeMatcher.lookup('ns3::Ptr< ns3::TraceSourceAccessor const >')
DEBUG:pybindgen.typehandlers:try to lookup type handler for 'ns3::Ptr< ns3::TraceSourceAccessor const >' => failure
DEBUG:pybindgen.typehandlers:try to lookup type handler for 'ns3::TraceSourceAccessor *' => success ((<class 'pybindgen.cppclass.MemoryPolicy.register_ptr_parameter_and_return.<locals>.ThisClassPtrReturn'>, <ns3modulegen_core_customizations.SmartPointerTransformation object at 0x7fadbc4dbac8>, <pybindgen.typehandlers.ctypeparser.TypeTraits object at 0x7fadbbb292e8>))
DEBUG:pybindgen.typehandlers:TypeMatcher.lookup('std::string')
DEBUG:pybindgen.typehandlers:try to lookup type handler for 'std::string' => success ((<class 'pybindgen.typehandlers.stringtype.StdStringParam'>, None, <pybindgen.typehandlers.ctypeparser.TypeTraits object at 0x7fadbbb29278>))
DEBUG:pybindgen.typehandlers:TypeMatcher.lookup('ns3::Ptr< ns3::TraceSourceAccessor const >')
DEBUG:pybindgen.typehandlers:try to lookup type handler for 'ns3::Ptr< ns3::TraceSourceAccessor const >' => failure
DEBUG:pybindgen.typehandlers:try to lookup type handler for 'ns3::TraceSourceAccessor *' => success ((<class 'pybindgen.cppclass.MemoryPolicy.register_ptr_parameter_and_return.<locals>.ThisClassPtrReturn'>, <ns3modulegen_core_customizations.SmartPointerTransformation object at 0x7fadbc4dbac8>, <pybindgen.typehandlers.ctypeparser.TypeTraits object at 0x7fadbbb248d0>))
DEBUG:pybindgen.typehandlers:TypeMatcher.lookup('std::string')
DEBUG:pybindgen.typehandlers:try to lookup type handler for 'std::string' => success ((<class 'pybindgen.typehandlers.stringtype.StdStringParam'>, None, <pybindgen.typehandlers.ctypeparser.TypeTraits object at 0x7fadbbb24940>))
DEBUG:pybindgen.typehandlers:TypeMatcher.lookup('ns3::TypeId::TraceSourceInformation *')
DEBUG:pybindgen.typehandlers:try to lookup type handler for 'ns3::TypeId::TraceSourceInformation *' => success ((<class 'pybindgen.cppclass.CppClass.__init__.<locals>.ThisClassPtrParameter'>, None, <pybindgen.typehandlers.ctypeparser.TypeTraits object at 0x7fadbbb296a0>))
/home/cs18/tarballs/ns-allinone-3.34/ns-3.34/src/lr-wpan/bindings/modulegen__gcc_LP64.py:4226: Warning: exception TypeConfigurationError('Missing transfer_ownership option',) in wrapper public: retval? ???::LookupTraceSourceByName (params?) const;
  is_const=True)
DEBUG:pybindgen.typehandlers:TypeMatcher.lookup('bool')
DEBUG:pybindgen.typehandlers:try to lookup type handler for 'bool' => success ((<class 'pybindgen.typehandlers.booltype.BoolReturn'>, None, <pybindgen.typehandlers.ctypeparser.TypeTraits object at 0x7fadbbb295f8>))
DEBUG:pybindgen.typehandlers:TypeMatcher.lookup('bool')
DEBUG:pybindgen.typehandlers:try to lookup type handler for 'bool' => success ((<class 'pybindgen.typehandlers.booltype.BoolReturn'>, None, <pybindgen.typehandlers.ctypeparser.TypeTraits object at 0x7fadbbb29b38>))
DEBUG:pybindgen.typehandlers:TypeMatcher.lookup('std::size_t')
DEBUG:pybindgen.typehandlers:try to lookup type handler for 'std::size_t' => success ((<class 'pybindgen.typehandlers.inttype.SizeTParam'>, None, <pybindgen.typehandlers.ctypeparser.TypeTraits object at 0x7fadbbb29c88>))
DEBUG:pybindgen.typehandlers:TypeMatcher.lookup('ns3::Ptr< ns3::AttributeValue const >')
DEBUG:pybindgen.typehandlers:try to lookup type handler for 'ns3::Ptr< ns3::AttributeValue const >' => failure
DEBUG:pybindgen.typehandlers:try to lookup type handler for 'ns3::AttributeValue *' => success ((<class 'pybindgen.cppclass.MemoryPolicy.register_ptr_parameter_and_return.<locals>.ThisClassPtrParameter'>, <ns3modulegen_core_customizations.SmartPointerTransformation object at 0x7fadbc4dbac8>, <pybindgen.typehandlers.ctypeparser.TypeTraits object at 0x7fadbbb29f60>))
DEBUG:pybindgen.typehandlers:TypeMatcher.lookup('ns3::TypeId')
DEBUG:pybindgen.typehandlers:try to lookup type handler for 'ns3::TypeId' => success ((<class 'pybindgen.cppclass.CppClass.__init__.<locals>.ThisClassReturn'>, None, <pybindgen.typehandlers.ctypeparser.TypeTraits object at 0x7fadbbb32278>))
DEBUG:pybindgen.typehandlers:TypeMatcher.lookup('std::string')
DEBUG:pybindgen.typehandlers:try to lookup type handler for 'std::string' => success ((<class 'pybindgen.typehandlers.stringtype.StdStringParam'>, None, <pybindgen.typehandlers.ctypeparser.TypeTraits object at 0x7fadbbb32390>))
DEBUG:pybindgen.typehandlers:TypeMatcher.lookup('ns3::TypeId')
DEBUG:pybindgen.typehandlers:try to lookup type handler for 'ns3::TypeId' => success ((<class 'pybindgen.cppclass.CppClass.__init__.<locals>.ThisClassReturn'>, None, <pybindgen.typehandlers.ctypeparser.TypeTraits object at 0x7fadbbb326d8>))
DEBUG:pybindgen.typehandlers:TypeMatcher.lookup('ns3::TypeId')
DEBUG:pybindgen.typehandlers:try to lookup type handler for 'ns3::TypeId' => success ((<class 'pybindgen.cppclass.CppClass.__init__.<locals>.ThisClassParameter'>, None, <pybindgen.typehandlers.ctypeparser.TypeTraits object at 0x7fadbbb327f0>))
DEBUG:pybindgen.typehandlers:TypeMatcher.lookup('ns3::TypeId')
DEBUG:pybindgen.typehandlers:try to lookup type handler for 'ns3::TypeId' => success ((<class 'pybindgen.cppclass.CppClass.__init__.<locals>.ThisClassReturn'>, None, <pybindgen.typehandlers.ctypeparser.TypeTraits object at 0x7fadbbb32b38>))
DEBUG:pybindgen.typehandlers:TypeMatcher.lookup('std::size_t')
DEBUG:pybindgen.typehandlers:try to lookup type handler for 'std::size_t' => success ((<class 'pybindgen.typehandlers.inttype.SizeTParam'>, None, <pybindgen.typehandlers.ctypeparser.TypeTraits object at 0x7fadbbb32c50>))
DEBUG:pybindgen.typehandlers:TypeMatcher.lookup('void')
DEBUG:pybindgen.typehandlers:try to lookup type handler for 'void' => success ((<class 'pybindgen.typehandlers.voidtype.VoidReturn'>, None, <pybindgen.typehandlers.ctypeparser.TypeTraits object at 0x7fadbbb32f98>))
DEBUG:pybindgen.typehandlers:TypeMatcher.lookup('uint16_t')
DEBUG:pybindgen.typehandlers:try to lookup type handler for 'uint16_t' => success ((<class 'pybindgen.typehandlers.inttype.UInt16Param'>, None, <pybindgen.typehandlers.ctypeparser.TypeTraits object at 0x7fadbbb38128>))
DEBUG:pybindgen.typehandlers:TypeMatcher.lookup('ns3::TypeId::AttributeInformation const &')
DEBUG:pybindgen.typehandlers:try to lookup type handler for 'ns3::TypeId::AttributeInformation const &' => success ((<class 'pybindgen.cppclass.CppClass.__init__.<locals>.ThisClassRefParameter'>, None, <pybindgen.typehandlers.ctypeparser.TypeTraits object at 0x7fadbbb38710>))
DEBUG:pybindgen.typehandlers:TypeMatcher.lookup('ns3::Ptr< ns3::AttributeAccessor const >')
DEBUG:pybindgen.typehandlers:try to lookup type handler for 'ns3::Ptr< ns3::AttributeAccessor const >' => failure
DEBUG:pybindgen.typehandlers:try to lookup type handler for 'ns3::AttributeAccessor *' => success ((<class 'pybindgen.cppclass.MemoryPolicy.register_ptr_parameter_and_return.<locals>.ThisClassPtrReturn'>, <ns3modulegen_core_customizations.SmartPointerTransformation object at 0x7fadbc4dbac8>, <pybindgen.typehandlers.ctypeparser.TypeTraits object at 0x7fadbbb38cf8>))
DEBUG:pybindgen.typehandlers:TypeMatcher.lookup('ns3::Ptr< ns3::AttributeChecker const >')
DEBUG:pybindgen.typehandlers:try to lookup type handler for 'ns3::Ptr< ns3::AttributeChecker const >' => failure
DEBUG:pybindgen.typehandlers:try to lookup type handler for 'ns3::AttributeChecker *' => success ((<class 'pybindgen.cppclass.MemoryPolicy.register_ptr_parameter_and_return.<locals>.ThisClassPtrReturn'>, <ns3modulegen_core_customizations.SmartPointerTransformation object at 0x7fadbc4dbac8>, <pybindgen.typehandlers.ctypeparser.TypeTraits object at 0x7fadbbb38f60>))
DEBUG:pybindgen.typehandlers:TypeMatcher.lookup('uint32_t')
DEBUG:pybindgen.typehandlers:try to lookup type handler for 'uint32_t' => success ((<class 'pybindgen.typehandlers.inttype.UnsignedIntReturn'>, None, <pybindgen.typehandlers.ctypeparser.TypeTraits object at 0x7fadbbb41470>))
DEBUG:pybindgen.typehandlers:TypeMatcher.lookup('std::string')
DEBUG:pybindgen.typehandlers:try to lookup type handler for 'std::string' => success ((<class 'pybindgen.typehandlers.stringtype.StdStringReturn'>, None, <pybindgen.typehandlers.ctypeparser.TypeTraits object at 0x7fadbbb419b0>))
DEBUG:pybindgen.typehandlers:TypeMatcher.lookup('ns3::Ptr< ns3::AttributeValue const >')
DEBUG:pybindgen.typehandlers:try to lookup type handler for 'ns3::Ptr< ns3::AttributeValue const >' => failure
DEBUG:pybindgen.typehandlers:try to lookup type handler for 'ns3::AttributeValue *' => success ((<class 'pybindgen.cppclass.MemoryPolicy.register_ptr_parameter_and_return.<locals>.ThisClassPtrReturn'>, <ns3modulegen_core_customizations.SmartPointerTransformation object at 0x7fadbc4dbac8>, <pybindgen.typehandlers.ctypeparser.TypeTraits object at 0x7fadbbb47198>))
DEBUG:pybindgen.typehandlers:TypeMatcher.lookup('std::string')
DEBUG:pybindgen.typehandlers:try to lookup type handler for 'std::string' => success ((<class 'pybindgen.typehandlers.stringtype.StdStringReturn'>, None, <pybindgen.typehandlers.ctypeparser.TypeTraits object at 0x7fadbbb475f8>))
DEBUG:pybindgen.typehandlers:TypeMatcher.lookup('ns3::Ptr< ns3::AttributeValue const >')
DEBUG:pybindgen.typehandlers:try to lookup type handler for 'ns3::Ptr< ns3::AttributeValue const >' => failure
DEBUG:pybindgen.typehandlers:try to lookup type handler for 'ns3::AttributeValue *' => success ((<class 'pybindgen.cppclass.MemoryPolicy.register_ptr_parameter_and_return.<locals>.ThisClassPtrReturn'>, <ns3modulegen_core_customizations.SmartPointerTransformation object at 0x7fadbc4dbac8>, <pybindgen.typehandlers.ctypeparser.TypeTraits object at 0x7fadbbb47da0>))
DEBUG:pybindgen.typehandlers:TypeMatcher.lookup('ns3::TypeId::SupportLevel')
DEBUG:pybindgen.typehandlers:try to lookup type handler for 'ns3::TypeId::SupportLevel' => success ((<class 'pybindgen.enum.Enum.set_module.<locals>.ThisEnumReturn'>, None, <pybindgen.typehandlers.ctypeparser.TypeTraits object at 0x7fadbbb51240>))
DEBUG:pybindgen.typehandlers:TypeMatcher.lookup('std::string')
DEBUG:pybindgen.typehandlers:try to lookup type handler for 'std::string' => success ((<class 'pybindgen.typehandlers.stringtype.StdStringReturn'>, None, <pybindgen.typehandlers.ctypeparser.TypeTraits object at 0x7fadbbb51780>))
DEBUG:pybindgen.typehandlers:TypeMatcher.lookup('ns3::TypeId::TraceSourceInformation const &')
DEBUG:pybindgen.typehandlers:try to lookup type handler for 'ns3::TypeId::TraceSourceInformation const &' => success ((<class 'pybindgen.cppclass.CppClass.__init__.<locals>.ThisClassRefParameter'>, None, <pybindgen.typehandlers.ctypeparser.TypeTraits object at 0x7fadbbb51f98>))
DEBUG:pybindgen.typehandlers:TypeMatcher.lookup('ns3::Ptr< ns3::TraceSourceAccessor const >')
DEBUG:pybindgen.typehandlers:try to lookup type handler for 'ns3::Ptr< ns3::TraceSourceAccessor const >' => failure
DEBUG:pybindgen.typehandlers:try to lookup type handler for 'ns3::TraceSourceAccessor *' => success ((<class 'pybindgen.cppclass.MemoryPolicy.register_ptr_parameter_and_return.<locals>.ThisClassPtrReturn'>, <ns3modulegen_core_customizations.SmartPointerTransformation object at 0x7fadbc4dbac8>, <pybindgen.typehandlers.ctypeparser.TypeTraits object at 0x7fadbbb575c0>))
DEBUG:pybindgen.typehandlers:TypeMatcher.lookup('std::string')
DEBUG:pybindgen.typehandlers:try to lookup type handler for 'std::string' => success ((<class 'pybindgen.typehandlers.stringtype.StdStringReturn'>, None, <pybindgen.typehandlers.ctypeparser.TypeTraits object at 0x7fadbbb57a20>))
DEBUG:pybindgen.typehandlers:TypeMatcher.lookup('std::string')
DEBUG:pybindgen.typehandlers:try to lookup type handler for 'std::string' => success ((<class 'pybindgen.typehandlers.stringtype.StdStringReturn'>, None, <pybindgen.typehandlers.ctypeparser.TypeTraits object at 0x7fadbbb57f60>))
DEBUG:pybindgen.typehandlers:TypeMatcher.lookup('std::string')
DEBUG:pybindgen.typehandlers:try to lookup type handler for 'std::string' => success ((<class 'pybindgen.typehandlers.stringtype.StdStringReturn'>, None, <pybindgen.typehandlers.ctypeparser.TypeTraits object at 0x7fadbbae04e0>))
DEBUG:pybindgen.typehandlers:TypeMatcher.lookup('ns3::TypeId::SupportLevel')
DEBUG:pybindgen.typehandlers:try to lookup type handler for 'ns3::TypeId::SupportLevel' => success ((<class 'pybindgen.enum.Enum.set_module.<locals>.ThisEnumReturn'>, None, <pybindgen.typehandlers.ctypeparser.TypeTraits object at 0x7fadbbae0a20>))
DEBUG:pybindgen.typehandlers:TypeMatcher.lookup('std::string')
DEBUG:pybindgen.typehandlers:try to lookup type handler for 'std::string' => success ((<class 'pybindgen.typehandlers.stringtype.StdStringReturn'>, None, <pybindgen.typehandlers.ctypeparser.TypeTraits object at 0x7fadbbae0f60>))
DEBUG:pybindgen.typehandlers:TypeMatcher.lookup('ns3::empty const &')
DEBUG:pybindgen.typehandlers:try to lookup type handler for 'ns3::empty const &' => success ((<class 'pybindgen.cppclass.CppClass.__init__.<locals>.ThisClassRefParameter'>, None, <pybindgen.typehandlers.ctypeparser.TypeTraits object at 0x7fadbbae77b8>))
DEBUG:pybindgen.typehandlers:TypeMatcher.lookup('ns3::Time const &')
DEBUG:pybindgen.typehandlers:try to lookup type handler for 'ns3::Time const &' => success ((<class 'pybindgen.cppclass.CppClass.__init__.<locals>.ThisClassRefParameter'>, None, <pybindgen.typehandlers.ctypeparser.TypeTraits object at 0x7fadbbae7b38>))
DEBUG:pybindgen.typehandlers:TypeMatcher.lookup('ns3::int64x64_t const &')
DEBUG:pybindgen.typehandlers:try to lookup type handler for 'ns3::int64x64_t const &' => success ((<class 'pybindgen.cppclass.CppClass.__init__.<locals>.ThisClassRefParameter'>, None, <pybindgen.typehandlers.ctypeparser.TypeTraits object at 0x7fadbbae7cf8>))
DEBUG:pybindgen.typehandlers:TypeMatcher.lookup('ns3::int64x64_t const &')
DEBUG:pybindgen.typehandlers:try to lookup type handler for 'ns3::int64x64_t const &' => success ((<class 'pybindgen.cppclass.CppClass.__init__.<locals>.ThisClassRefParameter'>, None, <pybindgen.typehandlers.ctypeparser.TypeTraits object at 0x7fadbbae7e80>))
DEBUG:pybindgen.typehandlers:TypeMatcher.lookup('ns3::int64x64_t const &')
DEBUG:pybindgen.typehandlers:try to lookup type handler for 'ns3::int64x64_t const &' => success ((<class 'pybindgen.cppclass.CppClass.__init__.<locals>.ThisClassRefParameter'>, None, <pybindgen.typehandlers.ctypeparser.TypeTraits object at 0x7fadbbae7fd0>))
DEBUG:pybindgen.typehandlers:TypeMatcher.lookup('ns3::int64x64_t const &')
DEBUG:pybindgen.typehandlers:try to lookup type handler for 'ns3::int64x64_t const &' => success ((<class 'pybindgen.cppclass.CppClass.__init__.<locals>.ThisClassRefParameter'>, None, <pybindgen.typehandlers.ctypeparser.TypeTraits object at 0x7fadbbaef1d0>))
DEBUG:pybindgen.typehandlers:TypeMatcher.lookup('ns3::int64x64_t const &')
DEBUG:pybindgen.typehandlers:try to lookup type handler for 'ns3::int64x64_t const &' => success ((<class 'pybindgen.cppclass.CppClass.__init__.<locals>.ThisClassRefParameter'>, None, <pybindgen.typehandlers.ctypeparser.TypeTraits object at 0x7fadbbaef358>))
DEBUG:pybindgen.typehandlers:TypeMatcher.lookup('ns3::int64x64_t const &')
DEBUG:pybindgen.typehandlers:try to lookup type handler for 'ns3::int64x64_t const &' => success ((<class 'pybindgen.cppclass.CppClass.__init__.<locals>.ThisClassRefParameter'>, None, <pybindgen.typehandlers.ctypeparser.TypeTraits object at 0x7fadbbaef4e0>))
DEBUG:pybindgen.typehandlers:TypeMatcher.lookup('ns3::int64x64_t const &')
DEBUG:pybindgen.typehandlers:try to lookup type handler for 'ns3::int64x64_t const &' => success ((<class 'pybindgen.cppclass.CppClass.__init__.<locals>.ThisClassRefParameter'>, None, <pybindgen.typehandlers.ctypeparser.TypeTraits object at 0x7fadbbaef668>))
DEBUG:pybindgen.typehandlers:TypeMatcher.lookup('ns3::int64x64_t const &')
DEBUG:pybindgen.typehandlers:try to lookup type handler for 'ns3::int64x64_t const &' => success ((<class 'pybindgen.cppclass.CppClass.__init__.<locals>.ThisClassRefParameter'>, None, <pybindgen.typehandlers.ctypeparser.TypeTraits object at 0x7fadbbaef7f0>))
DEBUG:pybindgen.typehandlers:TypeMatcher.lookup('double const')
DEBUG:pybindgen.typehandlers:try to lookup type handler for 'double const' => success ((<class 'pybindgen.typehandlers.doubletype.DoubleParam'>, None, <pybindgen.typehandlers.ctypeparser.TypeTraits object at 0x7fadbbaefc18>))
DEBUG:pybindgen.typehandlers:TypeMatcher.lookup('long double const')
DEBUG:pybindgen.typehandlers:try to lookup type handler for 'long double const' => failure
'long double const' did not match
/home/cs18/tarballs/ns-allinone-3.34/ns-3.34/src/lr-wpan/bindings/modulegen__gcc_LP64.py:4327: Warning: exception TypeLookupError(['long double'],) in wrapper <pybindgen.cppmethod.CppConstructor object at 0x7fadbbaeff98>
  cls.add_constructor([param('long double const', 'value')])
DEBUG:pybindgen.typehandlers:TypeMatcher.lookup('int const')
DEBUG:pybindgen.typehandlers:try to lookup type handler for 'int const' => success ((<class 'pybindgen.typehandlers.inttype.IntParam'>, None, <pybindgen.typehandlers.ctypeparser.TypeTraits object at 0x7fadbbaf61d0>))
DEBUG:pybindgen.typehandlers:TypeMatcher.lookup('long int const')
DEBUG:pybindgen.typehandlers:try to lookup type handler for 'long int const' => success ((<class 'pybindgen.typehandlers.inttype.LongParam'>, None, <pybindgen.typehandlers.ctypeparser.TypeTraits object at 0x7fadbbaf6668>))
DEBUG:pybindgen.typehandlers:TypeMatcher.lookup('long long int const')
DEBUG:pybindgen.typehandlers:try to lookup type handler for 'long long int const' => success ((<class 'pybindgen.typehandlers.inttype.LongLongParam'>, None, <pybindgen.typehandlers.ctypeparser.TypeTraits object at 0x7fadbbaf68d0>))
DEBUG:pybindgen.typehandlers:TypeMatcher.lookup('unsigned int const')
DEBUG:pybindgen.typehandlers:try to lookup type handler for 'unsigned int const' => success ((<class 'pybindgen.typehandlers.inttype.UnsignedIntParam'>, None, <pybindgen.typehandlers.ctypeparser.TypeTraits object at 0x7fadbbaf6e10>))
DEBUG:pybindgen.typehandlers:TypeMatcher.lookup('long unsigned int const')
DEBUG:pybindgen.typehandlers:try to lookup type handler for 'long unsigned int const' => success ((<class 'pybindgen.typehandlers.inttype.UnsignedLongParam'>, None, <pybindgen.typehandlers.ctypeparser.TypeTraits object at 0x7fadbbafa278>))
DEBUG:pybindgen.typehandlers:TypeMatcher.lookup('long long unsigned int const')
DEBUG:pybindgen.typehandlers:try to lookup type handler for 'long long unsigned int const' => success ((<class 'pybindgen.typehandlers.inttype.UnsignedLongLongParam'>, None, <pybindgen.typehandlers.ctypeparser.TypeTraits object at 0x7fadbbafa780>))
DEBUG:pybindgen.typehandlers:TypeMatcher.lookup('int64_t const')
DEBUG:pybindgen.typehandlers:try to lookup type handler for 'int64_t const' => success ((<class 'pybindgen.typehandlers.inttype.LongLongParam'>, None, <pybindgen.typehandlers.ctypeparser.TypeTraits object at 0x7fadbbafacc0>))
DEBUG:pybindgen.typehandlers:TypeMatcher.lookup('uint64_t const')
DEBUG:pybindgen.typehandlers:try to lookup type handler for 'uint64_t const' => success ((<class 'pybindgen.typehandlers.inttype.UnsignedLongLongParam'>, None, <pybindgen.typehandlers.ctypeparser.TypeTraits object at 0x7fadbbafae48>))
DEBUG:pybindgen.typehandlers:TypeMatcher.lookup('ns3::int64x64_t const &')
DEBUG:pybindgen.typehandlers:try to lookup type handler for 'ns3::int64x64_t const &' => success ((<class 'pybindgen.cppclass.CppClass.__init__.<locals>.ThisClassRefParameter'>, None, <pybindgen.typehandlers.ctypeparser.TypeTraits object at 0x7fadbbb02240>))
DEBUG:pybindgen.typehandlers:TypeMatcher.lookup('double')
DEBUG:pybindgen.typehandlers:try to lookup type handler for 'double' => success ((<class 'pybindgen.typehandlers.doubletype.DoubleReturn'>, None, <pybindgen.typehandlers.ctypeparser.TypeTraits object at 0x7fadbbb025f8>))
DEBUG:pybindgen.typehandlers:TypeMatcher.lookup('int64_t')
DEBUG:pybindgen.typehandlers:try to lookup type handler for 'int64_t' => success ((<class 'pybindgen.typehandlers.inttype.LongLongReturn'>, None, <pybindgen.typehandlers.ctypeparser.TypeTraits object at 0x7fadbbb029b0>))
DEBUG:pybindgen.typehandlers:TypeMatcher.lookup('int64_t')
DEBUG:pybindgen.typehandlers:try to lookup type handler for 'int64_t' => success ((<class 'pybindgen.typehandlers.inttype.LongLongReturn'>, None, <pybindgen.typehandlers.ctypeparser.TypeTraits object at 0x7fadbbb02d68>))
DEBUG:pybindgen.typehandlers:TypeMatcher.lookup('uint64_t')
DEBUG:pybindgen.typehandlers:try to lookup type handler for 'uint64_t' => success ((<class 'pybindgen.typehandlers.inttype.UnsignedLongLongReturn'>, None, <pybindgen.typehandlers.ctypeparser.TypeTraits object at 0x7fadbbb09160>))
DEBUG:pybindgen.typehandlers:TypeMatcher.lookup('ns3::int64x64_t')
DEBUG:pybindgen.typehandlers:try to lookup type handler for 'ns3::int64x64_t' => success ((<class 'pybindgen.cppclass.CppClass.__init__.<locals>.ThisClassReturn'>, None, <pybindgen.typehandlers.ctypeparser.TypeTraits object at 0x7fadbbb094e0>))
DEBUG:pybindgen.typehandlers:TypeMatcher.lookup('uint64_t const')
DEBUG:pybindgen.typehandlers:try to lookup type handler for 'uint64_t const' => success ((<class 'pybindgen.typehandlers.inttype.UnsignedLongLongParam'>, None, <pybindgen.typehandlers.ctypeparser.TypeTraits object at 0x7fadbbb095f8>))
DEBUG:pybindgen.typehandlers:TypeMatcher.lookup('void')
DEBUG:pybindgen.typehandlers:try to lookup type handler for 'void' => success ((<class 'pybindgen.typehandlers.voidtype.VoidReturn'>, None, <pybindgen.typehandlers.ctypeparser.TypeTraits object at 0x7fadbbb099b0>))
DEBUG:pybindgen.typehandlers:TypeMatcher.lookup('ns3::int64x64_t const &')
DEBUG:pybindgen.typehandlers:try to lookup type handler for 'ns3::int64x64_t const &' => success ((<class 'pybindgen.cppclass.CppClass.__init__.<locals>.ThisClassRefParameter'>, None, <pybindgen.typehandlers.ctypeparser.TypeTraits object at 0x7fadbbb09b00>))
DEBUG:pybindgen.typehandlers:TypeMatcher.lookup('int64_t')
DEBUG:pybindgen.typehandlers:try to lookup type handler for 'int64_t' => success ((<class 'pybindgen.typehandlers.inttype.LongLongReturn'>, None, <pybindgen.typehandlers.ctypeparser.TypeTraits object at 0x7fadbbb09ef0>))
DEBUG:pybindgen.typehandlers:TypeMatcher.lookup('ns3::int64x64_t::impl_type const')
DEBUG:pybindgen.typehandlers:try to lookup type handler for 'ns3::int64x64_t::impl_type const' => success ((<class 'pybindgen.enum.Enum.set_module.<locals>.ThisEnumReturn'>, None, <pybindgen.typehandlers.ctypeparser.TypeTraits object at 0x7fadbbb112b0>))
DEBUG:pybindgen.typehandlers:TypeMatcher.lookup('ns3::Chunk const &')
DEBUG:pybindgen.typehandlers:try to lookup type handler for 'ns3::Chunk const &' => success ((<class 'pybindgen.cppclass.CppClass.__init__.<locals>.ThisClassRefParameter'>, None, <pybindgen.typehandlers.ctypeparser.TypeTraits object at 0x7fadbbb118d0>))
DEBUG:pybindgen.typehandlers:TypeMatcher.lookup('uint32_t')
DEBUG:pybindgen.typehandlers:try to lookup type handler for 'uint32_t' => success ((<class 'pybindgen.typehandlers.inttype.UnsignedIntReturn'>, None, <pybindgen.typehandlers.ctypeparser.TypeTraits object at 0x7fadbbb11c88>))
DEBUG:pybindgen.typehandlers:TypeMatcher.lookup('ns3::Buffer::Iterator')
DEBUG:pybindgen.typehandlers:try to lookup type handler for 'ns3::Buffer::Iterator' => success ((<class 'pybindgen.cppclass.CppClass.__init__.<locals>.ThisClassParameter'>, None, <pybindgen.typehandlers.ctypeparser.TypeTraits object at 0x7fadbbb11da0>))
DEBUG:pybindgen.typehandlers:TypeMatcher.lookup('uint32_t')
DEBUG:pybindgen.typehandlers:try to lookup type handler for 'uint32_t' => success ((<class 'pybindgen.typehandlers.inttype.UnsignedIntReturn'>, None, <pybindgen.typehandlers.ctypeparser.TypeTraits object at 0x7fadbba99358>))
DEBUG:pybindgen.typehandlers:TypeMatcher.lookup('ns3::Buffer::Iterator')
DEBUG:pybindgen.typehandlers:try to lookup type handler for 'ns3::Buffer::Iterator' => success ((<class 'pybindgen.cppclass.CppClass.__init__.<locals>.ThisClassParameter'>, None, <pybindgen.typehandlers.ctypeparser.TypeTraits object at 0x7fadbba99470>))
DEBUG:pybindgen.typehandlers:TypeMatcher.lookup('ns3::Buffer::Iterator')
DEBUG:pybindgen.typehandlers:try to lookup type handler for 'ns3::Buffer::Iterator' => success ((<class 'pybindgen.cppclass.CppClass.__init__.<locals>.ThisClassParameter'>, None, <pybindgen.typehandlers.ctypeparser.TypeTraits object at 0x7fadbba99518>))
DEBUG:pybindgen.typehandlers:TypeMatcher.lookup('ns3::TypeId')
DEBUG:pybindgen.typehandlers:try to lookup type handler for 'ns3::TypeId' => success ((<class 'pybindgen.cppclass.CppClass.__init__.<locals>.ThisClassReturn'>, None, <pybindgen.typehandlers.ctypeparser.TypeTraits object at 0x7fadbba99a58>))
DEBUG:pybindgen.typehandlers:TypeMatcher.lookup('void')
DEBUG:pybindgen.typehandlers:try to lookup type handler for 'void' => success ((<class 'pybindgen.typehandlers.voidtype.VoidReturn'>, None, <pybindgen.typehandlers.ctypeparser.TypeTraits object at 0x7fadbba99dd8>))
DEBUG:pybindgen.typehandlers:TypeMatcher.lookup('std::ostream &')
DEBUG:pybindgen.typehandlers:try to lookup type handler for 'std::ostream &' => failure
'std::ostream &' did not match
/home/cs18/tarballs/ns-allinone-3.34/ns-3.34/src/lr-wpan/bindings/modulegen__gcc_LP64.py:4406: Warning: exception TypeLookupError(['std::ostream &'],) in wrapper public: virtual retval? ???::Print (params?) const = 0;
  is_const=True, is_pure_virtual=True, is_virtual=True)
DEBUG:pybindgen.typehandlers:TypeMatcher.lookup('ns3::Header const &')
DEBUG:pybindgen.typehandlers:try to lookup type handler for 'ns3::Header const &' => success ((<class 'pybindgen.cppclass.CppClass.__init__.<locals>.ThisClassRefParameter'>, None, <pybindgen.typehandlers.ctypeparser.TypeTraits object at 0x7fadbbaa2780>))
DEBUG:pybindgen.typehandlers:TypeMatcher.lookup('uint32_t')
DEBUG:pybindgen.typehandlers:try to lookup type handler for 'uint32_t' => success ((<class 'pybindgen.typehandlers.inttype.UnsignedIntReturn'>, None, <pybindgen.typehandlers.ctypeparser.TypeTraits object at 0x7fadbbaa2b38>))
DEBUG:pybindgen.typehandlers:TypeMatcher.lookup('ns3::Buffer::Iterator')
DEBUG:pybindgen.typehandlers:try to lookup type handler for 'ns3::Buffer::Iterator' => success ((<class 'pybindgen.cppclass.CppClass.__init__.<locals>.ThisClassParameter'>, None, <pybindgen.typehandlers.ctypeparser.TypeTraits object at 0x7fadbbaa2c50>))
DEBUG:pybindgen.typehandlers:TypeMatcher.lookup('uint32_t')
DEBUG:pybindgen.typehandlers:try to lookup type handler for 'uint32_t' => success ((<class 'pybindgen.typehandlers.inttype.UnsignedIntReturn'>, None, <pybindgen.typehandlers.ctypeparser.TypeTraits object at 0x7fadbbaa2f98>))
DEBUG:pybindgen.typehandlers:TypeMatcher.lookup('ns3::TypeId')
DEBUG:pybindgen.typehandlers:try to lookup type handler for 'ns3::TypeId' => success ((<class 'pybindgen.cppclass.CppClass.__init__.<locals>.ThisClassReturn'>, None, <pybindgen.typehandlers.ctypeparser.TypeTraits object at 0x7fadbbaaa358>))
DEBUG:pybindgen.typehandlers:TypeMatcher.lookup('void')
DEBUG:pybindgen.typehandlers:try to lookup type handler for 'void' => success ((<class 'pybindgen.typehandlers.voidtype.VoidReturn'>, None, <pybindgen.typehandlers.ctypeparser.TypeTraits object at 0x7fadbbaaa6d8>))
DEBUG:pybindgen.typehandlers:TypeMatcher.lookup('std::ostream &')
DEBUG:pybindgen.typehandlers:try to lookup type handler for 'std::ostream &' => failure
'std::ostream &' did not match
/home/cs18/tarballs/ns-allinone-3.34/ns-3.34/src/lr-wpan/bindings/modulegen__gcc_LP64.py:4434: Warning: exception TypeLookupError(['std::ostream &'],) in wrapper public: virtual retval? ???::Print (params?) const = 0;
  is_const=True, is_pure_virtual=True, is_virtual=True)
DEBUG:pybindgen.typehandlers:TypeMatcher.lookup('void')
DEBUG:pybindgen.typehandlers:try to lookup type handler for 'void' => success ((<class 'pybindgen.typehandlers.voidtype.VoidReturn'>, None, <pybindgen.typehandlers.ctypeparser.TypeTraits object at 0x7fadbba99f98>))
DEBUG:pybindgen.typehandlers:TypeMatcher.lookup('ns3::Buffer::Iterator')
DEBUG:pybindgen.typehandlers:try to lookup type handler for 'ns3::Buffer::Iterator' => success ((<class 'pybindgen.cppclass.CppClass.__init__.<locals>.ThisClassParameter'>, None, <pybindgen.typehandlers.ctypeparser.TypeTraits object at 0x7fadbba99ef0>))
DEBUG:pybindgen.typehandlers:TypeMatcher.lookup('bool')
DEBUG:pybindgen.typehandlers:try to lookup type handler for 'bool' => success ((<class 'pybindgen.typehandlers.booltype.BoolParam'>, None, <pybindgen.typehandlers.ctypeparser.TypeTraits object at 0x7fadbbaaa6a0>))
DEBUG:pybindgen.typehandlers:TypeMatcher.lookup('ns3::Ptr< ns3::SpectrumChannel >')
DEBUG:pybindgen.typehandlers:try to lookup type handler for 'ns3::Ptr< ns3::SpectrumChannel >' => failure
DEBUG:pybindgen.typehandlers:try to lookup type handler for 'ns3::SpectrumChannel *' => failure ('')
/home/cs18/tarballs/ns-allinone-3.34/ns-3.34/src/lr-wpan/bindings/modulegen__gcc_LP64.py:4450: Warning: exception TypeLookupError(['ns3::Ptr< ns3::SpectrumChannel >', 'ns3::SpectrumChannel *'],) in wrapper public: retval? ???::GetChannel (params?);
  [])
DEBUG:pybindgen.typehandlers:TypeMatcher.lookup('void')
DEBUG:pybindgen.typehandlers:try to lookup type handler for 'void' => success ((<class 'pybindgen.typehandlers.voidtype.VoidReturn'>, None, <pybindgen.typehandlers.ctypeparser.TypeTraits object at 0x7fadbbab22e8>))
DEBUG:pybindgen.typehandlers:TypeMatcher.lookup('ns3::Ptr< ns3::SpectrumChannel >')
DEBUG:pybindgen.typehandlers:try to lookup type handler for 'ns3::Ptr< ns3::SpectrumChannel >' => failure
DEBUG:pybindgen.typehandlers:try to lookup type handler for 'ns3::SpectrumChannel *' => failure ('')
/home/cs18/tarballs/ns-allinone-3.34/ns-3.34/src/lr-wpan/bindings/modulegen__gcc_LP64.py:4454: Warning: exception TypeLookupError(['ns3::Ptr< ns3::SpectrumChannel >', 'ns3::SpectrumChannel *'],) in wrapper public: retval? ???::SetChannel (params?);
  [param('ns3::Ptr< ns3::SpectrumChannel >', 'channel')])
DEBUG:pybindgen.typehandlers:TypeMatcher.lookup('void')
DEBUG:pybindgen.typehandlers:try to lookup type handler for 'void' => success ((<class 'pybindgen.typehandlers.voidtype.VoidReturn'>, None, <pybindgen.typehandlers.ctypeparser.TypeTraits object at 0x7fadbbab2710>))
DEBUG:pybindgen.typehandlers:TypeMatcher.lookup('std::string')
DEBUG:pybindgen.typehandlers:try to lookup type handler for 'std::string' => success ((<class 'pybindgen.typehandlers.stringtype.StdStringParam'>, None, <pybindgen.typehandlers.ctypeparser.TypeTraits object at 0x7fadbbab2898>))
DEBUG:pybindgen.typehandlers:TypeMatcher.lookup('void')
DEBUG:pybindgen.typehandlers:try to lookup type handler for 'void' => success ((<class 'pybindgen.typehandlers.voidtype.VoidReturn'>, None, <pybindgen.typehandlers.ctypeparser.TypeTraits object at 0x7fadbbab2be0>))
DEBUG:pybindgen.typehandlers:TypeMatcher.lookup('ns3::Ptr< ns3::LrWpanPhy >')
DEBUG:pybindgen.typehandlers:try to lookup type handler for 'ns3::Ptr< ns3::LrWpanPhy >' => failure
DEBUG:pybindgen.typehandlers:try to lookup type handler for 'ns3::LrWpanPhy *' => success ((<class 'pybindgen.cppclass.MemoryPolicy.register_ptr_parameter_and_return.<locals>.ThisClassPtrParameter'>, <ns3modulegen_core_customizations.SmartPointerTransformation object at 0x7fadbc4dbac8>, <pybindgen.typehandlers.ctypeparser.TypeTraits object at 0x7fadbbab2f60>))
DEBUG:pybindgen.typehandlers:TypeMatcher.lookup('ns3::Ptr< ns3::MobilityModel >')
DEBUG:pybindgen.typehandlers:try to lookup type handler for 'ns3::Ptr< ns3::MobilityModel >' => failure
DEBUG:pybindgen.typehandlers:try to lookup type handler for 'ns3::MobilityModel *' => failure ('')
/home/cs18/tarballs/ns-allinone-3.34/ns-3.34/src/lr-wpan/bindings/modulegen__gcc_LP64.py:4462: Warning: exception TypeLookupError(['ns3::Ptr< ns3::MobilityModel >', 'ns3::MobilityModel *'],) in wrapper public: retval? ???::AddMobility (params?);
  [param('ns3::Ptr< ns3::LrWpanPhy >', 'phy'), param('ns3::Ptr< ns3::MobilityModel >', 'm')])
DEBUG:pybindgen.typehandlers:TypeMatcher.lookup('ns3::NetDeviceContainer')
DEBUG:pybindgen.typehandlers:try to lookup type handler for 'ns3::NetDeviceContainer' => success ((<class 'pybindgen.cppclass.CppClass.__init__.<locals>.ThisClassReturn'>, None, <pybindgen.typehandlers.ctypeparser.TypeTraits object at 0x7fadbbab2ef0>))
DEBUG:pybindgen.typehandlers:TypeMatcher.lookup('ns3::NodeContainer')
DEBUG:pybindgen.typehandlers:try to lookup type handler for 'ns3::NodeContainer' => success ((<class 'pybindgen.cppclass.CppClass.__init__.<locals>.ThisClassParameter'>, None, <pybindgen.typehandlers.ctypeparser.TypeTraits object at 0x7fadbbab2e80>))
DEBUG:pybindgen.typehandlers:TypeMatcher.lookup('void')
DEBUG:pybindgen.typehandlers:try to lookup type handler for 'void' => success ((<class 'pybindgen.typehandlers.voidtype.VoidReturn'>, None, <pybindgen.typehandlers.ctypeparser.TypeTraits object at 0x7fadbbabc4e0>))
DEBUG:pybindgen.typehandlers:TypeMatcher.lookup('ns3::NetDeviceContainer')
DEBUG:pybindgen.typehandlers:try to lookup type handler for 'ns3::NetDeviceContainer' => success ((<class 'pybindgen.cppclass.CppClass.__init__.<locals>.ThisClassParameter'>, None, <pybindgen.typehandlers.ctypeparser.TypeTraits object at 0x7fadbbabc630>))
DEBUG:pybindgen.typehandlers:TypeMatcher.lookup('uint16_t')
DEBUG:pybindgen.typehandlers:try to lookup type handler for 'uint16_t' => success ((<class 'pybindgen.typehandlers.inttype.UInt16Param'>, None, <pybindgen.typehandlers.ctypeparser.TypeTraits object at 0x7fadbbabc6d8>))
DEBUG:pybindgen.typehandlers:TypeMatcher.lookup('void')
DEBUG:pybindgen.typehandlers:try to lookup type handler for 'void' => success ((<class 'pybindgen.typehandlers.voidtype.VoidReturn'>, None, <pybindgen.typehandlers.ctypeparser.TypeTraits object at 0x7fadbbabca58>))
DEBUG:pybindgen.typehandlers:TypeMatcher.lookup('ns3::NetDeviceContainer')
DEBUG:pybindgen.typehandlers:try to lookup type handler for 'ns3::NetDeviceContainer' => success ((<class 'pybindgen.cppclass.CppClass.__init__.<locals>.ThisClassParameter'>, None, <pybindgen.typehandlers.ctypeparser.TypeTraits object at 0x7fadbbabcba8>))
DEBUG:pybindgen.typehandlers:TypeMatcher.lookup('uint16_t')
DEBUG:pybindgen.typehandlers:try to lookup type handler for 'uint16_t' => success ((<class 'pybindgen.typehandlers.inttype.UInt16Param'>, None, <pybindgen.typehandlers.ctypeparser.TypeTraits object at 0x7fadbbabcc50>))
DEBUG:pybindgen.typehandlers:TypeMatcher.lookup('ns3::Mac16Address')
DEBUG:pybindgen.typehandlers:try to lookup type handler for 'ns3::Mac16Address' => success ((<class 'pybindgen.cppclass.CppClass.__init__.<locals>.ThisClassParameter'>, None, <pybindgen.typehandlers.ctypeparser.TypeTraits object at 0x7fadbbabcd30>))
DEBUG:pybindgen.typehandlers:TypeMatcher.lookup('uint8_t')
DEBUG:pybindgen.typehandlers:try to lookup type handler for 'uint8_t' => success ((<class 'pybindgen.typehandlers.inttype.UInt8Param'>, None, <pybindgen.typehandlers.ctypeparser.TypeTraits object at 0x7fadbbabce10>))
DEBUG:pybindgen.typehandlers:TypeMatcher.lookup('uint8_t')
DEBUG:pybindgen.typehandlers:try to lookup type handler for 'uint8_t' => success ((<class 'pybindgen.typehandlers.inttype.UInt8Param'>, None, <pybindgen.typehandlers.ctypeparser.TypeTraits object at 0x7fadbbabcf28>))
DEBUG:pybindgen.typehandlers:TypeMatcher.lookup('void')
DEBUG:pybindgen.typehandlers:try to lookup type handler for 'void' => success ((<class 'pybindgen.typehandlers.voidtype.VoidReturn'>, None, <pybindgen.typehandlers.ctypeparser.TypeTraits object at 0x7fadbbab2c50>))
DEBUG:pybindgen.typehandlers:TypeMatcher.lookup('std::string')
DEBUG:pybindgen.typehandlers:try to lookup type handler for 'std::string' => success ((<class 'pybindgen.typehandlers.stringtype.StdStringReturn'>, None, <pybindgen.typehandlers.ctypeparser.TypeTraits object at 0x7fadbbab2358>))
DEBUG:pybindgen.typehandlers:TypeMatcher.lookup('ns3::LrWpanPhyEnumeration')
DEBUG:pybindgen.typehandlers:try to lookup type handler for 'ns3::LrWpanPhyEnumeration' => success ((<class 'pybindgen.enum.Enum.set_module.<locals>.ThisEnumParameter'>, None, <pybindgen.typehandlers.ctypeparser.TypeTraits object at 0x7fadbbab2240>))
DEBUG:pybindgen.typehandlers:TypeMatcher.lookup('std::string')
DEBUG:pybindgen.typehandlers:try to lookup type handler for 'std::string' => success ((<class 'pybindgen.typehandlers.stringtype.StdStringReturn'>, None, <pybindgen.typehandlers.ctypeparser.TypeTraits object at 0x7fadbbb872e8>))
DEBUG:pybindgen.typehandlers:TypeMatcher.lookup('ns3::LrWpanMacState')
DEBUG:pybindgen.typehandlers:try to lookup type handler for 'ns3::LrWpanMacState' => success ((<class 'pybindgen.enum.Enum.set_module.<locals>.ThisEnumParameter'>, None, <pybindgen.typehandlers.ctypeparser.TypeTraits object at 0x7fadbbb87438>))
DEBUG:pybindgen.typehandlers:TypeMatcher.lookup('int64_t')
DEBUG:pybindgen.typehandlers:try to lookup type handler for 'int64_t' => success ((<class 'pybindgen.typehandlers.inttype.LongLongReturn'>, None, <pybindgen.typehandlers.ctypeparser.TypeTraits object at 0x7fadbbb87780>))
DEBUG:pybindgen.typehandlers:TypeMatcher.lookup('ns3::NetDeviceContainer')
DEBUG:pybindgen.typehandlers:try to lookup type handler for 'ns3::NetDeviceContainer' => success ((<class 'pybindgen.cppclass.CppClass.__init__.<locals>.ThisClassParameter'>, None, <pybindgen.typehandlers.ctypeparser.TypeTraits object at 0x7fadbbac40f0>))
DEBUG:pybindgen.typehandlers:TypeMatcher.lookup('int64_t')
DEBUG:pybindgen.typehandlers:try to lookup type handler for 'int64_t' => success ((<class 'pybindgen.typehandlers.inttype.LongLongParam'>, None, <pybindgen.typehandlers.ctypeparser.TypeTraits object at 0x7fadbbac4198>))
DEBUG:pybindgen.typehandlers:TypeMatcher.lookup('void')
DEBUG:pybindgen.typehandlers:try to lookup type handler for 'void' => success ((<class 'pybindgen.typehandlers.voidtype.VoidReturn'>, None, <pybindgen.typehandlers.ctypeparser.TypeTraits object at 0x7fadbbac4550>))
DEBUG:pybindgen.typehandlers:TypeMatcher.lookup('std::string')
DEBUG:pybindgen.typehandlers:try to lookup type handler for 'std::string' => success ((<class 'pybindgen.typehandlers.stringtype.StdStringParam'>, None, <pybindgen.typehandlers.ctypeparser.TypeTraits object at 0x7fadbbac46a0>))
DEBUG:pybindgen.typehandlers:TypeMatcher.lookup('ns3::Ptr< ns3::NetDevice >')
DEBUG:pybindgen.typehandlers:try to lookup type handler for 'ns3::Ptr< ns3::NetDevice >' => failure
DEBUG:pybindgen.typehandlers:try to lookup type handler for 'ns3::NetDevice *' => success ((<class 'pybindgen.cppclass.MemoryPolicy.register_ptr_parameter_and_return.<locals>.ThisClassPtrParameter'>, <ns3modulegen_core_customizations.SmartPointerTransformation object at 0x7fadbc4dbac8>, <pybindgen.typehandlers.ctypeparser.TypeTraits object at 0x7fadbbac49b0>))
DEBUG:pybindgen.typehandlers:TypeMatcher.lookup('bool')
DEBUG:pybindgen.typehandlers:try to lookup type handler for 'bool' => success ((<class 'pybindgen.typehandlers.booltype.BoolParam'>, None, <pybindgen.typehandlers.ctypeparser.TypeTraits object at 0x7fadbbac49b0>))
DEBUG:pybindgen.typehandlers:TypeMatcher.lookup('bool')
DEBUG:pybindgen.typehandlers:try to lookup type handler for 'bool' => success ((<class 'pybindgen.typehandlers.booltype.BoolParam'>, None, <pybindgen.typehandlers.ctypeparser.TypeTraits object at 0x7fadbbac4978>))
DEBUG:pybindgen.typehandlers:TypeMatcher.lookup('void')
DEBUG:pybindgen.typehandlers:try to lookup type handler for 'void' => success ((<class 'pybindgen.typehandlers.voidtype.VoidReturn'>, None, <pybindgen.typehandlers.ctypeparser.TypeTraits object at 0x7fadbbac9048>))
DEBUG:pybindgen.typehandlers:TypeMatcher.lookup('ns3::Ptr< ns3::OutputStreamWrapper >')
DEBUG:pybindgen.typehandlers:try to lookup type handler for 'ns3::Ptr< ns3::OutputStreamWrapper >' => failure
DEBUG:pybindgen.typehandlers:try to lookup type handler for 'ns3::OutputStreamWrapper *' => success ((<class 'pybindgen.cppclass.MemoryPolicy.register_ptr_parameter_and_return.<locals>.ThisClassPtrParameter'>, <ns3modulegen_core_customizations.SmartPointerTransformation object at 0x7fadbc4dbac8>, <pybindgen.typehandlers.ctypeparser.TypeTraits object at 0x7fadbbac93c8>))
DEBUG:pybindgen.typehandlers:TypeMatcher.lookup('std::string')
DEBUG:pybindgen.typehandlers:try to lookup type handler for 'std::string' => success ((<class 'pybindgen.typehandlers.stringtype.StdStringParam'>, None, <pybindgen.typehandlers.ctypeparser.TypeTraits object at 0x7fadbbac93c8>))
DEBUG:pybindgen.typehandlers:TypeMatcher.lookup('ns3::Ptr< ns3::NetDevice >')
DEBUG:pybindgen.typehandlers:try to lookup type handler for 'ns3::Ptr< ns3::NetDevice >' => failure
DEBUG:pybindgen.typehandlers:try to lookup type handler for 'ns3::NetDevice *' => success ((<class 'pybindgen.cppclass.MemoryPolicy.register_ptr_parameter_and_return.<locals>.ThisClassPtrParameter'>, <ns3modulegen_core_customizations.SmartPointerTransformation object at 0x7fadbc4dbac8>, <pybindgen.typehandlers.ctypeparser.TypeTraits object at 0x7fadbbac96a0>))
DEBUG:pybindgen.typehandlers:TypeMatcher.lookup('bool')
DEBUG:pybindgen.typehandlers:try to lookup type handler for 'bool' => success ((<class 'pybindgen.typehandlers.booltype.BoolParam'>, None, <pybindgen.typehandlers.ctypeparser.TypeTraits object at 0x7fadbbac96a0>))
DEBUG:pybindgen.typehandlers:TypeMatcher.lookup('ns3::LrWpanLqiTag const &')
DEBUG:pybindgen.typehandlers:try to lookup type handler for 'ns3::LrWpanLqiTag const &' => success ((<class 'pybindgen.cppclass.CppClass.__init__.<locals>.ThisClassRefParameter'>, None, <pybindgen.typehandlers.ctypeparser.TypeTraits object at 0x7fadbbac9be0>))
DEBUG:pybindgen.typehandlers:TypeMatcher.lookup('uint8_t')
DEBUG:pybindgen.typehandlers:try to lookup type handler for 'uint8_t' => success ((<class 'pybindgen.typehandlers.inttype.UInt8Param'>, None, <pybindgen.typehandlers.ctypeparser.TypeTraits object at 0x7fadbbace278>))
DEBUG:pybindgen.typehandlers:TypeMatcher.lookup('void')
DEBUG:pybindgen.typehandlers:try to lookup type handler for 'void' => success ((<class 'pybindgen.typehandlers.voidtype.VoidReturn'>, None, <pybindgen.typehandlers.ctypeparser.TypeTraits object at 0x7fadbbace5c0>))
DEBUG:pybindgen.typehandlers:TypeMatcher.lookup('ns3::TagBuffer')
DEBUG:pybindgen.typehandlers:try to lookup type handler for 'ns3::TagBuffer' => success ((<class 'pybindgen.cppclass.CppClass.__init__.<locals>.ThisClassParameter'>, None, <pybindgen.typehandlers.ctypeparser.TypeTraits object at 0x7fadbbace710>))
DEBUG:pybindgen.typehandlers:TypeMatcher.lookup('uint8_t')
DEBUG:pybindgen.typehandlers:try to lookup type handler for 'uint8_t' => success ((<class 'pybindgen.typehandlers.inttype.UInt8Return'>, None, <pybindgen.typehandlers.ctypeparser.TypeTraits object at 0x7fadbbacea58>))
DEBUG:pybindgen.typehandlers:TypeMatcher.lookup('ns3::TypeId')
DEBUG:pybindgen.typehandlers:try to lookup type handler for 'ns3::TypeId' => success ((<class 'pybindgen.cppclass.CppClass.__init__.<locals>.ThisClassReturn'>, None, <pybindgen.typehandlers.ctypeparser.TypeTraits object at 0x7fadbbacee10>))
DEBUG:pybindgen.typehandlers:TypeMatcher.lookup('uint32_t')
DEBUG:pybindgen.typehandlers:try to lookup type handler for 'uint32_t' => success ((<class 'pybindgen.typehandlers.inttype.UnsignedIntReturn'>, None, <pybindgen.typehandlers.ctypeparser.TypeTraits object at 0x7fadbba191d0>))
DEBUG:pybindgen.typehandlers:TypeMatcher.lookup('ns3::TypeId')
DEBUG:pybindgen.typehandlers:try to lookup type handler for 'ns3::TypeId' => success ((<class 'pybindgen.cppclass.CppClass.__init__.<locals>.ThisClassReturn'>, None, <pybindgen.typehandlers.ctypeparser.TypeTraits object at 0x7fadbba19550>))
DEBUG:pybindgen.typehandlers:TypeMatcher.lookup('void')
DEBUG:pybindgen.typehandlers:try to lookup type handler for 'void' => success ((<class 'pybindgen.typehandlers.voidtype.VoidReturn'>, None, <pybindgen.typehandlers.ctypeparser.TypeTraits object at 0x7fadbba198d0>))
DEBUG:pybindgen.typehandlers:TypeMatcher.lookup('std::ostream &')
DEBUG:pybindgen.typehandlers:try to lookup type handler for 'std::ostream &' => failure
'std::ostream &' did not match
/home/cs18/tarballs/ns-allinone-3.34/ns-3.34/src/lr-wpan/bindings/modulegen__gcc_LP64.py:4541: Warning: exception TypeLookupError(['std::ostream &'],) in wrapper public: virtual retval? ???::Print (params?) const;
  is_const=True, is_virtual=True)
DEBUG:pybindgen.typehandlers:TypeMatcher.lookup('void')
DEBUG:pybindgen.typehandlers:try to lookup type handler for 'void' => success ((<class 'pybindgen.typehandlers.voidtype.VoidReturn'>, None, <pybindgen.typehandlers.ctypeparser.TypeTraits object at 0x7fadbba19f98>))
DEBUG:pybindgen.typehandlers:TypeMatcher.lookup('ns3::TagBuffer')
DEBUG:pybindgen.typehandlers:try to lookup type handler for 'ns3::TagBuffer' => success ((<class 'pybindgen.cppclass.CppClass.__init__.<locals>.ThisClassParameter'>, None, <pybindgen.typehandlers.ctypeparser.TypeTraits object at 0x7fadbba1f128>))
DEBUG:pybindgen.typehandlers:TypeMatcher.lookup('void')
DEBUG:pybindgen.typehandlers:try to lookup type handler for 'void' => success ((<class 'pybindgen.typehandlers.voidtype.VoidReturn'>, None, <pybindgen.typehandlers.ctypeparser.TypeTraits object at 0x7fadbba1f470>))
DEBUG:pybindgen.typehandlers:TypeMatcher.lookup('uint8_t')
DEBUG:pybindgen.typehandlers:try to lookup type handler for 'uint8_t' => success ((<class 'pybindgen.typehandlers.inttype.UInt8Param'>, None, <pybindgen.typehandlers.ctypeparser.TypeTraits object at 0x7fadbba1f5c0>))
DEBUG:pybindgen.typehandlers:TypeMatcher.lookup('ns3::LrWpanMacHeader const &')
DEBUG:pybindgen.typehandlers:try to lookup type handler for 'ns3::LrWpanMacHeader const &' => success ((<class 'pybindgen.cppclass.CppClass.__init__.<locals>.ThisClassRefParameter'>, None, <pybindgen.typehandlers.ctypeparser.TypeTraits object at 0x7fadbba19a58>))
DEBUG:pybindgen.typehandlers:TypeMatcher.lookup('ns3::LrWpanMacHeader::LrWpanMacType')
DEBUG:pybindgen.typehandlers:try to lookup type handler for 'ns3::LrWpanMacHeader::LrWpanMacType' => success ((<class 'pybindgen.enum.Enum.set_module.<locals>.ThisEnumParameter'>, None, <pybindgen.typehandlers.ctypeparser.TypeTraits object at 0x7fadbba1fda0>))
DEBUG:pybindgen.typehandlers:TypeMatcher.lookup('uint8_t')
DEBUG:pybindgen.typehandlers:try to lookup type handler for 'uint8_t' => success ((<class 'pybindgen.typehandlers.inttype.UInt8Param'>, None, <pybindgen.typehandlers.ctypeparser.TypeTraits object at 0x7fadbba1fda0>))
DEBUG:pybindgen.typehandlers:TypeMatcher.lookup('uint32_t')
DEBUG:pybindgen.typehandlers:try to lookup type handler for 'uint32_t' => success ((<class 'pybindgen.typehandlers.inttype.UnsignedIntReturn'>, None, <pybindgen.typehandlers.ctypeparser.TypeTraits object at 0x7fadbba25208>))
DEBUG:pybindgen.typehandlers:TypeMatcher.lookup('ns3::Buffer::Iterator')
DEBUG:pybindgen.typehandlers:try to lookup type handler for 'ns3::Buffer::Iterator' => success ((<class 'pybindgen.cppclass.CppClass.__init__.<locals>.ThisClassParameter'>, None, <pybindgen.typehandlers.ctypeparser.TypeTraits object at 0x7fadbba25320>))
DEBUG:pybindgen.typehandlers:TypeMatcher.lookup('uint8_t')
DEBUG:pybindgen.typehandlers:try to lookup type handler for 'uint8_t' => success ((<class 'pybindgen.typehandlers.inttype.UInt8Return'>, None, <pybindgen.typehandlers.ctypeparser.TypeTraits object at 0x7fadbba25668>))
DEBUG:pybindgen.typehandlers:TypeMatcher.lookup('uint16_t')
DEBUG:pybindgen.typehandlers:try to lookup type handler for 'uint16_t' => success ((<class 'pybindgen.typehandlers.inttype.UInt16Return'>, None, <pybindgen.typehandlers.ctypeparser.TypeTraits object at 0x7fadbba25a20>))
DEBUG:pybindgen.typehandlers:TypeMatcher.lookup('ns3::Mac64Address')
DEBUG:pybindgen.typehandlers:try to lookup type handler for 'ns3::Mac64Address' => success ((<class 'pybindgen.cppclass.CppClass.__init__.<locals>.ThisClassReturn'>, None, <pybindgen.typehandlers.ctypeparser.TypeTraits object at 0x7fadbba25da0>))
DEBUG:pybindgen.typehandlers:TypeMatcher.lookup('ns3::Mac64Address')
DEBUG:pybindgen.typehandlers:try to lookup type handler for 'ns3::Mac64Address' => success ((<class 'pybindgen.cppclass.CppClass.__init__.<locals>.ThisClassReturn'>, None, <pybindgen.typehandlers.ctypeparser.TypeTraits object at 0x7fadbba2d160>))
DEBUG:pybindgen.typehandlers:TypeMatcher.lookup('uint16_t')
DEBUG:pybindgen.typehandlers:try to lookup type handler for 'uint16_t' => success ((<class 'pybindgen.typehandlers.inttype.UInt16Return'>, None, <pybindgen.typehandlers.ctypeparser.TypeTraits object at 0x7fadbba2d4e0>))
DEBUG:pybindgen.typehandlers:TypeMatcher.lookup('uint8_t')
DEBUG:pybindgen.typehandlers:try to lookup type handler for 'uint8_t' => success ((<class 'pybindgen.typehandlers.inttype.UInt8Return'>, None, <pybindgen.typehandlers.ctypeparser.TypeTraits object at 0x7fadbba2d860>))
DEBUG:pybindgen.typehandlers:TypeMatcher.lookup('uint32_t')
DEBUG:pybindgen.typehandlers:try to lookup type handler for 'uint32_t' => success ((<class 'pybindgen.typehandlers.inttype.UnsignedIntReturn'>, None, <pybindgen.typehandlers.ctypeparser.TypeTraits object at 0x7fadbba2dc18>))
DEBUG:pybindgen.typehandlers:TypeMatcher.lookup('uint8_t')
DEBUG:pybindgen.typehandlers:try to lookup type handler for 'uint8_t' => success ((<class 'pybindgen.typehandlers.inttype.UInt8Return'>, None, <pybindgen.typehandlers.ctypeparser.TypeTraits object at 0x7fadbba2df98>))
DEBUG:pybindgen.typehandlers:TypeMatcher.lookup('ns3::TypeId')
DEBUG:pybindgen.typehandlers:try to lookup type handler for 'ns3::TypeId' => success ((<class 'pybindgen.cppclass.CppClass.__init__.<locals>.ThisClassReturn'>, None, <pybindgen.typehandlers.ctypeparser.TypeTraits object at 0x7fadbba35390>))
DEBUG:pybindgen.typehandlers:TypeMatcher.lookup('uint8_t')
DEBUG:pybindgen.typehandlers:try to lookup type handler for 'uint8_t' => success ((<class 'pybindgen.typehandlers.inttype.UInt8Return'>, None, <pybindgen.typehandlers.ctypeparser.TypeTraits object at 0x7fadbba35710>))
DEBUG:pybindgen.typehandlers:TypeMatcher.lookup('uint8_t')
DEBUG:pybindgen.typehandlers:try to lookup type handler for 'uint8_t' => success ((<class 'pybindgen.typehandlers.inttype.UInt8Return'>, None, <pybindgen.typehandlers.ctypeparser.TypeTraits object at 0x7fadbba35ac8>))
DEBUG:pybindgen.typehandlers:TypeMatcher.lookup('uint32_t')
DEBUG:pybindgen.typehandlers:try to lookup type handler for 'uint32_t' => success ((<class 'pybindgen.typehandlers.inttype.UnsignedIntReturn'>, None, <pybindgen.typehandlers.ctypeparser.TypeTraits object at 0x7fadbba35e80>))
DEBUG:pybindgen.typehandlers:TypeMatcher.lookup('uint64_t')
DEBUG:pybindgen.typehandlers:try to lookup type handler for 'uint64_t' => success ((<class 'pybindgen.typehandlers.inttype.UnsignedLongLongReturn'>, None, <pybindgen.typehandlers.ctypeparser.TypeTraits object at 0x7fadbba3c240>))
DEBUG:pybindgen.typehandlers:TypeMatcher.lookup('uint8_t')
DEBUG:pybindgen.typehandlers:try to lookup type handler for 'uint8_t' => success ((<class 'pybindgen.typehandlers.inttype.UInt8Return'>, None, <pybindgen.typehandlers.ctypeparser.TypeTraits object at 0x7fadbba3c5c0>))
DEBUG:pybindgen.typehandlers:TypeMatcher.lookup('uint8_t')
DEBUG:pybindgen.typehandlers:try to lookup type handler for 'uint8_t' => success ((<class 'pybindgen.typehandlers.inttype.UInt8Return'>, None, <pybindgen.typehandlers.ctypeparser.TypeTraits object at 0x7fadbba3c978>))
DEBUG:pybindgen.typehandlers:TypeMatcher.lookup('uint8_t')
DEBUG:pybindgen.typehandlers:try to lookup type handler for 'uint8_t' => success ((<class 'pybindgen.typehandlers.inttype.UInt8Return'>, None, <pybindgen.typehandlers.ctypeparser.TypeTraits object at 0x7fadbba3cd30>))
DEBUG:pybindgen.typehandlers:TypeMatcher.lookup('uint8_t')
DEBUG:pybindgen.typehandlers:try to lookup type handler for 'uint8_t' => success ((<class 'pybindgen.typehandlers.inttype.UInt8Return'>, None, <pybindgen.typehandlers.ctypeparser.TypeTraits object at 0x7fadbba45128>))
DEBUG:pybindgen.typehandlers:TypeMatcher.lookup('uint32_t')
DEBUG:pybindgen.typehandlers:try to lookup type handler for 'uint32_t' => success ((<class 'pybindgen.typehandlers.inttype.UnsignedIntReturn'>, None, <pybindgen.typehandlers.ctypeparser.TypeTraits object at 0x7fadbba454e0>))
DEBUG:pybindgen.typehandlers:TypeMatcher.lookup('ns3::Mac16Address')
DEBUG:pybindgen.typehandlers:try to lookup type handler for 'ns3::Mac16Address' => success ((<class 'pybindgen.cppclass.CppClass.__init__.<locals>.ThisClassReturn'>, None, <pybindgen.typehandlers.ctypeparser.TypeTraits object at 0x7fadbba45860>))
DEBUG:pybindgen.typehandlers:TypeMatcher.lookup('ns3::Mac16Address')
DEBUG:pybindgen.typehandlers:try to lookup type handler for 'ns3::Mac16Address' => success ((<class 'pybindgen.cppclass.CppClass.__init__.<locals>.ThisClassReturn'>, None, <pybindgen.typehandlers.ctypeparser.TypeTraits object at 0x7fadbba45be0>))
DEBUG:pybindgen.typehandlers:TypeMatcher.lookup('uint8_t')
DEBUG:pybindgen.typehandlers:try to lookup type handler for 'uint8_t' => success ((<class 'pybindgen.typehandlers.inttype.UInt8Return'>, None, <pybindgen.typehandlers.ctypeparser.TypeTraits object at 0x7fadbba45f60>))
DEBUG:pybindgen.typehandlers:TypeMatcher.lookup('uint16_t')
DEBUG:pybindgen.typehandlers:try to lookup type handler for 'uint16_t' => success ((<class 'pybindgen.typehandlers.inttype.UInt16Return'>, None, <pybindgen.typehandlers.ctypeparser.TypeTraits object at 0x7fadbba4d358>))
DEBUG:pybindgen.typehandlers:TypeMatcher.lookup('ns3::LrWpanMacHeader::LrWpanMacType')
DEBUG:pybindgen.typehandlers:try to lookup type handler for 'ns3::LrWpanMacHeader::LrWpanMacType' => success ((<class 'pybindgen.enum.Enum.set_module.<locals>.ThisEnumReturn'>, None, <pybindgen.typehandlers.ctypeparser.TypeTraits object at 0x7fadbba4d6d8>))
DEBUG:pybindgen.typehandlers:TypeMatcher.lookup('ns3::TypeId')
DEBUG:pybindgen.typehandlers:try to lookup type handler for 'ns3::TypeId' => success ((<class 'pybindgen.cppclass.CppClass.__init__.<locals>.ThisClassReturn'>, None, <pybindgen.typehandlers.ctypeparser.TypeTraits object at 0x7fadbba4da58>))
DEBUG:pybindgen.typehandlers:TypeMatcher.lookup('bool')
DEBUG:pybindgen.typehandlers:try to lookup type handler for 'bool' => success ((<class 'pybindgen.typehandlers.booltype.BoolReturn'>, None, <pybindgen.typehandlers.ctypeparser.TypeTraits object at 0x7fadbba4ddd8>))
DEBUG:pybindgen.typehandlers:TypeMatcher.lookup('bool')
DEBUG:pybindgen.typehandlers:try to lookup type handler for 'bool' => success ((<class 'pybindgen.typehandlers.booltype.BoolReturn'>, None, <pybindgen.typehandlers.ctypeparser.TypeTraits object at 0x7fadbba531d0>))
DEBUG:pybindgen.typehandlers:TypeMatcher.lookup('bool')
DEBUG:pybindgen.typehandlers:try to lookup type handler for 'bool' => success ((<class 'pybindgen.typehandlers.booltype.BoolReturn'>, None, <pybindgen.typehandlers.ctypeparser.TypeTraits object at 0x7fadbba53588>))
DEBUG:pybindgen.typehandlers:TypeMatcher.lookup('bool')
DEBUG:pybindgen.typehandlers:try to lookup type handler for 'bool' => success ((<class 'pybindgen.typehandlers.booltype.BoolReturn'>, None, <pybindgen.typehandlers.ctypeparser.TypeTraits object at 0x7fadbba53940>))
DEBUG:pybindgen.typehandlers:TypeMatcher.lookup('bool')
DEBUG:pybindgen.typehandlers:try to lookup type handler for 'bool' => success ((<class 'pybindgen.typehandlers.booltype.BoolReturn'>, None, <pybindgen.typehandlers.ctypeparser.TypeTraits object at 0x7fadbba53cf8>))
DEBUG:pybindgen.typehandlers:TypeMatcher.lookup('bool')
DEBUG:pybindgen.typehandlers:try to lookup type handler for 'bool' => success ((<class 'pybindgen.typehandlers.booltype.BoolReturn'>, None, <pybindgen.typehandlers.ctypeparser.TypeTraits object at 0x7fadbb9de0f0>))
DEBUG:pybindgen.typehandlers:TypeMatcher.lookup('bool')
DEBUG:pybindgen.typehandlers:try to lookup type handler for 'bool' => success ((<class 'pybindgen.typehandlers.booltype.BoolReturn'>, None, <pybindgen.typehandlers.ctypeparser.TypeTraits object at 0x7fadbb9de4a8>))
DEBUG:pybindgen.typehandlers:TypeMatcher.lookup('bool')
DEBUG:pybindgen.typehandlers:try to lookup type handler for 'bool' => success ((<class 'pybindgen.typehandlers.booltype.BoolReturn'>, None, <pybindgen.typehandlers.ctypeparser.TypeTraits object at 0x7fadbb9de860>))
DEBUG:pybindgen.typehandlers:TypeMatcher.lookup('void')
DEBUG:pybindgen.typehandlers:try to lookup type handler for 'void' => success ((<class 'pybindgen.typehandlers.voidtype.VoidReturn'>, None, <pybindgen.typehandlers.ctypeparser.TypeTraits object at 0x7fadbb9dec18>))
DEBUG:pybindgen.typehandlers:TypeMatcher.lookup('std::ostream &')
DEBUG:pybindgen.typehandlers:try to lookup type handler for 'std::ostream &' => failure
'std::ostream &' did not match
/home/cs18/tarballs/ns-allinone-3.34/ns-3.34/src/lr-wpan/bindings/modulegen__gcc_LP64.py:4729: Warning: exception TypeLookupError(['std::ostream &'],) in wrapper public: virtual retval? ???::Print (params?) const;
  is_const=True, is_virtual=True)
DEBUG:pybindgen.typehandlers:TypeMatcher.lookup('void')
DEBUG:pybindgen.typehandlers:try to lookup type handler for 'void' => success ((<class 'pybindgen.typehandlers.voidtype.VoidReturn'>, None, <pybindgen.typehandlers.ctypeparser.TypeTraits object at 0x7fadbb9e5320>))
DEBUG:pybindgen.typehandlers:TypeMatcher.lookup('ns3::Buffer::Iterator')
DEBUG:pybindgen.typehandlers:try to lookup type handler for 'ns3::Buffer::Iterator' => success ((<class 'pybindgen.cppclass.CppClass.__init__.<locals>.ThisClassParameter'>, None, <pybindgen.typehandlers.ctypeparser.TypeTraits object at 0x7fadbb9e5470>))
DEBUG:pybindgen.typehandlers:TypeMatcher.lookup('void')
DEBUG:pybindgen.typehandlers:try to lookup type handler for 'void' => success ((<class 'pybindgen.typehandlers.voidtype.VoidReturn'>, None, <pybindgen.typehandlers.ctypeparser.TypeTraits object at 0x7fadbb9e57b8>))
DEBUG:pybindgen.typehandlers:TypeMatcher.lookup('void')
DEBUG:pybindgen.typehandlers:try to lookup type handler for 'void' => success ((<class 'pybindgen.typehandlers.voidtype.VoidReturn'>, None, <pybindgen.typehandlers.ctypeparser.TypeTraits object at 0x7fadbb9e5ba8>))
DEBUG:pybindgen.typehandlers:TypeMatcher.lookup('uint16_t')
DEBUG:pybindgen.typehandlers:try to lookup type handler for 'uint16_t' => success ((<class 'pybindgen.typehandlers.inttype.UInt16Param'>, None, <pybindgen.typehandlers.ctypeparser.TypeTraits object at 0x7fadbb9e5cf8>))
DEBUG:pybindgen.typehandlers:TypeMatcher.lookup('ns3::Mac16Address')
DEBUG:pybindgen.typehandlers:try to lookup type handler for 'ns3::Mac16Address' => success ((<class 'pybindgen.cppclass.CppClass.__init__.<locals>.ThisClassParameter'>, None, <pybindgen.typehandlers.ctypeparser.TypeTraits object at 0x7fadbb9e5da0>))
DEBUG:pybindgen.typehandlers:TypeMatcher.lookup('void')
DEBUG:pybindgen.typehandlers:try to lookup type handler for 'void' => success ((<class 'pybindgen.typehandlers.voidtype.VoidReturn'>, None, <pybindgen.typehandlers.ctypeparser.TypeTraits object at 0x7fadbb9eb160>))
DEBUG:pybindgen.typehandlers:TypeMatcher.lookup('uint16_t')
DEBUG:pybindgen.typehandlers:try to lookup type handler for 'uint16_t' => success ((<class 'pybindgen.typehandlers.inttype.UInt16Param'>, None, <pybindgen.typehandlers.ctypeparser.TypeTraits object at 0x7fadbb9eb2b0>))
DEBUG:pybindgen.typehandlers:TypeMatcher.lookup('ns3::Mac64Address')
DEBUG:pybindgen.typehandlers:try to lookup type handler for 'ns3::Mac64Address' => success ((<class 'pybindgen.cppclass.CppClass.__init__.<locals>.ThisClassParameter'>, None, <pybindgen.typehandlers.ctypeparser.TypeTraits object at 0x7fadbb9deda0>))
DEBUG:pybindgen.typehandlers:TypeMatcher.lookup('void')
DEBUG:pybindgen.typehandlers:try to lookup type handler for 'void' => success ((<class 'pybindgen.typehandlers.voidtype.VoidReturn'>, None, <pybindgen.typehandlers.ctypeparser.TypeTraits object at 0x7fadbb9eb470>))
DEBUG:pybindgen.typehandlers:TypeMatcher.lookup('uint8_t')
DEBUG:pybindgen.typehandlers:try to lookup type handler for 'uint8_t' => success ((<class 'pybindgen.typehandlers.inttype.UInt8Param'>, None, <pybindgen.typehandlers.ctypeparser.TypeTraits object at 0x7fadbb9eb5c0>))
DEBUG:pybindgen.typehandlers:TypeMatcher.lookup('void')
DEBUG:pybindgen.typehandlers:try to lookup type handler for 'void' => success ((<class 'pybindgen.typehandlers.voidtype.VoidReturn'>, None, <pybindgen.typehandlers.ctypeparser.TypeTraits object at 0x7fadbb9eb940>))
DEBUG:pybindgen.typehandlers:TypeMatcher.lookup('uint16_t')
DEBUG:pybindgen.typehandlers:try to lookup type handler for 'uint16_t' => success ((<class 'pybindgen.typehandlers.inttype.UInt16Param'>, None, <pybindgen.typehandlers.ctypeparser.TypeTraits object at 0x7fadbb9eba90>))
DEBUG:pybindgen.typehandlers:TypeMatcher.lookup('void')
DEBUG:pybindgen.typehandlers:try to lookup type handler for 'void' => success ((<class 'pybindgen.typehandlers.voidtype.VoidReturn'>, None, <pybindgen.typehandlers.ctypeparser.TypeTraits object at 0x7fadbb9ebdd8>))
DEBUG:pybindgen.typehandlers:TypeMatcher.lookup('uint8_t')
DEBUG:pybindgen.typehandlers:try to lookup type handler for 'uint8_t' => success ((<class 'pybindgen.typehandlers.inttype.UInt8Param'>, None, <pybindgen.typehandlers.ctypeparser.TypeTraits object at 0x7fadbb9ebf28>))
DEBUG:pybindgen.typehandlers:TypeMatcher.lookup('void')
DEBUG:pybindgen.typehandlers:try to lookup type handler for 'void' => success ((<class 'pybindgen.typehandlers.voidtype.VoidReturn'>, None, <pybindgen.typehandlers.ctypeparser.TypeTraits object at 0x7fadbb9f42e8>))
DEBUG:pybindgen.typehandlers:TypeMatcher.lookup('uint32_t')
DEBUG:pybindgen.typehandlers:try to lookup type handler for 'uint32_t' => success ((<class 'pybindgen.typehandlers.inttype.UnsignedIntParam'>, None, <pybindgen.typehandlers.ctypeparser.TypeTraits object at 0x7fadbb9f4438>))
DEBUG:pybindgen.typehandlers:TypeMatcher.lookup('void')
DEBUG:pybindgen.typehandlers:try to lookup type handler for 'void' => success ((<class 'pybindgen.typehandlers.voidtype.VoidReturn'>, None, <pybindgen.typehandlers.ctypeparser.TypeTraits object at 0x7fadbb9f4780>))
DEBUG:pybindgen.typehandlers:TypeMatcher.lookup('uint8_t')
DEBUG:pybindgen.typehandlers:try to lookup type handler for 'uint8_t' => success ((<class 'pybindgen.typehandlers.inttype.UInt8Param'>, None, <pybindgen.typehandlers.ctypeparser.TypeTraits object at 0x7fadbb9f48d0>))
DEBUG:pybindgen.typehandlers:TypeMatcher.lookup('void')
DEBUG:pybindgen.typehandlers:try to lookup type handler for 'void' => success ((<class 'pybindgen.typehandlers.voidtype.VoidReturn'>, None, <pybindgen.typehandlers.ctypeparser.TypeTraits object at 0x7fadbb9f4c50>))
DEBUG:pybindgen.typehandlers:TypeMatcher.lookup('void')
DEBUG:pybindgen.typehandlers:try to lookup type handler for 'void' => success ((<class 'pybindgen.typehandlers.voidtype.VoidReturn'>, None, <pybindgen.typehandlers.ctypeparser.TypeTraits object at 0x7fadbb9f8080>))
DEBUG:pybindgen.typehandlers:TypeMatcher.lookup('uint8_t')
DEBUG:pybindgen.typehandlers:try to lookup type handler for 'uint8_t' => success ((<class 'pybindgen.typehandlers.inttype.UInt8Param'>, None, <pybindgen.typehandlers.ctypeparser.TypeTraits object at 0x7fadbb9f81d0>))
DEBUG:pybindgen.typehandlers:TypeMatcher.lookup('void')
DEBUG:pybindgen.typehandlers:try to lookup type handler for 'void' => success ((<class 'pybindgen.typehandlers.voidtype.VoidReturn'>, None, <pybindgen.typehandlers.ctypeparser.TypeTraits object at 0x7fadbb9f8550>))
DEBUG:pybindgen.typehandlers:TypeMatcher.lookup('uint32_t')
DEBUG:pybindgen.typehandlers:try to lookup type handler for 'uint32_t' => success ((<class 'pybindgen.typehandlers.inttype.UnsignedIntParam'>, None, <pybindgen.typehandlers.ctypeparser.TypeTraits object at 0x7fadbb9f86a0>))
DEBUG:pybindgen.typehandlers:TypeMatcher.lookup('uint8_t')
DEBUG:pybindgen.typehandlers:try to lookup type handler for 'uint8_t' => success ((<class 'pybindgen.typehandlers.inttype.UInt8Param'>, None, <pybindgen.typehandlers.ctypeparser.TypeTraits object at 0x7fadbb9f8748>))
DEBUG:pybindgen.typehandlers:TypeMatcher.lookup('void')
DEBUG:pybindgen.typehandlers:try to lookup type handler for 'void' => success ((<class 'pybindgen.typehandlers.voidtype.VoidReturn'>, None, <pybindgen.typehandlers.ctypeparser.TypeTraits object at 0x7fadbb9f8ac8>))
DEBUG:pybindgen.typehandlers:TypeMatcher.lookup('uint64_t')
DEBUG:pybindgen.typehandlers:try to lookup type handler for 'uint64_t' => success ((<class 'pybindgen.typehandlers.inttype.UnsignedLongLongParam'>, None, <pybindgen.typehandlers.ctypeparser.TypeTraits object at 0x7fadbb9f8c18>))
DEBUG:pybindgen.typehandlers:TypeMatcher.lookup('uint8_t')
DEBUG:pybindgen.typehandlers:try to lookup type handler for 'uint8_t' => success ((<class 'pybindgen.typehandlers.inttype.UInt8Param'>, None, <pybindgen.typehandlers.ctypeparser.TypeTraits object at 0x7fadbb9f8cc0>))
DEBUG:pybindgen.typehandlers:TypeMatcher.lookup('void')
DEBUG:pybindgen.typehandlers:try to lookup type handler for 'void' => success ((<class 'pybindgen.typehandlers.voidtype.VoidReturn'>, None, <pybindgen.typehandlers.ctypeparser.TypeTraits object at 0x7fadbb9ff080>))
DEBUG:pybindgen.typehandlers:TypeMatcher.lookup('uint8_t')
DEBUG:pybindgen.typehandlers:try to lookup type handler for 'uint8_t' => success ((<class 'pybindgen.typehandlers.inttype.UInt8Param'>, None, <pybindgen.typehandlers.ctypeparser.TypeTraits object at 0x7fadbb9ff1d0>))
DEBUG:pybindgen.typehandlers:TypeMatcher.lookup('void')
DEBUG:pybindgen.typehandlers:try to lookup type handler for 'void' => success ((<class 'pybindgen.typehandlers.voidtype.VoidReturn'>, None, <pybindgen.typehandlers.ctypeparser.TypeTraits object at 0x7fadbb9ff550>))
DEBUG:pybindgen.typehandlers:TypeMatcher.lookup('void')
DEBUG:pybindgen.typehandlers:try to lookup type handler for 'void' => success ((<class 'pybindgen.typehandlers.voidtype.VoidReturn'>, None, <pybindgen.typehandlers.ctypeparser.TypeTraits object at 0x7fadbb9ff940>))
DEBUG:pybindgen.typehandlers:TypeMatcher.lookup('void')
DEBUG:pybindgen.typehandlers:try to lookup type handler for 'void' => success ((<class 'pybindgen.typehandlers.voidtype.VoidReturn'>, None, <pybindgen.typehandlers.ctypeparser.TypeTraits object at 0x7fadbb9ffd30>))
DEBUG:pybindgen.typehandlers:TypeMatcher.lookup('void')
DEBUG:pybindgen.typehandlers:try to lookup type handler for 'void' => success ((<class 'pybindgen.typehandlers.voidtype.VoidReturn'>, None, <pybindgen.typehandlers.ctypeparser.TypeTraits object at 0x7fadbba05160>))
DEBUG:pybindgen.typehandlers:TypeMatcher.lookup('void')
DEBUG:pybindgen.typehandlers:try to lookup type handler for 'void' => success ((<class 'pybindgen.typehandlers.voidtype.VoidReturn'>, None, <pybindgen.typehandlers.ctypeparser.TypeTraits object at 0x7fadbba05550>))
DEBUG:pybindgen.typehandlers:TypeMatcher.lookup('uint8_t')
DEBUG:pybindgen.typehandlers:try to lookup type handler for 'uint8_t' => success ((<class 'pybindgen.typehandlers.inttype.UInt8Param'>, None, <pybindgen.typehandlers.ctypeparser.TypeTraits object at 0x7fadbba056a0>))
DEBUG:pybindgen.typehandlers:TypeMatcher.lookup('void')
DEBUG:pybindgen.typehandlers:try to lookup type handler for 'void' => success ((<class 'pybindgen.typehandlers.voidtype.VoidReturn'>, None, <pybindgen.typehandlers.ctypeparser.TypeTraits object at 0x7fadbba05a20>))
DEBUG:pybindgen.typehandlers:TypeMatcher.lookup('uint8_t')
DEBUG:pybindgen.typehandlers:try to lookup type handler for 'uint8_t' => success ((<class 'pybindgen.typehandlers.inttype.UInt8Param'>, None, <pybindgen.typehandlers.ctypeparser.TypeTraits object at 0x7fadbba05b70>))
DEBUG:pybindgen.typehandlers:TypeMatcher.lookup('void')
DEBUG:pybindgen.typehandlers:try to lookup type handler for 'void' => success ((<class 'pybindgen.typehandlers.voidtype.VoidReturn'>, None, <pybindgen.typehandlers.ctypeparser.TypeTraits object at 0x7fadbba05ef0>))
DEBUG:pybindgen.typehandlers:TypeMatcher.lookup('void')
DEBUG:pybindgen.typehandlers:try to lookup type handler for 'void' => success ((<class 'pybindgen.typehandlers.voidtype.VoidReturn'>, None, <pybindgen.typehandlers.ctypeparser.TypeTraits object at 0x7fadbba0e320>))
DEBUG:pybindgen.typehandlers:TypeMatcher.lookup('void')
DEBUG:pybindgen.typehandlers:try to lookup type handler for 'void' => success ((<class 'pybindgen.typehandlers.voidtype.VoidReturn'>, None, <pybindgen.typehandlers.ctypeparser.TypeTraits object at 0x7fadbba0e710>))
DEBUG:pybindgen.typehandlers:TypeMatcher.lookup('uint8_t')
DEBUG:pybindgen.typehandlers:try to lookup type handler for 'uint8_t' => success ((<class 'pybindgen.typehandlers.inttype.UInt8Param'>, None, <pybindgen.typehandlers.ctypeparser.TypeTraits object at 0x7fadbba0e860>))
DEBUG:pybindgen.typehandlers:TypeMatcher.lookup('void')
DEBUG:pybindgen.typehandlers:try to lookup type handler for 'void' => success ((<class 'pybindgen.typehandlers.voidtype.VoidReturn'>, None, <pybindgen.typehandlers.ctypeparser.TypeTraits object at 0x7fadbba0ebe0>))
DEBUG:pybindgen.typehandlers:TypeMatcher.lookup('uint8_t')
DEBUG:pybindgen.typehandlers:try to lookup type handler for 'uint8_t' => success ((<class 'pybindgen.typehandlers.inttype.UInt8Param'>, None, <pybindgen.typehandlers.ctypeparser.TypeTraits object at 0x7fadbba0ed30>))
DEBUG:pybindgen.typehandlers:TypeMatcher.lookup('void')
DEBUG:pybindgen.typehandlers:try to lookup type handler for 'void' => success ((<class 'pybindgen.typehandlers.voidtype.VoidReturn'>, None, <pybindgen.typehandlers.ctypeparser.TypeTraits object at 0x7fadbba150f0>))
DEBUG:pybindgen.typehandlers:TypeMatcher.lookup('uint16_t')
DEBUG:pybindgen.typehandlers:try to lookup type handler for 'uint16_t' => success ((<class 'pybindgen.typehandlers.inttype.UInt16Param'>, None, <pybindgen.typehandlers.ctypeparser.TypeTraits object at 0x7fadbba15240>))
DEBUG:pybindgen.typehandlers:TypeMatcher.lookup('ns3::Mac16Address')
DEBUG:pybindgen.typehandlers:try to lookup type handler for 'ns3::Mac16Address' => success ((<class 'pybindgen.cppclass.CppClass.__init__.<locals>.ThisClassParameter'>, None, <pybindgen.typehandlers.ctypeparser.TypeTraits object at 0x7fadbba152e8>))
DEBUG:pybindgen.typehandlers:TypeMatcher.lookup('void')
DEBUG:pybindgen.typehandlers:try to lookup type handler for 'void' => success ((<class 'pybindgen.typehandlers.voidtype.VoidReturn'>, None, <pybindgen.typehandlers.ctypeparser.TypeTraits object at 0x7fadbba15668>))
DEBUG:pybindgen.typehandlers:TypeMatcher.lookup('uint16_t')
DEBUG:pybindgen.typehandlers:try to lookup type handler for 'uint16_t' => success ((<class 'pybindgen.typehandlers.inttype.UInt16Param'>, None, <pybindgen.typehandlers.ctypeparser.TypeTraits object at 0x7fadbba157b8>))
DEBUG:pybindgen.typehandlers:TypeMatcher.lookup('ns3::Mac64Address')
DEBUG:pybindgen.typehandlers:try to lookup type handler for 'ns3::Mac64Address' => success ((<class 'pybindgen.cppclass.CppClass.__init__.<locals>.ThisClassParameter'>, None, <pybindgen.typehandlers.ctypeparser.TypeTraits object at 0x7fadbba15860>))
DEBUG:pybindgen.typehandlers:TypeMatcher.lookup('void')
DEBUG:pybindgen.typehandlers:try to lookup type handler for 'void' => success ((<class 'pybindgen.typehandlers.voidtype.VoidReturn'>, None, <pybindgen.typehandlers.ctypeparser.TypeTraits object at 0x7fadbba15ba8>))
DEBUG:pybindgen.typehandlers:TypeMatcher.lookup('uint8_t')
DEBUG:pybindgen.typehandlers:try to lookup type handler for 'uint8_t' => success ((<class 'pybindgen.typehandlers.inttype.UInt8Param'>, None, <pybindgen.typehandlers.ctypeparser.TypeTraits object at 0x7fadbba15cf8>))
DEBUG:pybindgen.typehandlers:TypeMatcher.lookup('void')
DEBUG:pybindgen.typehandlers:try to lookup type handler for 'void' => success ((<class 'pybindgen.typehandlers.voidtype.VoidReturn'>, None, <pybindgen.typehandlers.ctypeparser.TypeTraits object at 0x7fadbb99c0b8>))
DEBUG:pybindgen.typehandlers:TypeMatcher.lookup('ns3::LrWpanMacHeader::LrWpanMacType')
DEBUG:pybindgen.typehandlers:try to lookup type handler for 'ns3::LrWpanMacHeader::LrWpanMacType' => success ((<class 'pybindgen.enum.Enum.set_module.<locals>.ThisEnumParameter'>, None, <pybindgen.typehandlers.ctypeparser.TypeTraits object at 0x7fadbb99c208>))
DEBUG:pybindgen.typehandlers:TypeMatcher.lookup('void')
DEBUG:pybindgen.typehandlers:try to lookup type handler for 'void' => success ((<class 'pybindgen.typehandlers.voidtype.VoidReturn'>, None, <pybindgen.typehandlers.ctypeparser.TypeTraits object at 0x7fadbb99c7b8>))
DEBUG:pybindgen.typehandlers:TypeMatcher.lookup('ns3::Ptr< ns3::Object >')
DEBUG:pybindgen.typehandlers:try to lookup type handler for 'ns3::Ptr< ns3::Object >' => failure
DEBUG:pybindgen.typehandlers:try to lookup type handler for 'ns3::Object *' => success ((<class 'pybindgen.cppclass.MemoryPolicy.register_ptr_parameter_and_return.<locals>.ThisClassPtrParameter'>, <ns3modulegen_core_customizations.SmartPointerTransformation object at 0x7fadbc4dbac8>, <pybindgen.typehandlers.ctypeparser.TypeTraits object at 0x7fadbb99cb38>))
DEBUG:pybindgen.typehandlers:TypeMatcher.lookup('void')
DEBUG:pybindgen.typehandlers:try to lookup type handler for 'void' => success ((<class 'pybindgen.typehandlers.voidtype.VoidReturn'>, None, <pybindgen.typehandlers.ctypeparser.TypeTraits object at 0x7fadbb99cd68>))
DEBUG:pybindgen.typehandlers:TypeMatcher.lookup('ns3::Object::AggregateIterator')
DEBUG:pybindgen.typehandlers:try to lookup type handler for 'ns3::Object::AggregateIterator' => success ((<class 'pybindgen.cppclass.CppClass.__init__.<locals>.ThisClassReturn'>, None, <pybindgen.typehandlers.ctypeparser.TypeTraits object at 0x7fadbb9a4198>))
DEBUG:pybindgen.typehandlers:TypeMatcher.lookup('ns3::TypeId')
DEBUG:pybindgen.typehandlers:try to lookup type handler for 'ns3::TypeId' => success ((<class 'pybindgen.cppclass.CppClass.__init__.<locals>.ThisClassReturn'>, None, <pybindgen.typehandlers.ctypeparser.TypeTraits object at 0x7fadbb9a4518>))
DEBUG:pybindgen.typehandlers:TypeMatcher.lookup('ns3::Ptr< ns3::Object >')
DEBUG:pybindgen.typehandlers:try to lookup type handler for 'ns3::Ptr< ns3::Object >' => failure
DEBUG:pybindgen.typehandlers:try to lookup type handler for 'ns3::Object *' => success ((<class 'pybindgen.cppclass.MemoryPolicy.register_ptr_parameter_and_return.<locals>.ThisClassPtrReturn'>, <ns3modulegen_core_customizations.SmartPointerTransformation object at 0x7fadbc4dbac8>, <pybindgen.typehandlers.ctypeparser.TypeTraits object at 0x7fadbb9a4cf8>))
DEBUG:pybindgen.typehandlers:TypeMatcher.lookup('ns3::Ptr< ns3::Object >')
DEBUG:pybindgen.typehandlers:try to lookup type handler for 'ns3::Ptr< ns3::Object >' => failure
DEBUG:pybindgen.typehandlers:try to lookup type handler for 'ns3::Object *' => success ((<class 'pybindgen.cppclass.MemoryPolicy.register_ptr_parameter_and_return.<locals>.ThisClassPtrReturn'>, <ns3modulegen_core_customizations.SmartPointerTransformation object at 0x7fadbc4dbac8>, <pybindgen.typehandlers.ctypeparser.TypeTraits object at 0x7fadbb9ac1d0>))
DEBUG:pybindgen.typehandlers:TypeMatcher.lookup('ns3::TypeId')
DEBUG:pybindgen.typehandlers:try to lookup type handler for 'ns3::TypeId' => success ((<class 'pybindgen.cppclass.CppClass.__init__.<locals>.ThisClassParameter'>, None, <pybindgen.typehandlers.ctypeparser.TypeTraits object at 0x7fadbb9ac128>))
DEBUG:pybindgen.typehandlers:TypeMatcher.lookup('ns3::TypeId')
DEBUG:pybindgen.typehandlers:try to lookup type handler for 'ns3::TypeId' => success ((<class 'pybindgen.cppclass.CppClass.__init__.<locals>.ThisClassReturn'>, None, <pybindgen.typehandlers.ctypeparser.TypeTraits object at 0x7fadbb9ac4a8>))
DEBUG:pybindgen.typehandlers:TypeMatcher.lookup('void')
DEBUG:pybindgen.typehandlers:try to lookup type handler for 'void' => success ((<class 'pybindgen.typehandlers.voidtype.VoidReturn'>, None, <pybindgen.typehandlers.ctypeparser.TypeTraits object at 0x7fadbb9ac860>))
DEBUG:pybindgen.typehandlers:TypeMatcher.lookup('bool')
DEBUG:pybindgen.typehandlers:try to lookup type handler for 'bool' => success ((<class 'pybindgen.typehandlers.booltype.BoolReturn'>, None, <pybindgen.typehandlers.ctypeparser.TypeTraits object at 0x7fadbb9acc50>))
DEBUG:pybindgen.typehandlers:TypeMatcher.lookup('ns3::Object const &')
DEBUG:pybindgen.typehandlers:try to lookup type handler for 'ns3::Object const &' => success ((<class 'pybindgen.cppclass.CppClass.__init__.<locals>.ThisClassRefParameter'>, None, <pybindgen.typehandlers.ctypeparser.TypeTraits object at 0x7fadbb9b2080>))
DEBUG:pybindgen.typehandlers:TypeMatcher.lookup('void')
DEBUG:pybindgen.typehandlers:try to lookup type handler for 'void' => success ((<class 'pybindgen.typehandlers.voidtype.VoidReturn'>, None, <pybindgen.typehandlers.ctypeparser.TypeTraits object at 0x7fadbb9b2438>))
DEBUG:pybindgen.typehandlers:TypeMatcher.lookup('void')
DEBUG:pybindgen.typehandlers:try to lookup type handler for 'void' => success ((<class 'pybindgen.typehandlers.voidtype.VoidReturn'>, None, <pybindgen.typehandlers.ctypeparser.TypeTraits object at 0x7fadbb9b2c50>))
DEBUG:pybindgen.typehandlers:TypeMatcher.lookup('void')
DEBUG:pybindgen.typehandlers:try to lookup type handler for 'void' => success ((<class 'pybindgen.typehandlers.voidtype.VoidReturn'>, None, <pybindgen.typehandlers.ctypeparser.TypeTraits object at 0x7fadbb9ba4a8>))
DEBUG:pybindgen.typehandlers:TypeMatcher.lookup('ns3::Object::AggregateIterator const &')
DEBUG:pybindgen.typehandlers:try to lookup type handler for 'ns3::Object::AggregateIterator const &' => success ((<class 'pybindgen.cppclass.CppClass.__init__.<locals>.ThisClassRefParameter'>, None, <pybindgen.typehandlers.ctypeparser.TypeTraits object at 0x7fadbb9bacf8>))
DEBUG:pybindgen.typehandlers:TypeMatcher.lookup('bool')
DEBUG:pybindgen.typehandlers:try to lookup type handler for 'bool' => success ((<class 'pybindgen.typehandlers.booltype.BoolReturn'>, None, <pybindgen.typehandlers.ctypeparser.TypeTraits object at 0x7fadbb9c5358>))
DEBUG:pybindgen.typehandlers:TypeMatcher.lookup('ns3::Ptr< ns3::Object const >')
DEBUG:pybindgen.typehandlers:try to lookup type handler for 'ns3::Ptr< ns3::Object const >' => failure
DEBUG:pybindgen.typehandlers:try to lookup type handler for 'ns3::Object *' => success ((<class 'pybindgen.cppclass.MemoryPolicy.register_ptr_parameter_and_return.<locals>.ThisClassPtrReturn'>, <ns3modulegen_core_customizations.SmartPointerTransformation object at 0x7fadbc4dbac8>, <pybindgen.typehandlers.ctypeparser.TypeTraits object at 0x7fadbb9c59b0>))
DEBUG:pybindgen.typehandlers:TypeMatcher.lookup('ns3::TypeId')
DEBUG:pybindgen.typehandlers:try to lookup type handler for 'ns3::TypeId' => success ((<class 'pybindgen.cppclass.CppClass.__init__.<locals>.ThisClassReturn'>, None, <pybindgen.typehandlers.ctypeparser.TypeTraits object at 0x7fadbb9c5c18>))
DEBUG:pybindgen.typehandlers:TypeMatcher.lookup('bool')
DEBUG:pybindgen.typehandlers:try to lookup type handler for 'bool' => success ((<class 'pybindgen.typehandlers.booltype.BoolReturn'>, None, <pybindgen.typehandlers.ctypeparser.TypeTraits object at 0x7fadbb9cd278>))
DEBUG:pybindgen.typehandlers:TypeMatcher.lookup('bool')
DEBUG:pybindgen.typehandlers:try to lookup type handler for 'bool' => success ((<class 'pybindgen.typehandlers.booltype.BoolReturn'>, None, <pybindgen.typehandlers.ctypeparser.TypeTraits object at 0x7fadbb9cd630>))
DEBUG:pybindgen.typehandlers:TypeMatcher.lookup('void')
DEBUG:pybindgen.typehandlers:try to lookup type handler for 'void' => success ((<class 'pybindgen.typehandlers.voidtype.VoidReturn'>, None, <pybindgen.typehandlers.ctypeparser.TypeTraits object at 0x7fadbb9cd9e8>))
DEBUG:pybindgen.typehandlers:TypeMatcher.lookup('void')
DEBUG:pybindgen.typehandlers:try to lookup type handler for 'void' => success ((<class 'pybindgen.typehandlers.voidtype.VoidReturn'>, None, <pybindgen.typehandlers.ctypeparser.TypeTraits object at 0x7fadbb9cddd8>))
DEBUG:pybindgen.typehandlers:TypeMatcher.lookup('std::string const &')
DEBUG:pybindgen.typehandlers:try to lookup type handler for 'std::string const &' => success ((<class 'pybindgen.typehandlers.stringtype.StdStringRefParam'>, None, <pybindgen.typehandlers.ctypeparser.TypeTraits object at 0x7fadbb9cdf28>))
DEBUG:pybindgen.typehandlers:TypeMatcher.lookup('std::ios_base::openmode')
DEBUG:pybindgen.typehandlers:try to lookup type handler for 'std::ios_base::openmode' => success ((<class 'ns3modulegen_core_customizations.IosOpenmodeParam'>, None, <pybindgen.typehandlers.ctypeparser.TypeTraits object at 0x7fadbb9d6128>))
DEBUG:pybindgen.typehandlers:TypeMatcher.lookup('void')
DEBUG:pybindgen.typehandlers:try to lookup type handler for 'void' => success ((<class 'pybindgen.typehandlers.voidtype.VoidReturn'>, None, <pybindgen.typehandlers.ctypeparser.TypeTraits object at 0x7fadbb9d6438>))
DEBUG:pybindgen.typehandlers:TypeMatcher.lookup('void')
DEBUG:pybindgen.typehandlers:try to lookup type handler for 'void' => success ((<class 'pybindgen.typehandlers.voidtype.VoidReturn'>, None, <pybindgen.typehandlers.ctypeparser.TypeTraits object at 0x7fadbb9d6828>))
DEBUG:pybindgen.typehandlers:TypeMatcher.lookup('uint32_t')
DEBUG:pybindgen.typehandlers:try to lookup type handler for 'uint32_t' => success ((<class 'pybindgen.typehandlers.inttype.UnsignedIntParam'>, None, <pybindgen.typehandlers.ctypeparser.TypeTraits object at 0x7fadbb9d6978>))
DEBUG:pybindgen.typehandlers:TypeMatcher.lookup('uint32_t')
DEBUG:pybindgen.typehandlers:try to lookup type handler for 'uint32_t' => success ((<class 'pybindgen.typehandlers.inttype.UnsignedIntParam'>, None, <pybindgen.typehandlers.ctypeparser.TypeTraits object at 0x7fadbb9d6a20>))
DEBUG:pybindgen.typehandlers:TypeMatcher.lookup('int32_t')
DEBUG:pybindgen.typehandlers:try to lookup type handler for 'int32_t' => success ((<class 'pybindgen.typehandlers.inttype.IntParam'>, None, <pybindgen.typehandlers.ctypeparser.TypeTraits object at 0x7fadbb9d6b00>))
DEBUG:pybindgen.typehandlers:TypeMatcher.lookup('void')
DEBUG:pybindgen.typehandlers:try to lookup type handler for 'void' => success ((<class 'pybindgen.typehandlers.voidtype.VoidReturn'>, None, <pybindgen.typehandlers.ctypeparser.TypeTraits object at 0x7fadbb9d6eb8>))
DEBUG:pybindgen.typehandlers:TypeMatcher.lookup('ns3::Time')
DEBUG:pybindgen.typehandlers:try to lookup type handler for 'ns3::Time' => success ((<class 'pybindgen.cppclass.CppClass.__init__.<locals>.ThisClassParameter'>, None, <pybindgen.typehandlers.ctypeparser.TypeTraits object at 0x7fadbb95c048>))
DEBUG:pybindgen.typehandlers:TypeMatcher.lookup('ns3::Ptr< ns3::Packet const >')
DEBUG:pybindgen.typehandlers:try to lookup type handler for 'ns3::Ptr< ns3::Packet const >' => failure
DEBUG:pybindgen.typehandlers:try to lookup type handler for 'ns3::Packet *' => success ((<class 'pybindgen.cppclass.MemoryPolicy.register_ptr_parameter_and_return.<locals>.ThisClassPtrParameter'>, <ns3modulegen_core_customizations.SmartPointerTransformation object at 0x7fadbc4dbac8>, <pybindgen.typehandlers.ctypeparser.TypeTraits object at 0x7fadbb95c390>))
DEBUG:pybindgen.typehandlers:TypeMatcher.lookup('void')
DEBUG:pybindgen.typehandlers:try to lookup type handler for 'void' => success ((<class 'pybindgen.typehandlers.voidtype.VoidReturn'>, None, <pybindgen.typehandlers.ctypeparser.TypeTraits object at 0x7fadbb95c5f8>))
DEBUG:pybindgen.typehandlers:TypeMatcher.lookup('ns3::Time')
DEBUG:pybindgen.typehandlers:try to lookup type handler for 'ns3::Time' => success ((<class 'pybindgen.cppclass.CppClass.__init__.<locals>.ThisClassParameter'>, None, <pybindgen.typehandlers.ctypeparser.TypeTraits object at 0x7fadbb95c748>))
DEBUG:pybindgen.typehandlers:TypeMatcher.lookup('ns3::Header const &')
DEBUG:pybindgen.typehandlers:try to lookup type handler for 'ns3::Header const &' => success ((<class 'pybindgen.cppclass.CppClass.__init__.<locals>.ThisClassRefParameter'>, None, <pybindgen.typehandlers.ctypeparser.TypeTraits object at 0x7fadbb95c7f0>))
DEBUG:pybindgen.typehandlers:TypeMatcher.lookup('ns3::Ptr< ns3::Packet const >')
DEBUG:pybindgen.typehandlers:try to lookup type handler for 'ns3::Ptr< ns3::Packet const >' => failure
DEBUG:pybindgen.typehandlers:try to lookup type handler for 'ns3::Packet *' => success ((<class 'pybindgen.cppclass.MemoryPolicy.register_ptr_parameter_and_return.<locals>.ThisClassPtrParameter'>, <ns3modulegen_core_customizations.SmartPointerTransformation object at 0x7fadbc4dbac8>, <pybindgen.typehandlers.ctypeparser.TypeTraits object at 0x7fadbb95cc18>))
DEBUG:pybindgen.typehandlers:TypeMatcher.lookup('void')
DEBUG:pybindgen.typehandlers:try to lookup type handler for 'void' => success ((<class 'pybindgen.typehandlers.voidtype.VoidReturn'>, None, <pybindgen.typehandlers.ctypeparser.TypeTraits object at 0x7fadbb95ce48>))
DEBUG:pybindgen.typehandlers:TypeMatcher.lookup('ns3::Time')
DEBUG:pybindgen.typehandlers:try to lookup type handler for 'ns3::Time' => success ((<class 'pybindgen.cppclass.CppClass.__init__.<locals>.ThisClassParameter'>, None, <pybindgen.typehandlers.ctypeparser.TypeTraits object at 0x7fadbb95cf98>))
DEBUG:pybindgen.typehandlers:TypeMatcher.lookup('uint8_t const *')
DEBUG:pybindgen.typehandlers:try to lookup type handler for 'uint8_t const *' => success ((<class 'pybindgen.typehandlers.inttype.UInt8PtrParam'>, None, <pybindgen.typehandlers.ctypeparser.TypeTraits object at 0x7fadbb963080>))
/home/cs18/tarballs/ns-allinone-3.34/ns-3.34/src/lr-wpan/bindings/modulegen__gcc_LP64.py:4971: Warning: exception TypeConfigurationError('direction not given',) in wrapper public: retval? ???::Write (params?);
  [param('ns3::Time', 't'), param('uint8_t const *', 'buffer'), param('uint32_t', 'length')])
DEBUG:pybindgen.typehandlers:TypeMatcher.lookup('ns3::Ptr< ns3::Packet >')
DEBUG:pybindgen.typehandlers:try to lookup type handler for 'ns3::Ptr< ns3::Packet >' => failure
DEBUG:pybindgen.typehandlers:try to lookup type handler for 'ns3::Packet *' => success ((<class 'pybindgen.cppclass.MemoryPolicy.register_ptr_parameter_and_return.<locals>.ThisClassPtrReturn'>, <ns3modulegen_core_customizations.SmartPointerTransformation object at 0x7fadbc4dbac8>, <pybindgen.typehandlers.ctypeparser.TypeTraits object at 0x7fadbb9633c8>))
DEBUG:pybindgen.typehandlers:TypeMatcher.lookup('ns3::Time &')
DEBUG:pybindgen.typehandlers:try to lookup type handler for 'ns3::Time &' => success ((<class 'pybindgen.cppclass.CppClass.__init__.<locals>.ThisClassRefParameter'>, None, <pybindgen.typehandlers.ctypeparser.TypeTraits object at 0x7fadbb963320>))
DEBUG:pybindgen.typehandlers:TypeMatcher.lookup('uint32_t')
DEBUG:pybindgen.typehandlers:try to lookup type handler for 'uint32_t' => success ((<class 'pybindgen.typehandlers.inttype.UnsignedIntReturn'>, None, <pybindgen.typehandlers.ctypeparser.TypeTraits object at 0x7fadbb963748>))
DEBUG:pybindgen.typehandlers:TypeMatcher.lookup('uint16_t')
DEBUG:pybindgen.typehandlers:try to lookup type handler for 'uint16_t' => success ((<class 'pybindgen.typehandlers.inttype.UInt16Return'>, None, <pybindgen.typehandlers.ctypeparser.TypeTraits object at 0x7fadbb963b00>))
DEBUG:pybindgen.typehandlers:TypeMatcher.lookup('uint16_t')
DEBUG:pybindgen.typehandlers:try to lookup type handler for 'uint16_t' => success ((<class 'pybindgen.typehandlers.inttype.UInt16Return'>, None, <pybindgen.typehandlers.ctypeparser.TypeTraits object at 0x7fadbb963eb8>))
DEBUG:pybindgen.typehandlers:TypeMatcher.lookup('int32_t')
DEBUG:pybindgen.typehandlers:try to lookup type handler for 'int32_t' => success ((<class 'pybindgen.typehandlers.inttype.IntReturn'>, None, <pybindgen.typehandlers.ctypeparser.TypeTraits object at 0x7fadbb9682b0>))
DEBUG:pybindgen.typehandlers:TypeMatcher.lookup('uint32_t')
DEBUG:pybindgen.typehandlers:try to lookup type handler for 'uint32_t' => success ((<class 'pybindgen.typehandlers.inttype.UnsignedIntReturn'>, None, <pybindgen.typehandlers.ctypeparser.TypeTraits object at 0x7fadbb9686a0>))
DEBUG:pybindgen.typehandlers:TypeMatcher.lookup('uint32_t')
DEBUG:pybindgen.typehandlers:try to lookup type handler for 'uint32_t' => success ((<class 'pybindgen.typehandlers.inttype.UnsignedIntReturn'>, None, <pybindgen.typehandlers.ctypeparser.TypeTraits object at 0x7fadbb968a58>))
DEBUG:pybindgen.typehandlers:TypeMatcher.lookup('uint32_t')
DEBUG:pybindgen.typehandlers:try to lookup type handler for 'uint32_t' => success ((<class 'pybindgen.typehandlers.inttype.UnsignedIntReturn'>, None, <pybindgen.typehandlers.ctypeparser.TypeTraits object at 0x7fadbb968e10>))
DEBUG:pybindgen.typehandlers:TypeMatcher.lookup('ns3::SimpleRefCount< ns3::AttributeAccessor, ns3::empty, ns3::DefaultDeleter< ns3::AttributeAccessor > > const &')
DEBUG:pybindgen.typehandlers:try to lookup type handler for 'ns3::SimpleRefCount< ns3::AttributeAccessor, ns3::empty, ns3::DefaultDeleter< ns3::AttributeAccessor > > const &' => success ((<class 'pybindgen.cppclass.CppClass.__init__.<locals>.ThisClassRefParameter'>, None, <pybindgen.typehandlers.ctypeparser.TypeTraits object at 0x7fadbb963240>))
DEBUG:pybindgen.typehandlers:TypeMatcher.lookup('ns3::SimpleRefCount< ns3::AttributeChecker, ns3::empty, ns3::DefaultDeleter< ns3::AttributeChecker > > const &')
DEBUG:pybindgen.typehandlers:try to lookup type handler for 'ns3::SimpleRefCount< ns3::AttributeChecker, ns3::empty, ns3::DefaultDeleter< ns3::AttributeChecker > > const &' => success ((<class 'pybindgen.cppclass.CppClass.__init__.<locals>.ThisClassRefParameter'>, None, <pybindgen.typehandlers.ctypeparser.TypeTraits object at 0x7fadbb970a20>))
DEBUG:pybindgen.typehandlers:TypeMatcher.lookup('ns3::SimpleRefCount< ns3::AttributeValue, ns3::empty, ns3::DefaultDeleter< ns3::AttributeValue > > const &')
DEBUG:pybindgen.typehandlers:try to lookup type handler for 'ns3::SimpleRefCount< ns3::AttributeValue, ns3::empty, ns3::DefaultDeleter< ns3::AttributeValue > > const &' => success ((<class 'pybindgen.cppclass.CppClass.__init__.<locals>.ThisClassRefParameter'>, None, <pybindgen.typehandlers.ctypeparser.TypeTraits object at 0x7fadbb9772e8>))
DEBUG:pybindgen.typehandlers:TypeMatcher.lookup('ns3::SimpleRefCount< ns3::CallbackImplBase, ns3::empty, ns3::DefaultDeleter< ns3::CallbackImplBase > > const &')
DEBUG:pybindgen.typehandlers:try to lookup type handler for 'ns3::SimpleRefCount< ns3::CallbackImplBase, ns3::empty, ns3::DefaultDeleter< ns3::CallbackImplBase > > const &' => success ((<class 'pybindgen.cppclass.CppClass.__init__.<locals>.ThisClassRefParameter'>, None, <pybindgen.typehandlers.ctypeparser.TypeTraits object at 0x7fadbb977b70>))
DEBUG:pybindgen.typehandlers:TypeMatcher.lookup('ns3::SimpleRefCount< ns3::EventImpl, ns3::empty, ns3::DefaultDeleter< ns3::EventImpl > > const &')
DEBUG:pybindgen.typehandlers:try to lookup type handler for 'ns3::SimpleRefCount< ns3::EventImpl, ns3::empty, ns3::DefaultDeleter< ns3::EventImpl > > const &' => success ((<class 'pybindgen.cppclass.CppClass.__init__.<locals>.ThisClassRefParameter'>, None, <pybindgen.typehandlers.ctypeparser.TypeTraits object at 0x7fadbb97e438>))
DEBUG:pybindgen.typehandlers:TypeMatcher.lookup('ns3::SimpleRefCount< ns3::Hash::Implementation, ns3::empty, ns3::DefaultDeleter< ns3::Hash::Implementation > > const &')
DEBUG:pybindgen.typehandlers:try to lookup type handler for 'ns3::SimpleRefCount< ns3::Hash::Implementation, ns3::empty, ns3::DefaultDeleter< ns3::Hash::Implementation > > const &' => success ((<class 'pybindgen.cppclass.CppClass.__init__.<locals>.ThisClassRefParameter'>, None, <pybindgen.typehandlers.ctypeparser.TypeTraits object at 0x7fadbb97ecc0>))
DEBUG:pybindgen.typehandlers:TypeMatcher.lookup('ns3::SimpleRefCount< ns3::LrWpanInterferenceHelper, ns3::empty, ns3::DefaultDeleter< ns3::LrWpanInterferenceHelper > > const &')
DEBUG:pybindgen.typehandlers:try to lookup type handler for 'ns3::SimpleRefCount< ns3::LrWpanInterferenceHelper, ns3::empty, ns3::DefaultDeleter< ns3::LrWpanInterferenceHelper > > const &' => success ((<class 'pybindgen.cppclass.CppClass.__init__.<locals>.ThisClassRefParameter'>, None, <pybindgen.typehandlers.ctypeparser.TypeTraits object at 0x7fadbb988588>))
DEBUG:pybindgen.typehandlers:TypeMatcher.lookup('ns3::SimpleRefCount< ns3::NixVector, ns3::empty, ns3::DefaultDeleter< ns3::NixVector > > const &')
DEBUG:pybindgen.typehandlers:try to lookup type handler for 'ns3::SimpleRefCount< ns3::NixVector, ns3::empty, ns3::DefaultDeleter< ns3::NixVector > > const &' => success ((<class 'pybindgen.cppclass.CppClass.__init__.<locals>.ThisClassRefParameter'>, None, <pybindgen.typehandlers.ctypeparser.TypeTraits object at 0x7fadbb988e10>))
DEBUG:pybindgen.typehandlers:TypeMatcher.lookup('ns3::SimpleRefCount< ns3::OutputStreamWrapper, ns3::empty, ns3::DefaultDeleter< ns3::OutputStreamWrapper > > const &')
DEBUG:pybindgen.typehandlers:try to lookup type handler for 'ns3::SimpleRefCount< ns3::OutputStreamWrapper, ns3::empty, ns3::DefaultDeleter< ns3::OutputStreamWrapper > > const &' => success ((<class 'pybindgen.cppclass.CppClass.__init__.<locals>.ThisClassRefParameter'>, None, <pybindgen.typehandlers.ctypeparser.TypeTraits object at 0x7fadbb98f6d8>))
DEBUG:pybindgen.typehandlers:TypeMatcher.lookup('ns3::SimpleRefCount< ns3::Packet, ns3::empty, ns3::DefaultDeleter< ns3::Packet > > const &')
DEBUG:pybindgen.typehandlers:try to lookup type handler for 'ns3::SimpleRefCount< ns3::Packet, ns3::empty, ns3::DefaultDeleter< ns3::Packet > > const &' => success ((<class 'pybindgen.cppclass.CppClass.__init__.<locals>.ThisClassRefParameter'>, None, <pybindgen.typehandlers.ctypeparser.TypeTraits object at 0x7fadbb98ff60>))
DEBUG:pybindgen.typehandlers:TypeMatcher.lookup('ns3::SimpleRefCount< ns3::SpectrumSignalParameters, ns3::empty, ns3::DefaultDeleter< ns3::SpectrumSignalParameters > > const &')
DEBUG:pybindgen.typehandlers:try to lookup type handler for 'ns3::SimpleRefCount< ns3::SpectrumSignalParameters, ns3::empty, ns3::DefaultDeleter< ns3::SpectrumSignalParameters > > const &' => success ((<class 'pybindgen.cppclass.CppClass.__init__.<locals>.ThisClassRefParameter'>, None, <pybindgen.typehandlers.ctypeparser.TypeTraits object at 0x7fadbb998828>))
DEBUG:pybindgen.typehandlers:TypeMatcher.lookup('ns3::SimpleRefCount< ns3::TraceSourceAccessor, ns3::empty, ns3::DefaultDeleter< ns3::TraceSourceAccessor > > const &')
DEBUG:pybindgen.typehandlers:try to lookup type handler for 'ns3::SimpleRefCount< ns3::TraceSourceAccessor, ns3::empty, ns3::DefaultDeleter< ns3::TraceSourceAccessor > > const &' => success ((<class 'pybindgen.cppclass.CppClass.__init__.<locals>.ThisClassRefParameter'>, None, <pybindgen.typehandlers.ctypeparser.TypeTraits object at 0x7fadbb9200f0>))
DEBUG:pybindgen.typehandlers:TypeMatcher.lookup('ns3::TypeId')
DEBUG:pybindgen.typehandlers:try to lookup type handler for 'ns3::TypeId' => success ((<class 'pybindgen.cppclass.CppClass.__init__.<locals>.ThisClassReturn'>, None, <pybindgen.typehandlers.ctypeparser.TypeTraits object at 0x7fadbb920940>))
DEBUG:pybindgen.typehandlers:TypeMatcher.lookup('void')
DEBUG:pybindgen.typehandlers:try to lookup type handler for 'void' => success ((<class 'pybindgen.typehandlers.voidtype.VoidReturn'>, None, <pybindgen.typehandlers.ctypeparser.TypeTraits object at 0x7fadbb920cc0>))
DEBUG:pybindgen.typehandlers:TypeMatcher.lookup('ns3::Ptr< ns3::NetDevice >')
DEBUG:pybindgen.typehandlers:try to lookup type handler for 'ns3::Ptr< ns3::NetDevice >' => failure
DEBUG:pybindgen.typehandlers:try to lookup type handler for 'ns3::NetDevice *' => success ((<class 'pybindgen.cppclass.MemoryPolicy.register_ptr_parameter_and_return.<locals>.ThisClassPtrParameter'>, <ns3modulegen_core_customizations.SmartPointerTransformation object at 0x7fadbc4dbac8>, <pybindgen.typehandlers.ctypeparser.TypeTraits object at 0x7fadbb925080>))
DEBUG:pybindgen.typehandlers:TypeMatcher.lookup('ns3::Ptr< ns3::NetDevice >')
DEBUG:pybindgen.typehandlers:try to lookup type handler for 'ns3::Ptr< ns3::NetDevice >' => failure
DEBUG:pybindgen.typehandlers:try to lookup type handler for 'ns3::NetDevice *' => success ((<class 'pybindgen.cppclass.MemoryPolicy.register_ptr_parameter_and_return.<locals>.ThisClassPtrReturn'>, <ns3modulegen_core_customizations.SmartPointerTransformation object at 0x7fadbc4dbac8>, <pybindgen.typehandlers.ctypeparser.TypeTraits object at 0x7fadbb925710>))
DEBUG:pybindgen.typehandlers:TypeMatcher.lookup('void')
DEBUG:pybindgen.typehandlers:try to lookup type handler for 'void' => success ((<class 'pybindgen.typehandlers.voidtype.VoidReturn'>, None, <pybindgen.typehandlers.ctypeparser.TypeTraits object at 0x7fadbb925b70>))
DEBUG:pybindgen.typehandlers:TypeMatcher.lookup('ns3::Ptr< ns3::MobilityModel >')
DEBUG:pybindgen.typehandlers:try to lookup type handler for 'ns3::Ptr< ns3::MobilityModel >' => failure
DEBUG:pybindgen.typehandlers:try to lookup type handler for 'ns3::MobilityModel *' => failure ('')
/home/cs18/tarballs/ns-allinone-3.34/ns-3.34/src/lr-wpan/bindings/modulegen__gcc_LP64.py:5112: Warning: exception TypeLookupError(['ns3::Ptr< ns3::MobilityModel >', 'ns3::MobilityModel *'],) in wrapper public: virtual retval? ???::SetMobility (params?) = 0;
  is_pure_virtual=True, is_virtual=True)
DEBUG:pybindgen.typehandlers:TypeMatcher.lookup('ns3::Ptr< ns3::MobilityModel >')
DEBUG:pybindgen.typehandlers:try to lookup type handler for 'ns3::Ptr< ns3::MobilityModel >' => failure
DEBUG:pybindgen.typehandlers:try to lookup type handler for 'ns3::MobilityModel *' => failure ('')
/home/cs18/tarballs/ns-allinone-3.34/ns-3.34/src/lr-wpan/bindings/modulegen__gcc_LP64.py:5117: Warning: exception TypeLookupError(['ns3::Ptr< ns3::MobilityModel >', 'ns3::MobilityModel *'],) in wrapper public: virtual retval? ???::GetMobility (params?) const = 0;
  is_const=True, is_pure_virtual=True, is_virtual=True)
DEBUG:pybindgen.typehandlers:TypeMatcher.lookup('void')
DEBUG:pybindgen.typehandlers:try to lookup type handler for 'void' => success ((<class 'pybindgen.typehandlers.voidtype.VoidReturn'>, None, <pybindgen.typehandlers.ctypeparser.TypeTraits object at 0x7fadbb930c50>))
DEBUG:pybindgen.typehandlers:TypeMatcher.lookup('ns3::Ptr< ns3::SpectrumChannel >')
DEBUG:pybindgen.typehandlers:try to lookup type handler for 'ns3::Ptr< ns3::SpectrumChannel >' => failure
DEBUG:pybindgen.typehandlers:try to lookup type handler for 'ns3::SpectrumChannel *' => failure ('')
/home/cs18/tarballs/ns-allinone-3.34/ns-3.34/src/lr-wpan/bindings/modulegen__gcc_LP64.py:5122: Warning: exception TypeLookupError(['ns3::Ptr< ns3::SpectrumChannel >', 'ns3::SpectrumChannel *'],) in wrapper public: virtual retval? ???::SetChannel (params?) = 0;
  is_pure_virtual=True, is_virtual=True)
DEBUG:pybindgen.typehandlers:TypeMatcher.lookup('ns3::Ptr< ns3::SpectrumModel const >')
DEBUG:pybindgen.typehandlers:try to lookup type handler for 'ns3::Ptr< ns3::SpectrumModel const >' => failure
DEBUG:pybindgen.typehandlers:try to lookup type handler for 'ns3::SpectrumModel *' => failure ('')
/home/cs18/tarballs/ns-allinone-3.34/ns-3.34/src/lr-wpan/bindings/modulegen__gcc_LP64.py:5127: Warning: exception TypeLookupError(['ns3::Ptr< ns3::SpectrumModel const >', 'ns3::SpectrumModel *'],) in wrapper public: virtual retval? ???::GetRxSpectrumModel (params?) const = 0;
  is_const=True, is_pure_virtual=True, is_virtual=True)
DEBUG:pybindgen.typehandlers:TypeMatcher.lookup('ns3::Ptr< ns3::AntennaModel >')
DEBUG:pybindgen.typehandlers:try to lookup type handler for 'ns3::Ptr< ns3::AntennaModel >' => failure
DEBUG:pybindgen.typehandlers:try to lookup type handler for 'ns3::AntennaModel *' => failure ('')
/home/cs18/tarballs/ns-allinone-3.34/ns-3.34/src/lr-wpan/bindings/modulegen__gcc_LP64.py:5132: Warning: exception TypeLookupError(['ns3::Ptr< ns3::AntennaModel >', 'ns3::AntennaModel *'],) in wrapper public: virtual retval? ???::GetRxAntenna (params?) const = 0;
  is_const=True, is_pure_virtual=True, is_virtual=True)
DEBUG:pybindgen.typehandlers:TypeMatcher.lookup('void')
DEBUG:pybindgen.typehandlers:try to lookup type handler for 'void' => success ((<class 'pybindgen.typehandlers.voidtype.VoidReturn'>, None, <pybindgen.typehandlers.ctypeparser.TypeTraits object at 0x7fadbb935898>))
DEBUG:pybindgen.typehandlers:TypeMatcher.lookup('ns3::Ptr< ns3::SpectrumSignalParameters >')
DEBUG:pybindgen.typehandlers:try to lookup type handler for 'ns3::Ptr< ns3::SpectrumSignalParameters >' => failure
DEBUG:pybindgen.typehandlers:try to lookup type handler for 'ns3::SpectrumSignalParameters *' => success ((<class 'pybindgen.cppclass.MemoryPolicy.register_ptr_parameter_and_return.<locals>.ThisClassPtrParameter'>, <ns3modulegen_core_customizations.SmartPointerTransformation object at 0x7fadbc4dbac8>, <pybindgen.typehandlers.ctypeparser.TypeTraits object at 0x7fadbb930e80>))
DEBUG:pybindgen.typehandlers:TypeMatcher.lookup('ns3::SpectrumSignalParameters const &')
DEBUG:pybindgen.typehandlers:try to lookup type handler for 'ns3::SpectrumSignalParameters const &' => success ((<class 'pybindgen.cppclass.CppClass.__init__.<locals>.ThisClassRefParameter'>, None, <pybindgen.typehandlers.ctypeparser.TypeTraits object at 0x7fadbb930518>))
DEBUG:pybindgen.typehandlers:TypeMatcher.lookup('ns3::Ptr< ns3::SpectrumSignalParameters >')
DEBUG:pybindgen.typehandlers:try to lookup type handler for 'ns3::Ptr< ns3::SpectrumSignalParameters >' => failure
DEBUG:pybindgen.typehandlers:try to lookup type handler for 'ns3::SpectrumSignalParameters *' => success ((<class 'pybindgen.cppclass.MemoryPolicy.register_ptr_parameter_and_return.<locals>.ThisClassPtrReturn'>, <ns3modulegen_core_customizations.SmartPointerTransformation object at 0x7fadbc4dbac8>, <pybindgen.typehandlers.ctypeparser.TypeTraits object at 0x7fadbb93db38>))
DEBUG:pybindgen.typehandlers:TypeMatcher.lookup('ns3::Ptr< ns3::SpectrumValue >')
DEBUG:pybindgen.typehandlers:try to lookup type handler for 'ns3::Ptr< ns3::SpectrumValue >' => failure
DEBUG:pybindgen.typehandlers:try to lookup type handler for 'ns3::SpectrumValue *' => failure ('')
bindings/python/ns3modulegen-modular.py:30: UserWarning: exception TypeLookupError(['ns3::Ptr< ns3::SpectrumValue >', 'ns3::SpectrumValue *'],) in wrapper None
  warnings.warn("exception %r in wrapper %s" % (exception, wrapper))
DEBUG:pybindgen.typehandlers:TypeMatcher.lookup('ns3::Time')
DEBUG:pybindgen.typehandlers:try to lookup type handler for 'ns3::Time' => success ((<class 'pybindgen.cppclass.CppClass.__init__.<locals>.ThisClassReturn'>, None, <pybindgen.typehandlers.ctypeparser.TypeTraits object at 0x7fadbb93df60>))
DEBUG:pybindgen.typehandlers:TypeMatcher.lookup('ns3::Ptr< ns3::SpectrumPhy >')
DEBUG:pybindgen.typehandlers:try to lookup type handler for 'ns3::Ptr< ns3::SpectrumPhy >' => failure
DEBUG:pybindgen.typehandlers:try to lookup type handler for 'ns3::SpectrumPhy *' => success ((<class 'pybindgen.cppclass.MemoryPolicy.register_ptr_parameter_and_return.<locals>.ThisClassPtrReturn'>, <ns3modulegen_core_customizations.SmartPointerTransformation object at 0x7fadbc4dbac8>, <pybindgen.typehandlers.ctypeparser.TypeTraits object at 0x7fadbb943780>))
DEBUG:pybindgen.typehandlers:TypeMatcher.lookup('ns3::Ptr< ns3::AntennaModel >')
DEBUG:pybindgen.typehandlers:try to lookup type handler for 'ns3::Ptr< ns3::AntennaModel >' => failure
DEBUG:pybindgen.typehandlers:try to lookup type handler for 'ns3::AntennaModel *' => failure ('')
bindings/python/ns3modulegen-modular.py:30: UserWarning: exception TypeLookupError(['ns3::Ptr< ns3::AntennaModel >', 'ns3::AntennaModel *'],) in wrapper None
  warnings.warn("exception %r in wrapper %s" % (exception, wrapper))
DEBUG:pybindgen.typehandlers:TypeMatcher.lookup('ns3::TraceSourceAccessor const &')
DEBUG:pybindgen.typehandlers:try to lookup type handler for 'ns3::TraceSourceAccessor const &' => success ((<class 'pybindgen.cppclass.CppClass.__init__.<locals>.ThisClassRefParameter'>, None, <pybindgen.typehandlers.ctypeparser.TypeTraits object at 0x7fadbb943eb8>))
DEBUG:pybindgen.typehandlers:TypeMatcher.lookup('bool')
DEBUG:pybindgen.typehandlers:try to lookup type handler for 'bool' => success ((<class 'pybindgen.typehandlers.booltype.BoolReturn'>, None, <pybindgen.typehandlers.ctypeparser.TypeTraits object at 0x7fadbb9494e0>))
DEBUG:pybindgen.typehandlers:TypeMatcher.lookup('ns3::ObjectBase *')
DEBUG:pybindgen.typehandlers:try to lookup type handler for 'ns3::ObjectBase *' => success ((<class 'pybindgen.cppclass.CppClass.__init__.<locals>.ThisClassPtrParameter'>, None, <pybindgen.typehandlers.ctypeparser.TypeTraits object at 0x7fadbb949630>))
DEBUG:pybindgen.typehandlers:TypeMatcher.lookup('std::string')
DEBUG:pybindgen.typehandlers:try to lookup type handler for 'std::string' => success ((<class 'pybindgen.typehandlers.stringtype.StdStringParam'>, None, <pybindgen.typehandlers.ctypeparser.TypeTraits object at 0x7fadbb949748>))
DEBUG:pybindgen.typehandlers:TypeMatcher.lookup('ns3::CallbackBase const &')
DEBUG:pybindgen.typehandlers:try to lookup type handler for 'ns3::CallbackBase const &' => success ((<class 'pybindgen.cppclass.CppClass.__init__.<locals>.ThisClassRefParameter'>, None, <pybindgen.typehandlers.ctypeparser.TypeTraits object at 0x7fadbb943dd8>))
DEBUG:pybindgen.typehandlers:TypeMatcher.lookup('bool')
DEBUG:pybindgen.typehandlers:try to lookup type handler for 'bool' => success ((<class 'pybindgen.typehandlers.booltype.BoolReturn'>, None, <pybindgen.typehandlers.ctypeparser.TypeTraits object at 0x7fadbb93de48>))
DEBUG:pybindgen.typehandlers:TypeMatcher.lookup('ns3::ObjectBase *')
DEBUG:pybindgen.typehandlers:try to lookup type handler for 'ns3::ObjectBase *' => success ((<class 'pybindgen.cppclass.CppClass.__init__.<locals>.ThisClassPtrParameter'>, None, <pybindgen.typehandlers.ctypeparser.TypeTraits object at 0x7fadbb949860>))
DEBUG:pybindgen.typehandlers:TypeMatcher.lookup('ns3::CallbackBase const &')
DEBUG:pybindgen.typehandlers:try to lookup type handler for 'ns3::CallbackBase const &' => success ((<class 'pybindgen.cppclass.CppClass.__init__.<locals>.ThisClassRefParameter'>, None, <pybindgen.typehandlers.ctypeparser.TypeTraits object at 0x7fadbb9499b0>))
DEBUG:pybindgen.typehandlers:TypeMatcher.lookup('bool')
DEBUG:pybindgen.typehandlers:try to lookup type handler for 'bool' => success ((<class 'pybindgen.typehandlers.booltype.BoolReturn'>, None, <pybindgen.typehandlers.ctypeparser.TypeTraits object at 0x7fadbb949da0>))
DEBUG:pybindgen.typehandlers:TypeMatcher.lookup('ns3::ObjectBase *')
DEBUG:pybindgen.typehandlers:try to lookup type handler for 'ns3::ObjectBase *' => success ((<class 'pybindgen.cppclass.CppClass.__init__.<locals>.ThisClassPtrParameter'>, None, <pybindgen.typehandlers.ctypeparser.TypeTraits object at 0x7fadbb949ef0>))
DEBUG:pybindgen.typehandlers:TypeMatcher.lookup('std::string')
DEBUG:pybindgen.typehandlers:try to lookup type handler for 'std::string' => success ((<class 'pybindgen.typehandlers.stringtype.StdStringParam'>, None, <pybindgen.typehandlers.ctypeparser.TypeTraits object at 0x7fadbb950048>))
DEBUG:pybindgen.typehandlers:TypeMatcher.lookup('ns3::CallbackBase const &')
DEBUG:pybindgen.typehandlers:try to lookup type handler for 'ns3::CallbackBase const &' => success ((<class 'pybindgen.cppclass.CppClass.__init__.<locals>.ThisClassRefParameter'>, None, <pybindgen.typehandlers.ctypeparser.TypeTraits object at 0x7fadbb9500f0>))
DEBUG:pybindgen.typehandlers:TypeMatcher.lookup('bool')
DEBUG:pybindgen.typehandlers:try to lookup type handler for 'bool' => success ((<class 'pybindgen.typehandlers.booltype.BoolReturn'>, None, <pybindgen.typehandlers.ctypeparser.TypeTraits object at 0x7fadbb950518>))
DEBUG:pybindgen.typehandlers:TypeMatcher.lookup('ns3::ObjectBase *')
DEBUG:pybindgen.typehandlers:try to lookup type handler for 'ns3::ObjectBase *' => success ((<class 'pybindgen.cppclass.CppClass.__init__.<locals>.ThisClassPtrParameter'>, None, <pybindgen.typehandlers.ctypeparser.TypeTraits object at 0x7fadbb950668>))
DEBUG:pybindgen.typehandlers:TypeMatcher.lookup('ns3::CallbackBase const &')
DEBUG:pybindgen.typehandlers:try to lookup type handler for 'ns3::CallbackBase const &' => success ((<class 'pybindgen.cppclass.CppClass.__init__.<locals>.ThisClassRefParameter'>, None, <pybindgen.typehandlers.ctypeparser.TypeTraits object at 0x7fadbb950780>))
DEBUG:pybindgen.typehandlers:TypeMatcher.lookup('ns3::Trailer const &')
DEBUG:pybindgen.typehandlers:try to lookup type handler for 'ns3::Trailer const &' => success ((<class 'pybindgen.cppclass.CppClass.__init__.<locals>.ThisClassRefParameter'>, None, <pybindgen.typehandlers.ctypeparser.TypeTraits object at 0x7fadbb950e10>))
DEBUG:pybindgen.typehandlers:TypeMatcher.lookup('uint32_t')
DEBUG:pybindgen.typehandlers:try to lookup type handler for 'uint32_t' => success ((<class 'pybindgen.typehandlers.inttype.UnsignedIntReturn'>, None, <pybindgen.typehandlers.ctypeparser.TypeTraits object at 0x7fadbb8d9208>))
DEBUG:pybindgen.typehandlers:TypeMatcher.lookup('ns3::Buffer::Iterator')
DEBUG:pybindgen.typehandlers:try to lookup type handler for 'ns3::Buffer::Iterator' => success ((<class 'pybindgen.cppclass.CppClass.__init__.<locals>.ThisClassParameter'>, None, <pybindgen.typehandlers.ctypeparser.TypeTraits object at 0x7fadbb8d9320>))
DEBUG:pybindgen.typehandlers:TypeMatcher.lookup('uint32_t')
DEBUG:pybindgen.typehandlers:try to lookup type handler for 'uint32_t' => success ((<class 'pybindgen.typehandlers.inttype.UnsignedIntReturn'>, None, <pybindgen.typehandlers.ctypeparser.TypeTraits object at 0x7fadbb8d9668>))
DEBUG:pybindgen.typehandlers:TypeMatcher.lookup('ns3::Buffer::Iterator')
DEBUG:pybindgen.typehandlers:try to lookup type handler for 'ns3::Buffer::Iterator' => success ((<class 'pybindgen.cppclass.CppClass.__init__.<locals>.ThisClassParameter'>, None, <pybindgen.typehandlers.ctypeparser.TypeTraits object at 0x7fadbb8d9780>))
DEBUG:pybindgen.typehandlers:TypeMatcher.lookup('ns3::Buffer::Iterator')
DEBUG:pybindgen.typehandlers:try to lookup type handler for 'ns3::Buffer::Iterator' => success ((<class 'pybindgen.cppclass.CppClass.__init__.<locals>.ThisClassParameter'>, None, <pybindgen.typehandlers.ctypeparser.TypeTraits object at 0x7fadbb8d9828>))
DEBUG:pybindgen.typehandlers:TypeMatcher.lookup('uint32_t')
DEBUG:pybindgen.typehandlers:try to lookup type handler for 'uint32_t' => success ((<class 'pybindgen.typehandlers.inttype.UnsignedIntReturn'>, None, <pybindgen.typehandlers.ctypeparser.TypeTraits object at 0x7fadbb8d9b70>))
DEBUG:pybindgen.typehandlers:TypeMatcher.lookup('ns3::TypeId')
DEBUG:pybindgen.typehandlers:try to lookup type handler for 'ns3::TypeId' => success ((<class 'pybindgen.cppclass.CppClass.__init__.<locals>.ThisClassReturn'>, None, <pybindgen.typehandlers.ctypeparser.TypeTraits object at 0x7fadbb8d9ef0>))
DEBUG:pybindgen.typehandlers:TypeMatcher.lookup('void')
DEBUG:pybindgen.typehandlers:try to lookup type handler for 'void' => success ((<class 'pybindgen.typehandlers.voidtype.VoidReturn'>, None, <pybindgen.typehandlers.ctypeparser.TypeTraits object at 0x7fadbb8e12b0>))
DEBUG:pybindgen.typehandlers:TypeMatcher.lookup('std::ostream &')
DEBUG:pybindgen.typehandlers:try to lookup type handler for 'std::ostream &' => failure
'std::ostream &' did not match
/home/cs18/tarballs/ns-allinone-3.34/ns-3.34/src/lr-wpan/bindings/modulegen__gcc_LP64.py:5217: Warning: exception TypeLookupError(['std::ostream &'],) in wrapper public: virtual retval? ???::Print (params?) const = 0;
  is_const=True, is_pure_virtual=True, is_virtual=True)
DEBUG:pybindgen.typehandlers:TypeMatcher.lookup('void')
DEBUG:pybindgen.typehandlers:try to lookup type handler for 'void' => success ((<class 'pybindgen.typehandlers.voidtype.VoidReturn'>, None, <pybindgen.typehandlers.ctypeparser.TypeTraits object at 0x7fadbb8e1978>))
DEBUG:pybindgen.typehandlers:TypeMatcher.lookup('ns3::Buffer::Iterator')
DEBUG:pybindgen.typehandlers:try to lookup type handler for 'ns3::Buffer::Iterator' => success ((<class 'pybindgen.cppclass.CppClass.__init__.<locals>.ThisClassParameter'>, None, <pybindgen.typehandlers.ctypeparser.TypeTraits object at 0x7fadbb8e1ac8>))
DEBUG:pybindgen.typehandlers:TypeMatcher.lookup('ns3::AttributeAccessor const &')
DEBUG:pybindgen.typehandlers:try to lookup type handler for 'ns3::AttributeAccessor const &' => success ((<class 'pybindgen.cppclass.CppClass.__init__.<locals>.ThisClassRefParameter'>, None, <pybindgen.typehandlers.ctypeparser.TypeTraits object at 0x7fadbb8e1e48>))
DEBUG:pybindgen.typehandlers:TypeMatcher.lookup('bool')
DEBUG:pybindgen.typehandlers:try to lookup type handler for 'bool' => success ((<class 'pybindgen.typehandlers.booltype.BoolReturn'>, None, <pybindgen.typehandlers.ctypeparser.TypeTraits object at 0x7fadbb8e54a8>))
DEBUG:pybindgen.typehandlers:TypeMatcher.lookup('ns3::ObjectBase const *')
DEBUG:pybindgen.typehandlers:try to lookup type handler for 'ns3::ObjectBase const *' => success ((<class 'pybindgen.cppclass.CppClass.__init__.<locals>.ThisClassPtrParameter'>, None, <pybindgen.typehandlers.ctypeparser.TypeTraits object at 0x7fadbb8e55f8>))
DEBUG:pybindgen.typehandlers:TypeMatcher.lookup('ns3::AttributeValue &')
DEBUG:pybindgen.typehandlers:try to lookup type handler for 'ns3::AttributeValue &' => success ((<class 'pybindgen.cppclass.CppClass.__init__.<locals>.ThisClassRefParameter'>, None, <pybindgen.typehandlers.ctypeparser.TypeTraits object at 0x7fadbb8e57b8>))
DEBUG:pybindgen.typehandlers:TypeMatcher.lookup('bool')
DEBUG:pybindgen.typehandlers:try to lookup type handler for 'bool' => success ((<class 'pybindgen.typehandlers.booltype.BoolReturn'>, None, <pybindgen.typehandlers.ctypeparser.TypeTraits object at 0x7fadbb8e5b00>))
DEBUG:pybindgen.typehandlers:TypeMatcher.lookup('bool')
DEBUG:pybindgen.typehandlers:try to lookup type handler for 'bool' => success ((<class 'pybindgen.typehandlers.booltype.BoolReturn'>, None, <pybindgen.typehandlers.ctypeparser.TypeTraits object at 0x7fadbb8e5eb8>))
DEBUG:pybindgen.typehandlers:TypeMatcher.lookup('bool')
DEBUG:pybindgen.typehandlers:try to lookup type handler for 'bool' => success ((<class 'pybindgen.typehandlers.booltype.BoolReturn'>, None, <pybindgen.typehandlers.ctypeparser.TypeTraits object at 0x7fadbb8f12b0>))
DEBUG:pybindgen.typehandlers:TypeMatcher.lookup('ns3::ObjectBase *')
DEBUG:pybindgen.typehandlers:try to lookup type handler for 'ns3::ObjectBase *' => success ((<class 'pybindgen.cppclass.CppClass.__init__.<locals>.ThisClassPtrParameter'>, None, <pybindgen.typehandlers.ctypeparser.TypeTraits object at 0x7fadbb8f1400>))
DEBUG:pybindgen.typehandlers:TypeMatcher.lookup('ns3::AttributeValue const &')
DEBUG:pybindgen.typehandlers:try to lookup type handler for 'ns3::AttributeValue const &' => success ((<class 'pybindgen.cppclass.CppClass.__init__.<locals>.ThisClassRefParameter'>, None, <pybindgen.typehandlers.ctypeparser.TypeTraits object at 0x7fadbb8f1518>))
DEBUG:pybindgen.typehandlers:TypeMatcher.lookup('ns3::AttributeChecker const &')
DEBUG:pybindgen.typehandlers:try to lookup type handler for 'ns3::AttributeChecker const &' => success ((<class 'pybindgen.cppclass.CppClass.__init__.<locals>.ThisClassRefParameter'>, None, <pybindgen.typehandlers.ctypeparser.TypeTraits object at 0x7fadbb8f1710>))
DEBUG:pybindgen.typehandlers:TypeMatcher.lookup('bool')
DEBUG:pybindgen.typehandlers:try to lookup type handler for 'bool' => success ((<class 'pybindgen.typehandlers.booltype.BoolReturn'>, None, <pybindgen.typehandlers.ctypeparser.TypeTraits object at 0x7fadbb8f1d30>))
DEBUG:pybindgen.typehandlers:TypeMatcher.lookup('ns3::AttributeValue const &')
DEBUG:pybindgen.typehandlers:try to lookup type handler for 'ns3::AttributeValue const &' => success ((<class 'pybindgen.cppclass.CppClass.__init__.<locals>.ThisClassRefParameter'>, None, <pybindgen.typehandlers.ctypeparser.TypeTraits object at 0x7fadbb8f1e80>))
DEBUG:pybindgen.typehandlers:TypeMatcher.lookup('bool')
DEBUG:pybindgen.typehandlers:try to lookup type handler for 'bool' => success ((<class 'pybindgen.typehandlers.booltype.BoolReturn'>, None, <pybindgen.typehandlers.ctypeparser.TypeTraits object at 0x7fadbb8f62b0>))
DEBUG:pybindgen.typehandlers:TypeMatcher.lookup('ns3::AttributeValue const &')
DEBUG:pybindgen.typehandlers:try to lookup type handler for 'ns3::AttributeValue const &' => success ((<class 'pybindgen.cppclass.CppClass.__init__.<locals>.ThisClassRefParameter'>, None, <pybindgen.typehandlers.ctypeparser.TypeTraits object at 0x7fadbb8f6400>))
DEBUG:pybindgen.typehandlers:TypeMatcher.lookup('ns3::AttributeValue &')
DEBUG:pybindgen.typehandlers:try to lookup type handler for 'ns3::AttributeValue &' => success ((<class 'pybindgen.cppclass.CppClass.__init__.<locals>.ThisClassRefParameter'>, None, <pybindgen.typehandlers.ctypeparser.TypeTraits object at 0x7fadbb8f65c0>))
DEBUG:pybindgen.typehandlers:TypeMatcher.lookup('ns3::Ptr< ns3::AttributeValue >')
DEBUG:pybindgen.typehandlers:try to lookup type handler for 'ns3::Ptr< ns3::AttributeValue >' => failure
DEBUG:pybindgen.typehandlers:try to lookup type handler for 'ns3::AttributeValue *' => success ((<class 'pybindgen.cppclass.MemoryPolicy.register_ptr_parameter_and_return.<locals>.ThisClassPtrReturn'>, <ns3modulegen_core_customizations.SmartPointerTransformation object at 0x7fadbc4dbac8>, <pybindgen.typehandlers.ctypeparser.TypeTraits object at 0x7fadbb8f6b38>))
DEBUG:pybindgen.typehandlers:TypeMatcher.lookup('ns3::Ptr< ns3::AttributeValue >')
DEBUG:pybindgen.typehandlers:try to lookup type handler for 'ns3::Ptr< ns3::AttributeValue >' => failure
DEBUG:pybindgen.typehandlers:try to lookup type handler for 'ns3::AttributeValue *' => success ((<class 'pybindgen.cppclass.MemoryPolicy.register_ptr_parameter_and_return.<locals>.ThisClassPtrReturn'>, <ns3modulegen_core_customizations.SmartPointerTransformation object at 0x7fadbc4dbac8>, <pybindgen.typehandlers.ctypeparser.TypeTraits object at 0x7fadbb8f6fd0>))
DEBUG:pybindgen.typehandlers:TypeMatcher.lookup('ns3::AttributeValue const &')
DEBUG:pybindgen.typehandlers:try to lookup type handler for 'ns3::AttributeValue const &' => success ((<class 'pybindgen.cppclass.CppClass.__init__.<locals>.ThisClassRefParameter'>, None, <pybindgen.typehandlers.ctypeparser.TypeTraits object at 0x7fadbb8f6f28>))
DEBUG:pybindgen.typehandlers:TypeMatcher.lookup('std::string')
DEBUG:pybindgen.typehandlers:try to lookup type handler for 'std::string' => success ((<class 'pybindgen.typehandlers.stringtype.StdStringReturn'>, None, <pybindgen.typehandlers.ctypeparser.TypeTraits object at 0x7fadbb8fb400>))
DEBUG:pybindgen.typehandlers:TypeMatcher.lookup('std::string')
DEBUG:pybindgen.typehandlers:try to lookup type handler for 'std::string' => success ((<class 'pybindgen.typehandlers.stringtype.StdStringReturn'>, None, <pybindgen.typehandlers.ctypeparser.TypeTraits object at 0x7fadbb8fb780>))
DEBUG:pybindgen.typehandlers:TypeMatcher.lookup('bool')
DEBUG:pybindgen.typehandlers:try to lookup type handler for 'bool' => success ((<class 'pybindgen.typehandlers.booltype.BoolReturn'>, None, <pybindgen.typehandlers.ctypeparser.TypeTraits object at 0x7fadbb8fbb00>))
DEBUG:pybindgen.typehandlers:TypeMatcher.lookup('ns3::AttributeValue const &')
DEBUG:pybindgen.typehandlers:try to lookup type handler for 'ns3::AttributeValue const &' => success ((<class 'pybindgen.cppclass.CppClass.__init__.<locals>.ThisClassRefParameter'>, None, <pybindgen.typehandlers.ctypeparser.TypeTraits object at 0x7fadbb8fbef0>))
DEBUG:pybindgen.typehandlers:TypeMatcher.lookup('ns3::Ptr< ns3::AttributeValue >')
DEBUG:pybindgen.typehandlers:try to lookup type handler for 'ns3::Ptr< ns3::AttributeValue >' => failure
DEBUG:pybindgen.typehandlers:try to lookup type handler for 'ns3::AttributeValue *' => success ((<class 'pybindgen.cppclass.MemoryPolicy.register_ptr_parameter_and_return.<locals>.ThisClassPtrReturn'>, <ns3modulegen_core_customizations.SmartPointerTransformation object at 0x7fadbc4dbac8>, <pybindgen.typehandlers.ctypeparser.TypeTraits object at 0x7fadbb906780>))
DEBUG:pybindgen.typehandlers:TypeMatcher.lookup('bool')
DEBUG:pybindgen.typehandlers:try to lookup type handler for 'bool' => success ((<class 'pybindgen.typehandlers.booltype.BoolReturn'>, None, <pybindgen.typehandlers.ctypeparser.TypeTraits object at 0x7fadbb9069e8>))
DEBUG:pybindgen.typehandlers:TypeMatcher.lookup('std::string')
DEBUG:pybindgen.typehandlers:try to lookup type handler for 'std::string' => success ((<class 'pybindgen.typehandlers.stringtype.StdStringParam'>, None, <pybindgen.typehandlers.ctypeparser.TypeTraits object at 0x7fadbb906b38>))
DEBUG:pybindgen.typehandlers:TypeMatcher.lookup('ns3::Ptr< ns3::AttributeChecker const >')
DEBUG:pybindgen.typehandlers:try to lookup type handler for 'ns3::Ptr< ns3::AttributeChecker const >' => failure
DEBUG:pybindgen.typehandlers:try to lookup type handler for 'ns3::AttributeChecker *' => success ((<class 'pybindgen.cppclass.MemoryPolicy.register_ptr_parameter_and_return.<locals>.ThisClassPtrParameter'>, <ns3modulegen_core_customizations.SmartPointerTransformation object at 0x7fadbc4dbac8>, <pybindgen.typehandlers.ctypeparser.TypeTraits object at 0x7fadbb906e80>))
DEBUG:pybindgen.typehandlers:TypeMatcher.lookup('std::string')
DEBUG:pybindgen.typehandlers:try to lookup type handler for 'std::string' => success ((<class 'pybindgen.typehandlers.stringtype.StdStringReturn'>, None, <pybindgen.typehandlers.ctypeparser.TypeTraits object at 0x7fadbb90d128>))
DEBUG:pybindgen.typehandlers:TypeMatcher.lookup('ns3::Ptr< ns3::AttributeChecker const >')
DEBUG:pybindgen.typehandlers:try to lookup type handler for 'ns3::Ptr< ns3::AttributeChecker const >' => failure
DEBUG:pybindgen.typehandlers:try to lookup type handler for 'ns3::AttributeChecker *' => success ((<class 'pybindgen.cppclass.MemoryPolicy.register_ptr_parameter_and_return.<locals>.ThisClassPtrParameter'>, <ns3modulegen_core_customizations.SmartPointerTransformation object at 0x7fadbc4dbac8>, <pybindgen.typehandlers.ctypeparser.TypeTraits object at 0x7fadbb90d4a8>))
DEBUG:pybindgen.typehandlers:TypeMatcher.lookup('ns3::BeaconPayloadHeader const &')
DEBUG:pybindgen.typehandlers:try to lookup type handler for 'ns3::BeaconPayloadHeader const &' => success ((<class 'pybindgen.cppclass.CppClass.__init__.<locals>.ThisClassRefParameter'>, None, <pybindgen.typehandlers.ctypeparser.TypeTraits object at 0x7fadbb90d748>))
DEBUG:pybindgen.typehandlers:TypeMatcher.lookup('uint32_t')
DEBUG:pybindgen.typehandlers:try to lookup type handler for 'uint32_t' => success ((<class 'pybindgen.typehandlers.inttype.UnsignedIntReturn'>, None, <pybindgen.typehandlers.ctypeparser.TypeTraits object at 0x7fadbb90dd68>))
DEBUG:pybindgen.typehandlers:TypeMatcher.lookup('ns3::Buffer::Iterator')
DEBUG:pybindgen.typehandlers:try to lookup type handler for 'ns3::Buffer::Iterator' => success ((<class 'pybindgen.cppclass.CppClass.__init__.<locals>.ThisClassParameter'>, None, <pybindgen.typehandlers.ctypeparser.TypeTraits object at 0x7fadbb90de80>))
DEBUG:pybindgen.typehandlers:TypeMatcher.lookup('ns3::GtsFields')
DEBUG:pybindgen.typehandlers:try to lookup type handler for 'ns3::GtsFields' => success ((<class 'pybindgen.cppclass.CppClass.__init__.<locals>.ThisClassReturn'>, None, <pybindgen.typehandlers.ctypeparser.TypeTraits object at 0x7fadbb913208>))
DEBUG:pybindgen.typehandlers:TypeMatcher.lookup('ns3::TypeId')
DEBUG:pybindgen.typehandlers:try to lookup type handler for 'ns3::TypeId' => success ((<class 'pybindgen.cppclass.CppClass.__init__.<locals>.ThisClassReturn'>, None, <pybindgen.typehandlers.ctypeparser.TypeTraits object at 0x7fadbb913588>))
DEBUG:pybindgen.typehandlers:TypeMatcher.lookup('ns3::PendingAddrFields')
DEBUG:pybindgen.typehandlers:try to lookup type handler for 'ns3::PendingAddrFields' => success ((<class 'pybindgen.cppclass.CppClass.__init__.<locals>.ThisClassReturn'>, None, <pybindgen.typehandlers.ctypeparser.TypeTraits object at 0x7fadbb913908>))
DEBUG:pybindgen.typehandlers:TypeMatcher.lookup('uint32_t')
DEBUG:pybindgen.typehandlers:try to lookup type handler for 'uint32_t' => success ((<class 'pybindgen.typehandlers.inttype.UnsignedIntReturn'>, None, <pybindgen.typehandlers.ctypeparser.TypeTraits object at 0x7fadbb913c88>))
DEBUG:pybindgen.typehandlers:TypeMatcher.lookup('ns3::SuperframeField')
DEBUG:pybindgen.typehandlers:try to lookup type handler for 'ns3::SuperframeField' => success ((<class 'pybindgen.cppclass.CppClass.__init__.<locals>.ThisClassReturn'>, None, <pybindgen.typehandlers.ctypeparser.TypeTraits object at 0x7fadbb89c048>))
DEBUG:pybindgen.typehandlers:TypeMatcher.lookup('ns3::TypeId')
DEBUG:pybindgen.typehandlers:try to lookup type handler for 'ns3::TypeId' => success ((<class 'pybindgen.cppclass.CppClass.__init__.<locals>.ThisClassReturn'>, None, <pybindgen.typehandlers.ctypeparser.TypeTraits object at 0x7fadbb89c3c8>))
DEBUG:pybindgen.typehandlers:TypeMatcher.lookup('void')
DEBUG:pybindgen.typehandlers:try to lookup type handler for 'void' => success ((<class 'pybindgen.typehandlers.voidtype.VoidReturn'>, None, <pybindgen.typehandlers.ctypeparser.TypeTraits object at 0x7fadbb89c748>))
DEBUG:pybindgen.typehandlers:TypeMatcher.lookup('std::ostream &')
DEBUG:pybindgen.typehandlers:try to lookup type handler for 'std::ostream &' => failure
'std::ostream &' did not match
/home/cs18/tarballs/ns-allinone-3.34/ns-3.34/src/lr-wpan/bindings/modulegen__gcc_LP64.py:5360: Warning: exception TypeLookupError(['std::ostream &'],) in wrapper public: virtual retval? ???::Print (params?) const;
  is_const=True, is_virtual=True)
DEBUG:pybindgen.typehandlers:TypeMatcher.lookup('void')
DEBUG:pybindgen.typehandlers:try to lookup type handler for 'void' => success ((<class 'pybindgen.typehandlers.voidtype.VoidReturn'>, None, <pybindgen.typehandlers.ctypeparser.TypeTraits object at 0x7fadbb89ce10>))
DEBUG:pybindgen.typehandlers:TypeMatcher.lookup('ns3::Buffer::Iterator')
DEBUG:pybindgen.typehandlers:try to lookup type handler for 'ns3::Buffer::Iterator' => success ((<class 'pybindgen.cppclass.CppClass.__init__.<locals>.ThisClassParameter'>, None, <pybindgen.typehandlers.ctypeparser.TypeTraits object at 0x7fadbb89cf60>))
DEBUG:pybindgen.typehandlers:TypeMatcher.lookup('void')
DEBUG:pybindgen.typehandlers:try to lookup type handler for 'void' => success ((<class 'pybindgen.typehandlers.voidtype.VoidReturn'>, None, <pybindgen.typehandlers.ctypeparser.TypeTraits object at 0x7fadbb8a22e8>))
DEBUG:pybindgen.typehandlers:TypeMatcher.lookup('ns3::GtsFields')
DEBUG:pybindgen.typehandlers:try to lookup type handler for 'ns3::GtsFields' => success ((<class 'pybindgen.cppclass.CppClass.__init__.<locals>.ThisClassParameter'>, None, <pybindgen.typehandlers.ctypeparser.TypeTraits object at 0x7fadbb8a2438>))
DEBUG:pybindgen.typehandlers:TypeMatcher.lookup('void')
DEBUG:pybindgen.typehandlers:try to lookup type handler for 'void' => success ((<class 'pybindgen.typehandlers.voidtype.VoidReturn'>, None, <pybindgen.typehandlers.ctypeparser.TypeTraits object at 0x7fadbb8a2780>))
DEBUG:pybindgen.typehandlers:TypeMatcher.lookup('ns3::PendingAddrFields')
DEBUG:pybindgen.typehandlers:try to lookup type handler for 'ns3::PendingAddrFields' => success ((<class 'pybindgen.cppclass.CppClass.__init__.<locals>.ThisClassParameter'>, None, <pybindgen.typehandlers.ctypeparser.TypeTraits object at 0x7fadbb8a28d0>))
DEBUG:pybindgen.typehandlers:TypeMatcher.lookup('void')
DEBUG:pybindgen.typehandlers:try to lookup type handler for 'void' => success ((<class 'pybindgen.typehandlers.voidtype.VoidReturn'>, None, <pybindgen.typehandlers.ctypeparser.TypeTraits object at 0x7fadbb8a2c18>))
DEBUG:pybindgen.typehandlers:TypeMatcher.lookup('ns3::SuperframeField')
DEBUG:pybindgen.typehandlers:try to lookup type handler for 'ns3::SuperframeField' => success ((<class 'pybindgen.cppclass.CppClass.__init__.<locals>.ThisClassParameter'>, None, <pybindgen.typehandlers.ctypeparser.TypeTraits object at 0x7fadbb8a2d68>))
DEBUG:pybindgen.typehandlers:TypeMatcher.lookup('ns3::BooleanChecker const &')
DEBUG:pybindgen.typehandlers:try to lookup type handler for 'ns3::BooleanChecker const &' => success ((<class 'pybindgen.cppclass.CppClass.__init__.<locals>.ThisClassRefParameter'>, None, <pybindgen.typehandlers.ctypeparser.TypeTraits object at 0x7fadbb8aa160>))
DEBUG:pybindgen.typehandlers:TypeMatcher.lookup('ns3::BooleanValue const &')
DEBUG:pybindgen.typehandlers:try to lookup type handler for 'ns3::BooleanValue const &' => success ((<class 'pybindgen.cppclass.CppClass.__init__.<locals>.ThisClassRefParameter'>, None, <pybindgen.typehandlers.ctypeparser.TypeTraits object at 0x7fadbb8aa550>))
DEBUG:pybindgen.typehandlers:TypeMatcher.lookup('bool')
DEBUG:pybindgen.typehandlers:try to lookup type handler for 'bool' => success ((<class 'pybindgen.typehandlers.booltype.BoolParam'>, None, <pybindgen.typehandlers.ctypeparser.TypeTraits object at 0x7fadbb8aaba8>))
DEBUG:pybindgen.typehandlers:TypeMatcher.lookup('ns3::Ptr< ns3::AttributeValue >')
DEBUG:pybindgen.typehandlers:try to lookup type handler for 'ns3::Ptr< ns3::AttributeValue >' => failure
DEBUG:pybindgen.typehandlers:try to lookup type handler for 'ns3::AttributeValue *' => success ((<class 'pybindgen.cppclass.MemoryPolicy.register_ptr_parameter_and_return.<locals>.ThisClassPtrReturn'>, <ns3modulegen_core_customizations.SmartPointerTransformation object at 0x7fadbc4dbac8>, <pybindgen.typehandlers.ctypeparser.TypeTraits object at 0x7fadbb8b4160>))
DEBUG:pybindgen.typehandlers:TypeMatcher.lookup('bool')
DEBUG:pybindgen.typehandlers:try to lookup type handler for 'bool' => success ((<class 'pybindgen.typehandlers.booltype.BoolReturn'>, None, <pybindgen.typehandlers.ctypeparser.TypeTraits object at 0x7fadbb8b43c8>))
DEBUG:pybindgen.typehandlers:TypeMatcher.lookup('std::string')
DEBUG:pybindgen.typehandlers:try to lookup type handler for 'std::string' => success ((<class 'pybindgen.typehandlers.stringtype.StdStringParam'>, None, <pybindgen.typehandlers.ctypeparser.TypeTraits object at 0x7fadbb8b4518>))
DEBUG:pybindgen.typehandlers:TypeMatcher.lookup('ns3::Ptr< ns3::AttributeChecker const >')
DEBUG:pybindgen.typehandlers:try to lookup type handler for 'ns3::Ptr< ns3::AttributeChecker const >' => failure
DEBUG:pybindgen.typehandlers:try to lookup type handler for 'ns3::AttributeChecker *' => success ((<class 'pybindgen.cppclass.MemoryPolicy.register_ptr_parameter_and_return.<locals>.ThisClassPtrParameter'>, <ns3modulegen_core_customizations.SmartPointerTransformation object at 0x7fadbc4dbac8>, <pybindgen.typehandlers.ctypeparser.TypeTraits object at 0x7fadbb8b4860>))
DEBUG:pybindgen.typehandlers:TypeMatcher.lookup('bool')
DEBUG:pybindgen.typehandlers:try to lookup type handler for 'bool' => success ((<class 'pybindgen.typehandlers.booltype.BoolReturn'>, None, <pybindgen.typehandlers.ctypeparser.TypeTraits object at 0x7fadbb8b4ac8>))
DEBUG:pybindgen.typehandlers:TypeMatcher.lookup('std::string')
DEBUG:pybindgen.typehandlers:try to lookup type handler for 'std::string' => success ((<class 'pybindgen.typehandlers.stringtype.StdStringReturn'>, None, <pybindgen.typehandlers.ctypeparser.TypeTraits object at 0x7fadbb8b4e80>))
DEBUG:pybindgen.typehandlers:TypeMatcher.lookup('ns3::Ptr< ns3::AttributeChecker const >')
DEBUG:pybindgen.typehandlers:try to lookup type handler for 'ns3::Ptr< ns3::AttributeChecker const >' => failure
DEBUG:pybindgen.typehandlers:try to lookup type handler for 'ns3::AttributeChecker *' => success ((<class 'pybindgen.cppclass.MemoryPolicy.register_ptr_parameter_and_return.<locals>.ThisClassPtrParameter'>, <ns3modulegen_core_customizations.SmartPointerTransformation object at 0x7fadbc4dbac8>, <pybindgen.typehandlers.ctypeparser.TypeTraits object at 0x7fadbb8ba240>))
DEBUG:pybindgen.typehandlers:TypeMatcher.lookup('void')
DEBUG:pybindgen.typehandlers:try to lookup type handler for 'void' => success ((<class 'pybindgen.typehandlers.voidtype.VoidReturn'>, None, <pybindgen.typehandlers.ctypeparser.TypeTraits object at 0x7fadbb8ba4a8>))
DEBUG:pybindgen.typehandlers:TypeMatcher.lookup('bool')
DEBUG:pybindgen.typehandlers:try to lookup type handler for 'bool' => success ((<class 'pybindgen.typehandlers.booltype.BoolParam'>, None, <pybindgen.typehandlers.ctypeparser.TypeTraits object at 0x7fadbb8ba5f8>))
DEBUG:pybindgen.typehandlers:TypeMatcher.lookup('ns3::CallbackChecker const &')
DEBUG:pybindgen.typehandlers:try to lookup type handler for 'ns3::CallbackChecker const &' => success ((<class 'pybindgen.cppclass.CppClass.__init__.<locals>.ThisClassRefParameter'>, None, <pybindgen.typehandlers.ctypeparser.TypeTraits object at 0x7fadbb925c88>))
DEBUG:pybindgen.typehandlers:TypeMatcher.lookup('ns3::CallbackImplBase const &')
DEBUG:pybindgen.typehandlers:try to lookup type handler for 'ns3::CallbackImplBase const &' => success ((<class 'pybindgen.cppclass.CppClass.__init__.<locals>.ThisClassRefParameter'>, None, <pybindgen.typehandlers.ctypeparser.TypeTraits object at 0x7fadbb8ba7b8>))
DEBUG:pybindgen.typehandlers:TypeMatcher.lookup('std::string')
DEBUG:pybindgen.typehandlers:try to lookup type handler for 'std::string' => success ((<class 'pybindgen.typehandlers.stringtype.StdStringReturn'>, None, <pybindgen.typehandlers.ctypeparser.TypeTraits object at 0x7fadbb8bab70>))
DEBUG:pybindgen.typehandlers:TypeMatcher.lookup('bool')
DEBUG:pybindgen.typehandlers:try to lookup type handler for 'bool' => success ((<class 'pybindgen.typehandlers.booltype.BoolReturn'>, None, <pybindgen.typehandlers.ctypeparser.TypeTraits object at 0x7fadbb8baef0>))
DEBUG:pybindgen.typehandlers:TypeMatcher.lookup('ns3::Ptr< ns3::CallbackImplBase const >')
DEBUG:pybindgen.typehandlers:try to lookup type handler for 'ns3::Ptr< ns3::CallbackImplBase const >' => failure
DEBUG:pybindgen.typehandlers:try to lookup type handler for 'ns3::CallbackImplBase *' => success ((<class 'pybindgen.cppclass.MemoryPolicy.register_ptr_parameter_and_return.<locals>.ThisClassPtrParameter'>, <ns3modulegen_core_customizations.SmartPointerTransformation object at 0x7fadbc4dbac8>, <pybindgen.typehandlers.ctypeparser.TypeTraits object at 0x7fadbb8c32e8>))
DEBUG:pybindgen.typehandlers:TypeMatcher.lookup('std::string')
DEBUG:pybindgen.typehandlers:try to lookup type handler for 'std::string' => success ((<class 'pybindgen.typehandlers.stringtype.StdStringReturn'>, None, <pybindgen.typehandlers.ctypeparser.TypeTraits object at 0x7fadbb8c3550>))
DEBUG:pybindgen.typehandlers:TypeMatcher.lookup('std::string const &')
DEBUG:pybindgen.typehandlers:try to lookup type handler for 'std::string const &' => success ((<class 'pybindgen.typehandlers.stringtype.StdStringRefParam'>, None, <pybindgen.typehandlers.ctypeparser.TypeTraits object at 0x7fadbb8c3668>))
DEBUG:pybindgen.typehandlers:TypeMatcher.lookup('std::string')
DEBUG:pybindgen.typehandlers:try to lookup type handler for 'std::string' => success ((<class 'pybindgen.typehandlers.stringtype.StdStringReturn'>, None, <pybindgen.typehandlers.ctypeparser.TypeTraits object at 0x7fadbb8c39b0>))
DEBUG:pybindgen.typehandlers:TypeMatcher.lookup('std::string')
DEBUG:pybindgen.typehandlers:try to lookup type handler for 'std::string' => success ((<class 'pybindgen.typehandlers.stringtype.StdStringReturn'>, None, <pybindgen.typehandlers.ctypeparser.TypeTraits object at 0x7fadbb8c36d8>))
DEBUG:pybindgen.typehandlers:TypeMatcher.lookup('std::string')
DEBUG:pybindgen.typehandlers:try to lookup type handler for 'std::string' => success ((<class 'pybindgen.typehandlers.stringtype.StdStringReturn'>, None, <pybindgen.typehandlers.ctypeparser.TypeTraits object at 0x7fadbb8c3908>))
DEBUG:pybindgen.typehandlers:TypeMatcher.lookup('std::string')
DEBUG:pybindgen.typehandlers:try to lookup type handler for 'std::string' => success ((<class 'pybindgen.typehandlers.stringtype.StdStringReturn'>, None, <pybindgen.typehandlers.ctypeparser.TypeTraits object at 0x7fadbb8c37b8>))
DEBUG:pybindgen.typehandlers:TypeMatcher.lookup('std::string')
DEBUG:pybindgen.typehandlers:try to lookup type handler for 'std::string' => success ((<class 'pybindgen.typehandlers.stringtype.StdStringReturn'>, None, <pybindgen.typehandlers.ctypeparser.TypeTraits object at 0x7fadbb8c3978>))
DEBUG:pybindgen.typehandlers:TypeMatcher.lookup('std::string')
DEBUG:pybindgen.typehandlers:try to lookup type handler for 'std::string' => success ((<class 'pybindgen.typehandlers.stringtype.StdStringReturn'>, None, <pybindgen.typehandlers.ctypeparser.TypeTraits object at 0x7fadbb8c3668>))
DEBUG:pybindgen.typehandlers:TypeMatcher.lookup('std::string')
DEBUG:pybindgen.typehandlers:try to lookup type handler for 'std::string' => success ((<class 'pybindgen.typehandlers.stringtype.StdStringReturn'>, None, <pybindgen.typehandlers.ctypeparser.TypeTraits object at 0x7fadbb8c39b0>))
DEBUG:pybindgen.typehandlers:TypeMatcher.lookup('std::string')
DEBUG:pybindgen.typehandlers:try to lookup type handler for 'std::string' => success ((<class 'pybindgen.typehandlers.stringtype.StdStringReturn'>, None, <pybindgen.typehandlers.ctypeparser.TypeTraits object at 0x7fadbb8c36d8>))
DEBUG:pybindgen.typehandlers:TypeMatcher.lookup('std::string')
DEBUG:pybindgen.typehandlers:try to lookup type handler for 'std::string' => success ((<class 'pybindgen.typehandlers.stringtype.StdStringReturn'>, None, <pybindgen.typehandlers.ctypeparser.TypeTraits object at 0x7fadbb8c3908>))
DEBUG:pybindgen.typehandlers:TypeMatcher.lookup('std::string')
DEBUG:pybindgen.typehandlers:try to lookup type handler for 'std::string' => success ((<class 'pybindgen.typehandlers.stringtype.StdStringReturn'>, None, <pybindgen.typehandlers.ctypeparser.TypeTraits object at 0x7fadbb8c37b8>))
DEBUG:pybindgen.typehandlers:TypeMatcher.lookup('std::string')
DEBUG:pybindgen.typehandlers:try to lookup type handler for 'std::string' => success ((<class 'pybindgen.typehandlers.stringtype.StdStringReturn'>, None, <pybindgen.typehandlers.ctypeparser.TypeTraits object at 0x7fadbb8c3978>))
DEBUG:pybindgen.typehandlers:TypeMatcher.lookup('std::string')
DEBUG:pybindgen.typehandlers:try to lookup type handler for 'std::string' => success ((<class 'pybindgen.typehandlers.stringtype.StdStringReturn'>, None, <pybindgen.typehandlers.ctypeparser.TypeTraits object at 0x7fadbb8c3668>))
DEBUG:pybindgen.typehandlers:TypeMatcher.lookup('std::string')
DEBUG:pybindgen.typehandlers:try to lookup type handler for 'std::string' => success ((<class 'pybindgen.typehandlers.stringtype.StdStringReturn'>, None, <pybindgen.typehandlers.ctypeparser.TypeTraits object at 0x7fadbb8c39b0>))
DEBUG:pybindgen.typehandlers:TypeMatcher.lookup('std::string')
DEBUG:pybindgen.typehandlers:try to lookup type handler for 'std::string' => success ((<class 'pybindgen.typehandlers.stringtype.StdStringReturn'>, None, <pybindgen.typehandlers.ctypeparser.TypeTraits object at 0x7fadbb8c36d8>))
DEBUG:pybindgen.typehandlers:TypeMatcher.lookup('std::string')
DEBUG:pybindgen.typehandlers:try to lookup type handler for 'std::string' => success ((<class 'pybindgen.typehandlers.stringtype.StdStringReturn'>, None, <pybindgen.typehandlers.ctypeparser.TypeTraits object at 0x7fadbb8c3908>))
DEBUG:pybindgen.typehandlers:TypeMatcher.lookup('std::string')
DEBUG:pybindgen.typehandlers:try to lookup type handler for 'std::string' => success ((<class 'pybindgen.typehandlers.stringtype.StdStringReturn'>, None, <pybindgen.typehandlers.ctypeparser.TypeTraits object at 0x7fadbb8c37b8>))
DEBUG:pybindgen.typehandlers:TypeMatcher.lookup('std::string')
DEBUG:pybindgen.typehandlers:try to lookup type handler for 'std::string' => success ((<class 'pybindgen.typehandlers.stringtype.StdStringReturn'>, None, <pybindgen.typehandlers.ctypeparser.TypeTraits object at 0x7fadbb8c3978>))
DEBUG:pybindgen.typehandlers:TypeMatcher.lookup('std::string')
DEBUG:pybindgen.typehandlers:try to lookup type handler for 'std::string' => success ((<class 'pybindgen.typehandlers.stringtype.StdStringReturn'>, None, <pybindgen.typehandlers.ctypeparser.TypeTraits object at 0x7fadbb8c3668>))
DEBUG:pybindgen.typehandlers:TypeMatcher.lookup('std::string')
DEBUG:pybindgen.typehandlers:try to lookup type handler for 'std::string' => success ((<class 'pybindgen.typehandlers.stringtype.StdStringReturn'>, None, <pybindgen.typehandlers.ctypeparser.TypeTraits object at 0x7fadbb8c39b0>))
DEBUG:pybindgen.typehandlers:TypeMatcher.lookup('std::string')
DEBUG:pybindgen.typehandlers:try to lookup type handler for 'std::string' => success ((<class 'pybindgen.typehandlers.stringtype.StdStringReturn'>, None, <pybindgen.typehandlers.ctypeparser.TypeTraits object at 0x7fadbb8c36d8>))
DEBUG:pybindgen.typehandlers:TypeMatcher.lookup('std::string')
DEBUG:pybindgen.typehandlers:try to lookup type handler for 'std::string' => success ((<class 'pybindgen.typehandlers.stringtype.StdStringReturn'>, None, <pybindgen.typehandlers.ctypeparser.TypeTraits object at 0x7fadbb8c3908>))
DEBUG:pybindgen.typehandlers:TypeMatcher.lookup('ns3::CallbackValue const &')
DEBUG:pybindgen.typehandlers:try to lookup type handler for 'ns3::CallbackValue const &' => success ((<class 'pybindgen.cppclass.CppClass.__init__.<locals>.ThisClassRefParameter'>, None, <pybindgen.typehandlers.ctypeparser.TypeTraits object at 0x7fadbb8c36d8>))
DEBUG:pybindgen.typehandlers:TypeMatcher.lookup('ns3::CallbackBase const &')
DEBUG:pybindgen.typehandlers:try to lookup type handler for 'ns3::CallbackBase const &' => success ((<class 'pybindgen.cppclass.CppClass.__init__.<locals>.ThisClassRefParameter'>, None, <pybindgen.typehandlers.ctypeparser.TypeTraits object at 0x7fadbb8c3be0>))
DEBUG:pybindgen.typehandlers:TypeMatcher.lookup('ns3::Ptr< ns3::AttributeValue >')
DEBUG:pybindgen.typehandlers:try to lookup type handler for 'ns3::Ptr< ns3::AttributeValue >' => failure
DEBUG:pybindgen.typehandlers:try to lookup type handler for 'ns3::AttributeValue *' => success ((<class 'pybindgen.cppclass.MemoryPolicy.register_ptr_parameter_and_return.<locals>.ThisClassPtrReturn'>, <ns3modulegen_core_customizations.SmartPointerTransformation object at 0x7fadbc4dbac8>, <pybindgen.typehandlers.ctypeparser.TypeTraits object at 0x7fadbb8ca208>))
DEBUG:pybindgen.typehandlers:TypeMatcher.lookup('bool')
DEBUG:pybindgen.typehandlers:try to lookup type handler for 'bool' => success ((<class 'pybindgen.typehandlers.booltype.BoolReturn'>, None, <pybindgen.typehandlers.ctypeparser.TypeTraits object at 0x7fadbb8ca470>))
DEBUG:pybindgen.typehandlers:TypeMatcher.lookup('std::string')
DEBUG:pybindgen.typehandlers:try to lookup type handler for 'std::string' => success ((<class 'pybindgen.typehandlers.stringtype.StdStringParam'>, None, <pybindgen.typehandlers.ctypeparser.TypeTraits object at 0x7fadbb8ca5c0>))
DEBUG:pybindgen.typehandlers:TypeMatcher.lookup('ns3::Ptr< ns3::AttributeChecker const >')
DEBUG:pybindgen.typehandlers:try to lookup type handler for 'ns3::Ptr< ns3::AttributeChecker const >' => failure
DEBUG:pybindgen.typehandlers:try to lookup type handler for 'ns3::AttributeChecker *' => success ((<class 'pybindgen.cppclass.MemoryPolicy.register_ptr_parameter_and_return.<locals>.ThisClassPtrParameter'>, <ns3modulegen_core_customizations.SmartPointerTransformation object at 0x7fadbc4dbac8>, <pybindgen.typehandlers.ctypeparser.TypeTraits object at 0x7fadbb8ca908>))
DEBUG:pybindgen.typehandlers:TypeMatcher.lookup('std::string')
DEBUG:pybindgen.typehandlers:try to lookup type handler for 'std::string' => success ((<class 'pybindgen.typehandlers.stringtype.StdStringReturn'>, None, <pybindgen.typehandlers.ctypeparser.TypeTraits object at 0x7fadbb8cab70>))
DEBUG:pybindgen.typehandlers:TypeMatcher.lookup('ns3::Ptr< ns3::AttributeChecker const >')
DEBUG:pybindgen.typehandlers:try to lookup type handler for 'ns3::Ptr< ns3::AttributeChecker const >' => failure
DEBUG:pybindgen.typehandlers:try to lookup type handler for 'ns3::AttributeChecker *' => success ((<class 'pybindgen.cppclass.MemoryPolicy.register_ptr_parameter_and_return.<locals>.ThisClassPtrParameter'>, <ns3modulegen_core_customizations.SmartPointerTransformation object at 0x7fadbc4dbac8>, <pybindgen.typehandlers.ctypeparser.TypeTraits object at 0x7fadbb8caef0>))
DEBUG:pybindgen.typehandlers:TypeMatcher.lookup('void')
DEBUG:pybindgen.typehandlers:try to lookup type handler for 'void' => success ((<class 'pybindgen.typehandlers.voidtype.VoidReturn'>, None, <pybindgen.typehandlers.ctypeparser.TypeTraits object at 0x7fadbb8ce198>))
DEBUG:pybindgen.typehandlers:TypeMatcher.lookup('ns3::CallbackBase')
DEBUG:pybindgen.typehandlers:try to lookup type handler for 'ns3::CallbackBase' => success ((<class 'pybindgen.cppclass.CppClass.__init__.<locals>.ThisClassParameter'>, None, <pybindgen.typehandlers.ctypeparser.TypeTraits object at 0x7fadbb8ce2e8>))
DEBUG:pybindgen.typehandlers:TypeMatcher.lookup('ns3::CommandPayloadHeader const &')
DEBUG:pybindgen.typehandlers:try to lookup type handler for 'ns3::CommandPayloadHeader const &' => success ((<class 'pybindgen.cppclass.CppClass.__init__.<locals>.ThisClassRefParameter'>, None, <pybindgen.typehandlers.ctypeparser.TypeTraits object at 0x7fadbb8ce668>))
DEBUG:pybindgen.typehandlers:TypeMatcher.lookup('ns3::CommandPayloadHeader::MacCommand')
DEBUG:pybindgen.typehandlers:try to lookup type handler for 'ns3::CommandPayloadHeader::MacCommand' => success ((<class 'pybindgen.enum.Enum.set_module.<locals>.ThisEnumParameter'>, None, <pybindgen.typehandlers.ctypeparser.TypeTraits object at 0x7fadbb8cecc0>))
DEBUG:pybindgen.typehandlers:TypeMatcher.lookup('uint32_t')
DEBUG:pybindgen.typehandlers:try to lookup type handler for 'uint32_t' => success ((<class 'pybindgen.typehandlers.inttype.UnsignedIntReturn'>, None, <pybindgen.typehandlers.ctypeparser.TypeTraits object at 0x7fadbb8cefd0>))
DEBUG:pybindgen.typehandlers:TypeMatcher.lookup('ns3::Buffer::Iterator')
DEBUG:pybindgen.typehandlers:try to lookup type handler for 'ns3::Buffer::Iterator' => success ((<class 'pybindgen.cppclass.CppClass.__init__.<locals>.ThisClassParameter'>, None, <pybindgen.typehandlers.ctypeparser.TypeTraits object at 0x7fadbb8d6128>))
DEBUG:pybindgen.typehandlers:TypeMatcher.lookup('ns3::CommandPayloadHeader::MacCommand')
DEBUG:pybindgen.typehandlers:try to lookup type handler for 'ns3::CommandPayloadHeader::MacCommand' => success ((<class 'pybindgen.enum.Enum.set_module.<locals>.ThisEnumReturn'>, None, <pybindgen.typehandlers.ctypeparser.TypeTraits object at 0x7fadbb8d6470>))
DEBUG:pybindgen.typehandlers:TypeMatcher.lookup('ns3::TypeId')
DEBUG:pybindgen.typehandlers:try to lookup type handler for 'ns3::TypeId' => success ((<class 'pybindgen.cppclass.CppClass.__init__.<locals>.ThisClassReturn'>, None, <pybindgen.typehandlers.ctypeparser.TypeTraits object at 0x7fadbb8d67f0>))
DEBUG:pybindgen.typehandlers:TypeMatcher.lookup('uint32_t')
DEBUG:pybindgen.typehandlers:try to lookup type handler for 'uint32_t' => success ((<class 'pybindgen.typehandlers.inttype.UnsignedIntReturn'>, None, <pybindgen.typehandlers.ctypeparser.TypeTraits object at 0x7fadbb8d6b70>))
DEBUG:pybindgen.typehandlers:TypeMatcher.lookup('ns3::TypeId')
DEBUG:pybindgen.typehandlers:try to lookup type handler for 'ns3::TypeId' => success ((<class 'pybindgen.cppclass.CppClass.__init__.<locals>.ThisClassReturn'>, None, <pybindgen.typehandlers.ctypeparser.TypeTraits object at 0x7fadbb8d6ef0>))
DEBUG:pybindgen.typehandlers:TypeMatcher.lookup('void')
DEBUG:pybindgen.typehandlers:try to lookup type handler for 'void' => success ((<class 'pybindgen.typehandlers.voidtype.VoidReturn'>, None, <pybindgen.typehandlers.ctypeparser.TypeTraits object at 0x7fadbb85e2b0>))
DEBUG:pybindgen.typehandlers:TypeMatcher.lookup('std::ostream &')
DEBUG:pybindgen.typehandlers:try to lookup type handler for 'std::ostream &' => failure
'std::ostream &' did not match
/home/cs18/tarballs/ns-allinone-3.34/ns-3.34/src/lr-wpan/bindings/modulegen__gcc_LP64.py:5619: Warning: exception TypeLookupError(['std::ostream &'],) in wrapper public: virtual retval? ???::Print (params?) const;
  is_const=True, is_virtual=True)
DEBUG:pybindgen.typehandlers:TypeMatcher.lookup('void')
DEBUG:pybindgen.typehandlers:try to lookup type handler for 'void' => success ((<class 'pybindgen.typehandlers.voidtype.VoidReturn'>, None, <pybindgen.typehandlers.ctypeparser.TypeTraits object at 0x7fadbb85e978>))
DEBUG:pybindgen.typehandlers:TypeMatcher.lookup('ns3::Buffer::Iterator')
DEBUG:pybindgen.typehandlers:try to lookup type handler for 'ns3::Buffer::Iterator' => success ((<class 'pybindgen.cppclass.CppClass.__init__.<locals>.ThisClassParameter'>, None, <pybindgen.typehandlers.ctypeparser.TypeTraits object at 0x7fadbb85eac8>))
DEBUG:pybindgen.typehandlers:TypeMatcher.lookup('void')
DEBUG:pybindgen.typehandlers:try to lookup type handler for 'void' => success ((<class 'pybindgen.typehandlers.voidtype.VoidReturn'>, None, <pybindgen.typehandlers.ctypeparser.TypeTraits object at 0x7fadbb85ee10>))
DEBUG:pybindgen.typehandlers:TypeMatcher.lookup('ns3::CommandPayloadHeader::MacCommand')
DEBUG:pybindgen.typehandlers:try to lookup type handler for 'ns3::CommandPayloadHeader::MacCommand' => success ((<class 'pybindgen.enum.Enum.set_module.<locals>.ThisEnumParameter'>, None, <pybindgen.typehandlers.ctypeparser.TypeTraits object at 0x7fadbb85ef60>))
DEBUG:pybindgen.typehandlers:TypeMatcher.lookup('double const &')
DEBUG:pybindgen.typehandlers:try to lookup type handler for 'double const &' => success ((<class 'pybindgen.typehandlers.doubletype.DoubleRefParam'>, None, <pybindgen.typehandlers.ctypeparser.TypeTraits object at 0x7fadbb867588>))
DEBUG:pybindgen.typehandlers:TypeMatcher.lookup('ns3::DoubleValue const &')
DEBUG:pybindgen.typehandlers:try to lookup type handler for 'ns3::DoubleValue const &' => success ((<class 'pybindgen.cppclass.CppClass.__init__.<locals>.ThisClassRefParameter'>, None, <pybindgen.typehandlers.ctypeparser.TypeTraits object at 0x7fadbb8679b0>))
DEBUG:pybindgen.typehandlers:TypeMatcher.lookup('ns3::Ptr< ns3::AttributeValue >')
DEBUG:pybindgen.typehandlers:try to lookup type handler for 'ns3::Ptr< ns3::AttributeValue >' => failure
DEBUG:pybindgen.typehandlers:try to lookup type handler for 'ns3::AttributeValue *' => success ((<class 'pybindgen.cppclass.MemoryPolicy.register_ptr_parameter_and_return.<locals>.ThisClassPtrReturn'>, <ns3modulegen_core_customizations.SmartPointerTransformation object at 0x7fadbc4dbac8>, <pybindgen.typehandlers.ctypeparser.TypeTraits object at 0x7fadbb867f98>))
DEBUG:pybindgen.typehandlers:TypeMatcher.lookup('bool')
DEBUG:pybindgen.typehandlers:try to lookup type handler for 'bool' => success ((<class 'pybindgen.typehandlers.booltype.BoolReturn'>, None, <pybindgen.typehandlers.ctypeparser.TypeTraits object at 0x7fadbb86e240>))
DEBUG:pybindgen.typehandlers:TypeMatcher.lookup('std::string')
DEBUG:pybindgen.typehandlers:try to lookup type handler for 'std::string' => success ((<class 'pybindgen.typehandlers.stringtype.StdStringParam'>, None, <pybindgen.typehandlers.ctypeparser.TypeTraits object at 0x7fadbb86e390>))
DEBUG:pybindgen.typehandlers:TypeMatcher.lookup('ns3::Ptr< ns3::AttributeChecker const >')
DEBUG:pybindgen.typehandlers:try to lookup type handler for 'ns3::Ptr< ns3::AttributeChecker const >' => failure
DEBUG:pybindgen.typehandlers:try to lookup type handler for 'ns3::AttributeChecker *' => success ((<class 'pybindgen.cppclass.MemoryPolicy.register_ptr_parameter_and_return.<locals>.ThisClassPtrParameter'>, <ns3modulegen_core_customizations.SmartPointerTransformation object at 0x7fadbc4dbac8>, <pybindgen.typehandlers.ctypeparser.TypeTraits object at 0x7fadbb86e6d8>))
DEBUG:pybindgen.typehandlers:TypeMatcher.lookup('double')
DEBUG:pybindgen.typehandlers:try to lookup type handler for 'double' => success ((<class 'pybindgen.typehandlers.doubletype.DoubleReturn'>, None, <pybindgen.typehandlers.ctypeparser.TypeTraits object at 0x7fadbb86e940>))
DEBUG:pybindgen.typehandlers:TypeMatcher.lookup('std::string')
DEBUG:pybindgen.typehandlers:try to lookup type handler for 'std::string' => success ((<class 'pybindgen.typehandlers.stringtype.StdStringReturn'>, None, <pybindgen.typehandlers.ctypeparser.TypeTraits object at 0x7fadbb85e400>))
DEBUG:pybindgen.typehandlers:TypeMatcher.lookup('ns3::Ptr< ns3::AttributeChecker const >')
DEBUG:pybindgen.typehandlers:try to lookup type handler for 'ns3::Ptr< ns3::AttributeChecker const >' => failure
DEBUG:pybindgen.typehandlers:try to lookup type handler for 'ns3::AttributeChecker *' => success ((<class 'pybindgen.cppclass.MemoryPolicy.register_ptr_parameter_and_return.<locals>.ThisClassPtrParameter'>, <ns3modulegen_core_customizations.SmartPointerTransformation object at 0x7fadbc4dbac8>, <pybindgen.typehandlers.ctypeparser.TypeTraits object at 0x7fadbb86ee48>))
DEBUG:pybindgen.typehandlers:TypeMatcher.lookup('void')
DEBUG:pybindgen.typehandlers:try to lookup type handler for 'void' => success ((<class 'pybindgen.typehandlers.voidtype.VoidReturn'>, None, <pybindgen.typehandlers.ctypeparser.TypeTraits object at 0x7fadbb8720f0>))
DEBUG:pybindgen.typehandlers:TypeMatcher.lookup('double const &')
DEBUG:pybindgen.typehandlers:try to lookup type handler for 'double const &' => success ((<class 'pybindgen.typehandlers.doubletype.DoubleRefParam'>, None, <pybindgen.typehandlers.ctypeparser.TypeTraits object at 0x7fadbb872240>))
DEBUG:pybindgen.typehandlers:TypeMatcher.lookup('ns3::EmptyAttributeAccessor const &')
DEBUG:pybindgen.typehandlers:try to lookup type handler for 'ns3::EmptyAttributeAccessor const &' => success ((<class 'pybindgen.cppclass.CppClass.__init__.<locals>.ThisClassRefParameter'>, None, <pybindgen.typehandlers.ctypeparser.TypeTraits object at 0x7fadbb8726a0>))
DEBUG:pybindgen.typehandlers:TypeMatcher.lookup('bool')
DEBUG:pybindgen.typehandlers:try to lookup type handler for 'bool' => success ((<class 'pybindgen.typehandlers.booltype.BoolReturn'>, None, <pybindgen.typehandlers.ctypeparser.TypeTraits object at 0x7fadbb872cc0>))
DEBUG:pybindgen.typehandlers:TypeMatcher.lookup('ns3::ObjectBase const *')
DEBUG:pybindgen.typehandlers:try to lookup type handler for 'ns3::ObjectBase const *' => success ((<class 'pybindgen.cppclass.CppClass.__init__.<locals>.ThisClassPtrParameter'>, None, <pybindgen.typehandlers.ctypeparser.TypeTraits object at 0x7fadbb872e10>))
DEBUG:pybindgen.typehandlers:TypeMatcher.lookup('ns3::AttributeValue &')
DEBUG:pybindgen.typehandlers:try to lookup type handler for 'ns3::AttributeValue &' => success ((<class 'pybindgen.cppclass.CppClass.__init__.<locals>.ThisClassRefParameter'>, None, <pybindgen.typehandlers.ctypeparser.TypeTraits object at 0x7fadbb872fd0>))
DEBUG:pybindgen.typehandlers:TypeMatcher.lookup('bool')
DEBUG:pybindgen.typehandlers:try to lookup type handler for 'bool' => success ((<class 'pybindgen.typehandlers.booltype.BoolReturn'>, None, <pybindgen.typehandlers.ctypeparser.TypeTraits object at 0x7fadbb87a358>))
DEBUG:pybindgen.typehandlers:TypeMatcher.lookup('bool')
DEBUG:pybindgen.typehandlers:try to lookup type handler for 'bool' => success ((<class 'pybindgen.typehandlers.booltype.BoolReturn'>, None, <pybindgen.typehandlers.ctypeparser.TypeTraits object at 0x7fadbb87a710>))
DEBUG:pybindgen.typehandlers:TypeMatcher.lookup('bool')
DEBUG:pybindgen.typehandlers:try to lookup type handler for 'bool' => success ((<class 'pybindgen.typehandlers.booltype.BoolReturn'>, None, <pybindgen.typehandlers.ctypeparser.TypeTraits object at 0x7fadbb87aac8>))
DEBUG:pybindgen.typehandlers:TypeMatcher.lookup('ns3::ObjectBase *')
DEBUG:pybindgen.typehandlers:try to lookup type handler for 'ns3::ObjectBase *' => success ((<class 'pybindgen.cppclass.CppClass.__init__.<locals>.ThisClassPtrParameter'>, None, <pybindgen.typehandlers.ctypeparser.TypeTraits object at 0x7fadbb87ac18>))
/home/cs18/tarballs/ns-allinone-3.34/ns-3.34/src/lr-wpan/bindings/modulegen__gcc_LP64.py:5688: Warning: exception TypeConfigurationError('Missing transfer_ownership option',) in wrapper public: virtual retval? ???::Set (params?) const;
  is_const=True, is_virtual=True)
DEBUG:pybindgen.typehandlers:TypeMatcher.lookup('ns3::EmptyAttributeChecker const &')
DEBUG:pybindgen.typehandlers:try to lookup type handler for 'ns3::EmptyAttributeChecker const &' => success ((<class 'pybindgen.cppclass.CppClass.__init__.<locals>.ThisClassRefParameter'>, None, <pybindgen.typehandlers.ctypeparser.TypeTraits object at 0x7fadbb87ac88>))
DEBUG:pybindgen.typehandlers:TypeMatcher.lookup('bool')
DEBUG:pybindgen.typehandlers:try to lookup type handler for 'bool' => success ((<class 'pybindgen.typehandlers.booltype.BoolReturn'>, None, <pybindgen.typehandlers.ctypeparser.TypeTraits object at 0x7fadbb880780>))
DEBUG:pybindgen.typehandlers:TypeMatcher.lookup('ns3::AttributeValue const &')
DEBUG:pybindgen.typehandlers:try to lookup type handler for 'ns3::AttributeValue const &' => success ((<class 'pybindgen.cppclass.CppClass.__init__.<locals>.ThisClassRefParameter'>, None, <pybindgen.typehandlers.ctypeparser.TypeTraits object at 0x7fadbb8808d0>))
DEBUG:pybindgen.typehandlers:TypeMatcher.lookup('bool')
DEBUG:pybindgen.typehandlers:try to lookup type handler for 'bool' => success ((<class 'pybindgen.typehandlers.booltype.BoolReturn'>, None, <pybindgen.typehandlers.ctypeparser.TypeTraits object at 0x7fadbb880cc0>))
DEBUG:pybindgen.typehandlers:TypeMatcher.lookup('ns3::AttributeValue const &')
DEBUG:pybindgen.typehandlers:try to lookup type handler for 'ns3::AttributeValue const &' => success ((<class 'pybindgen.cppclass.CppClass.__init__.<locals>.ThisClassRefParameter'>, None, <pybindgen.typehandlers.ctypeparser.TypeTraits object at 0x7fadbb880e10>))
DEBUG:pybindgen.typehandlers:TypeMatcher.lookup('ns3::AttributeValue &')
DEBUG:pybindgen.typehandlers:try to lookup type handler for 'ns3::AttributeValue &' => success ((<class 'pybindgen.cppclass.CppClass.__init__.<locals>.ThisClassRefParameter'>, None, <pybindgen.typehandlers.ctypeparser.TypeTraits object at 0x7fadbb880fd0>))
DEBUG:pybindgen.typehandlers:TypeMatcher.lookup('ns3::Ptr< ns3::AttributeValue >')
DEBUG:pybindgen.typehandlers:try to lookup type handler for 'ns3::Ptr< ns3::AttributeValue >' => failure
DEBUG:pybindgen.typehandlers:try to lookup type handler for 'ns3::AttributeValue *' => success ((<class 'pybindgen.cppclass.MemoryPolicy.register_ptr_parameter_and_return.<locals>.ThisClassPtrReturn'>, <ns3modulegen_core_customizations.SmartPointerTransformation object at 0x7fadbc4dbac8>, <pybindgen.typehandlers.ctypeparser.TypeTraits object at 0x7fadbb888588>))
DEBUG:pybindgen.typehandlers:TypeMatcher.lookup('std::string')
DEBUG:pybindgen.typehandlers:try to lookup type handler for 'std::string' => success ((<class 'pybindgen.typehandlers.stringtype.StdStringReturn'>, None, <pybindgen.typehandlers.ctypeparser.TypeTraits object at 0x7fadbb8887f0>))
DEBUG:pybindgen.typehandlers:TypeMatcher.lookup('std::string')
DEBUG:pybindgen.typehandlers:try to lookup type handler for 'std::string' => success ((<class 'pybindgen.typehandlers.stringtype.StdStringReturn'>, None, <pybindgen.typehandlers.ctypeparser.TypeTraits object at 0x7fadbb888b70>))
DEBUG:pybindgen.typehandlers:TypeMatcher.lookup('bool')
DEBUG:pybindgen.typehandlers:try to lookup type handler for 'bool' => success ((<class 'pybindgen.typehandlers.booltype.BoolReturn'>, None, <pybindgen.typehandlers.ctypeparser.TypeTraits object at 0x7fadbb888ef0>))
DEBUG:pybindgen.typehandlers:TypeMatcher.lookup('ns3::EmptyAttributeValue const &')
DEBUG:pybindgen.typehandlers:try to lookup type handler for 'ns3::EmptyAttributeValue const &' => success ((<class 'pybindgen.cppclass.CppClass.__init__.<locals>.ThisClassRefParameter'>, None, <pybindgen.typehandlers.ctypeparser.TypeTraits object at 0x7fadbb892320>))
DEBUG:pybindgen.typehandlers:TypeMatcher.lookup('ns3::Ptr< ns3::AttributeValue >')
DEBUG:pybindgen.typehandlers:try to lookup type handler for 'ns3::Ptr< ns3::AttributeValue >' => failure
DEBUG:pybindgen.typehandlers:try to lookup type handler for 'ns3::AttributeValue *' => success ((<class 'pybindgen.cppclass.MemoryPolicy.register_ptr_parameter_and_return.<locals>.ThisClassPtrReturn'>, <ns3modulegen_core_customizations.SmartPointerTransformation object at 0x7fadbc4dbac8>, <pybindgen.typehandlers.ctypeparser.TypeTraits object at 0x7fadbb892b70>))
DEBUG:pybindgen.typehandlers:TypeMatcher.lookup('bool')
DEBUG:pybindgen.typehandlers:try to lookup type handler for 'bool' => success ((<class 'pybindgen.typehandlers.booltype.BoolReturn'>, None, <pybindgen.typehandlers.ctypeparser.TypeTraits object at 0x7fadbb892d68>))
DEBUG:pybindgen.typehandlers:TypeMatcher.lookup('std::string')
DEBUG:pybindgen.typehandlers:try to lookup type handler for 'std::string' => success ((<class 'pybindgen.typehandlers.stringtype.StdStringParam'>, None, <pybindgen.typehandlers.ctypeparser.TypeTraits object at 0x7fadbb892ef0>))
DEBUG:pybindgen.typehandlers:TypeMatcher.lookup('ns3::Ptr< ns3::AttributeChecker const >')
DEBUG:pybindgen.typehandlers:try to lookup type handler for 'ns3::Ptr< ns3::AttributeChecker const >' => failure
DEBUG:pybindgen.typehandlers:try to lookup type handler for 'ns3::AttributeChecker *' => success ((<class 'pybindgen.cppclass.MemoryPolicy.register_ptr_parameter_and_return.<locals>.ThisClassPtrParameter'>, <ns3modulegen_core_customizations.SmartPointerTransformation object at 0x7fadbc4dbac8>, <pybindgen.typehandlers.ctypeparser.TypeTraits object at 0x7fadbb819278>))
DEBUG:pybindgen.typehandlers:TypeMatcher.lookup('std::string')
DEBUG:pybindgen.typehandlers:try to lookup type handler for 'std::string' => success ((<class 'pybindgen.typehandlers.stringtype.StdStringReturn'>, None, <pybindgen.typehandlers.ctypeparser.TypeTraits object at 0x7fadbb8194a8>))
DEBUG:pybindgen.typehandlers:TypeMatcher.lookup('ns3::Ptr< ns3::AttributeChecker const >')
DEBUG:pybindgen.typehandlers:try to lookup type handler for 'ns3::Ptr< ns3::AttributeChecker const >' => failure
DEBUG:pybindgen.typehandlers:try to lookup type handler for 'ns3::AttributeChecker *' => success ((<class 'pybindgen.cppclass.MemoryPolicy.register_ptr_parameter_and_return.<locals>.ThisClassPtrParameter'>, <ns3modulegen_core_customizations.SmartPointerTransformation object at 0x7fadbc4dbac8>, <pybindgen.typehandlers.ctypeparser.TypeTraits object at 0x7fadbb819828>))
DEBUG:pybindgen.typehandlers:TypeMatcher.lookup('ns3::EnumChecker const &')
DEBUG:pybindgen.typehandlers:try to lookup type handler for 'ns3::EnumChecker const &' => success ((<class 'pybindgen.cppclass.CppClass.__init__.<locals>.ThisClassRefParameter'>, None, <pybindgen.typehandlers.ctypeparser.TypeTraits object at 0x7fadbb819a90>))
DEBUG:pybindgen.typehandlers:TypeMatcher.lookup('void')
DEBUG:pybindgen.typehandlers:try to lookup type handler for 'void' => success ((<class 'pybindgen.typehandlers.voidtype.VoidReturn'>, None, <pybindgen.typehandlers.ctypeparser.TypeTraits object at 0x7fadbb81f0f0>))
DEBUG:pybindgen.typehandlers:TypeMatcher.lookup('int')
DEBUG:pybindgen.typehandlers:try to lookup type handler for 'int' => success ((<class 'pybindgen.typehandlers.inttype.IntParam'>, None, <pybindgen.typehandlers.ctypeparser.TypeTraits object at 0x7fadbb81f240>))
DEBUG:pybindgen.typehandlers:TypeMatcher.lookup('std::string')
DEBUG:pybindgen.typehandlers:try to lookup type handler for 'std::string' => success ((<class 'pybindgen.typehandlers.stringtype.StdStringParam'>, None, <pybindgen.typehandlers.ctypeparser.TypeTraits object at 0x7fadbb81f320>))
DEBUG:pybindgen.typehandlers:TypeMatcher.lookup('void')
DEBUG:pybindgen.typehandlers:try to lookup type handler for 'void' => success ((<class 'pybindgen.typehandlers.voidtype.VoidReturn'>, None, <pybindgen.typehandlers.ctypeparser.TypeTraits object at 0x7fadbb81f6a0>))
DEBUG:pybindgen.typehandlers:TypeMatcher.lookup('int')
DEBUG:pybindgen.typehandlers:try to lookup type handler for 'int' => success ((<class 'pybindgen.typehandlers.inttype.IntParam'>, None, <pybindgen.typehandlers.ctypeparser.TypeTraits object at 0x7fadbb81f7f0>))
DEBUG:pybindgen.typehandlers:TypeMatcher.lookup('std::string')
DEBUG:pybindgen.typehandlers:try to lookup type handler for 'std::string' => success ((<class 'pybindgen.typehandlers.stringtype.StdStringParam'>, None, <pybindgen.typehandlers.ctypeparser.TypeTraits object at 0x7fadbb81f8d0>))
DEBUG:pybindgen.typehandlers:TypeMatcher.lookup('bool')
DEBUG:pybindgen.typehandlers:try to lookup type handler for 'bool' => success ((<class 'pybindgen.typehandlers.booltype.BoolReturn'>, None, <pybindgen.typehandlers.ctypeparser.TypeTraits object at 0x7fadbb81fc50>))
DEBUG:pybindgen.typehandlers:TypeMatcher.lookup('ns3::AttributeValue const &')
DEBUG:pybindgen.typehandlers:try to lookup type handler for 'ns3::AttributeValue const &' => success ((<class 'pybindgen.cppclass.CppClass.__init__.<locals>.ThisClassRefParameter'>, None, <pybindgen.typehandlers.ctypeparser.TypeTraits object at 0x7fadbb81fda0>))
DEBUG:pybindgen.typehandlers:TypeMatcher.lookup('bool')
DEBUG:pybindgen.typehandlers:try to lookup type handler for 'bool' => success ((<class 'pybindgen.typehandlers.booltype.BoolReturn'>, None, <pybindgen.typehandlers.ctypeparser.TypeTraits object at 0x7fadbb8261d0>))
DEBUG:pybindgen.typehandlers:TypeMatcher.lookup('ns3::AttributeValue const &')
DEBUG:pybindgen.typehandlers:try to lookup type handler for 'ns3::AttributeValue const &' => success ((<class 'pybindgen.cppclass.CppClass.__init__.<locals>.ThisClassRefParameter'>, None, <pybindgen.typehandlers.ctypeparser.TypeTraits object at 0x7fadbb826320>))
DEBUG:pybindgen.typehandlers:TypeMatcher.lookup('ns3::AttributeValue &')
DEBUG:pybindgen.typehandlers:try to lookup type handler for 'ns3::AttributeValue &' => success ((<class 'pybindgen.cppclass.CppClass.__init__.<locals>.ThisClassRefParameter'>, None, <pybindgen.typehandlers.ctypeparser.TypeTraits object at 0x7fadbb8264e0>))
DEBUG:pybindgen.typehandlers:TypeMatcher.lookup('ns3::Ptr< ns3::AttributeValue >')
DEBUG:pybindgen.typehandlers:try to lookup type handler for 'ns3::Ptr< ns3::AttributeValue >' => failure
DEBUG:pybindgen.typehandlers:try to lookup type handler for 'ns3::AttributeValue *' => success ((<class 'pybindgen.cppclass.MemoryPolicy.register_ptr_parameter_and_return.<locals>.ThisClassPtrReturn'>, <ns3modulegen_core_customizations.SmartPointerTransformation object at 0x7fadbc4dbac8>, <pybindgen.typehandlers.ctypeparser.TypeTraits object at 0x7fadbb826a58>))
DEBUG:pybindgen.typehandlers:TypeMatcher.lookup('std::string')
DEBUG:pybindgen.typehandlers:try to lookup type handler for 'std::string' => success ((<class 'pybindgen.typehandlers.stringtype.StdStringReturn'>, None, <pybindgen.typehandlers.ctypeparser.TypeTraits object at 0x7fadbb826cc0>))
DEBUG:pybindgen.typehandlers:TypeMatcher.lookup('int')
DEBUG:pybindgen.typehandlers:try to lookup type handler for 'int' => success ((<class 'pybindgen.typehandlers.inttype.IntParam'>, None, <pybindgen.typehandlers.ctypeparser.TypeTraits object at 0x7fadbb826dd8>))
DEBUG:pybindgen.typehandlers:TypeMatcher.lookup('std::string')
DEBUG:pybindgen.typehandlers:try to lookup type handler for 'std::string' => success ((<class 'pybindgen.typehandlers.stringtype.StdStringReturn'>, None, <pybindgen.typehandlers.ctypeparser.TypeTraits object at 0x7fadbb82d198>))
DEBUG:pybindgen.typehandlers:TypeMatcher.lookup('int')
DEBUG:pybindgen.typehandlers:try to lookup type handler for 'int' => success ((<class 'pybindgen.typehandlers.inttype.IntReturn'>, None, <pybindgen.typehandlers.ctypeparser.TypeTraits object at 0x7fadbb82d518>))
DEBUG:pybindgen.typehandlers:TypeMatcher.lookup('std::string const')
DEBUG:pybindgen.typehandlers:try to lookup type handler for 'std::string const' => success ((<class 'pybindgen.typehandlers.stringtype.StdStringParam'>, None, <pybindgen.typehandlers.ctypeparser.TypeTraits object at 0x7fadbb82d668>))
DEBUG:pybindgen.typehandlers:TypeMatcher.lookup('std::string')
DEBUG:pybindgen.typehandlers:try to lookup type handler for 'std::string' => success ((<class 'pybindgen.typehandlers.stringtype.StdStringReturn'>, None, <pybindgen.typehandlers.ctypeparser.TypeTraits object at 0x7fadbb82da20>))
DEBUG:pybindgen.typehandlers:TypeMatcher.lookup('bool')
DEBUG:pybindgen.typehandlers:try to lookup type handler for 'bool' => success ((<class 'pybindgen.typehandlers.booltype.BoolReturn'>, None, <pybindgen.typehandlers.ctypeparser.TypeTraits object at 0x7fadbb82dda0>))
DEBUG:pybindgen.typehandlers:TypeMatcher.lookup('ns3::EnumValue const &')
DEBUG:pybindgen.typehandlers:try to lookup type handler for 'ns3::EnumValue const &' => success ((<class 'pybindgen.cppclass.CppClass.__init__.<locals>.ThisClassRefParameter'>, None, <pybindgen.typehandlers.ctypeparser.TypeTraits object at 0x7fadbb8331d0>))
DEBUG:pybindgen.typehandlers:TypeMatcher.lookup('int')
DEBUG:pybindgen.typehandlers:try to lookup type handler for 'int' => success ((<class 'pybindgen.typehandlers.inttype.IntParam'>, None, <pybindgen.typehandlers.ctypeparser.TypeTraits object at 0x7fadbb833828>))
DEBUG:pybindgen.typehandlers:TypeMatcher.lookup('ns3::Ptr< ns3::AttributeValue >')
DEBUG:pybindgen.typehandlers:try to lookup type handler for 'ns3::Ptr< ns3::AttributeValue >' => failure
DEBUG:pybindgen.typehandlers:try to lookup type handler for 'ns3::AttributeValue *' => success ((<class 'pybindgen.cppclass.MemoryPolicy.register_ptr_parameter_and_return.<locals>.ThisClassPtrReturn'>, <ns3modulegen_core_customizations.SmartPointerTransformation object at 0x7fadbc4dbac8>, <pybindgen.typehandlers.ctypeparser.TypeTraits object at 0x7fadbb833da0>))
DEBUG:pybindgen.typehandlers:TypeMatcher.lookup('bool')
DEBUG:pybindgen.typehandlers:try to lookup type handler for 'bool' => success ((<class 'pybindgen.typehandlers.booltype.BoolReturn'>, None, <pybindgen.typehandlers.ctypeparser.TypeTraits object at 0x7fadbb83d048>))
DEBUG:pybindgen.typehandlers:TypeMatcher.lookup('std::string')
DEBUG:pybindgen.typehandlers:try to lookup type handler for 'std::string' => success ((<class 'pybindgen.typehandlers.stringtype.StdStringParam'>, None, <pybindgen.typehandlers.ctypeparser.TypeTraits object at 0x7fadbb83d198>))
DEBUG:pybindgen.typehandlers:TypeMatcher.lookup('ns3::Ptr< ns3::AttributeChecker const >')
DEBUG:pybindgen.typehandlers:try to lookup type handler for 'ns3::Ptr< ns3::AttributeChecker const >' => failure
DEBUG:pybindgen.typehandlers:try to lookup type handler for 'ns3::AttributeChecker *' => success ((<class 'pybindgen.cppclass.MemoryPolicy.register_ptr_parameter_and_return.<locals>.ThisClassPtrParameter'>, <ns3modulegen_core_customizations.SmartPointerTransformation object at 0x7fadbc4dbac8>, <pybindgen.typehandlers.ctypeparser.TypeTraits object at 0x7fadbb83d4e0>))
DEBUG:pybindgen.typehandlers:TypeMatcher.lookup('int')
DEBUG:pybindgen.typehandlers:try to lookup type handler for 'int' => success ((<class 'pybindgen.typehandlers.inttype.IntReturn'>, None, <pybindgen.typehandlers.ctypeparser.TypeTraits object at 0x7fadbb83d748>))
DEBUG:pybindgen.typehandlers:TypeMatcher.lookup('std::string')
DEBUG:pybindgen.typehandlers:try to lookup type handler for 'std::string' => success ((<class 'pybindgen.typehandlers.stringtype.StdStringReturn'>, None, <pybindgen.typehandlers.ctypeparser.TypeTraits object at 0x7fadbb83db00>))
DEBUG:pybindgen.typehandlers:TypeMatcher.lookup('ns3::Ptr< ns3::AttributeChecker const >')
DEBUG:pybindgen.typehandlers:try to lookup type handler for 'ns3::Ptr< ns3::AttributeChecker const >' => failure
DEBUG:pybindgen.typehandlers:try to lookup type handler for 'ns3::AttributeChecker *' => success ((<class 'pybindgen.cppclass.MemoryPolicy.register_ptr_parameter_and_return.<locals>.ThisClassPtrParameter'>, <ns3modulegen_core_customizations.SmartPointerTransformation object at 0x7fadbc4dbac8>, <pybindgen.typehandlers.ctypeparser.TypeTraits object at 0x7fadbb83de80>))
DEBUG:pybindgen.typehandlers:TypeMatcher.lookup('void')
DEBUG:pybindgen.typehandlers:try to lookup type handler for 'void' => success ((<class 'pybindgen.typehandlers.voidtype.VoidReturn'>, None, <pybindgen.typehandlers.ctypeparser.TypeTraits object at 0x7fadbb844128>))
DEBUG:pybindgen.typehandlers:TypeMatcher.lookup('int')
DEBUG:pybindgen.typehandlers:try to lookup type handler for 'int' => success ((<class 'pybindgen.typehandlers.inttype.IntParam'>, None, <pybindgen.typehandlers.ctypeparser.TypeTraits object at 0x7fadbb844278>))
DEBUG:pybindgen.typehandlers:TypeMatcher.lookup('ns3::EventImpl const &')
DEBUG:pybindgen.typehandlers:try to lookup type handler for 'ns3::EventImpl const &' => success ((<class 'pybindgen.cppclass.CppClass.__init__.<locals>.ThisClassRefParameter'>, None, <pybindgen.typehandlers.ctypeparser.TypeTraits object at 0x7fadbb844630>))
DEBUG:pybindgen.typehandlers:TypeMatcher.lookup('void')
DEBUG:pybindgen.typehandlers:try to lookup type handler for 'void' => success ((<class 'pybindgen.typehandlers.voidtype.VoidReturn'>, None, <pybindgen.typehandlers.ctypeparser.TypeTraits object at 0x7fadbb844c50>))
DEBUG:pybindgen.typehandlers:TypeMatcher.lookup('void')
DEBUG:pybindgen.typehandlers:try to lookup type handler for 'void' => success ((<class 'pybindgen.typehandlers.voidtype.VoidReturn'>, None, <pybindgen.typehandlers.ctypeparser.TypeTraits object at 0x7fadbb84a080>))
DEBUG:pybindgen.typehandlers:TypeMatcher.lookup('bool')
DEBUG:pybindgen.typehandlers:try to lookup type handler for 'bool' => success ((<class 'pybindgen.typehandlers.booltype.BoolReturn'>, None, <pybindgen.typehandlers.ctypeparser.TypeTraits object at 0x7fadbb84a470>))
DEBUG:pybindgen.typehandlers:TypeMatcher.lookup('void')
DEBUG:pybindgen.typehandlers:try to lookup type handler for 'void' => success ((<class 'pybindgen.typehandlers.voidtype.VoidReturn'>, None, <pybindgen.typehandlers.ctypeparser.TypeTraits object at 0x7fadbb84a860>))
DEBUG:pybindgen.typehandlers:TypeMatcher.lookup('int64_t const &')
DEBUG:pybindgen.typehandlers:try to lookup type handler for 'int64_t const &' => success ((<class 'pybindgen.typehandlers.inttype.LongLongRefParam'>, None, <pybindgen.typehandlers.ctypeparser.TypeTraits object at 0x7fadbb84ae80>))
DEBUG:pybindgen.typehandlers:TypeMatcher.lookup('ns3::IntegerValue const &')
DEBUG:pybindgen.typehandlers:try to lookup type handler for 'ns3::IntegerValue const &' => success ((<class 'pybindgen.cppclass.CppClass.__init__.<locals>.ThisClassRefParameter'>, None, <pybindgen.typehandlers.ctypeparser.TypeTraits object at 0x7fadbb8512e8>))
DEBUG:pybindgen.typehandlers:TypeMatcher.lookup('ns3::Ptr< ns3::AttributeValue >')
DEBUG:pybindgen.typehandlers:try to lookup type handler for 'ns3::Ptr< ns3::AttributeValue >' => failure
DEBUG:pybindgen.typehandlers:try to lookup type handler for 'ns3::AttributeValue *' => success ((<class 'pybindgen.cppclass.MemoryPolicy.register_ptr_parameter_and_return.<locals>.ThisClassPtrReturn'>, <ns3modulegen_core_customizations.SmartPointerTransformation object at 0x7fadbc4dbac8>, <pybindgen.typehandlers.ctypeparser.TypeTraits object at 0x7fadbb8518d0>))
DEBUG:pybindgen.typehandlers:TypeMatcher.lookup('bool')
DEBUG:pybindgen.typehandlers:try to lookup type handler for 'bool' => success ((<class 'pybindgen.typehandlers.booltype.BoolReturn'>, None, <pybindgen.typehandlers.ctypeparser.TypeTraits object at 0x7fadbb851b38>))
DEBUG:pybindgen.typehandlers:TypeMatcher.lookup('std::string')
DEBUG:pybindgen.typehandlers:try to lookup type handler for 'std::string' => success ((<class 'pybindgen.typehandlers.stringtype.StdStringParam'>, None, <pybindgen.typehandlers.ctypeparser.TypeTraits object at 0x7fadbb851c88>))
DEBUG:pybindgen.typehandlers:TypeMatcher.lookup('ns3::Ptr< ns3::AttributeChecker const >')
DEBUG:pybindgen.typehandlers:try to lookup type handler for 'ns3::Ptr< ns3::AttributeChecker const >' => failure
DEBUG:pybindgen.typehandlers:try to lookup type handler for 'ns3::AttributeChecker *' => success ((<class 'pybindgen.cppclass.MemoryPolicy.register_ptr_parameter_and_return.<locals>.ThisClassPtrParameter'>, <ns3modulegen_core_customizations.SmartPointerTransformation object at 0x7fadbc4dbac8>, <pybindgen.typehandlers.ctypeparser.TypeTraits object at 0x7fadbb851f60>))
DEBUG:pybindgen.typehandlers:TypeMatcher.lookup('int64_t')
DEBUG:pybindgen.typehandlers:try to lookup type handler for 'int64_t' => success ((<class 'pybindgen.typehandlers.inttype.LongLongReturn'>, None, <pybindgen.typehandlers.ctypeparser.TypeTraits object at 0x7fadbb7db278>))
DEBUG:pybindgen.typehandlers:TypeMatcher.lookup('std::string')
DEBUG:pybindgen.typehandlers:try to lookup type handler for 'std::string' => success ((<class 'pybindgen.typehandlers.stringtype.StdStringReturn'>, None, <pybindgen.typehandlers.ctypeparser.TypeTraits object at 0x7fadbb7db630>))
DEBUG:pybindgen.typehandlers:TypeMatcher.lookup('ns3::Ptr< ns3::AttributeChecker const >')
DEBUG:pybindgen.typehandlers:try to lookup type handler for 'ns3::Ptr< ns3::AttributeChecker const >' => failure
DEBUG:pybindgen.typehandlers:try to lookup type handler for 'ns3::AttributeChecker *' => success ((<class 'pybindgen.cppclass.MemoryPolicy.register_ptr_parameter_and_return.<locals>.ThisClassPtrParameter'>, <ns3modulegen_core_customizations.SmartPointerTransformation object at 0x7fadbc4dbac8>, <pybindgen.typehandlers.ctypeparser.TypeTraits object at 0x7fadbb7db9b0>))
DEBUG:pybindgen.typehandlers:TypeMatcher.lookup('void')
DEBUG:pybindgen.typehandlers:try to lookup type handler for 'void' => success ((<class 'pybindgen.typehandlers.voidtype.VoidReturn'>, None, <pybindgen.typehandlers.ctypeparser.TypeTraits object at 0x7fadbb7dbc18>))
DEBUG:pybindgen.typehandlers:TypeMatcher.lookup('int64_t const &')
DEBUG:pybindgen.typehandlers:try to lookup type handler for 'int64_t const &' => success ((<class 'pybindgen.typehandlers.inttype.LongLongRefParam'>, None, <pybindgen.typehandlers.ctypeparser.TypeTraits object at 0x7fadbb7dbd68>))
DEBUG:pybindgen.typehandlers:TypeMatcher.lookup('ns3::Ipv4AddressChecker const &')
DEBUG:pybindgen.typehandlers:try to lookup type handler for 'ns3::Ipv4AddressChecker const &' => success ((<class 'pybindgen.cppclass.CppClass.__init__.<locals>.ThisClassRefParameter'>, None, <pybindgen.typehandlers.ctypeparser.TypeTraits object at 0x7fadbb7e0470>))
DEBUG:pybindgen.typehandlers:TypeMatcher.lookup('ns3::Ipv4Address const &')
DEBUG:pybindgen.typehandlers:try to lookup type handler for 'ns3::Ipv4Address const &' => success ((<class 'pybindgen.cppclass.CppClass.__init__.<locals>.ThisClassRefParameter'>, None, <pybindgen.typehandlers.ctypeparser.TypeTraits object at 0x7fadbb7e0ac8>))
DEBUG:pybindgen.typehandlers:TypeMatcher.lookup('ns3::Ipv4AddressValue const &')
DEBUG:pybindgen.typehandlers:try to lookup type handler for 'ns3::Ipv4AddressValue const &' => success ((<class 'pybindgen.cppclass.CppClass.__init__.<locals>.ThisClassRefParameter'>, None, <pybindgen.typehandlers.ctypeparser.TypeTraits object at 0x7fadbb7e0eb8>))
DEBUG:pybindgen.typehandlers:TypeMatcher.lookup('ns3::Ptr< ns3::AttributeValue >')
DEBUG:pybindgen.typehandlers:try to lookup type handler for 'ns3::Ptr< ns3::AttributeValue >' => failure
DEBUG:pybindgen.typehandlers:try to lookup type handler for 'ns3::AttributeValue *' => success ((<class 'pybindgen.cppclass.MemoryPolicy.register_ptr_parameter_and_return.<locals>.ThisClassPtrReturn'>, <ns3modulegen_core_customizations.SmartPointerTransformation object at 0x7fadbc4dbac8>, <pybindgen.typehandlers.ctypeparser.TypeTraits object at 0x7fadbb7e84e0>))
DEBUG:pybindgen.typehandlers:TypeMatcher.lookup('bool')
DEBUG:pybindgen.typehandlers:try to lookup type handler for 'bool' => success ((<class 'pybindgen.typehandlers.booltype.BoolReturn'>, None, <pybindgen.typehandlers.ctypeparser.TypeTraits object at 0x7fadbb7e8748>))
DEBUG:pybindgen.typehandlers:TypeMatcher.lookup('std::string')
DEBUG:pybindgen.typehandlers:try to lookup type handler for 'std::string' => success ((<class 'pybindgen.typehandlers.stringtype.StdStringParam'>, None, <pybindgen.typehandlers.ctypeparser.TypeTraits object at 0x7fadbb7e8898>))
DEBUG:pybindgen.typehandlers:TypeMatcher.lookup('ns3::Ptr< ns3::AttributeChecker const >')
DEBUG:pybindgen.typehandlers:try to lookup type handler for 'ns3::Ptr< ns3::AttributeChecker const >' => failure
DEBUG:pybindgen.typehandlers:try to lookup type handler for 'ns3::AttributeChecker *' => success ((<class 'pybindgen.cppclass.MemoryPolicy.register_ptr_parameter_and_return.<locals>.ThisClassPtrParameter'>, <ns3modulegen_core_customizations.SmartPointerTransformation object at 0x7fadbc4dbac8>, <pybindgen.typehandlers.ctypeparser.TypeTraits object at 0x7fadbb7e8be0>))
DEBUG:pybindgen.typehandlers:TypeMatcher.lookup('ns3::Ipv4Address')
DEBUG:pybindgen.typehandlers:try to lookup type handler for 'ns3::Ipv4Address' => success ((<class 'pybindgen.cppclass.CppClass.__init__.<locals>.ThisClassReturn'>, None, <pybindgen.typehandlers.ctypeparser.TypeTraits object at 0x7fadbb7e8e48>))
DEBUG:pybindgen.typehandlers:TypeMatcher.lookup('std::string')
DEBUG:pybindgen.typehandlers:try to lookup type handler for 'std::string' => success ((<class 'pybindgen.typehandlers.stringtype.StdStringReturn'>, None, <pybindgen.typehandlers.ctypeparser.TypeTraits object at 0x7fadbb7ef208>))
DEBUG:pybindgen.typehandlers:TypeMatcher.lookup('ns3::Ptr< ns3::AttributeChecker const >')
DEBUG:pybindgen.typehandlers:try to lookup type handler for 'ns3::Ptr< ns3::AttributeChecker const >' => failure
DEBUG:pybindgen.typehandlers:try to lookup type handler for 'ns3::AttributeChecker *' => success ((<class 'pybindgen.cppclass.MemoryPolicy.register_ptr_parameter_and_return.<locals>.ThisClassPtrParameter'>, <ns3modulegen_core_customizations.SmartPointerTransformation object at 0x7fadbc4dbac8>, <pybindgen.typehandlers.ctypeparser.TypeTraits object at 0x7fadbb7ef588>))
DEBUG:pybindgen.typehandlers:TypeMatcher.lookup('void')
DEBUG:pybindgen.typehandlers:try to lookup type handler for 'void' => success ((<class 'pybindgen.typehandlers.voidtype.VoidReturn'>, None, <pybindgen.typehandlers.ctypeparser.TypeTraits object at 0x7fadbb7ef7f0>))
DEBUG:pybindgen.typehandlers:TypeMatcher.lookup('ns3::Ipv4Address const &')
DEBUG:pybindgen.typehandlers:try to lookup type handler for 'ns3::Ipv4Address const &' => success ((<class 'pybindgen.cppclass.CppClass.__init__.<locals>.ThisClassRefParameter'>, None, <pybindgen.typehandlers.ctypeparser.TypeTraits object at 0x7fadbb7ef940>))
DEBUG:pybindgen.typehandlers:TypeMatcher.lookup('ns3::Ipv4MaskChecker const &')
DEBUG:pybindgen.typehandlers:try to lookup type handler for 'ns3::Ipv4MaskChecker const &' => success ((<class 'pybindgen.cppclass.CppClass.__init__.<locals>.ThisClassRefParameter'>, None, <pybindgen.typehandlers.ctypeparser.TypeTraits object at 0x7fadbb7effd0>))
DEBUG:pybindgen.typehandlers:TypeMatcher.lookup('ns3::Ipv4Mask const &')
DEBUG:pybindgen.typehandlers:try to lookup type handler for 'ns3::Ipv4Mask const &' => success ((<class 'pybindgen.cppclass.CppClass.__init__.<locals>.ThisClassRefParameter'>, None, <pybindgen.typehandlers.ctypeparser.TypeTraits object at 0x7fadbb7f8668>))
DEBUG:pybindgen.typehandlers:TypeMatcher.lookup('ns3::Ipv4MaskValue const &')
DEBUG:pybindgen.typehandlers:try to lookup type handler for 'ns3::Ipv4MaskValue const &' => success ((<class 'pybindgen.cppclass.CppClass.__init__.<locals>.ThisClassRefParameter'>, None, <pybindgen.typehandlers.ctypeparser.TypeTraits object at 0x7fadbb7f8a58>))
DEBUG:pybindgen.typehandlers:TypeMatcher.lookup('ns3::Ptr< ns3::AttributeValue >')
DEBUG:pybindgen.typehandlers:try to lookup type handler for 'ns3::Ptr< ns3::AttributeValue >' => failure
DEBUG:pybindgen.typehandlers:try to lookup type handler for 'ns3::AttributeValue *' => success ((<class 'pybindgen.cppclass.MemoryPolicy.register_ptr_parameter_and_return.<locals>.ThisClassPtrReturn'>, <ns3modulegen_core_customizations.SmartPointerTransformation object at 0x7fadbc4dbac8>, <pybindgen.typehandlers.ctypeparser.TypeTraits object at 0x7fadbb7fe080>))
DEBUG:pybindgen.typehandlers:TypeMatcher.lookup('bool')
DEBUG:pybindgen.typehandlers:try to lookup type handler for 'bool' => success ((<class 'pybindgen.typehandlers.booltype.BoolReturn'>, None, <pybindgen.typehandlers.ctypeparser.TypeTraits object at 0x7fadbb7fe2e8>))
DEBUG:pybindgen.typehandlers:TypeMatcher.lookup('std::string')
DEBUG:pybindgen.typehandlers:try to lookup type handler for 'std::string' => success ((<class 'pybindgen.typehandlers.stringtype.StdStringParam'>, None, <pybindgen.typehandlers.ctypeparser.TypeTraits object at 0x7fadbb7fe438>))
DEBUG:pybindgen.typehandlers:TypeMatcher.lookup('ns3::Ptr< ns3::AttributeChecker const >')
DEBUG:pybindgen.typehandlers:try to lookup type handler for 'ns3::Ptr< ns3::AttributeChecker const >' => failure
DEBUG:pybindgen.typehandlers:try to lookup type handler for 'ns3::AttributeChecker *' => success ((<class 'pybindgen.cppclass.MemoryPolicy.register_ptr_parameter_and_return.<locals>.ThisClassPtrParameter'>, <ns3modulegen_core_customizations.SmartPointerTransformation object at 0x7fadbc4dbac8>, <pybindgen.typehandlers.ctypeparser.TypeTraits object at 0x7fadbb7fe780>))
DEBUG:pybindgen.typehandlers:TypeMatcher.lookup('ns3::Ipv4Mask')
DEBUG:pybindgen.typehandlers:try to lookup type handler for 'ns3::Ipv4Mask' => success ((<class 'pybindgen.cppclass.CppClass.__init__.<locals>.ThisClassReturn'>, None, <pybindgen.typehandlers.ctypeparser.TypeTraits object at 0x7fadbb7fe9e8>))
DEBUG:pybindgen.typehandlers:TypeMatcher.lookup('std::string')
DEBUG:pybindgen.typehandlers:try to lookup type handler for 'std::string' => success ((<class 'pybindgen.typehandlers.stringtype.StdStringReturn'>, None, <pybindgen.typehandlers.ctypeparser.TypeTraits object at 0x7fadbb7fed68>))
DEBUG:pybindgen.typehandlers:TypeMatcher.lookup('ns3::Ptr< ns3::AttributeChecker const >')
DEBUG:pybindgen.typehandlers:try to lookup type handler for 'ns3::Ptr< ns3::AttributeChecker const >' => failure
DEBUG:pybindgen.typehandlers:try to lookup type handler for 'ns3::AttributeChecker *' => success ((<class 'pybindgen.cppclass.MemoryPolicy.register_ptr_parameter_and_return.<locals>.ThisClassPtrParameter'>, <ns3modulegen_core_customizations.SmartPointerTransformation object at 0x7fadbc4dbac8>, <pybindgen.typehandlers.ctypeparser.TypeTraits object at 0x7fadbb804128>))
DEBUG:pybindgen.typehandlers:TypeMatcher.lookup('void')
DEBUG:pybindgen.typehandlers:try to lookup type handler for 'void' => success ((<class 'pybindgen.typehandlers.voidtype.VoidReturn'>, None, <pybindgen.typehandlers.ctypeparser.TypeTraits object at 0x7fadbb804390>))
DEBUG:pybindgen.typehandlers:TypeMatcher.lookup('ns3::Ipv4Mask const &')
DEBUG:pybindgen.typehandlers:try to lookup type handler for 'ns3::Ipv4Mask const &' => success ((<class 'pybindgen.cppclass.CppClass.__init__.<locals>.ThisClassRefParameter'>, None, <pybindgen.typehandlers.ctypeparser.TypeTraits object at 0x7fadbb8044e0>))
DEBUG:pybindgen.typehandlers:TypeMatcher.lookup('ns3::Ipv6AddressChecker const &')
DEBUG:pybindgen.typehandlers:try to lookup type handler for 'ns3::Ipv6AddressChecker const &' => success ((<class 'pybindgen.cppclass.CppClass.__init__.<locals>.ThisClassRefParameter'>, None, <pybindgen.typehandlers.ctypeparser.TypeTraits object at 0x7fadbb804b70>))
DEBUG:pybindgen.typehandlers:TypeMatcher.lookup('ns3::Ipv6Address const &')
DEBUG:pybindgen.typehandlers:try to lookup type handler for 'ns3::Ipv6Address const &' => success ((<class 'pybindgen.cppclass.CppClass.__init__.<locals>.ThisClassRefParameter'>, None, <pybindgen.typehandlers.ctypeparser.TypeTraits object at 0x7fadbb80e208>))
DEBUG:pybindgen.typehandlers:TypeMatcher.lookup('ns3::Ipv6AddressValue const &')
DEBUG:pybindgen.typehandlers:try to lookup type handler for 'ns3::Ipv6AddressValue const &' => success ((<class 'pybindgen.cppclass.CppClass.__init__.<locals>.ThisClassRefParameter'>, None, <pybindgen.typehandlers.ctypeparser.TypeTraits object at 0x7fadbb80e5f8>))
DEBUG:pybindgen.typehandlers:TypeMatcher.lookup('ns3::Ptr< ns3::AttributeValue >')
DEBUG:pybindgen.typehandlers:try to lookup type handler for 'ns3::Ptr< ns3::AttributeValue >' => failure
DEBUG:pybindgen.typehandlers:try to lookup type handler for 'ns3::AttributeValue *' => success ((<class 'pybindgen.cppclass.MemoryPolicy.register_ptr_parameter_and_return.<locals>.ThisClassPtrReturn'>, <ns3modulegen_core_customizations.SmartPointerTransformation object at 0x7fadbc4dbac8>, <pybindgen.typehandlers.ctypeparser.TypeTraits object at 0x7fadbb80ebe0>))
DEBUG:pybindgen.typehandlers:TypeMatcher.lookup('bool')
DEBUG:pybindgen.typehandlers:try to lookup type handler for 'bool' => success ((<class 'pybindgen.typehandlers.booltype.BoolReturn'>, None, <pybindgen.typehandlers.ctypeparser.TypeTraits object at 0x7fadbb80ee48>))
DEBUG:pybindgen.typehandlers:TypeMatcher.lookup('std::string')
DEBUG:pybindgen.typehandlers:try to lookup type handler for 'std::string' => success ((<class 'pybindgen.typehandlers.stringtype.StdStringParam'>, None, <pybindgen.typehandlers.ctypeparser.TypeTraits object at 0x7fadbb80ef98>))
DEBUG:pybindgen.typehandlers:TypeMatcher.lookup('ns3::Ptr< ns3::AttributeChecker const >')
DEBUG:pybindgen.typehandlers:try to lookup type handler for 'ns3::Ptr< ns3::AttributeChecker const >' => failure
DEBUG:pybindgen.typehandlers:try to lookup type handler for 'ns3::AttributeChecker *' => success ((<class 'pybindgen.cppclass.MemoryPolicy.register_ptr_parameter_and_return.<locals>.ThisClassPtrParameter'>, <ns3modulegen_core_customizations.SmartPointerTransformation object at 0x7fadbc4dbac8>, <pybindgen.typehandlers.ctypeparser.TypeTraits object at 0x7fadbb816320>))
DEBUG:pybindgen.typehandlers:TypeMatcher.lookup('ns3::Ipv6Address')
DEBUG:pybindgen.typehandlers:try to lookup type handler for 'ns3::Ipv6Address' => success ((<class 'pybindgen.cppclass.CppClass.__init__.<locals>.ThisClassReturn'>, None, <pybindgen.typehandlers.ctypeparser.TypeTraits object at 0x7fadbb816588>))
DEBUG:pybindgen.typehandlers:TypeMatcher.lookup('std::string')
DEBUG:pybindgen.typehandlers:try to lookup type handler for 'std::string' => success ((<class 'pybindgen.typehandlers.stringtype.StdStringReturn'>, None, <pybindgen.typehandlers.ctypeparser.TypeTraits object at 0x7fadbb816908>))
DEBUG:pybindgen.typehandlers:TypeMatcher.lookup('ns3::Ptr< ns3::AttributeChecker const >')
DEBUG:pybindgen.typehandlers:try to lookup type handler for 'ns3::Ptr< ns3::AttributeChecker const >' => failure
DEBUG:pybindgen.typehandlers:try to lookup type handler for 'ns3::AttributeChecker *' => success ((<class 'pybindgen.cppclass.MemoryPolicy.register_ptr_parameter_and_return.<locals>.ThisClassPtrParameter'>, <ns3modulegen_core_customizations.SmartPointerTransformation object at 0x7fadbc4dbac8>, <pybindgen.typehandlers.ctypeparser.TypeTraits object at 0x7fadbb816c88>))
DEBUG:pybindgen.typehandlers:TypeMatcher.lookup('void')
DEBUG:pybindgen.typehandlers:try to lookup type handler for 'void' => success ((<class 'pybindgen.typehandlers.voidtype.VoidReturn'>, None, <pybindgen.typehandlers.ctypeparser.TypeTraits object at 0x7fadbb816ef0>))
DEBUG:pybindgen.typehandlers:TypeMatcher.lookup('ns3::Ipv6Address const &')
DEBUG:pybindgen.typehandlers:try to lookup type handler for 'ns3::Ipv6Address const &' => success ((<class 'pybindgen.cppclass.CppClass.__init__.<locals>.ThisClassRefParameter'>, None, <pybindgen.typehandlers.ctypeparser.TypeTraits object at 0x7fadbb79c080>))
DEBUG:pybindgen.typehandlers:TypeMatcher.lookup('ns3::Ipv6PrefixChecker const &')
DEBUG:pybindgen.typehandlers:try to lookup type handler for 'ns3::Ipv6PrefixChecker const &' => success ((<class 'pybindgen.cppclass.CppClass.__init__.<locals>.ThisClassRefParameter'>, None, <pybindgen.typehandlers.ctypeparser.TypeTraits object at 0x7fadbb79c710>))
DEBUG:pybindgen.typehandlers:TypeMatcher.lookup('ns3::Ipv6Prefix const &')
DEBUG:pybindgen.typehandlers:try to lookup type handler for 'ns3::Ipv6Prefix const &' => success ((<class 'pybindgen.cppclass.CppClass.__init__.<locals>.ThisClassRefParameter'>, None, <pybindgen.typehandlers.ctypeparser.TypeTraits object at 0x7fadbb79cd68>))
DEBUG:pybindgen.typehandlers:TypeMatcher.lookup('ns3::Ipv6PrefixValue const &')
DEBUG:pybindgen.typehandlers:try to lookup type handler for 'ns3::Ipv6PrefixValue const &' => success ((<class 'pybindgen.cppclass.CppClass.__init__.<locals>.ThisClassRefParameter'>, None, <pybindgen.typehandlers.ctypeparser.TypeTraits object at 0x7fadbb7a3198>))
DEBUG:pybindgen.typehandlers:TypeMatcher.lookup('ns3::Ptr< ns3::AttributeValue >')
DEBUG:pybindgen.typehandlers:try to lookup type handler for 'ns3::Ptr< ns3::AttributeValue >' => failure
DEBUG:pybindgen.typehandlers:try to lookup type handler for 'ns3::AttributeValue *' => success ((<class 'pybindgen.cppclass.MemoryPolicy.register_ptr_parameter_and_return.<locals>.ThisClassPtrReturn'>, <ns3modulegen_core_customizations.SmartPointerTransformation object at 0x7fadbc4dbac8>, <pybindgen.typehandlers.ctypeparser.TypeTraits object at 0x7fadbb7a3780>))
DEBUG:pybindgen.typehandlers:TypeMatcher.lookup('bool')
DEBUG:pybindgen.typehandlers:try to lookup type handler for 'bool' => success ((<class 'pybindgen.typehandlers.booltype.BoolReturn'>, None, <pybindgen.typehandlers.ctypeparser.TypeTraits object at 0x7fadbb7a39e8>))
DEBUG:pybindgen.typehandlers:TypeMatcher.lookup('std::string')
DEBUG:pybindgen.typehandlers:try to lookup type handler for 'std::string' => success ((<class 'pybindgen.typehandlers.stringtype.StdStringParam'>, None, <pybindgen.typehandlers.ctypeparser.TypeTraits object at 0x7fadbb7a3b38>))
DEBUG:pybindgen.typehandlers:TypeMatcher.lookup('ns3::Ptr< ns3::AttributeChecker const >')
DEBUG:pybindgen.typehandlers:try to lookup type handler for 'ns3::Ptr< ns3::AttributeChecker const >' => failure
DEBUG:pybindgen.typehandlers:try to lookup type handler for 'ns3::AttributeChecker *' => success ((<class 'pybindgen.cppclass.MemoryPolicy.register_ptr_parameter_and_return.<locals>.ThisClassPtrParameter'>, <ns3modulegen_core_customizations.SmartPointerTransformation object at 0x7fadbc4dbac8>, <pybindgen.typehandlers.ctypeparser.TypeTraits object at 0x7fadbb7a3e80>))
DEBUG:pybindgen.typehandlers:TypeMatcher.lookup('ns3::Ipv6Prefix')
DEBUG:pybindgen.typehandlers:try to lookup type handler for 'ns3::Ipv6Prefix' => success ((<class 'pybindgen.cppclass.CppClass.__init__.<locals>.ThisClassReturn'>, None, <pybindgen.typehandlers.ctypeparser.TypeTraits object at 0x7fadbb7aa128>))
DEBUG:pybindgen.typehandlers:TypeMatcher.lookup('std::string')
DEBUG:pybindgen.typehandlers:try to lookup type handler for 'std::string' => success ((<class 'pybindgen.typehandlers.stringtype.StdStringReturn'>, None, <pybindgen.typehandlers.ctypeparser.TypeTraits object at 0x7fadbb7aa4a8>))
DEBUG:pybindgen.typehandlers:TypeMatcher.lookup('ns3::Ptr< ns3::AttributeChecker const >')
DEBUG:pybindgen.typehandlers:try to lookup type handler for 'ns3::Ptr< ns3::AttributeChecker const >' => failure
DEBUG:pybindgen.typehandlers:try to lookup type handler for 'ns3::AttributeChecker *' => success ((<class 'pybindgen.cppclass.MemoryPolicy.register_ptr_parameter_and_return.<locals>.ThisClassPtrParameter'>, <ns3modulegen_core_customizations.SmartPointerTransformation object at 0x7fadbc4dbac8>, <pybindgen.typehandlers.ctypeparser.TypeTraits object at 0x7fadbb7aa828>))
DEBUG:pybindgen.typehandlers:TypeMatcher.lookup('void')
DEBUG:pybindgen.typehandlers:try to lookup type handler for 'void' => success ((<class 'pybindgen.typehandlers.voidtype.VoidReturn'>, None, <pybindgen.typehandlers.ctypeparser.TypeTraits object at 0x7fadbb7aaa90>))
DEBUG:pybindgen.typehandlers:TypeMatcher.lookup('ns3::Ipv6Prefix const &')
DEBUG:pybindgen.typehandlers:try to lookup type handler for 'ns3::Ipv6Prefix const &' => success ((<class 'pybindgen.cppclass.CppClass.__init__.<locals>.ThisClassRefParameter'>, None, <pybindgen.typehandlers.ctypeparser.TypeTraits object at 0x7fadbb7aabe0>))
DEBUG:pybindgen.typehandlers:TypeMatcher.lookup('ns3::TypeId')
DEBUG:pybindgen.typehandlers:try to lookup type handler for 'ns3::TypeId' => success ((<class 'pybindgen.cppclass.CppClass.__init__.<locals>.ThisClassReturn'>, None, <pybindgen.typehandlers.ctypeparser.TypeTraits object at 0x7fadbb7aafd0>))
DEBUG:pybindgen.typehandlers:TypeMatcher.lookup('void')
DEBUG:pybindgen.typehandlers:try to lookup type handler for 'void' => success ((<class 'pybindgen.typehandlers.voidtype.VoidReturn'>, None, <pybindgen.typehandlers.ctypeparser.TypeTraits object at 0x7fadbb7b15f8>))
DEBUG:pybindgen.typehandlers:TypeMatcher.lookup('ns3::Ptr< ns3::LrWpanMac >')
DEBUG:pybindgen.typehandlers:try to lookup type handler for 'ns3::Ptr< ns3::LrWpanMac >' => failure
DEBUG:pybindgen.typehandlers:try to lookup type handler for 'ns3::LrWpanMac *' => success ((<class 'pybindgen.cppclass.MemoryPolicy.register_ptr_parameter_and_return.<locals>.ThisClassPtrParameter'>, <ns3modulegen_core_customizations.SmartPointerTransformation object at 0x7fadbc4dbac8>, <pybindgen.typehandlers.ctypeparser.TypeTraits object at 0x7fadbb7b1978>))
DEBUG:pybindgen.typehandlers:TypeMatcher.lookup('ns3::Ptr< ns3::LrWpanMac >')
DEBUG:pybindgen.typehandlers:try to lookup type handler for 'ns3::Ptr< ns3::LrWpanMac >' => failure
DEBUG:pybindgen.typehandlers:try to lookup type handler for 'ns3::LrWpanMac *' => success ((<class 'pybindgen.cppclass.MemoryPolicy.register_ptr_parameter_and_return.<locals>.ThisClassPtrReturn'>, <ns3modulegen_core_customizations.SmartPointerTransformation object at 0x7fadbc4dbac8>, <pybindgen.typehandlers.ctypeparser.TypeTraits object at 0x7fadbb7b1dd8>))
DEBUG:pybindgen.typehandlers:TypeMatcher.lookup('void')
DEBUG:pybindgen.typehandlers:try to lookup type handler for 'void' => success ((<class 'pybindgen.typehandlers.voidtype.VoidReturn'>, None, <pybindgen.typehandlers.ctypeparser.TypeTraits object at 0x7fadbb7b6080>))
DEBUG:pybindgen.typehandlers:TypeMatcher.lookup('void')
DEBUG:pybindgen.typehandlers:try to lookup type handler for 'void' => success ((<class 'pybindgen.typehandlers.voidtype.VoidReturn'>, None, <pybindgen.typehandlers.ctypeparser.TypeTraits object at 0x7fadbb7b6470>))
DEBUG:pybindgen.typehandlers:TypeMatcher.lookup('bool')
DEBUG:pybindgen.typehandlers:try to lookup type handler for 'bool' => success ((<class 'pybindgen.typehandlers.booltype.BoolReturn'>, None, <pybindgen.typehandlers.ctypeparser.TypeTraits object at 0x7fadbb7b6860>))
DEBUG:pybindgen.typehandlers:TypeMatcher.lookup('bool')
DEBUG:pybindgen.typehandlers:try to lookup type handler for 'bool' => success ((<class 'pybindgen.typehandlers.booltype.BoolReturn'>, None, <pybindgen.typehandlers.ctypeparser.TypeTraits object at 0x7fadbb7b6c18>))
DEBUG:pybindgen.typehandlers:TypeMatcher.lookup('void')
DEBUG:pybindgen.typehandlers:try to lookup type handler for 'void' => success ((<class 'pybindgen.typehandlers.voidtype.VoidReturn'>, None, <pybindgen.typehandlers.ctypeparser.TypeTraits object at 0x7fadbb7b6fd0>))
DEBUG:pybindgen.typehandlers:TypeMatcher.lookup('uint8_t')
DEBUG:pybindgen.typehandlers:try to lookup type handler for 'uint8_t' => success ((<class 'pybindgen.typehandlers.inttype.UInt8Param'>, None, <pybindgen.typehandlers.ctypeparser.TypeTraits object at 0x7fadbb7c1160>))
DEBUG:pybindgen.typehandlers:TypeMatcher.lookup('uint8_t')
DEBUG:pybindgen.typehandlers:try to lookup type handler for 'uint8_t' => success ((<class 'pybindgen.typehandlers.inttype.UInt8Return'>, None, <pybindgen.typehandlers.ctypeparser.TypeTraits object at 0x7fadbb7c14e0>))
DEBUG:pybindgen.typehandlers:TypeMatcher.lookup('void')
DEBUG:pybindgen.typehandlers:try to lookup type handler for 'void' => success ((<class 'pybindgen.typehandlers.voidtype.VoidReturn'>, None, <pybindgen.typehandlers.ctypeparser.TypeTraits object at 0x7fadbb7c1898>))
DEBUG:pybindgen.typehandlers:TypeMatcher.lookup('uint8_t')
DEBUG:pybindgen.typehandlers:try to lookup type handler for 'uint8_t' => success ((<class 'pybindgen.typehandlers.inttype.UInt8Param'>, None, <pybindgen.typehandlers.ctypeparser.TypeTraits object at 0x7fadbb7c19e8>))
DEBUG:pybindgen.typehandlers:TypeMatcher.lookup('uint8_t')
DEBUG:pybindgen.typehandlers:try to lookup type handler for 'uint8_t' => success ((<class 'pybindgen.typehandlers.inttype.UInt8Return'>, None, <pybindgen.typehandlers.ctypeparser.TypeTraits object at 0x7fadbb7c1d68>))
DEBUG:pybindgen.typehandlers:TypeMatcher.lookup('void')
DEBUG:pybindgen.typehandlers:try to lookup type handler for 'void' => success ((<class 'pybindgen.typehandlers.voidtype.VoidReturn'>, None, <pybindgen.typehandlers.ctypeparser.TypeTraits object at 0x7fadbb7c6160>))
DEBUG:pybindgen.typehandlers:TypeMatcher.lookup('uint8_t')
DEBUG:pybindgen.typehandlers:try to lookup type handler for 'uint8_t' => success ((<class 'pybindgen.typehandlers.inttype.UInt8Param'>, None, <pybindgen.typehandlers.ctypeparser.TypeTraits object at 0x7fadbb7c62b0>))
DEBUG:pybindgen.typehandlers:TypeMatcher.lookup('uint8_t')
DEBUG:pybindgen.typehandlers:try to lookup type handler for 'uint8_t' => success ((<class 'pybindgen.typehandlers.inttype.UInt8Return'>, None, <pybindgen.typehandlers.ctypeparser.TypeTraits object at 0x7fadbb7c6630>))
DEBUG:pybindgen.typehandlers:TypeMatcher.lookup('void')
DEBUG:pybindgen.typehandlers:try to lookup type handler for 'void' => success ((<class 'pybindgen.typehandlers.voidtype.VoidReturn'>, None, <pybindgen.typehandlers.ctypeparser.TypeTraits object at 0x7fadbb7c69e8>))
DEBUG:pybindgen.typehandlers:TypeMatcher.lookup('uint64_t')
DEBUG:pybindgen.typehandlers:try to lookup type handler for 'uint64_t' => success ((<class 'pybindgen.typehandlers.inttype.UnsignedLongLongParam'>, None, <pybindgen.typehandlers.ctypeparser.TypeTraits object at 0x7fadbb7c6b38>))
DEBUG:pybindgen.typehandlers:TypeMatcher.lookup('uint64_t')
DEBUG:pybindgen.typehandlers:try to lookup type handler for 'uint64_t' => success ((<class 'pybindgen.typehandlers.inttype.UnsignedLongLongReturn'>, None, <pybindgen.typehandlers.ctypeparser.TypeTraits object at 0x7fadbb7c6e80>))
DEBUG:pybindgen.typehandlers:TypeMatcher.lookup('ns3::Time')
DEBUG:pybindgen.typehandlers:try to lookup type handler for 'ns3::Time' => success ((<class 'pybindgen.cppclass.CppClass.__init__.<locals>.ThisClassReturn'>, None, <pybindgen.typehandlers.ctypeparser.TypeTraits object at 0x7fadbb7ce240>))
DEBUG:pybindgen.typehandlers:TypeMatcher.lookup('void')
DEBUG:pybindgen.typehandlers:try to lookup type handler for 'void' => success ((<class 'pybindgen.typehandlers.voidtype.VoidReturn'>, None, <pybindgen.typehandlers.ctypeparser.TypeTraits object at 0x7fadbb7ce5c0>))
DEBUG:pybindgen.typehandlers:TypeMatcher.lookup('void')
DEBUG:pybindgen.typehandlers:try to lookup type handler for 'void' => success ((<class 'pybindgen.typehandlers.voidtype.VoidReturn'>, None, <pybindgen.typehandlers.ctypeparser.TypeTraits object at 0x7fadbb7ce9b0>))
DEBUG:pybindgen.typehandlers:TypeMatcher.lookup('void')
DEBUG:pybindgen.typehandlers:try to lookup type handler for 'void' => success ((<class 'pybindgen.typehandlers.voidtype.VoidReturn'>, None, <pybindgen.typehandlers.ctypeparser.TypeTraits object at 0x7fadbb7ceda0>))
DEBUG:pybindgen.typehandlers:TypeMatcher.lookup('void')
DEBUG:pybindgen.typehandlers:try to lookup type handler for 'void' => success ((<class 'pybindgen.typehandlers.voidtype.VoidReturn'>, None, <pybindgen.typehandlers.ctypeparser.TypeTraits object at 0x7fadbb7d61d0>))
DEBUG:pybindgen.typehandlers:TypeMatcher.lookup('void')
DEBUG:pybindgen.typehandlers:try to lookup type handler for 'void' => success ((<class 'pybindgen.typehandlers.voidtype.VoidReturn'>, None, <pybindgen.typehandlers.ctypeparser.TypeTraits object at 0x7fadbb7d65c0>))
DEBUG:pybindgen.typehandlers:TypeMatcher.lookup('void')
DEBUG:pybindgen.typehandlers:try to lookup type handler for 'void' => success ((<class 'pybindgen.typehandlers.voidtype.VoidReturn'>, None, <pybindgen.typehandlers.ctypeparser.TypeTraits object at 0x7fadbb7d69b0>))
DEBUG:pybindgen.typehandlers:TypeMatcher.lookup('void')
DEBUG:pybindgen.typehandlers:try to lookup type handler for 'void' => success ((<class 'pybindgen.typehandlers.voidtype.VoidReturn'>, None, <pybindgen.typehandlers.ctypeparser.TypeTraits object at 0x7fadbb7d6da0>))
DEBUG:pybindgen.typehandlers:TypeMatcher.lookup('ns3::LrWpanPhyEnumeration')
DEBUG:pybindgen.typehandlers:try to lookup type handler for 'ns3::LrWpanPhyEnumeration' => success ((<class 'pybindgen.enum.Enum.set_module.<locals>.ThisEnumParameter'>, None, <pybindgen.typehandlers.ctypeparser.TypeTraits object at 0x7fadbb7d6ef0>))
DEBUG:pybindgen.typehandlers:TypeMatcher.lookup('void')
DEBUG:pybindgen.typehandlers:try to lookup type handler for 'void' => success ((<class 'pybindgen.typehandlers.voidtype.VoidReturn'>, None, <pybindgen.typehandlers.ctypeparser.TypeTraits object at 0x7fadbb75d278>))
DEBUG:pybindgen.typehandlers:TypeMatcher.lookup('ns3::Callback< void, unsigned int, ns3::empty, ns3::empty, ns3::empty, ns3::empty, ns3::empty, ns3::empty, ns3::empty, ns3::empty >')
DEBUG:pybindgen.typehandlers:try to lookup type handler for 'ns3::Callback< void, unsigned int, ns3::empty, ns3::empty, ns3::empty, ns3::empty, ns3::empty, ns3::empty, ns3::empty, ns3::empty >' => success ((<class 'ns3modulegen_core_customizations.register_callback_classes.<locals>.PythonCallbackParameter'>, None, <pybindgen.typehandlers.ctypeparser.TypeTraits object at 0x7fadbb75d3c8>))
DEBUG:pybindgen.typehandlers:TypeMatcher.lookup('void')
DEBUG:pybindgen.typehandlers:try to lookup type handler for 'void' => success ((<class 'pybindgen.typehandlers.voidtype.VoidReturn'>, None, <pybindgen.typehandlers.ctypeparser.TypeTraits object at 0x7fadbb75dc50>))
DEBUG:pybindgen.typehandlers:TypeMatcher.lookup('ns3::Callback< void, ns3::LrWpanMacState, ns3::empty, ns3::empty, ns3::empty, ns3::empty, ns3::empty, ns3::empty, ns3::empty, ns3::empty >')
DEBUG:pybindgen.typehandlers:try to lookup type handler for 'ns3::Callback< void, ns3::LrWpanMacState, ns3::empty, ns3::empty, ns3::empty, ns3::empty, ns3::empty, ns3::empty, ns3::empty, ns3::empty >' => success ((<class 'ns3modulegen_core_customizations.register_callback_classes.<locals>.PythonCallbackParameter'>, None, <pybindgen.typehandlers.ctypeparser.TypeTraits object at 0x7fadbb75dda0>))
DEBUG:pybindgen.typehandlers:TypeMatcher.lookup('void')
DEBUG:pybindgen.typehandlers:try to lookup type handler for 'void' => success ((<class 'pybindgen.typehandlers.voidtype.VoidReturn'>, None, <pybindgen.typehandlers.ctypeparser.TypeTraits object at 0x7fadbb7655f8>))
DEBUG:pybindgen.typehandlers:TypeMatcher.lookup('bool')
DEBUG:pybindgen.typehandlers:try to lookup type handler for 'bool' => success ((<class 'pybindgen.typehandlers.booltype.BoolParam'>, None, <pybindgen.typehandlers.ctypeparser.TypeTraits object at 0x7fadbb765748>))
DEBUG:pybindgen.typehandlers:TypeMatcher.lookup('int64_t')
DEBUG:pybindgen.typehandlers:try to lookup type handler for 'int64_t' => success ((<class 'pybindgen.typehandlers.inttype.LongLongReturn'>, None, <pybindgen.typehandlers.ctypeparser.TypeTraits object at 0x7fadbb765ac8>))
DEBUG:pybindgen.typehandlers:TypeMatcher.lookup('int64_t')
DEBUG:pybindgen.typehandlers:try to lookup type handler for 'int64_t' => success ((<class 'pybindgen.typehandlers.inttype.LongLongParam'>, None, <pybindgen.typehandlers.ctypeparser.TypeTraits object at 0x7fadbb765c18>))
DEBUG:pybindgen.typehandlers:TypeMatcher.lookup('uint8_t')
DEBUG:pybindgen.typehandlers:try to lookup type handler for 'uint8_t' => success ((<class 'pybindgen.typehandlers.inttype.UInt8Return'>, None, <pybindgen.typehandlers.ctypeparser.TypeTraits object at 0x7fadbb765f98>))
DEBUG:pybindgen.typehandlers:TypeMatcher.lookup('bool')
DEBUG:pybindgen.typehandlers:try to lookup type handler for 'bool' => success ((<class 'pybindgen.typehandlers.booltype.BoolReturn'>, None, <pybindgen.typehandlers.ctypeparser.TypeTraits object at 0x7fadbb76b3c8>))
DEBUG:pybindgen.typehandlers:TypeMatcher.lookup('void')
DEBUG:pybindgen.typehandlers:try to lookup type handler for 'void' => success ((<class 'pybindgen.typehandlers.voidtype.VoidReturn'>, None, <pybindgen.typehandlers.ctypeparser.TypeTraits object at 0x7fadbb76b7b8>))
DEBUG:pybindgen.typehandlers:TypeMatcher.lookup('ns3::LrWpanErrorModel const &')
DEBUG:pybindgen.typehandlers:try to lookup type handler for 'ns3::LrWpanErrorModel const &' => success ((<class 'pybindgen.cppclass.CppClass.__init__.<locals>.ThisClassRefParameter'>, None, <pybindgen.typehandlers.ctypeparser.TypeTraits object at 0x7fadbb76bda0>))
DEBUG:pybindgen.typehandlers:TypeMatcher.lookup('double')
DEBUG:pybindgen.typehandlers:try to lookup type handler for 'double' => success ((<class 'pybindgen.typehandlers.doubletype.DoubleReturn'>, None, <pybindgen.typehandlers.ctypeparser.TypeTraits object at 0x7fadbb773400>))
DEBUG:pybindgen.typehandlers:TypeMatcher.lookup('double')
DEBUG:pybindgen.typehandlers:try to lookup type handler for 'double' => success ((<class 'pybindgen.typehandlers.doubletype.DoubleParam'>, None, <pybindgen.typehandlers.ctypeparser.TypeTraits object at 0x7fadbb773550>))
DEBUG:pybindgen.typehandlers:TypeMatcher.lookup('uint32_t')
DEBUG:pybindgen.typehandlers:try to lookup type handler for 'uint32_t' => success ((<class 'pybindgen.typehandlers.inttype.UnsignedIntParam'>, None, <pybindgen.typehandlers.ctypeparser.TypeTraits object at 0x7fadbb773630>))
DEBUG:pybindgen.typehandlers:TypeMatcher.lookup('ns3::TypeId')
DEBUG:pybindgen.typehandlers:try to lookup type handler for 'ns3::TypeId' => success ((<class 'pybindgen.cppclass.CppClass.__init__.<locals>.ThisClassReturn'>, None, <pybindgen.typehandlers.ctypeparser.TypeTraits object at 0x7fadbb7739b0>))
DEBUG:pybindgen.typehandlers:TypeMatcher.lookup('ns3::Ptr< ns3::SpectrumModel const >')
DEBUG:pybindgen.typehandlers:try to lookup type handler for 'ns3::Ptr< ns3::SpectrumModel const >' => failure
DEBUG:pybindgen.typehandlers:try to lookup type handler for 'ns3::SpectrumModel *' => failure ('')
/home/cs18/tarballs/ns-allinone-3.34/ns-3.34/src/lr-wpan/bindings/modulegen__gcc_LP64.py:6209: Warning: exception TypeLookupError(['ns3::Ptr< ns3::SpectrumModel const >', 'ns3::SpectrumModel *'],) in wrapper <pybindgen.cppmethod.CppConstructor object at 0x7fadbb773cf8>
  cls.add_constructor([param('ns3::Ptr< ns3::SpectrumModel const >', 'spectrumModel')])
DEBUG:pybindgen.typehandlers:TypeMatcher.lookup('bool')
DEBUG:pybindgen.typehandlers:try to lookup type handler for 'bool' => success ((<class 'pybindgen.typehandlers.booltype.BoolReturn'>, None, <pybindgen.typehandlers.ctypeparser.TypeTraits object at 0x7fadbb77b0f0>))
DEBUG:pybindgen.typehandlers:TypeMatcher.lookup('ns3::Ptr< ns3::SpectrumValue const >')
DEBUG:pybindgen.typehandlers:try to lookup type handler for 'ns3::Ptr< ns3::SpectrumValue const >' => failure
DEBUG:pybindgen.typehandlers:try to lookup type handler for 'ns3::SpectrumValue *' => failure ('')
/home/cs18/tarballs/ns-allinone-3.34/ns-3.34/src/lr-wpan/bindings/modulegen__gcc_LP64.py:6213: Warning: exception TypeLookupError(['ns3::Ptr< ns3::SpectrumValue const >', 'ns3::SpectrumValue *'],) in wrapper public: retval? ???::AddSignal (params?);
  [param('ns3::Ptr< ns3::SpectrumValue const >', 'signal')])
DEBUG:pybindgen.typehandlers:TypeMatcher.lookup('bool')
DEBUG:pybindgen.typehandlers:try to lookup type handler for 'bool' => success ((<class 'pybindgen.typehandlers.booltype.BoolReturn'>, None, <pybindgen.typehandlers.ctypeparser.TypeTraits object at 0x7fadbb773d30>))
DEBUG:pybindgen.typehandlers:TypeMatcher.lookup('ns3::Ptr< ns3::SpectrumValue const >')
DEBUG:pybindgen.typehandlers:try to lookup type handler for 'ns3::Ptr< ns3::SpectrumValue const >' => failure
DEBUG:pybindgen.typehandlers:try to lookup type handler for 'ns3::SpectrumValue *' => failure ('')
/home/cs18/tarballs/ns-allinone-3.34/ns-3.34/src/lr-wpan/bindings/modulegen__gcc_LP64.py:6217: Warning: exception TypeLookupError(['ns3::Ptr< ns3::SpectrumValue const >', 'ns3::SpectrumValue *'],) in wrapper public: retval? ???::RemoveSignal (params?);
  [param('ns3::Ptr< ns3::SpectrumValue const >', 'signal')])
DEBUG:pybindgen.typehandlers:TypeMatcher.lookup('void')
DEBUG:pybindgen.typehandlers:try to lookup type handler for 'void' => success ((<class 'pybindgen.typehandlers.voidtype.VoidReturn'>, None, <pybindgen.typehandlers.ctypeparser.TypeTraits object at 0x7fadbb77b668>))
DEBUG:pybindgen.typehandlers:TypeMatcher.lookup('ns3::Ptr< ns3::SpectrumValue >')
DEBUG:pybindgen.typehandlers:try to lookup type handler for 'ns3::Ptr< ns3::SpectrumValue >' => failure
DEBUG:pybindgen.typehandlers:try to lookup type handler for 'ns3::SpectrumValue *' => failure ('')
/home/cs18/tarballs/ns-allinone-3.34/ns-3.34/src/lr-wpan/bindings/modulegen__gcc_LP64.py:6226: Warning: exception TypeLookupError(['ns3::Ptr< ns3::SpectrumValue >', 'ns3::SpectrumValue *'],) in wrapper public: retval? ???::GetSignalPsd (params?) const;
  is_const=True)
DEBUG:pybindgen.typehandlers:TypeMatcher.lookup('ns3::Ptr< ns3::SpectrumModel const >')
DEBUG:pybindgen.typehandlers:try to lookup type handler for 'ns3::Ptr< ns3::SpectrumModel const >' => failure
DEBUG:pybindgen.typehandlers:try to lookup type handler for 'ns3::SpectrumModel *' => failure ('')
/home/cs18/tarballs/ns-allinone-3.34/ns-3.34/src/lr-wpan/bindings/modulegen__gcc_LP64.py:6231: Warning: exception TypeLookupError(['ns3::Ptr< ns3::SpectrumModel const >', 'ns3::SpectrumModel *'],) in wrapper public: retval? ???::GetSpectrumModel (params?) const;
  is_const=True)
DEBUG:pybindgen.typehandlers:TypeMatcher.lookup('ns3::LrWpanMac const &')
DEBUG:pybindgen.typehandlers:try to lookup type handler for 'ns3::LrWpanMac const &' => success ((<class 'pybindgen.cppclass.CppClass.__init__.<locals>.ThisClassRefParameter'>, None, <pybindgen.typehandlers.ctypeparser.TypeTraits object at 0x7fadbb785048>))
DEBUG:pybindgen.typehandlers:TypeMatcher.lookup('ns3::LrWpanAssociationStatus')
DEBUG:pybindgen.typehandlers:try to lookup type handler for 'ns3::LrWpanAssociationStatus' => success ((<class 'pybindgen.enum.Enum.set_module.<locals>.ThisEnumReturn'>, None, <pybindgen.typehandlers.ctypeparser.TypeTraits object at 0x7fadbb785668>))
DEBUG:pybindgen.typehandlers:TypeMatcher.lookup('ns3::Mac64Address')
DEBUG:pybindgen.typehandlers:try to lookup type handler for 'ns3::Mac64Address' => success ((<class 'pybindgen.cppclass.CppClass.__init__.<locals>.ThisClassReturn'>, None, <pybindgen.typehandlers.ctypeparser.TypeTraits object at 0x7fadbb7859e8>))
DEBUG:pybindgen.typehandlers:TypeMatcher.lookup('uint32_t')
DEBUG:pybindgen.typehandlers:try to lookup type handler for 'uint32_t' => success ((<class 'pybindgen.typehandlers.inttype.UnsignedIntReturn'>, None, <pybindgen.typehandlers.ctypeparser.TypeTraits object at 0x7fadbb785d68>))
DEBUG:pybindgen.typehandlers:TypeMatcher.lookup('uint64_t')
DEBUG:pybindgen.typehandlers:try to lookup type handler for 'uint64_t' => success ((<class 'pybindgen.typehandlers.inttype.UnsignedLongLongReturn'>, None, <pybindgen.typehandlers.ctypeparser.TypeTraits object at 0x7fadbb78e160>))
DEBUG:pybindgen.typehandlers:TypeMatcher.lookup('uint8_t')
DEBUG:pybindgen.typehandlers:try to lookup type handler for 'uint8_t' => success ((<class 'pybindgen.typehandlers.inttype.UInt8Return'>, None, <pybindgen.typehandlers.ctypeparser.TypeTraits object at 0x7fadbb773f28>))
DEBUG:pybindgen.typehandlers:TypeMatcher.lookup('uint16_t')
DEBUG:pybindgen.typehandlers:try to lookup type handler for 'uint16_t' => success ((<class 'pybindgen.typehandlers.inttype.UInt16Return'>, None, <pybindgen.typehandlers.ctypeparser.TypeTraits object at 0x7fadbb77bc50>))
DEBUG:pybindgen.typehandlers:TypeMatcher.lookup('ns3::Ptr< ns3::LrWpanPhy >')
DEBUG:pybindgen.typehandlers:try to lookup type handler for 'ns3::Ptr< ns3::LrWpanPhy >' => failure
DEBUG:pybindgen.typehandlers:try to lookup type handler for 'ns3::LrWpanPhy *' => success ((<class 'pybindgen.cppclass.MemoryPolicy.register_ptr_parameter_and_return.<locals>.ThisClassPtrReturn'>, <ns3modulegen_core_customizations.SmartPointerTransformation object at 0x7fadbc4dbac8>, <pybindgen.typehandlers.ctypeparser.TypeTraits object at 0x7fadbb77b048>))
DEBUG:pybindgen.typehandlers:TypeMatcher.lookup('bool')
DEBUG:pybindgen.typehandlers:try to lookup type handler for 'bool' => success ((<class 'pybindgen.typehandlers.booltype.BoolReturn'>, None, <pybindgen.typehandlers.ctypeparser.TypeTraits object at 0x7fadbb78e6d8>))
DEBUG:pybindgen.typehandlers:TypeMatcher.lookup('ns3::Mac16Address')
DEBUG:pybindgen.typehandlers:try to lookup type handler for 'ns3::Mac16Address' => success ((<class 'pybindgen.cppclass.CppClass.__init__.<locals>.ThisClassReturn'>, None, <pybindgen.typehandlers.ctypeparser.TypeTraits object at 0x7fadbb78eac8>))
DEBUG:pybindgen.typehandlers:TypeMatcher.lookup('uint64_t')
DEBUG:pybindgen.typehandlers:try to lookup type handler for 'uint64_t' => success ((<class 'pybindgen.typehandlers.inttype.UnsignedLongLongReturn'>, None, <pybindgen.typehandlers.ctypeparser.TypeTraits object at 0x7fadbb78ee48>))
DEBUG:pybindgen.typehandlers:TypeMatcher.lookup('ns3::TypeId')
DEBUG:pybindgen.typehandlers:try to lookup type handler for 'ns3::TypeId' => success ((<class 'pybindgen.cppclass.CppClass.__init__.<locals>.ThisClassReturn'>, None, <pybindgen.typehandlers.ctypeparser.TypeTraits object at 0x7fadbb794240>))
DEBUG:pybindgen.typehandlers:TypeMatcher.lookup('void')
DEBUG:pybindgen.typehandlers:try to lookup type handler for 'void' => success ((<class 'pybindgen.typehandlers.voidtype.VoidReturn'>, None, <pybindgen.typehandlers.ctypeparser.TypeTraits object at 0x7fadbb7945c0>))
DEBUG:pybindgen.typehandlers:TypeMatcher.lookup('ns3::McpsDataRequestParams')
DEBUG:pybindgen.typehandlers:try to lookup type handler for 'ns3::McpsDataRequestParams' => success ((<class 'pybindgen.cppclass.CppClass.__init__.<locals>.ThisClassParameter'>, None, <pybindgen.typehandlers.ctypeparser.TypeTraits object at 0x7fadbb794710>))
DEBUG:pybindgen.typehandlers:TypeMatcher.lookup('ns3::Ptr< ns3::Packet >')
DEBUG:pybindgen.typehandlers:try to lookup type handler for 'ns3::Ptr< ns3::Packet >' => failure
DEBUG:pybindgen.typehandlers:try to lookup type handler for 'ns3::Packet *' => success ((<class 'pybindgen.cppclass.MemoryPolicy.register_ptr_parameter_and_return.<locals>.ThisClassPtrParameter'>, <ns3modulegen_core_customizations.SmartPointerTransformation object at 0x7fadbc4dbac8>, <pybindgen.typehandlers.ctypeparser.TypeTraits object at 0x7fadbb794a20>))
DEBUG:pybindgen.typehandlers:TypeMatcher.lookup('void')
DEBUG:pybindgen.typehandlers:try to lookup type handler for 'void' => success ((<class 'pybindgen.typehandlers.voidtype.VoidReturn'>, None, <pybindgen.typehandlers.ctypeparser.TypeTraits object at 0x7fadbb794c50>))
DEBUG:pybindgen.typehandlers:TypeMatcher.lookup('ns3::MlmePollRequestParams')
DEBUG:pybindgen.typehandlers:try to lookup type handler for 'ns3::MlmePollRequestParams' => success ((<class 'pybindgen.cppclass.CppClass.__init__.<locals>.ThisClassParameter'>, None, <pybindgen.typehandlers.ctypeparser.TypeTraits object at 0x7fadbb794da0>))
DEBUG:pybindgen.typehandlers:TypeMatcher.lookup('void')
DEBUG:pybindgen.typehandlers:try to lookup type handler for 'void' => success ((<class 'pybindgen.typehandlers.voidtype.VoidReturn'>, None, <pybindgen.typehandlers.ctypeparser.TypeTraits object at 0x7fadbb71b128>))
DEBUG:pybindgen.typehandlers:TypeMatcher.lookup('ns3::MlmeStartRequestParams')
DEBUG:pybindgen.typehandlers:try to lookup type handler for 'ns3::MlmeStartRequestParams' => success ((<class 'pybindgen.cppclass.CppClass.__init__.<locals>.ThisClassParameter'>, None, <pybindgen.typehandlers.ctypeparser.TypeTraits object at 0x7fadbb71b278>))
DEBUG:pybindgen.typehandlers:TypeMatcher.lookup('void')
DEBUG:pybindgen.typehandlers:try to lookup type handler for 'void' => success ((<class 'pybindgen.typehandlers.voidtype.VoidReturn'>, None, <pybindgen.typehandlers.ctypeparser.TypeTraits object at 0x7fadbb71b5c0>))
DEBUG:pybindgen.typehandlers:TypeMatcher.lookup('ns3::MlmeSyncRequestParams')
DEBUG:pybindgen.typehandlers:try to lookup type handler for 'ns3::MlmeSyncRequestParams' => success ((<class 'pybindgen.cppclass.CppClass.__init__.<locals>.ThisClassParameter'>, None, <pybindgen.typehandlers.ctypeparser.TypeTraits object at 0x7fadbb71b710>))
DEBUG:pybindgen.typehandlers:TypeMatcher.lookup('void')
DEBUG:pybindgen.typehandlers:try to lookup type handler for 'void' => success ((<class 'pybindgen.typehandlers.voidtype.VoidReturn'>, None, <pybindgen.typehandlers.ctypeparser.TypeTraits object at 0x7fadbb71ba58>))
DEBUG:pybindgen.typehandlers:TypeMatcher.lookup('ns3::LrWpanPhyEnumeration')
DEBUG:pybindgen.typehandlers:try to lookup type handler for 'ns3::LrWpanPhyEnumeration' => success ((<class 'pybindgen.enum.Enum.set_module.<locals>.ThisEnumParameter'>, None, <pybindgen.typehandlers.ctypeparser.TypeTraits object at 0x7fadbb71bba8>))
DEBUG:pybindgen.typehandlers:TypeMatcher.lookup('void')
DEBUG:pybindgen.typehandlers:try to lookup type handler for 'void' => success ((<class 'pybindgen.typehandlers.voidtype.VoidReturn'>, None, <pybindgen.typehandlers.ctypeparser.TypeTraits object at 0x7fadbb71bef0>))
DEBUG:pybindgen.typehandlers:TypeMatcher.lookup('uint32_t')
DEBUG:pybindgen.typehandlers:try to lookup type handler for 'uint32_t' => success ((<class 'pybindgen.typehandlers.inttype.UnsignedIntParam'>, None, <pybindgen.typehandlers.ctypeparser.TypeTraits object at 0x7fadbb724080>))
DEBUG:pybindgen.typehandlers:TypeMatcher.lookup('ns3::Ptr< ns3::Packet >')
DEBUG:pybindgen.typehandlers:try to lookup type handler for 'ns3::Ptr< ns3::Packet >' => failure
DEBUG:pybindgen.typehandlers:try to lookup type handler for 'ns3::Packet *' => success ((<class 'pybindgen.cppclass.MemoryPolicy.register_ptr_parameter_and_return.<locals>.ThisClassPtrParameter'>, <ns3modulegen_core_customizations.SmartPointerTransformation object at 0x7fadbc4dbac8>, <pybindgen.typehandlers.ctypeparser.TypeTraits object at 0x7fadbb724390>))
DEBUG:pybindgen.typehandlers:TypeMatcher.lookup('uint8_t')
DEBUG:pybindgen.typehandlers:try to lookup type handler for 'uint8_t' => success ((<class 'pybindgen.typehandlers.inttype.UInt8Param'>, None, <pybindgen.typehandlers.ctypeparser.TypeTraits object at 0x7fadbb724390>))
DEBUG:pybindgen.typehandlers:TypeMatcher.lookup('void')
DEBUG:pybindgen.typehandlers:try to lookup type handler for 'void' => success ((<class 'pybindgen.typehandlers.voidtype.VoidReturn'>, None, <pybindgen.typehandlers.ctypeparser.TypeTraits object at 0x7fadbb7246d8>))
DEBUG:pybindgen.typehandlers:TypeMatcher.lookup('ns3::LrWpanPhyEnumeration')
DEBUG:pybindgen.typehandlers:try to lookup type handler for 'ns3::LrWpanPhyEnumeration' => success ((<class 'pybindgen.enum.Enum.set_module.<locals>.ThisEnumParameter'>, None, <pybindgen.typehandlers.ctypeparser.TypeTraits object at 0x7fadbb724828>))
DEBUG:pybindgen.typehandlers:TypeMatcher.lookup('void')
DEBUG:pybindgen.typehandlers:try to lookup type handler for 'void' => success ((<class 'pybindgen.typehandlers.voidtype.VoidReturn'>, None, <pybindgen.typehandlers.ctypeparser.TypeTraits object at 0x7fadbb724b70>))
DEBUG:pybindgen.typehandlers:TypeMatcher.lookup('ns3::LrWpanPhyEnumeration')
DEBUG:pybindgen.typehandlers:try to lookup type handler for 'ns3::LrWpanPhyEnumeration' => success ((<class 'pybindgen.enum.Enum.set_module.<locals>.ThisEnumParameter'>, None, <pybindgen.typehandlers.ctypeparser.TypeTraits object at 0x7fadbb724cc0>))
DEBUG:pybindgen.typehandlers:TypeMatcher.lookup('uint8_t')
DEBUG:pybindgen.typehandlers:try to lookup type handler for 'uint8_t' => success ((<class 'pybindgen.typehandlers.inttype.UInt8Param'>, None, <pybindgen.typehandlers.ctypeparser.TypeTraits object at 0x7fadbb724cc0>))
DEBUG:pybindgen.typehandlers:TypeMatcher.lookup('void')
DEBUG:pybindgen.typehandlers:try to lookup type handler for 'void' => success ((<class 'pybindgen.typehandlers.voidtype.VoidReturn'>, None, <pybindgen.typehandlers.ctypeparser.TypeTraits object at 0x7fadbb729160>))
DEBUG:pybindgen.typehandlers:TypeMatcher.lookup('ns3::LrWpanPhyEnumeration')
DEBUG:pybindgen.typehandlers:try to lookup type handler for 'ns3::LrWpanPhyEnumeration' => success ((<class 'pybindgen.enum.Enum.set_module.<locals>.ThisEnumParameter'>, None, <pybindgen.typehandlers.ctypeparser.TypeTraits object at 0x7fadbb7292b0>))
DEBUG:pybindgen.typehandlers:TypeMatcher.lookup('ns3::LrWpanPibAttributeIdentifier')
DEBUG:pybindgen.typehandlers:try to lookup type handler for 'ns3::LrWpanPibAttributeIdentifier' => success ((<class 'pybindgen.enum.Enum.set_module.<locals>.ThisEnumParameter'>, None, <pybindgen.typehandlers.ctypeparser.TypeTraits object at 0x7fadbb7292b0>))
DEBUG:pybindgen.typehandlers:TypeMatcher.lookup('ns3::LrWpanPhyPibAttributes *')
DEBUG:pybindgen.typehandlers:try to lookup type handler for 'ns3::LrWpanPhyPibAttributes *' => success ((<class 'pybindgen.cppclass.CppClass.__init__.<locals>.ThisClassPtrParameter'>, None, <pybindgen.typehandlers.ctypeparser.TypeTraits object at 0x7fadbb7292b0>))
/home/cs18/tarballs/ns-allinone-3.34/ns-3.34/src/lr-wpan/bindings/modulegen__gcc_LP64.py:6325: Warning: exception TypeConfigurationError('Missing transfer_ownership option',) in wrapper public: retval? ???::PlmeGetAttributeConfirm (params?);
  [param('ns3::LrWpanPhyEnumeration', 'status'), param('ns3::LrWpanPibAttributeIdentifier', 'id'), param('ns3::LrWpanPhyPibAttributes *', 'attribute')])
DEBUG:pybindgen.typehandlers:TypeMatcher.lookup('void')
DEBUG:pybindgen.typehandlers:try to lookup type handler for 'void' => success ((<class 'pybindgen.typehandlers.voidtype.VoidReturn'>, None, <pybindgen.typehandlers.ctypeparser.TypeTraits object at 0x7fadbb7293c8>))
DEBUG:pybindgen.typehandlers:TypeMatcher.lookup('ns3::LrWpanPhyEnumeration')
DEBUG:pybindgen.typehandlers:try to lookup type handler for 'ns3::LrWpanPhyEnumeration' => success ((<class 'pybindgen.enum.Enum.set_module.<locals>.ThisEnumParameter'>, None, <pybindgen.typehandlers.ctypeparser.TypeTraits object at 0x7fadbb729438>))
DEBUG:pybindgen.typehandlers:TypeMatcher.lookup('ns3::LrWpanPibAttributeIdentifier')
DEBUG:pybindgen.typehandlers:try to lookup type handler for 'ns3::LrWpanPibAttributeIdentifier' => success ((<class 'pybindgen.enum.Enum.set_module.<locals>.ThisEnumParameter'>, None, <pybindgen.typehandlers.ctypeparser.TypeTraits object at 0x7fadbb729438>))
DEBUG:pybindgen.typehandlers:TypeMatcher.lookup('void')
DEBUG:pybindgen.typehandlers:try to lookup type handler for 'void' => success ((<class 'pybindgen.typehandlers.voidtype.VoidReturn'>, None, <pybindgen.typehandlers.ctypeparser.TypeTraits object at 0x7fadbb729978>))
DEBUG:pybindgen.typehandlers:TypeMatcher.lookup('ns3::LrWpanPhyEnumeration')
DEBUG:pybindgen.typehandlers:try to lookup type handler for 'ns3::LrWpanPhyEnumeration' => success ((<class 'pybindgen.enum.Enum.set_module.<locals>.ThisEnumParameter'>, None, <pybindgen.typehandlers.ctypeparser.TypeTraits object at 0x7fadbb729ac8>))
DEBUG:pybindgen.typehandlers:TypeMatcher.lookup('void')
DEBUG:pybindgen.typehandlers:try to lookup type handler for 'void' => success ((<class 'pybindgen.typehandlers.voidtype.VoidReturn'>, None, <pybindgen.typehandlers.ctypeparser.TypeTraits object at 0x7fadbb729e10>))
DEBUG:pybindgen.typehandlers:TypeMatcher.lookup('void')
DEBUG:pybindgen.typehandlers:try to lookup type handler for 'void' => success ((<class 'pybindgen.typehandlers.voidtype.VoidReturn'>, None, <pybindgen.typehandlers.ctypeparser.TypeTraits object at 0x7fadbb729400>))
DEBUG:pybindgen.typehandlers:TypeMatcher.lookup('ns3::Mac16Address')
DEBUG:pybindgen.typehandlers:try to lookup type handler for 'ns3::Mac16Address' => success ((<class 'pybindgen.cppclass.CppClass.__init__.<locals>.ThisClassParameter'>, None, <pybindgen.typehandlers.ctypeparser.TypeTraits object at 0x7fadbb729278>))
DEBUG:pybindgen.typehandlers:TypeMatcher.lookup('void')
DEBUG:pybindgen.typehandlers:try to lookup type handler for 'void' => success ((<class 'pybindgen.typehandlers.voidtype.VoidReturn'>, None, <pybindgen.typehandlers.ctypeparser.TypeTraits object at 0x7fadbb731438>))
DEBUG:pybindgen.typehandlers:TypeMatcher.lookup('ns3::Mac64Address')
DEBUG:pybindgen.typehandlers:try to lookup type handler for 'ns3::Mac64Address' => success ((<class 'pybindgen.cppclass.CppClass.__init__.<locals>.ThisClassParameter'>, None, <pybindgen.typehandlers.ctypeparser.TypeTraits object at 0x7fadbb731588>))
DEBUG:pybindgen.typehandlers:TypeMatcher.lookup('void')
DEBUG:pybindgen.typehandlers:try to lookup type handler for 'void' => success ((<class 'pybindgen.typehandlers.voidtype.VoidReturn'>, None, <pybindgen.typehandlers.ctypeparser.TypeTraits object at 0x7fadbb731898>))
DEBUG:pybindgen.typehandlers:TypeMatcher.lookup('ns3::LrWpanAssociationStatus')
DEBUG:pybindgen.typehandlers:try to lookup type handler for 'ns3::LrWpanAssociationStatus' => success ((<class 'pybindgen.enum.Enum.set_module.<locals>.ThisEnumParameter'>, None, <pybindgen.typehandlers.ctypeparser.TypeTraits object at 0x7fadbb7319e8>))
DEBUG:pybindgen.typehandlers:TypeMatcher.lookup('void')
DEBUG:pybindgen.typehandlers:try to lookup type handler for 'void' => success ((<class 'pybindgen.typehandlers.voidtype.VoidReturn'>, None, <pybindgen.typehandlers.ctypeparser.TypeTraits object at 0x7fadbb731d30>))
DEBUG:pybindgen.typehandlers:TypeMatcher.lookup('ns3::Ptr< ns3::LrWpanCsmaCa >')
DEBUG:pybindgen.typehandlers:try to lookup type handler for 'ns3::Ptr< ns3::LrWpanCsmaCa >' => failure
DEBUG:pybindgen.typehandlers:try to lookup type handler for 'ns3::LrWpanCsmaCa *' => success ((<class 'pybindgen.cppclass.MemoryPolicy.register_ptr_parameter_and_return.<locals>.ThisClassPtrParameter'>, <ns3modulegen_core_customizations.SmartPointerTransformation object at 0x7fadbc4dbac8>, <pybindgen.typehandlers.ctypeparser.TypeTraits object at 0x7fadbb7390f0>))
DEBUG:pybindgen.typehandlers:TypeMatcher.lookup('void')
DEBUG:pybindgen.typehandlers:try to lookup type handler for 'void' => success ((<class 'pybindgen.typehandlers.voidtype.VoidReturn'>, None, <pybindgen.typehandlers.ctypeparser.TypeTraits object at 0x7fadbb739320>))
DEBUG:pybindgen.typehandlers:TypeMatcher.lookup('ns3::Mac64Address')
DEBUG:pybindgen.typehandlers:try to lookup type handler for 'ns3::Mac64Address' => success ((<class 'pybindgen.cppclass.CppClass.__init__.<locals>.ThisClassParameter'>, None, <pybindgen.typehandlers.ctypeparser.TypeTraits object at 0x7fadbb739470>))
DEBUG:pybindgen.typehandlers:TypeMatcher.lookup('void')
DEBUG:pybindgen.typehandlers:try to lookup type handler for 'void' => success ((<class 'pybindgen.typehandlers.voidtype.VoidReturn'>, None, <pybindgen.typehandlers.ctypeparser.TypeTraits object at 0x7fadbb7397b8>))
DEBUG:pybindgen.typehandlers:TypeMatcher.lookup('ns3::LrWpanMacState')
DEBUG:pybindgen.typehandlers:try to lookup type handler for 'ns3::LrWpanMacState' => success ((<class 'pybindgen.enum.Enum.set_module.<locals>.ThisEnumParameter'>, None, <pybindgen.typehandlers.ctypeparser.TypeTraits object at 0x7fadbb739908>))
DEBUG:pybindgen.typehandlers:TypeMatcher.lookup('void')
DEBUG:pybindgen.typehandlers:try to lookup type handler for 'void' => success ((<class 'pybindgen.typehandlers.voidtype.VoidReturn'>, None, <pybindgen.typehandlers.ctypeparser.TypeTraits object at 0x7fadbb739c50>))
DEBUG:pybindgen.typehandlers:TypeMatcher.lookup('uint8_t')
DEBUG:pybindgen.typehandlers:try to lookup type handler for 'uint8_t' => success ((<class 'pybindgen.typehandlers.inttype.UInt8Param'>, None, <pybindgen.typehandlers.ctypeparser.TypeTraits object at 0x7fadbb739da0>))
DEBUG:pybindgen.typehandlers:TypeMatcher.lookup('void')
DEBUG:pybindgen.typehandlers:try to lookup type handler for 'void' => success ((<class 'pybindgen.typehandlers.voidtype.VoidReturn'>, None, <pybindgen.typehandlers.ctypeparser.TypeTraits object at 0x7fadbb73d160>))
DEBUG:pybindgen.typehandlers:TypeMatcher.lookup('ns3::Callback< void, ns3::McpsDataConfirmParams, ns3::empty, ns3::empty, ns3::empty, ns3::empty, ns3::empty, ns3::empty, ns3::empty, ns3::empty >')
DEBUG:pybindgen.typehandlers:try to lookup type handler for 'ns3::Callback< void, ns3::McpsDataConfirmParams, ns3::empty, ns3::empty, ns3::empty, ns3::empty, ns3::empty, ns3::empty, ns3::empty, ns3::empty >' => success ((<class 'ns3modulegen_core_customizations.register_callback_classes.<locals>.PythonCallbackParameter'>, None, <pybindgen.typehandlers.ctypeparser.TypeTraits object at 0x7fadbb73d2b0>))
DEBUG:pybindgen.typehandlers:TypeMatcher.lookup('void')
DEBUG:pybindgen.typehandlers:try to lookup type handler for 'void' => success ((<class 'pybindgen.typehandlers.voidtype.VoidReturn'>, None, <pybindgen.typehandlers.ctypeparser.TypeTraits object at 0x7fadbb73dac8>))
DEBUG:pybindgen.typehandlers:TypeMatcher.lookup('ns3::Callback< void, ns3::McpsDataIndicationParams, ns3::Ptr< ns3::Packet >, ns3::empty, ns3::empty, ns3::empty, ns3::empty, ns3::empty, ns3::empty, ns3::empty >')
DEBUG:pybindgen.typehandlers:try to lookup type handler for 'ns3::Callback< void, ns3::McpsDataIndicationParams, ns3::Ptr< ns3::Packet >, ns3::empty, ns3::empty, ns3::empty, ns3::empty, ns3::empty, ns3::empty, ns3::empty >' => success ((<class 'ns3modulegen_core_customizations.register_callback_classes.<locals>.PythonCallbackParameter'>, None, <pybindgen.typehandlers.ctypeparser.TypeTraits object at 0x7fadbb73dc18>))
DEBUG:pybindgen.typehandlers:TypeMatcher.lookup('void')
DEBUG:pybindgen.typehandlers:try to lookup type handler for 'void' => success ((<class 'pybindgen.typehandlers.voidtype.VoidReturn'>, None, <pybindgen.typehandlers.ctypeparser.TypeTraits object at 0x7fadbb747518>))
DEBUG:pybindgen.typehandlers:TypeMatcher.lookup('ns3::Callback< void, ns3::MlmeBeaconNotifyIndicationParams, ns3::Ptr< ns3::Packet >, ns3::empty, ns3::empty, ns3::empty, ns3::empty, ns3::empty, ns3::empty, ns3::empty >')
DEBUG:pybindgen.typehandlers:try to lookup type handler for 'ns3::Callback< void, ns3::MlmeBeaconNotifyIndicationParams, ns3::Ptr< ns3::Packet >, ns3::empty, ns3::empty, ns3::empty, ns3::empty, ns3::empty, ns3::empty, ns3::empty >' => success ((<class 'ns3modulegen_core_customizations.register_callback_classes.<locals>.PythonCallbackParameter'>, None, <pybindgen.typehandlers.ctypeparser.TypeTraits object at 0x7fadbb747668>))
DEBUG:pybindgen.typehandlers:TypeMatcher.lookup('void')
DEBUG:pybindgen.typehandlers:try to lookup type handler for 'void' => success ((<class 'pybindgen.typehandlers.voidtype.VoidReturn'>, None, <pybindgen.typehandlers.ctypeparser.TypeTraits object at 0x7fadbb747f28>))
DEBUG:pybindgen.typehandlers:TypeMatcher.lookup('ns3::Callback< void, ns3::MlmePollConfirmParams, ns3::empty, ns3::empty, ns3::empty, ns3::empty, ns3::empty, ns3::empty, ns3::empty, ns3::empty >')
DEBUG:pybindgen.typehandlers:try to lookup type handler for 'ns3::Callback< void, ns3::MlmePollConfirmParams, ns3::empty, ns3::empty, ns3::empty, ns3::empty, ns3::empty, ns3::empty, ns3::empty, ns3::empty >' => success ((<class 'ns3modulegen_core_customizations.register_callback_classes.<locals>.PythonCallbackParameter'>, None, <pybindgen.typehandlers.ctypeparser.TypeTraits object at 0x7fadbb74d0b8>))
DEBUG:pybindgen.typehandlers:TypeMatcher.lookup('void')
DEBUG:pybindgen.typehandlers:try to lookup type handler for 'void' => success ((<class 'pybindgen.typehandlers.voidtype.VoidReturn'>, None, <pybindgen.typehandlers.ctypeparser.TypeTraits object at 0x7fadbb74d8d0>))
DEBUG:pybindgen.typehandlers:TypeMatcher.lookup('ns3::Callback< void, ns3::MlmeStartConfirmParams, ns3::empty, ns3::empty, ns3::empty, ns3::empty, ns3::empty, ns3::empty, ns3::empty, ns3::empty >')
DEBUG:pybindgen.typehandlers:try to lookup type handler for 'ns3::Callback< void, ns3::MlmeStartConfirmParams, ns3::empty, ns3::empty, ns3::empty, ns3::empty, ns3::empty, ns3::empty, ns3::empty, ns3::empty >' => success ((<class 'ns3modulegen_core_customizations.register_callback_classes.<locals>.PythonCallbackParameter'>, None, <pybindgen.typehandlers.ctypeparser.TypeTraits object at 0x7fadbb74da20>))
DEBUG:pybindgen.typehandlers:TypeMatcher.lookup('void')
DEBUG:pybindgen.typehandlers:try to lookup type handler for 'void' => success ((<class 'pybindgen.typehandlers.voidtype.VoidReturn'>, None, <pybindgen.typehandlers.ctypeparser.TypeTraits object at 0x7fadbb752278>))
DEBUG:pybindgen.typehandlers:TypeMatcher.lookup('ns3::Callback< void, ns3::MlmeSyncLossIndicationParams, ns3::empty, ns3::empty, ns3::empty, ns3::empty, ns3::empty, ns3::empty, ns3::empty, ns3::empty >')
DEBUG:pybindgen.typehandlers:try to lookup type handler for 'ns3::Callback< void, ns3::MlmeSyncLossIndicationParams, ns3::empty, ns3::empty, ns3::empty, ns3::empty, ns3::empty, ns3::empty, ns3::empty, ns3::empty >' => success ((<class 'ns3modulegen_core_customizations.register_callback_classes.<locals>.PythonCallbackParameter'>, None, <pybindgen.typehandlers.ctypeparser.TypeTraits object at 0x7fadbb7523c8>))
DEBUG:pybindgen.typehandlers:TypeMatcher.lookup('void')
DEBUG:pybindgen.typehandlers:try to lookup type handler for 'void' => success ((<class 'pybindgen.typehandlers.voidtype.VoidReturn'>, None, <pybindgen.typehandlers.ctypeparser.TypeTraits object at 0x7fadbb752be0>))
DEBUG:pybindgen.typehandlers:TypeMatcher.lookup('uint16_t')
DEBUG:pybindgen.typehandlers:try to lookup type handler for 'uint16_t' => success ((<class 'pybindgen.typehandlers.inttype.UInt16Param'>, None, <pybindgen.typehandlers.ctypeparser.TypeTraits object at 0x7fadbb752d30>))
DEBUG:pybindgen.typehandlers:TypeMatcher.lookup('void')
DEBUG:pybindgen.typehandlers:try to lookup type handler for 'void' => success ((<class 'pybindgen.typehandlers.voidtype.VoidReturn'>, None, <pybindgen.typehandlers.ctypeparser.TypeTraits object at 0x7fadbb6d90b8>))
DEBUG:pybindgen.typehandlers:TypeMatcher.lookup('ns3::Ptr< ns3::LrWpanPhy >')
DEBUG:pybindgen.typehandlers:try to lookup type handler for 'ns3::Ptr< ns3::LrWpanPhy >' => failure
DEBUG:pybindgen.typehandlers:try to lookup type handler for 'ns3::LrWpanPhy *' => success ((<class 'pybindgen.cppclass.MemoryPolicy.register_ptr_parameter_and_return.<locals>.ThisClassPtrParameter'>, <ns3modulegen_core_customizations.SmartPointerTransformation object at 0x7fadbc4dbac8>, <pybindgen.typehandlers.ctypeparser.TypeTraits object at 0x7fadbb6d9438>))
DEBUG:pybindgen.typehandlers:TypeMatcher.lookup('void')
DEBUG:pybindgen.typehandlers:try to lookup type handler for 'void' => success ((<class 'pybindgen.typehandlers.voidtype.VoidReturn'>, None, <pybindgen.typehandlers.ctypeparser.TypeTraits object at 0x7fadbb6d9668>))
DEBUG:pybindgen.typehandlers:TypeMatcher.lookup('bool')
DEBUG:pybindgen.typehandlers:try to lookup type handler for 'bool' => success ((<class 'pybindgen.typehandlers.booltype.BoolParam'>, None, <pybindgen.typehandlers.ctypeparser.TypeTraits object at 0x7fadbb6d97b8>))
DEBUG:pybindgen.typehandlers:TypeMatcher.lookup('void')
DEBUG:pybindgen.typehandlers:try to lookup type handler for 'void' => success ((<class 'pybindgen.typehandlers.voidtype.VoidReturn'>, None, <pybindgen.typehandlers.ctypeparser.TypeTraits object at 0x7fadbb6d9b38>))
DEBUG:pybindgen.typehandlers:TypeMatcher.lookup('ns3::Mac16Address')
DEBUG:pybindgen.typehandlers:try to lookup type handler for 'ns3::Mac16Address' => success ((<class 'pybindgen.cppclass.CppClass.__init__.<locals>.ThisClassParameter'>, None, <pybindgen.typehandlers.ctypeparser.TypeTraits object at 0x7fadbb6d9c88>))
DEBUG:pybindgen.typehandlers:TypeMatcher.lookup('bool')
DEBUG:pybindgen.typehandlers:try to lookup type handler for 'bool' => success ((<class 'pybindgen.typehandlers.booltype.BoolReturn'>, None, <pybindgen.typehandlers.ctypeparser.TypeTraits object at 0x7fadbb6d9fd0>))
DEBUG:pybindgen.typehandlers:TypeMatcher.lookup('bool')
DEBUG:pybindgen.typehandlers:try to lookup type handler for 'bool' => success ((<class 'pybindgen.typehandlers.booltype.BoolReturn'>, None, <pybindgen.typehandlers.ctypeparser.TypeTraits object at 0x7fadbb6e1400>))
DEBUG:pybindgen.typehandlers:TypeMatcher.lookup('uint32_t const')
DEBUG:pybindgen.typehandlers:try to lookup type handler for 'uint32_t const' => success ((<class 'pybindgen.typehandlers.inttype.UnsignedIntReturn'>, None, <pybindgen.typehandlers.ctypeparser.TypeTraits object at 0x7fadbb6e17b8>))
DEBUG:pybindgen.typehandlers:TypeMatcher.lookup('uint32_t const')
DEBUG:pybindgen.typehandlers:try to lookup type handler for 'uint32_t const' => success ((<class 'pybindgen.typehandlers.inttype.UnsignedIntReturn'>, None, <pybindgen.typehandlers.ctypeparser.TypeTraits object at 0x7fadbb6e1b70>))
DEBUG:pybindgen.typehandlers:TypeMatcher.lookup('uint32_t const')
DEBUG:pybindgen.typehandlers:try to lookup type handler for 'uint32_t const' => success ((<class 'pybindgen.typehandlers.inttype.UnsignedIntReturn'>, None, <pybindgen.typehandlers.ctypeparser.TypeTraits object at 0x7fadbb6e1f28>))
DEBUG:pybindgen.typehandlers:TypeMatcher.lookup('uint32_t const')
DEBUG:pybindgen.typehandlers:try to lookup type handler for 'uint32_t const' => success ((<class 'pybindgen.typehandlers.inttype.UnsignedIntReturn'>, None, <pybindgen.typehandlers.ctypeparser.TypeTraits object at 0x7fadbb6e8320>))
DEBUG:pybindgen.typehandlers:TypeMatcher.lookup('uint32_t const')
DEBUG:pybindgen.typehandlers:try to lookup type handler for 'uint32_t const' => success ((<class 'pybindgen.typehandlers.inttype.UnsignedIntReturn'>, None, <pybindgen.typehandlers.ctypeparser.TypeTraits object at 0x7fadbb6e86d8>))
DEBUG:pybindgen.typehandlers:TypeMatcher.lookup('uint32_t const')
DEBUG:pybindgen.typehandlers:try to lookup type handler for 'uint32_t const' => success ((<class 'pybindgen.typehandlers.inttype.UnsignedIntReturn'>, None, <pybindgen.typehandlers.ctypeparser.TypeTraits object at 0x7fadbb6e8a90>))
DEBUG:pybindgen.typehandlers:TypeMatcher.lookup('uint32_t')
DEBUG:pybindgen.typehandlers:try to lookup type handler for 'uint32_t' => success ((<class 'pybindgen.typehandlers.inttype.UnsignedIntReturn'>, None, <pybindgen.typehandlers.ctypeparser.TypeTraits object at 0x7fadbb6e8e48>))
DEBUG:pybindgen.typehandlers:TypeMatcher.lookup('bool')
DEBUG:pybindgen.typehandlers:try to lookup type handler for 'bool' => success ((<class 'pybindgen.typehandlers.booltype.BoolReturn'>, None, <pybindgen.typehandlers.ctypeparser.TypeTraits object at 0x7fadbb6ef3c8>))
DEBUG:pybindgen.typehandlers:TypeMatcher.lookup('uint8_t')
DEBUG:pybindgen.typehandlers:try to lookup type handler for 'uint8_t' => success ((<class 'pybindgen.typehandlers.inttype.UInt8Return'>, None, <pybindgen.typehandlers.ctypeparser.TypeTraits object at 0x7fadbb6ef940>))
DEBUG:pybindgen.typehandlers:TypeMatcher.lookup('uint8_t')
DEBUG:pybindgen.typehandlers:try to lookup type handler for 'uint8_t' => success ((<class 'pybindgen.typehandlers.inttype.UInt8Return'>, None, <pybindgen.typehandlers.ctypeparser.TypeTraits object at 0x7fadbb6efeb8>))
DEBUG:pybindgen.typehandlers:TypeMatcher.lookup('uint32_t')
DEBUG:pybindgen.typehandlers:try to lookup type handler for 'uint32_t' => success ((<class 'pybindgen.typehandlers.inttype.UnsignedIntReturn'>, None, <pybindgen.typehandlers.ctypeparser.TypeTraits object at 0x7fadbb6fb470>))
DEBUG:pybindgen.typehandlers:TypeMatcher.lookup('uint32_t')
DEBUG:pybindgen.typehandlers:try to lookup type handler for 'uint32_t' => success ((<class 'pybindgen.typehandlers.inttype.UnsignedIntReturn'>, None, <pybindgen.typehandlers.ctypeparser.TypeTraits object at 0x7fadbb6fb9b0>))
DEBUG:pybindgen.typehandlers:TypeMatcher.lookup('uint8_t')
DEBUG:pybindgen.typehandlers:try to lookup type handler for 'uint8_t' => success ((<class 'pybindgen.typehandlers.inttype.UInt8Return'>, None, <pybindgen.typehandlers.ctypeparser.TypeTraits object at 0x7fadbb773da0>))
DEBUG:pybindgen.typehandlers:TypeMatcher.lookup('uint8_t')
DEBUG:pybindgen.typehandlers:try to lookup type handler for 'uint8_t' => success ((<class 'pybindgen.typehandlers.inttype.UInt8Return'>, None, <pybindgen.typehandlers.ctypeparser.TypeTraits object at 0x7fadbb701048>))
DEBUG:pybindgen.typehandlers:TypeMatcher.lookup('uint32_t')
DEBUG:pybindgen.typehandlers:try to lookup type handler for 'uint32_t' => success ((<class 'pybindgen.typehandlers.inttype.UnsignedIntReturn'>, None, <pybindgen.typehandlers.ctypeparser.TypeTraits object at 0x7fadbb7015c0>))
DEBUG:pybindgen.typehandlers:TypeMatcher.lookup('uint8_t')
DEBUG:pybindgen.typehandlers:try to lookup type handler for 'uint8_t' => success ((<class 'pybindgen.typehandlers.inttype.UInt8Return'>, None, <pybindgen.typehandlers.ctypeparser.TypeTraits object at 0x7fadbb701b00>))
DEBUG:pybindgen.typehandlers:TypeMatcher.lookup('bool')
DEBUG:pybindgen.typehandlers:try to lookup type handler for 'bool' => success ((<class 'pybindgen.typehandlers.booltype.BoolReturn'>, None, <pybindgen.typehandlers.ctypeparser.TypeTraits object at 0x7fadbb7080b8>))
DEBUG:pybindgen.typehandlers:TypeMatcher.lookup('uint8_t')
DEBUG:pybindgen.typehandlers:try to lookup type handler for 'uint8_t' => success ((<class 'pybindgen.typehandlers.inttype.UInt8Return'>, None, <pybindgen.typehandlers.ctypeparser.TypeTraits object at 0x7fadbb708630>))
DEBUG:pybindgen.typehandlers:TypeMatcher.lookup('ns3::Time')
DEBUG:pybindgen.typehandlers:try to lookup type handler for 'ns3::Time' => success ((<class 'pybindgen.cppclass.CppClass.__init__.<locals>.ThisClassReturn'>, None, <pybindgen.typehandlers.ctypeparser.TypeTraits object at 0x7fadbb708ba8>))
DEBUG:pybindgen.typehandlers:TypeMatcher.lookup('ns3::Time')
DEBUG:pybindgen.typehandlers:try to lookup type handler for 'ns3::Time' => success ((<class 'pybindgen.cppclass.CppClass.__init__.<locals>.ThisClassReturn'>, None, <pybindgen.typehandlers.ctypeparser.TypeTraits object at 0x7fadbb70e128>))
DEBUG:pybindgen.typehandlers:TypeMatcher.lookup('ns3::SequenceNumber8')
DEBUG:pybindgen.typehandlers:try to lookup type handler for 'ns3::SequenceNumber8' => success ((<class 'pybindgen.cppclass.CppClass.__init__.<locals>.ThisClassReturn'>, None, <pybindgen.typehandlers.ctypeparser.TypeTraits object at 0x7fadbb70e668>))
DEBUG:pybindgen.typehandlers:TypeMatcher.lookup('ns3::Mac64Address')
DEBUG:pybindgen.typehandlers:try to lookup type handler for 'ns3::Mac64Address' => success ((<class 'pybindgen.cppclass.CppClass.__init__.<locals>.ThisClassReturn'>, None, <pybindgen.typehandlers.ctypeparser.TypeTraits object at 0x7fadbb70eba8>))
DEBUG:pybindgen.typehandlers:TypeMatcher.lookup('ns3::Mac16Address')
DEBUG:pybindgen.typehandlers:try to lookup type handler for 'ns3::Mac16Address' => success ((<class 'pybindgen.cppclass.CppClass.__init__.<locals>.ThisClassReturn'>, None, <pybindgen.typehandlers.ctypeparser.TypeTraits object at 0x7fadbb699128>))
DEBUG:pybindgen.typehandlers:TypeMatcher.lookup('ns3::SequenceNumber8')
DEBUG:pybindgen.typehandlers:try to lookup type handler for 'ns3::SequenceNumber8' => success ((<class 'pybindgen.cppclass.CppClass.__init__.<locals>.ThisClassReturn'>, None, <pybindgen.typehandlers.ctypeparser.TypeTraits object at 0x7fadbb699668>))
DEBUG:pybindgen.typehandlers:TypeMatcher.lookup('uint32_t')
DEBUG:pybindgen.typehandlers:try to lookup type handler for 'uint32_t' => success ((<class 'pybindgen.typehandlers.inttype.UnsignedIntReturn'>, None, <pybindgen.typehandlers.ctypeparser.TypeTraits object at 0x7fadbb699ba8>))
DEBUG:pybindgen.typehandlers:TypeMatcher.lookup('uint8_t')
DEBUG:pybindgen.typehandlers:try to lookup type handler for 'uint8_t' => success ((<class 'pybindgen.typehandlers.inttype.UInt8Return'>, None, <pybindgen.typehandlers.ctypeparser.TypeTraits object at 0x7fadbb6a1128>))
DEBUG:pybindgen.typehandlers:TypeMatcher.lookup('uint16_t')
DEBUG:pybindgen.typehandlers:try to lookup type handler for 'uint16_t' => success ((<class 'pybindgen.typehandlers.inttype.UInt16Return'>, None, <pybindgen.typehandlers.ctypeparser.TypeTraits object at 0x7fadbb6a16a0>))
DEBUG:pybindgen.typehandlers:TypeMatcher.lookup('bool')
DEBUG:pybindgen.typehandlers:try to lookup type handler for 'bool' => success ((<class 'pybindgen.typehandlers.booltype.BoolReturn'>, None, <pybindgen.typehandlers.ctypeparser.TypeTraits object at 0x7fadbb6a1be0>))
DEBUG:pybindgen.typehandlers:TypeMatcher.lookup('bool')
DEBUG:pybindgen.typehandlers:try to lookup type handler for 'bool' => success ((<class 'pybindgen.typehandlers.booltype.BoolReturn'>, None, <pybindgen.typehandlers.ctypeparser.TypeTraits object at 0x7fadbb6a6198>))
DEBUG:pybindgen.typehandlers:TypeMatcher.lookup('uint32_t')
DEBUG:pybindgen.typehandlers:try to lookup type handler for 'uint32_t' => success ((<class 'pybindgen.typehandlers.inttype.UnsignedIntReturn'>, None, <pybindgen.typehandlers.ctypeparser.TypeTraits object at 0x7fadbb6a6710>))
DEBUG:pybindgen.typehandlers:TypeMatcher.lookup('uint8_t')
DEBUG:pybindgen.typehandlers:try to lookup type handler for 'uint8_t' => success ((<class 'pybindgen.typehandlers.inttype.UInt8Return'>, None, <pybindgen.typehandlers.ctypeparser.TypeTraits object at 0x7fadbb6a6c50>))
DEBUG:pybindgen.typehandlers:TypeMatcher.lookup('uint64_t')
DEBUG:pybindgen.typehandlers:try to lookup type handler for 'uint64_t' => success ((<class 'pybindgen.typehandlers.inttype.UnsignedLongLongReturn'>, None, <pybindgen.typehandlers.ctypeparser.TypeTraits object at 0x7fadbb6b0208>))
DEBUG:pybindgen.typehandlers:TypeMatcher.lookup('uint16_t')
DEBUG:pybindgen.typehandlers:try to lookup type handler for 'uint16_t' => success ((<class 'pybindgen.typehandlers.inttype.UInt16Return'>, None, <pybindgen.typehandlers.ctypeparser.TypeTraits object at 0x7fadbb6b0748>))
DEBUG:pybindgen.typehandlers:TypeMatcher.lookup('uint8_t')
DEBUG:pybindgen.typehandlers:try to lookup type handler for 'uint8_t' => success ((<class 'pybindgen.typehandlers.inttype.UInt8Return'>, None, <pybindgen.typehandlers.ctypeparser.TypeTraits object at 0x7fadbb6b0c88>))
DEBUG:pybindgen.typehandlers:TypeMatcher.lookup('bool')
DEBUG:pybindgen.typehandlers:try to lookup type handler for 'bool' => success ((<class 'pybindgen.typehandlers.booltype.BoolReturn'>, None, <pybindgen.typehandlers.ctypeparser.TypeTraits object at 0x7fadbb6b9240>))
DEBUG:pybindgen.typehandlers:TypeMatcher.lookup('uint64_t')
DEBUG:pybindgen.typehandlers:try to lookup type handler for 'uint64_t' => success ((<class 'pybindgen.typehandlers.inttype.UnsignedLongLongReturn'>, None, <pybindgen.typehandlers.ctypeparser.TypeTraits object at 0x7fadbb6b97b8>))
DEBUG:pybindgen.typehandlers:TypeMatcher.lookup('uint32_t')
DEBUG:pybindgen.typehandlers:try to lookup type handler for 'uint32_t' => success ((<class 'pybindgen.typehandlers.inttype.UnsignedIntReturn'>, None, <pybindgen.typehandlers.ctypeparser.TypeTraits object at 0x7fadbb6b9cf8>))
DEBUG:pybindgen.typehandlers:TypeMatcher.lookup('void')
DEBUG:pybindgen.typehandlers:try to lookup type handler for 'void' => success ((<class 'pybindgen.typehandlers.voidtype.VoidReturn'>, None, <pybindgen.typehandlers.ctypeparser.TypeTraits object at 0x7fadbb6bf2b0>))
DEBUG:pybindgen.typehandlers:TypeMatcher.lookup('void')
DEBUG:pybindgen.typehandlers:try to lookup type handler for 'void' => success ((<class 'pybindgen.typehandlers.voidtype.VoidReturn'>, None, <pybindgen.typehandlers.ctypeparser.TypeTraits object at 0x7fadbb6bfb00>))
DEBUG:pybindgen.typehandlers:TypeMatcher.lookup('ns3::LrWpanMacTrailer const &')
DEBUG:pybindgen.typehandlers:try to lookup type handler for 'ns3::LrWpanMacTrailer const &' => success ((<class 'pybindgen.cppclass.CppClass.__init__.<locals>.ThisClassRefParameter'>, None, <pybindgen.typehandlers.ctypeparser.TypeTraits object at 0x7fadbb6c7390>))
DEBUG:pybindgen.typehandlers:TypeMatcher.lookup('bool')
DEBUG:pybindgen.typehandlers:try to lookup type handler for 'bool' => success ((<class 'pybindgen.typehandlers.booltype.BoolReturn'>, None, <pybindgen.typehandlers.ctypeparser.TypeTraits object at 0x7fadbb6c79b0>))
DEBUG:pybindgen.typehandlers:TypeMatcher.lookup('ns3::Ptr< ns3::Packet const >')
DEBUG:pybindgen.typehandlers:try to lookup type handler for 'ns3::Ptr< ns3::Packet const >' => failure
DEBUG:pybindgen.typehandlers:try to lookup type handler for 'ns3::Packet *' => success ((<class 'pybindgen.cppclass.MemoryPolicy.register_ptr_parameter_and_return.<locals>.ThisClassPtrParameter'>, <ns3modulegen_core_customizations.SmartPointerTransformation object at 0x7fadbc4dbac8>, <pybindgen.typehandlers.ctypeparser.TypeTraits object at 0x7fadbb6c7d68>))
DEBUG:pybindgen.typehandlers:TypeMatcher.lookup('uint32_t')
DEBUG:pybindgen.typehandlers:try to lookup type handler for 'uint32_t' => success ((<class 'pybindgen.typehandlers.inttype.UnsignedIntReturn'>, None, <pybindgen.typehandlers.ctypeparser.TypeTraits object at 0x7fadbb6c7fd0>))
DEBUG:pybindgen.typehandlers:TypeMatcher.lookup('ns3::Buffer::Iterator')
DEBUG:pybindgen.typehandlers:try to lookup type handler for 'ns3::Buffer::Iterator' => success ((<class 'pybindgen.cppclass.CppClass.__init__.<locals>.ThisClassParameter'>, None, <pybindgen.typehandlers.ctypeparser.TypeTraits object at 0x7fadbb6cf128>))
DEBUG:pybindgen.typehandlers:TypeMatcher.lookup('void')
DEBUG:pybindgen.typehandlers:try to lookup type handler for 'void' => success ((<class 'pybindgen.typehandlers.voidtype.VoidReturn'>, None, <pybindgen.typehandlers.ctypeparser.TypeTraits object at 0x7fadbb6cf470>))
DEBUG:pybindgen.typehandlers:TypeMatcher.lookup('bool')
DEBUG:pybindgen.typehandlers:try to lookup type handler for 'bool' => success ((<class 'pybindgen.typehandlers.booltype.BoolParam'>, None, <pybindgen.typehandlers.ctypeparser.TypeTraits object at 0x7fadbb6cf5c0>))
DEBUG:pybindgen.typehandlers:TypeMatcher.lookup('uint16_t')
DEBUG:pybindgen.typehandlers:try to lookup type handler for 'uint16_t' => success ((<class 'pybindgen.typehandlers.inttype.UInt16Return'>, None, <pybindgen.typehandlers.ctypeparser.TypeTraits object at 0x7fadbb6cf940>))
DEBUG:pybindgen.typehandlers:TypeMatcher.lookup('ns3::TypeId')
DEBUG:pybindgen.typehandlers:try to lookup type handler for 'ns3::TypeId' => success ((<class 'pybindgen.cppclass.CppClass.__init__.<locals>.ThisClassReturn'>, None, <pybindgen.typehandlers.ctypeparser.TypeTraits object at 0x7fadbb6cfcc0>))
DEBUG:pybindgen.typehandlers:TypeMatcher.lookup('uint32_t')
DEBUG:pybindgen.typehandlers:try to lookup type handler for 'uint32_t' => success ((<class 'pybindgen.typehandlers.inttype.UnsignedIntReturn'>, None, <pybindgen.typehandlers.ctypeparser.TypeTraits object at 0x7fadbb6d6080>))
DEBUG:pybindgen.typehandlers:TypeMatcher.lookup('ns3::TypeId')
DEBUG:pybindgen.typehandlers:try to lookup type handler for 'ns3::TypeId' => success ((<class 'pybindgen.cppclass.CppClass.__init__.<locals>.ThisClassReturn'>, None, <pybindgen.typehandlers.ctypeparser.TypeTraits object at 0x7fadbb6d6400>))
DEBUG:pybindgen.typehandlers:TypeMatcher.lookup('bool')
DEBUG:pybindgen.typehandlers:try to lookup type handler for 'bool' => success ((<class 'pybindgen.typehandlers.booltype.BoolReturn'>, None, <pybindgen.typehandlers.ctypeparser.TypeTraits object at 0x7fadbb6d6780>))
DEBUG:pybindgen.typehandlers:TypeMatcher.lookup('void')
DEBUG:pybindgen.typehandlers:try to lookup type handler for 'void' => success ((<class 'pybindgen.typehandlers.voidtype.VoidReturn'>, None, <pybindgen.typehandlers.ctypeparser.TypeTraits object at 0x7fadbb6d6b70>))
DEBUG:pybindgen.typehandlers:TypeMatcher.lookup('std::ostream &')
DEBUG:pybindgen.typehandlers:try to lookup type handler for 'std::ostream &' => failure
'std::ostream &' did not match
/home/cs18/tarballs/ns-allinone-3.34/ns-3.34/src/lr-wpan/bindings/modulegen__gcc_LP64.py:6546: Warning: exception TypeLookupError(['std::ostream &'],) in wrapper public: virtual retval? ???::Print (params?) const;
  is_const=True, is_virtual=True)
DEBUG:pybindgen.typehandlers:TypeMatcher.lookup('void')
DEBUG:pybindgen.typehandlers:try to lookup type handler for 'void' => success ((<class 'pybindgen.typehandlers.voidtype.VoidReturn'>, None, <pybindgen.typehandlers.ctypeparser.TypeTraits object at 0x7fadbb5e0278>))
DEBUG:pybindgen.typehandlers:TypeMatcher.lookup('ns3::Buffer::Iterator')
DEBUG:pybindgen.typehandlers:try to lookup type handler for 'ns3::Buffer::Iterator' => success ((<class 'pybindgen.cppclass.CppClass.__init__.<locals>.ThisClassParameter'>, None, <pybindgen.typehandlers.ctypeparser.TypeTraits object at 0x7fadbb5e03c8>))
DEBUG:pybindgen.typehandlers:TypeMatcher.lookup('void')
DEBUG:pybindgen.typehandlers:try to lookup type handler for 'void' => success ((<class 'pybindgen.typehandlers.voidtype.VoidReturn'>, None, <pybindgen.typehandlers.ctypeparser.TypeTraits object at 0x7fadbb5e0710>))
DEBUG:pybindgen.typehandlers:TypeMatcher.lookup('ns3::Ptr< ns3::Packet const >')
DEBUG:pybindgen.typehandlers:try to lookup type handler for 'ns3::Ptr< ns3::Packet const >' => failure
DEBUG:pybindgen.typehandlers:try to lookup type handler for 'ns3::Packet *' => success ((<class 'pybindgen.cppclass.MemoryPolicy.register_ptr_parameter_and_return.<locals>.ThisClassPtrParameter'>, <ns3modulegen_core_customizations.SmartPointerTransformation object at 0x7fadbc4dbac8>, <pybindgen.typehandlers.ctypeparser.TypeTraits object at 0x7fadbb5e0ac8>))
DEBUG:pybindgen.typehandlers:TypeMatcher.lookup('uint16_t const')
DEBUG:pybindgen.typehandlers:try to lookup type handler for 'uint16_t const' => success ((<class 'pybindgen.typehandlers.inttype.UInt16Return'>, None, <pybindgen.typehandlers.ctypeparser.TypeTraits object at 0x7fadbb5e0cf8>))
DEBUG:pybindgen.typehandlers:TypeMatcher.lookup('ns3::TypeId')
DEBUG:pybindgen.typehandlers:try to lookup type handler for 'ns3::TypeId' => success ((<class 'pybindgen.cppclass.CppClass.__init__.<locals>.ThisClassReturn'>, None, <pybindgen.typehandlers.ctypeparser.TypeTraits object at 0x7fadbb5e7128>))
DEBUG:pybindgen.typehandlers:TypeMatcher.lookup('uint32_t const')
DEBUG:pybindgen.typehandlers:try to lookup type handler for 'uint32_t const' => success ((<class 'pybindgen.typehandlers.inttype.UnsignedIntReturn'>, None, <pybindgen.typehandlers.ctypeparser.TypeTraits object at 0x7fadbb5e7470>))
DEBUG:pybindgen.typehandlers:TypeMatcher.lookup('uint32_t const')
DEBUG:pybindgen.typehandlers:try to lookup type handler for 'uint32_t const' => success ((<class 'pybindgen.typehandlers.inttype.UnsignedIntReturn'>, None, <pybindgen.typehandlers.ctypeparser.TypeTraits object at 0x7fadbb5e7828>))
DEBUG:pybindgen.typehandlers:TypeMatcher.lookup('void')
DEBUG:pybindgen.typehandlers:try to lookup type handler for 'void' => success ((<class 'pybindgen.typehandlers.voidtype.VoidReturn'>, None, <pybindgen.typehandlers.ctypeparser.TypeTraits object at 0x7fadbb5e7e80>))
DEBUG:pybindgen.typehandlers:TypeMatcher.lookup('ns3::Ptr< ns3::MobilityModel >')
DEBUG:pybindgen.typehandlers:try to lookup type handler for 'ns3::Ptr< ns3::MobilityModel >' => failure
DEBUG:pybindgen.typehandlers:try to lookup type handler for 'ns3::MobilityModel *' => failure ('')
/home/cs18/tarballs/ns-allinone-3.34/ns-3.34/src/lr-wpan/bindings/modulegen__gcc_LP64.py:6576: Warning: exception TypeLookupError(['ns3::Ptr< ns3::MobilityModel >', 'ns3::MobilityModel *'],) in wrapper public: virtual retval? ???::SetMobility (params?);
  is_virtual=True)
DEBUG:pybindgen.typehandlers:TypeMatcher.lookup('ns3::Ptr< ns3::MobilityModel >')
DEBUG:pybindgen.typehandlers:try to lookup type handler for 'ns3::Ptr< ns3::MobilityModel >' => failure
DEBUG:pybindgen.typehandlers:try to lookup type handler for 'ns3::MobilityModel *' => failure ('')
/home/cs18/tarballs/ns-allinone-3.34/ns-3.34/src/lr-wpan/bindings/modulegen__gcc_LP64.py:6581: Warning: exception TypeLookupError(['ns3::Ptr< ns3::MobilityModel >', 'ns3::MobilityModel *'],) in wrapper public: virtual retval? ???::GetMobility (params?) const;
  is_const=True, is_virtual=True)
DEBUG:pybindgen.typehandlers:TypeMatcher.lookup('void')
DEBUG:pybindgen.typehandlers:try to lookup type handler for 'void' => success ((<class 'pybindgen.typehandlers.voidtype.VoidReturn'>, None, <pybindgen.typehandlers.ctypeparser.TypeTraits object at 0x7fadbb5f0f60>))
DEBUG:pybindgen.typehandlers:TypeMatcher.lookup('ns3::Ptr< ns3::SpectrumChannel >')
DEBUG:pybindgen.typehandlers:try to lookup type handler for 'ns3::Ptr< ns3::SpectrumChannel >' => failure
DEBUG:pybindgen.typehandlers:try to lookup type handler for 'ns3::SpectrumChannel *' => failure ('')
/home/cs18/tarballs/ns-allinone-3.34/ns-3.34/src/lr-wpan/bindings/modulegen__gcc_LP64.py:6586: Warning: exception TypeLookupError(['ns3::Ptr< ns3::SpectrumChannel >', 'ns3::SpectrumChannel *'],) in wrapper public: virtual retval? ???::SetChannel (params?);
  is_virtual=True)
DEBUG:pybindgen.typehandlers:TypeMatcher.lookup('ns3::Ptr< ns3::SpectrumChannel >')
DEBUG:pybindgen.typehandlers:try to lookup type handler for 'ns3::Ptr< ns3::SpectrumChannel >' => failure
DEBUG:pybindgen.typehandlers:try to lookup type handler for 'ns3::SpectrumChannel *' => failure ('')
/home/cs18/tarballs/ns-allinone-3.34/ns-3.34/src/lr-wpan/bindings/modulegen__gcc_LP64.py:6590: Warning: exception TypeLookupError(['ns3::Ptr< ns3::SpectrumChannel >', 'ns3::SpectrumChannel *'],) in wrapper public: retval? ???::GetChannel (params?);
  [])
DEBUG:pybindgen.typehandlers:TypeMatcher.lookup('void')
DEBUG:pybindgen.typehandlers:try to lookup type handler for 'void' => success ((<class 'pybindgen.typehandlers.voidtype.VoidReturn'>, None, <pybindgen.typehandlers.ctypeparser.TypeTraits object at 0x7fadbb5f7c88>))
DEBUG:pybindgen.typehandlers:TypeMatcher.lookup('ns3::Ptr< ns3::NetDevice >')
DEBUG:pybindgen.typehandlers:try to lookup type handler for 'ns3::Ptr< ns3::NetDevice >' => failure
DEBUG:pybindgen.typehandlers:try to lookup type handler for 'ns3::NetDevice *' => success ((<class 'pybindgen.cppclass.MemoryPolicy.register_ptr_parameter_and_return.<locals>.ThisClassPtrParameter'>, <ns3modulegen_core_customizations.SmartPointerTransformation object at 0x7fadbc4dbac8>, <pybindgen.typehandlers.ctypeparser.TypeTraits object at 0x7fadbb5f7fd0>))
DEBUG:pybindgen.typehandlers:TypeMatcher.lookup('ns3::Ptr< ns3::NetDevice >')
DEBUG:pybindgen.typehandlers:try to lookup type handler for 'ns3::Ptr< ns3::NetDevice >' => failure
DEBUG:pybindgen.typehandlers:try to lookup type handler for 'ns3::NetDevice *' => success ((<class 'pybindgen.cppclass.MemoryPolicy.register_ptr_parameter_and_return.<locals>.ThisClassPtrReturn'>, <ns3modulegen_core_customizations.SmartPointerTransformation object at 0x7fadbc4dbac8>, <pybindgen.typehandlers.ctypeparser.TypeTraits object at 0x7fadbb5fd470>))
DEBUG:pybindgen.typehandlers:TypeMatcher.lookup('void')
DEBUG:pybindgen.typehandlers:try to lookup type handler for 'void' => success ((<class 'pybindgen.typehandlers.voidtype.VoidReturn'>, None, <pybindgen.typehandlers.ctypeparser.TypeTraits object at 0x7fadbb5fd6d8>))
DEBUG:pybindgen.typehandlers:TypeMatcher.lookup('ns3::Ptr< ns3::AntennaModel >')
DEBUG:pybindgen.typehandlers:try to lookup type handler for 'ns3::Ptr< ns3::AntennaModel >' => failure
DEBUG:pybindgen.typehandlers:try to lookup type handler for 'ns3::AntennaModel *' => failure ('')
/home/cs18/tarballs/ns-allinone-3.34/ns-3.34/src/lr-wpan/bindings/modulegen__gcc_LP64.py:6604: Warning: exception TypeLookupError(['ns3::Ptr< ns3::AntennaModel >', 'ns3::AntennaModel *'],) in wrapper public: retval? ???::SetAntenna (params?);
  [param('ns3::Ptr< ns3::AntennaModel >', 'a')])
DEBUG:pybindgen.typehandlers:TypeMatcher.lookup('ns3::Ptr< ns3::AntennaModel >')
DEBUG:pybindgen.typehandlers:try to lookup type handler for 'ns3::Ptr< ns3::AntennaModel >' => failure
DEBUG:pybindgen.typehandlers:try to lookup type handler for 'ns3::AntennaModel *' => failure ('')
/home/cs18/tarballs/ns-allinone-3.34/ns-3.34/src/lr-wpan/bindings/modulegen__gcc_LP64.py:6609: Warning: exception TypeLookupError(['ns3::Ptr< ns3::AntennaModel >', 'ns3::AntennaModel *'],) in wrapper public: virtual retval? ???::GetRxAntenna (params?) const;
  is_const=True, is_virtual=True)
DEBUG:pybindgen.typehandlers:TypeMatcher.lookup('ns3::Ptr< ns3::SpectrumModel const >')
DEBUG:pybindgen.typehandlers:try to lookup type handler for 'ns3::Ptr< ns3::SpectrumModel const >' => failure
DEBUG:pybindgen.typehandlers:try to lookup type handler for 'ns3::SpectrumModel *' => failure ('')
/home/cs18/tarballs/ns-allinone-3.34/ns-3.34/src/lr-wpan/bindings/modulegen__gcc_LP64.py:6614: Warning: exception TypeLookupError(['ns3::Ptr< ns3::SpectrumModel const >', 'ns3::SpectrumModel *'],) in wrapper public: virtual retval? ???::GetRxSpectrumModel (params?) const;
  is_const=True, is_virtual=True)
DEBUG:pybindgen.typehandlers:TypeMatcher.lookup('void')
DEBUG:pybindgen.typehandlers:try to lookup type handler for 'void' => success ((<class 'pybindgen.typehandlers.voidtype.VoidReturn'>, None, <pybindgen.typehandlers.ctypeparser.TypeTraits object at 0x7fadbb5fd780>))
DEBUG:pybindgen.typehandlers:TypeMatcher.lookup('ns3::Ptr< ns3::SpectrumValue >')
DEBUG:pybindgen.typehandlers:try to lookup type handler for 'ns3::Ptr< ns3::SpectrumValue >' => failure
DEBUG:pybindgen.typehandlers:try to lookup type handler for 'ns3::SpectrumValue *' => failure ('')
/home/cs18/tarballs/ns-allinone-3.34/ns-3.34/src/lr-wpan/bindings/modulegen__gcc_LP64.py:6618: Warning: exception TypeLookupError(['ns3::Ptr< ns3::SpectrumValue >', 'ns3::SpectrumValue *'],) in wrapper public: retval? ???::SetTxPowerSpectralDensity (params?);
  [param('ns3::Ptr< ns3::SpectrumValue >', 'txPsd')])
DEBUG:pybindgen.typehandlers:TypeMatcher.lookup('void')
DEBUG:pybindgen.typehandlers:try to lookup type handler for 'void' => success ((<class 'pybindgen.typehandlers.voidtype.VoidReturn'>, None, <pybindgen.typehandlers.ctypeparser.TypeTraits object at 0x7fadbb604160>))
DEBUG:pybindgen.typehandlers:TypeMatcher.lookup('ns3::Ptr< ns3::SpectrumValue const >')
DEBUG:pybindgen.typehandlers:try to lookup type handler for 'ns3::Ptr< ns3::SpectrumValue const >' => failure
DEBUG:pybindgen.typehandlers:try to lookup type handler for 'ns3::SpectrumValue *' => failure ('')
/home/cs18/tarballs/ns-allinone-3.34/ns-3.34/src/lr-wpan/bindings/modulegen__gcc_LP64.py:6622: Warning: exception TypeLookupError(['ns3::Ptr< ns3::SpectrumValue const >', 'ns3::SpectrumValue *'],) in wrapper public: retval? ???::SetNoisePowerSpectralDensity (params?);
  [param('ns3::Ptr< ns3::SpectrumValue const >', 'noisePsd')])
DEBUG:pybindgen.typehandlers:TypeMatcher.lookup('ns3::Ptr< ns3::SpectrumValue const >')
DEBUG:pybindgen.typehandlers:try to lookup type handler for 'ns3::Ptr< ns3::SpectrumValue const >' => failure
DEBUG:pybindgen.typehandlers:try to lookup type handler for 'ns3::SpectrumValue *' => failure ('')
/home/cs18/tarballs/ns-allinone-3.34/ns-3.34/src/lr-wpan/bindings/modulegen__gcc_LP64.py:6626: Warning: exception TypeLookupError(['ns3::Ptr< ns3::SpectrumValue const >', 'ns3::SpectrumValue *'],) in wrapper public: retval? ???::GetNoisePowerSpectralDensity (params?);
  [])
DEBUG:pybindgen.typehandlers:TypeMatcher.lookup('void')
DEBUG:pybindgen.typehandlers:try to lookup type handler for 'void' => success ((<class 'pybindgen.typehandlers.voidtype.VoidReturn'>, None, <pybindgen.typehandlers.ctypeparser.TypeTraits object at 0x7fadbb604978>))
DEBUG:pybindgen.typehandlers:TypeMatcher.lookup('ns3::Ptr< ns3::SpectrumSignalParameters >')
DEBUG:pybindgen.typehandlers:try to lookup type handler for 'ns3::Ptr< ns3::SpectrumSignalParameters >' => failure
DEBUG:pybindgen.typehandlers:try to lookup type handler for 'ns3::SpectrumSignalParameters *' => success ((<class 'pybindgen.cppclass.MemoryPolicy.register_ptr_parameter_and_return.<locals>.ThisClassPtrParameter'>, <ns3modulegen_core_customizations.SmartPointerTransformation object at 0x7fadbc4dbac8>, <pybindgen.typehandlers.ctypeparser.TypeTraits object at 0x7fadbb604d30>))
DEBUG:pybindgen.typehandlers:TypeMatcher.lookup('void')
DEBUG:pybindgen.typehandlers:try to lookup type handler for 'void' => success ((<class 'pybindgen.typehandlers.voidtype.VoidReturn'>, None, <pybindgen.typehandlers.ctypeparser.TypeTraits object at 0x7fadbb604f60>))
DEBUG:pybindgen.typehandlers:TypeMatcher.lookup('uint32_t const')
DEBUG:pybindgen.typehandlers:try to lookup type handler for 'uint32_t const' => success ((<class 'pybindgen.typehandlers.inttype.UnsignedIntParam'>, None, <pybindgen.typehandlers.ctypeparser.TypeTraits object at 0x7fadbb60d0f0>))
DEBUG:pybindgen.typehandlers:TypeMatcher.lookup('ns3::Ptr< ns3::Packet >')
DEBUG:pybindgen.typehandlers:try to lookup type handler for 'ns3::Ptr< ns3::Packet >' => failure
DEBUG:pybindgen.typehandlers:try to lookup type handler for 'ns3::Packet *' => success ((<class 'pybindgen.cppclass.MemoryPolicy.register_ptr_parameter_and_return.<locals>.ThisClassPtrParameter'>, <ns3modulegen_core_customizations.SmartPointerTransformation object at 0x7fadbc4dbac8>, <pybindgen.typehandlers.ctypeparser.TypeTraits object at 0x7fadbb60d470>))
DEBUG:pybindgen.typehandlers:TypeMatcher.lookup('void')
DEBUG:pybindgen.typehandlers:try to lookup type handler for 'void' => success ((<class 'pybindgen.typehandlers.voidtype.VoidReturn'>, None, <pybindgen.typehandlers.ctypeparser.TypeTraits object at 0x7fadbb60d6a0>))
DEBUG:pybindgen.typehandlers:TypeMatcher.lookup('void')
DEBUG:pybindgen.typehandlers:try to lookup type handler for 'void' => success ((<class 'pybindgen.typehandlers.voidtype.VoidReturn'>, None, <pybindgen.typehandlers.ctypeparser.TypeTraits object at 0x7fadbb60da90>))
DEBUG:pybindgen.typehandlers:TypeMatcher.lookup('void')
DEBUG:pybindgen.typehandlers:try to lookup type handler for 'void' => success ((<class 'pybindgen.typehandlers.voidtype.VoidReturn'>, None, <pybindgen.typehandlers.ctypeparser.TypeTraits object at 0x7fadbb604898>))
DEBUG:pybindgen.typehandlers:TypeMatcher.lookup('ns3::LrWpanPibAttributeIdentifier')
DEBUG:pybindgen.typehandlers:try to lookup type handler for 'ns3::LrWpanPibAttributeIdentifier' => success ((<class 'pybindgen.enum.Enum.set_module.<locals>.ThisEnumParameter'>, None, <pybindgen.typehandlers.ctypeparser.TypeTraits object at 0x7fadbb604588>))
DEBUG:pybindgen.typehandlers:TypeMatcher.lookup('void')
DEBUG:pybindgen.typehandlers:try to lookup type handler for 'void' => success ((<class 'pybindgen.typehandlers.voidtype.VoidReturn'>, None, <pybindgen.typehandlers.ctypeparser.TypeTraits object at 0x7fadbb6042b0>))
DEBUG:pybindgen.typehandlers:TypeMatcher.lookup('ns3::LrWpanPhyEnumeration')
DEBUG:pybindgen.typehandlers:try to lookup type handler for 'ns3::LrWpanPhyEnumeration' => success ((<class 'pybindgen.enum.Enum.set_module.<locals>.ThisEnumParameter'>, None, <pybindgen.typehandlers.ctypeparser.TypeTraits object at 0x7fadbb604400>))
DEBUG:pybindgen.typehandlers:TypeMatcher.lookup('void')
DEBUG:pybindgen.typehandlers:try to lookup type handler for 'void' => success ((<class 'pybindgen.typehandlers.voidtype.VoidReturn'>, None, <pybindgen.typehandlers.ctypeparser.TypeTraits object at 0x7fadbb5fdef0>))
DEBUG:pybindgen.typehandlers:TypeMatcher.lookup('ns3::LrWpanPibAttributeIdentifier')
DEBUG:pybindgen.typehandlers:try to lookup type handler for 'ns3::LrWpanPibAttributeIdentifier' => success ((<class 'pybindgen.enum.Enum.set_module.<locals>.ThisEnumParameter'>, None, <pybindgen.typehandlers.ctypeparser.TypeTraits object at 0x7fadbb5fdd68>))
DEBUG:pybindgen.typehandlers:TypeMatcher.lookup('ns3::LrWpanPhyPibAttributes *')
DEBUG:pybindgen.typehandlers:try to lookup type handler for 'ns3::LrWpanPhyPibAttributes *' => success ((<class 'pybindgen.cppclass.CppClass.__init__.<locals>.ThisClassPtrParameter'>, None, <pybindgen.typehandlers.ctypeparser.TypeTraits object at 0x7fadbb5fdd68>))
/home/cs18/tarballs/ns-allinone-3.34/ns-3.34/src/lr-wpan/bindings/modulegen__gcc_LP64.py:6655: Warning: exception TypeConfigurationError('Missing transfer_ownership option',) in wrapper public: retval? ???::PlmeSetAttributeRequest (params?);
  [param('ns3::LrWpanPibAttributeIdentifier', 'id'), param('ns3::LrWpanPhyPibAttributes *', 'attribute')])
DEBUG:pybindgen.typehandlers:TypeMatcher.lookup('void')
DEBUG:pybindgen.typehandlers:try to lookup type handler for 'void' => success ((<class 'pybindgen.typehandlers.voidtype.VoidReturn'>, None, <pybindgen.typehandlers.ctypeparser.TypeTraits object at 0x7fadbb5fdda0>))
DEBUG:pybindgen.typehandlers:TypeMatcher.lookup('ns3::Callback< void, unsigned int, ns3::Ptr< ns3::Packet >, unsigned char, ns3::empty, ns3::empty, ns3::empty, ns3::empty, ns3::empty, ns3::empty >')
DEBUG:pybindgen.typehandlers:try to lookup type handler for 'ns3::Callback< void, unsigned int, ns3::Ptr< ns3::Packet >, unsigned char, ns3::empty, ns3::empty, ns3::empty, ns3::empty, ns3::empty, ns3::empty >' => success ((<class 'ns3modulegen_core_customizations.register_callback_classes.<locals>.PythonCallbackParameter'>, None, <pybindgen.typehandlers.ctypeparser.TypeTraits object at 0x7fadbb5f0a90>))
DEBUG:pybindgen.typehandlers:TypeMatcher.lookup('void')
DEBUG:pybindgen.typehandlers:try to lookup type handler for 'void' => success ((<class 'pybindgen.typehandlers.voidtype.VoidReturn'>, None, <pybindgen.typehandlers.ctypeparser.TypeTraits object at 0x7fadbb6126d8>))
DEBUG:pybindgen.typehandlers:TypeMatcher.lookup('ns3::Callback< void, ns3::LrWpanPhyEnumeration, ns3::empty, ns3::empty, ns3::empty, ns3::empty, ns3::empty, ns3::empty, ns3::empty, ns3::empty >')
DEBUG:pybindgen.typehandlers:try to lookup type handler for 'ns3::Callback< void, ns3::LrWpanPhyEnumeration, ns3::empty, ns3::empty, ns3::empty, ns3::empty, ns3::empty, ns3::empty, ns3::empty, ns3::empty >' => success ((<class 'ns3modulegen_core_customizations.register_callback_classes.<locals>.PythonCallbackParameter'>, None, <pybindgen.typehandlers.ctypeparser.TypeTraits object at 0x7fadbb612828>))
DEBUG:pybindgen.typehandlers:TypeMatcher.lookup('void')
DEBUG:pybindgen.typehandlers:try to lookup type handler for 'void' => success ((<class 'pybindgen.typehandlers.voidtype.VoidReturn'>, None, <pybindgen.typehandlers.ctypeparser.TypeTraits object at 0x7fadbb618080>))
DEBUG:pybindgen.typehandlers:TypeMatcher.lookup('ns3::Callback< void, ns3::LrWpanPhyEnumeration, ns3::empty, ns3::empty, ns3::empty, ns3::empty, ns3::empty, ns3::empty, ns3::empty, ns3::empty >')
DEBUG:pybindgen.typehandlers:try to lookup type handler for 'ns3::Callback< void, ns3::LrWpanPhyEnumeration, ns3::empty, ns3::empty, ns3::empty, ns3::empty, ns3::empty, ns3::empty, ns3::empty, ns3::empty >' => success ((<class 'ns3modulegen_core_customizations.register_callback_classes.<locals>.PythonCallbackParameter'>, None, <pybindgen.typehandlers.ctypeparser.TypeTraits object at 0x7fadbb6181d0>))
DEBUG:pybindgen.typehandlers:TypeMatcher.lookup('void')
DEBUG:pybindgen.typehandlers:try to lookup type handler for 'void' => success ((<class 'pybindgen.typehandlers.voidtype.VoidReturn'>, None, <pybindgen.typehandlers.ctypeparser.TypeTraits object at 0x7fadbb6189e8>))
DEBUG:pybindgen.typehandlers:TypeMatcher.lookup('ns3::Callback< void, ns3::LrWpanPhyEnumeration, unsigned char, ns3::empty, ns3::empty, ns3::empty, ns3::empty, ns3::empty, ns3::empty, ns3::empty >')
DEBUG:pybindgen.typehandlers:try to lookup type handler for 'ns3::Callback< void, ns3::LrWpanPhyEnumeration, unsigned char, ns3::empty, ns3::empty, ns3::empty, ns3::empty, ns3::empty, ns3::empty, ns3::empty >' => success ((<class 'ns3modulegen_core_customizations.register_callback_classes.<locals>.PythonCallbackParameter'>, None, <pybindgen.typehandlers.ctypeparser.TypeTraits object at 0x7fadbb618b38>))
DEBUG:pybindgen.typehandlers:TypeMatcher.lookup('void')
DEBUG:pybindgen.typehandlers:try to lookup type handler for 'void' => success ((<class 'pybindgen.typehandlers.voidtype.VoidReturn'>, None, <pybindgen.typehandlers.ctypeparser.TypeTraits object at 0x7fadbb59c400>))
DEBUG:pybindgen.typehandlers:TypeMatcher.lookup('ns3::Callback< void, ns3::LrWpanPhyEnumeration, ns3::LrWpanPibAttributeIdentifier, ns3::LrWpanPhyPibAttributes *, ns3::empty, ns3::empty, ns3::empty, ns3::empty, ns3::empty, ns3::empty >')
DEBUG:pybindgen.typehandlers:try to lookup type handler for 'ns3::Callback< void, ns3::LrWpanPhyEnumeration, ns3::LrWpanPibAttributeIdentifier, ns3::LrWpanPhyPibAttributes *, ns3::empty, ns3::empty, ns3::empty, ns3::empty, ns3::empty, ns3::empty >' => success ((<class 'ns3modulegen_core_customizations.register_callback_classes.<locals>.PythonCallbackParameter'>, None, <pybindgen.typehandlers.ctypeparser.TypeTraits object at 0x7fadbb5fdd68>))
DEBUG:pybindgen.typehandlers:TypeMatcher.lookup('void')
DEBUG:pybindgen.typehandlers:try to lookup type handler for 'void' => success ((<class 'pybindgen.typehandlers.voidtype.VoidReturn'>, None, <pybindgen.typehandlers.ctypeparser.TypeTraits object at 0x7fadbb59cb00>))
DEBUG:pybindgen.typehandlers:TypeMatcher.lookup('ns3::Callback< void, ns3::LrWpanPhyEnumeration, ns3::empty, ns3::empty, ns3::empty, ns3::empty, ns3::empty, ns3::empty, ns3::empty, ns3::empty >')
DEBUG:pybindgen.typehandlers:try to lookup type handler for 'ns3::Callback< void, ns3::LrWpanPhyEnumeration, ns3::empty, ns3::empty, ns3::empty, ns3::empty, ns3::empty, ns3::empty, ns3::empty, ns3::empty >' => success ((<class 'ns3modulegen_core_customizations.register_callback_classes.<locals>.PythonCallbackParameter'>, None, <pybindgen.typehandlers.ctypeparser.TypeTraits object at 0x7fadbb59cc50>))
DEBUG:pybindgen.typehandlers:TypeMatcher.lookup('void')
DEBUG:pybindgen.typehandlers:try to lookup type handler for 'void' => success ((<class 'pybindgen.typehandlers.voidtype.VoidReturn'>, None, <pybindgen.typehandlers.ctypeparser.TypeTraits object at 0x7fadbb5a34a8>))
DEBUG:pybindgen.typehandlers:TypeMatcher.lookup('ns3::Callback< void, ns3::LrWpanPhyEnumeration, ns3::LrWpanPibAttributeIdentifier, ns3::empty, ns3::empty, ns3::empty, ns3::empty, ns3::empty, ns3::empty, ns3::empty >')
DEBUG:pybindgen.typehandlers:try to lookup type handler for 'ns3::Callback< void, ns3::LrWpanPhyEnumeration, ns3::LrWpanPibAttributeIdentifier, ns3::empty, ns3::empty, ns3::empty, ns3::empty, ns3::empty, ns3::empty, ns3::empty >' => success ((<class 'ns3modulegen_core_customizations.register_callback_classes.<locals>.PythonCallbackParameter'>, None, <pybindgen.typehandlers.ctypeparser.TypeTraits object at 0x7fadbb5a35f8>))
DEBUG:pybindgen.typehandlers:TypeMatcher.lookup('double')
DEBUG:pybindgen.typehandlers:try to lookup type handler for 'double' => success ((<class 'pybindgen.typehandlers.doubletype.DoubleReturn'>, None, <pybindgen.typehandlers.ctypeparser.TypeTraits object at 0x7fadbb5a3e10>))
DEBUG:pybindgen.typehandlers:TypeMatcher.lookup('bool')
DEBUG:pybindgen.typehandlers:try to lookup type handler for 'bool' => success ((<class 'pybindgen.typehandlers.booltype.BoolParam'>, None, <pybindgen.typehandlers.ctypeparser.TypeTraits object at 0x7fadbb5a3f60>))
DEBUG:pybindgen.typehandlers:TypeMatcher.lookup('void')
DEBUG:pybindgen.typehandlers:try to lookup type handler for 'void' => success ((<class 'pybindgen.typehandlers.voidtype.VoidReturn'>, None, <pybindgen.typehandlers.ctypeparser.TypeTraits object at 0x7fadbb5a7320>))
DEBUG:pybindgen.typehandlers:TypeMatcher.lookup('ns3::Ptr< ns3::LrWpanErrorModel >')
DEBUG:pybindgen.typehandlers:try to lookup type handler for 'ns3::Ptr< ns3::LrWpanErrorModel >' => failure
DEBUG:pybindgen.typehandlers:try to lookup type handler for 'ns3::LrWpanErrorModel *' => success ((<class 'pybindgen.cppclass.MemoryPolicy.register_ptr_parameter_and_return.<locals>.ThisClassPtrParameter'>, <ns3modulegen_core_customizations.SmartPointerTransformation object at 0x7fadbc4dbac8>, <pybindgen.typehandlers.ctypeparser.TypeTraits object at 0x7fadbb5a76a0>))
DEBUG:pybindgen.typehandlers:TypeMatcher.lookup('ns3::Ptr< ns3::LrWpanErrorModel >')
DEBUG:pybindgen.typehandlers:try to lookup type handler for 'ns3::Ptr< ns3::LrWpanErrorModel >' => failure
DEBUG:pybindgen.typehandlers:try to lookup type handler for 'ns3::LrWpanErrorModel *' => success ((<class 'pybindgen.cppclass.MemoryPolicy.register_ptr_parameter_and_return.<locals>.ThisClassPtrReturn'>, <ns3modulegen_core_customizations.SmartPointerTransformation object at 0x7fadbc4dbac8>, <pybindgen.typehandlers.ctypeparser.TypeTraits object at 0x7fadbb5a7b00>))
DEBUG:pybindgen.typehandlers:TypeMatcher.lookup('uint64_t')
DEBUG:pybindgen.typehandlers:try to lookup type handler for 'uint64_t' => success ((<class 'pybindgen.typehandlers.inttype.UnsignedLongLongReturn'>, None, <pybindgen.typehandlers.ctypeparser.TypeTraits object at 0x7fadbb5a7d68>))
DEBUG:pybindgen.typehandlers:TypeMatcher.lookup('double')
DEBUG:pybindgen.typehandlers:try to lookup type handler for 'double' => success ((<class 'pybindgen.typehandlers.doubletype.DoubleReturn'>, None, <pybindgen.typehandlers.ctypeparser.TypeTraits object at 0x7fadbb5b0128>))
DEBUG:pybindgen.typehandlers:TypeMatcher.lookup('int64_t')
DEBUG:pybindgen.typehandlers:try to lookup type handler for 'int64_t' => success ((<class 'pybindgen.typehandlers.inttype.LongLongReturn'>, None, <pybindgen.typehandlers.ctypeparser.TypeTraits object at 0x7fadbb5b04e0>))
DEBUG:pybindgen.typehandlers:TypeMatcher.lookup('int64_t')
DEBUG:pybindgen.typehandlers:try to lookup type handler for 'int64_t' => success ((<class 'pybindgen.typehandlers.inttype.LongLongParam'>, None, <pybindgen.typehandlers.ctypeparser.TypeTraits object at 0x7fadbb5b0630>))
DEBUG:pybindgen.typehandlers:TypeMatcher.lookup('void')
DEBUG:pybindgen.typehandlers:try to lookup type handler for 'void' => success ((<class 'pybindgen.typehandlers.voidtype.VoidReturn'>, None, <pybindgen.typehandlers.ctypeparser.TypeTraits object at 0x7fadbb5b09b0>))
DEBUG:pybindgen.typehandlers:TypeMatcher.lookup('ns3::Ptr< ns3::SpectrumSignalParameters >')
DEBUG:pybindgen.typehandlers:try to lookup type handler for 'ns3::Ptr< ns3::SpectrumSignalParameters >' => failure
DEBUG:pybindgen.typehandlers:try to lookup type handler for 'ns3::SpectrumSignalParameters *' => success ((<class 'pybindgen.cppclass.MemoryPolicy.register_ptr_parameter_and_return.<locals>.ThisClassPtrReturn'>, <ns3modulegen_core_customizations.SmartPointerTransformation object at 0x7fadbc4dbac8>, <pybindgen.typehandlers.ctypeparser.TypeTraits object at 0x7fadbb5b0f60>))
DEBUG:pybindgen.typehandlers:TypeMatcher.lookup('ns3::LrWpanSpectrumSignalParameters const &')
DEBUG:pybindgen.typehandlers:try to lookup type handler for 'ns3::LrWpanSpectrumSignalParameters const &' => success ((<class 'pybindgen.cppclass.CppClass.__init__.<locals>.ThisClassRefParameter'>, None, <pybindgen.typehandlers.ctypeparser.TypeTraits object at 0x7fadbb5b84a8>))
DEBUG:pybindgen.typehandlers:TypeMatcher.lookup('ns3::Ptr< ns3::PacketBurst >')
DEBUG:pybindgen.typehandlers:try to lookup type handler for 'ns3::Ptr< ns3::PacketBurst >' => failure
DEBUG:pybindgen.typehandlers:try to lookup type handler for 'ns3::PacketBurst *' => failure ('')
bindings/python/ns3modulegen-modular.py:30: UserWarning: exception TypeLookupError(['ns3::Ptr< ns3::PacketBurst >', 'ns3::PacketBurst *'],) in wrapper None
  warnings.warn("exception %r in wrapper %s" % (exception, wrapper))
DEBUG:pybindgen.typehandlers:TypeMatcher.lookup('ns3::Mac16AddressChecker const &')
DEBUG:pybindgen.typehandlers:try to lookup type handler for 'ns3::Mac16AddressChecker const &' => success ((<class 'pybindgen.cppclass.CppClass.__init__.<locals>.ThisClassRefParameter'>, None, <pybindgen.typehandlers.ctypeparser.TypeTraits object at 0x7fadbb5b8d68>))
DEBUG:pybindgen.typehandlers:TypeMatcher.lookup('ns3::Mac16Address const &')
DEBUG:pybindgen.typehandlers:try to lookup type handler for 'ns3::Mac16Address const &' => success ((<class 'pybindgen.cppclass.CppClass.__init__.<locals>.ThisClassRefParameter'>, None, <pybindgen.typehandlers.ctypeparser.TypeTraits object at 0x7fadbb5c0400>))
DEBUG:pybindgen.typehandlers:TypeMatcher.lookup('ns3::Mac16AddressValue const &')
DEBUG:pybindgen.typehandlers:try to lookup type handler for 'ns3::Mac16AddressValue const &' => success ((<class 'pybindgen.cppclass.CppClass.__init__.<locals>.ThisClassRefParameter'>, None, <pybindgen.typehandlers.ctypeparser.TypeTraits object at 0x7fadbb5c07f0>))
DEBUG:pybindgen.typehandlers:TypeMatcher.lookup('ns3::Ptr< ns3::AttributeValue >')
DEBUG:pybindgen.typehandlers:try to lookup type handler for 'ns3::Ptr< ns3::AttributeValue >' => failure
DEBUG:pybindgen.typehandlers:try to lookup type handler for 'ns3::AttributeValue *' => success ((<class 'pybindgen.cppclass.MemoryPolicy.register_ptr_parameter_and_return.<locals>.ThisClassPtrReturn'>, <ns3modulegen_core_customizations.SmartPointerTransformation object at 0x7fadbc4dbac8>, <pybindgen.typehandlers.ctypeparser.TypeTraits object at 0x7fadbb5c0b70>))
DEBUG:pybindgen.typehandlers:TypeMatcher.lookup('bool')
DEBUG:pybindgen.typehandlers:try to lookup type handler for 'bool' => success ((<class 'pybindgen.typehandlers.booltype.BoolReturn'>, None, <pybindgen.typehandlers.ctypeparser.TypeTraits object at 0x7fadbb5c0dd8>))
DEBUG:pybindgen.typehandlers:TypeMatcher.lookup('std::string')
DEBUG:pybindgen.typehandlers:try to lookup type handler for 'std::string' => success ((<class 'pybindgen.typehandlers.stringtype.StdStringParam'>, None, <pybindgen.typehandlers.ctypeparser.TypeTraits object at 0x7fadbb5c0f28>))
DEBUG:pybindgen.typehandlers:TypeMatcher.lookup('ns3::Ptr< ns3::AttributeChecker const >')
DEBUG:pybindgen.typehandlers:try to lookup type handler for 'ns3::Ptr< ns3::AttributeChecker const >' => failure
DEBUG:pybindgen.typehandlers:try to lookup type handler for 'ns3::AttributeChecker *' => success ((<class 'pybindgen.cppclass.MemoryPolicy.register_ptr_parameter_and_return.<locals>.ThisClassPtrParameter'>, <ns3modulegen_core_customizations.SmartPointerTransformation object at 0x7fadbc4dbac8>, <pybindgen.typehandlers.ctypeparser.TypeTraits object at 0x7fadbb5ca2b0>))
DEBUG:pybindgen.typehandlers:TypeMatcher.lookup('ns3::Mac16Address')
DEBUG:pybindgen.typehandlers:try to lookup type handler for 'ns3::Mac16Address' => success ((<class 'pybindgen.cppclass.CppClass.__init__.<locals>.ThisClassReturn'>, None, <pybindgen.typehandlers.ctypeparser.TypeTraits object at 0x7fadbb5ca518>))
DEBUG:pybindgen.typehandlers:TypeMatcher.lookup('std::string')
DEBUG:pybindgen.typehandlers:try to lookup type handler for 'std::string' => success ((<class 'pybindgen.typehandlers.stringtype.StdStringReturn'>, None, <pybindgen.typehandlers.ctypeparser.TypeTraits object at 0x7fadbb5ca898>))
DEBUG:pybindgen.typehandlers:TypeMatcher.lookup('ns3::Ptr< ns3::AttributeChecker const >')
DEBUG:pybindgen.typehandlers:try to lookup type handler for 'ns3::Ptr< ns3::AttributeChecker const >' => failure
DEBUG:pybindgen.typehandlers:try to lookup type handler for 'ns3::AttributeChecker *' => success ((<class 'pybindgen.cppclass.MemoryPolicy.register_ptr_parameter_and_return.<locals>.ThisClassPtrParameter'>, <ns3modulegen_core_customizations.SmartPointerTransformation object at 0x7fadbc4dbac8>, <pybindgen.typehandlers.ctypeparser.TypeTraits object at 0x7fadbb5cac18>))
DEBUG:pybindgen.typehandlers:TypeMatcher.lookup('void')
DEBUG:pybindgen.typehandlers:try to lookup type handler for 'void' => success ((<class 'pybindgen.typehandlers.voidtype.VoidReturn'>, None, <pybindgen.typehandlers.ctypeparser.TypeTraits object at 0x7fadbb5cae80>))
DEBUG:pybindgen.typehandlers:TypeMatcher.lookup('ns3::Mac16Address const &')
DEBUG:pybindgen.typehandlers:try to lookup type handler for 'ns3::Mac16Address const &' => success ((<class 'pybindgen.cppclass.CppClass.__init__.<locals>.ThisClassRefParameter'>, None, <pybindgen.typehandlers.ctypeparser.TypeTraits object at 0x7fadbb5cafd0>))
DEBUG:pybindgen.typehandlers:TypeMatcher.lookup('ns3::Mac48AddressChecker const &')
DEBUG:pybindgen.typehandlers:try to lookup type handler for 'ns3::Mac48AddressChecker const &' => success ((<class 'pybindgen.cppclass.CppClass.__init__.<locals>.ThisClassRefParameter'>, None, <pybindgen.typehandlers.ctypeparser.TypeTraits object at 0x7fadbb5d06a0>))
DEBUG:pybindgen.typehandlers:TypeMatcher.lookup('ns3::Mac48Address const &')
DEBUG:pybindgen.typehandlers:try to lookup type handler for 'ns3::Mac48Address const &' => success ((<class 'pybindgen.cppclass.CppClass.__init__.<locals>.ThisClassRefParameter'>, None, <pybindgen.typehandlers.ctypeparser.TypeTraits object at 0x7fadbb5d0cf8>))
DEBUG:pybindgen.typehandlers:TypeMatcher.lookup('ns3::Mac48AddressValue const &')
DEBUG:pybindgen.typehandlers:try to lookup type handler for 'ns3::Mac48AddressValue const &' => success ((<class 'pybindgen.cppclass.CppClass.__init__.<locals>.ThisClassRefParameter'>, None, <pybindgen.typehandlers.ctypeparser.TypeTraits object at 0x7fadbb5d7128>))
DEBUG:pybindgen.typehandlers:TypeMatcher.lookup('ns3::Ptr< ns3::AttributeValue >')
DEBUG:pybindgen.typehandlers:try to lookup type handler for 'ns3::Ptr< ns3::AttributeValue >' => failure
DEBUG:pybindgen.typehandlers:try to lookup type handler for 'ns3::AttributeValue *' => success ((<class 'pybindgen.cppclass.MemoryPolicy.register_ptr_parameter_and_return.<locals>.ThisClassPtrReturn'>, <ns3modulegen_core_customizations.SmartPointerTransformation object at 0x7fadbc4dbac8>, <pybindgen.typehandlers.ctypeparser.TypeTraits object at 0x7fadbb5f01d0>))
DEBUG:pybindgen.typehandlers:TypeMatcher.lookup('bool')
DEBUG:pybindgen.typehandlers:try to lookup type handler for 'bool' => success ((<class 'pybindgen.typehandlers.booltype.BoolReturn'>, None, <pybindgen.typehandlers.ctypeparser.TypeTraits object at 0x7fadbb6d6c50>))
DEBUG:pybindgen.typehandlers:TypeMatcher.lookup('std::string')
DEBUG:pybindgen.typehandlers:try to lookup type handler for 'std::string' => success ((<class 'pybindgen.typehandlers.stringtype.StdStringParam'>, None, <pybindgen.typehandlers.ctypeparser.TypeTraits object at 0x7fadbb5d70f0>))
DEBUG:pybindgen.typehandlers:TypeMatcher.lookup('ns3::Ptr< ns3::AttributeChecker const >')
DEBUG:pybindgen.typehandlers:try to lookup type handler for 'ns3::Ptr< ns3::AttributeChecker const >' => failure
DEBUG:pybindgen.typehandlers:try to lookup type handler for 'ns3::AttributeChecker *' => success ((<class 'pybindgen.cppclass.MemoryPolicy.register_ptr_parameter_and_return.<locals>.ThisClassPtrParameter'>, <ns3modulegen_core_customizations.SmartPointerTransformation object at 0x7fadbc4dbac8>, <pybindgen.typehandlers.ctypeparser.TypeTraits object at 0x7fadbb5d7550>))
DEBUG:pybindgen.typehandlers:TypeMatcher.lookup('ns3::Mac48Address')
DEBUG:pybindgen.typehandlers:try to lookup type handler for 'ns3::Mac48Address' => success ((<class 'pybindgen.cppclass.CppClass.__init__.<locals>.ThisClassReturn'>, None, <pybindgen.typehandlers.ctypeparser.TypeTraits object at 0x7fadbb5d77b8>))
DEBUG:pybindgen.typehandlers:TypeMatcher.lookup('std::string')
DEBUG:pybindgen.typehandlers:try to lookup type handler for 'std::string' => success ((<class 'pybindgen.typehandlers.stringtype.StdStringReturn'>, None, <pybindgen.typehandlers.ctypeparser.TypeTraits object at 0x7fadbb5d7b38>))
DEBUG:pybindgen.typehandlers:TypeMatcher.lookup('ns3::Ptr< ns3::AttributeChecker const >')
DEBUG:pybindgen.typehandlers:try to lookup type handler for 'ns3::Ptr< ns3::AttributeChecker const >' => failure
DEBUG:pybindgen.typehandlers:try to lookup type handler for 'ns3::AttributeChecker *' => success ((<class 'pybindgen.cppclass.MemoryPolicy.register_ptr_parameter_and_return.<locals>.ThisClassPtrParameter'>, <ns3modulegen_core_customizations.SmartPointerTransformation object at 0x7fadbc4dbac8>, <pybindgen.typehandlers.ctypeparser.TypeTraits object at 0x7fadbb5d7eb8>))
DEBUG:pybindgen.typehandlers:TypeMatcher.lookup('void')
DEBUG:pybindgen.typehandlers:try to lookup type handler for 'void' => success ((<class 'pybindgen.typehandlers.voidtype.VoidReturn'>, None, <pybindgen.typehandlers.ctypeparser.TypeTraits object at 0x7fadbb51c160>))
DEBUG:pybindgen.typehandlers:TypeMatcher.lookup('ns3::Mac48Address const &')
DEBUG:pybindgen.typehandlers:try to lookup type handler for 'ns3::Mac48Address const &' => success ((<class 'pybindgen.cppclass.CppClass.__init__.<locals>.ThisClassRefParameter'>, None, <pybindgen.typehandlers.ctypeparser.TypeTraits object at 0x7fadbb51c2b0>))
DEBUG:pybindgen.typehandlers:TypeMatcher.lookup('ns3::Mac64AddressChecker const &')
DEBUG:pybindgen.typehandlers:try to lookup type handler for 'ns3::Mac64AddressChecker const &' => success ((<class 'pybindgen.cppclass.CppClass.__init__.<locals>.ThisClassRefParameter'>, None, <pybindgen.typehandlers.ctypeparser.TypeTraits object at 0x7fadbb51c940>))
DEBUG:pybindgen.typehandlers:TypeMatcher.lookup('ns3::Mac64Address const &')
DEBUG:pybindgen.typehandlers:try to lookup type handler for 'ns3::Mac64Address const &' => success ((<class 'pybindgen.cppclass.CppClass.__init__.<locals>.ThisClassRefParameter'>, None, <pybindgen.typehandlers.ctypeparser.TypeTraits object at 0x7fadbb51cf98>))
DEBUG:pybindgen.typehandlers:TypeMatcher.lookup('ns3::Mac64AddressValue const &')
DEBUG:pybindgen.typehandlers:try to lookup type handler for 'ns3::Mac64AddressValue const &' => success ((<class 'pybindgen.cppclass.CppClass.__init__.<locals>.ThisClassRefParameter'>, None, <pybindgen.typehandlers.ctypeparser.TypeTraits object at 0x7fadbb5243c8>))
DEBUG:pybindgen.typehandlers:TypeMatcher.lookup('ns3::Ptr< ns3::AttributeValue >')
DEBUG:pybindgen.typehandlers:try to lookup type handler for 'ns3::Ptr< ns3::AttributeValue >' => failure
DEBUG:pybindgen.typehandlers:try to lookup type handler for 'ns3::AttributeValue *' => success ((<class 'pybindgen.cppclass.MemoryPolicy.register_ptr_parameter_and_return.<locals>.ThisClassPtrReturn'>, <ns3modulegen_core_customizations.SmartPointerTransformation object at 0x7fadbc4dbac8>, <pybindgen.typehandlers.ctypeparser.TypeTraits object at 0x7fadbb5249b0>))
DEBUG:pybindgen.typehandlers:TypeMatcher.lookup('bool')
DEBUG:pybindgen.typehandlers:try to lookup type handler for 'bool' => success ((<class 'pybindgen.typehandlers.booltype.BoolReturn'>, None, <pybindgen.typehandlers.ctypeparser.TypeTraits object at 0x7fadbb524c18>))
DEBUG:pybindgen.typehandlers:TypeMatcher.lookup('std::string')
DEBUG:pybindgen.typehandlers:try to lookup type handler for 'std::string' => success ((<class 'pybindgen.typehandlers.stringtype.StdStringParam'>, None, <pybindgen.typehandlers.ctypeparser.TypeTraits object at 0x7fadbb524d68>))
DEBUG:pybindgen.typehandlers:TypeMatcher.lookup('ns3::Ptr< ns3::AttributeChecker const >')
DEBUG:pybindgen.typehandlers:try to lookup type handler for 'ns3::Ptr< ns3::AttributeChecker const >' => failure
DEBUG:pybindgen.typehandlers:try to lookup type handler for 'ns3::AttributeChecker *' => success ((<class 'pybindgen.cppclass.MemoryPolicy.register_ptr_parameter_and_return.<locals>.ThisClassPtrParameter'>, <ns3modulegen_core_customizations.SmartPointerTransformation object at 0x7fadbc4dbac8>, <pybindgen.typehandlers.ctypeparser.TypeTraits object at 0x7fadbb5290f0>))
DEBUG:pybindgen.typehandlers:TypeMatcher.lookup('ns3::Mac64Address')
DEBUG:pybindgen.typehandlers:try to lookup type handler for 'ns3::Mac64Address' => success ((<class 'pybindgen.cppclass.CppClass.__init__.<locals>.ThisClassReturn'>, None, <pybindgen.typehandlers.ctypeparser.TypeTraits object at 0x7fadbb529358>))
DEBUG:pybindgen.typehandlers:TypeMatcher.lookup('std::string')
DEBUG:pybindgen.typehandlers:try to lookup type handler for 'std::string' => success ((<class 'pybindgen.typehandlers.stringtype.StdStringReturn'>, None, <pybindgen.typehandlers.ctypeparser.TypeTraits object at 0x7fadbb5296d8>))
DEBUG:pybindgen.typehandlers:TypeMatcher.lookup('ns3::Ptr< ns3::AttributeChecker const >')
DEBUG:pybindgen.typehandlers:try to lookup type handler for 'ns3::Ptr< ns3::AttributeChecker const >' => failure
DEBUG:pybindgen.typehandlers:try to lookup type handler for 'ns3::AttributeChecker *' => success ((<class 'pybindgen.cppclass.MemoryPolicy.register_ptr_parameter_and_return.<locals>.ThisClassPtrParameter'>, <ns3modulegen_core_customizations.SmartPointerTransformation object at 0x7fadbc4dbac8>, <pybindgen.typehandlers.ctypeparser.TypeTraits object at 0x7fadbb529a58>))
DEBUG:pybindgen.typehandlers:TypeMatcher.lookup('void')
DEBUG:pybindgen.typehandlers:try to lookup type handler for 'void' => success ((<class 'pybindgen.typehandlers.voidtype.VoidReturn'>, None, <pybindgen.typehandlers.ctypeparser.TypeTraits object at 0x7fadbb529cc0>))
DEBUG:pybindgen.typehandlers:TypeMatcher.lookup('ns3::Mac64Address const &')
DEBUG:pybindgen.typehandlers:try to lookup type handler for 'ns3::Mac64Address const &' => success ((<class 'pybindgen.cppclass.CppClass.__init__.<locals>.ThisClassRefParameter'>, None, <pybindgen.typehandlers.ctypeparser.TypeTraits object at 0x7fadbb529e10>))
DEBUG:pybindgen.typehandlers:TypeMatcher.lookup('ns3::NetDevice const &')
DEBUG:pybindgen.typehandlers:try to lookup type handler for 'ns3::NetDevice const &' => success ((<class 'pybindgen.cppclass.CppClass.__init__.<locals>.ThisClassRefParameter'>, None, <pybindgen.typehandlers.ctypeparser.TypeTraits object at 0x7fadbb5324e0>))
DEBUG:pybindgen.typehandlers:TypeMatcher.lookup('void')
DEBUG:pybindgen.typehandlers:try to lookup type handler for 'void' => success ((<class 'pybindgen.typehandlers.voidtype.VoidReturn'>, None, <pybindgen.typehandlers.ctypeparser.TypeTraits object at 0x7fadbb532898>))
DEBUG:pybindgen.typehandlers:TypeMatcher.lookup('ns3::Callback< void, ns3::empty, ns3::empty, ns3::empty, ns3::empty, ns3::empty, ns3::empty, ns3::empty, ns3::empty, ns3::empty >')
DEBUG:pybindgen.typehandlers:try to lookup type handler for 'ns3::Callback< void, ns3::empty, ns3::empty, ns3::empty, ns3::empty, ns3::empty, ns3::empty, ns3::empty, ns3::empty, ns3::empty >' => success ((<class 'ns3modulegen_core_customizations.register_callback_classes.<locals>.PythonCallbackParameter'>, None, <pybindgen.typehandlers.ctypeparser.TypeTraits object at 0x7fadbb5329e8>))
DEBUG:pybindgen.typehandlers:TypeMatcher.lookup('ns3::Address')
DEBUG:pybindgen.typehandlers:try to lookup type handler for 'ns3::Address' => success ((<class 'pybindgen.cppclass.CppClass.__init__.<locals>.ThisClassReturn'>, None, <pybindgen.typehandlers.ctypeparser.TypeTraits object at 0x7fadbb537470>))
DEBUG:pybindgen.typehandlers:TypeMatcher.lookup('ns3::Address')
DEBUG:pybindgen.typehandlers:try to lookup type handler for 'ns3::Address' => success ((<class 'pybindgen.cppclass.CppClass.__init__.<locals>.ThisClassReturn'>, None, <pybindgen.typehandlers.ctypeparser.TypeTraits object at 0x7fadbb5379e8>))
DEBUG:pybindgen.typehandlers:TypeMatcher.lookup('ns3::Ptr< ns3::Channel >')
DEBUG:pybindgen.typehandlers:try to lookup type handler for 'ns3::Ptr< ns3::Channel >' => failure
DEBUG:pybindgen.typehandlers:try to lookup type handler for 'ns3::Channel *' => failure ('')
/home/cs18/tarballs/ns-allinone-3.34/ns-3.34/src/lr-wpan/bindings/modulegen__gcc_LP64.py:6876: Warning: exception TypeLookupError(['ns3::Ptr< ns3::Channel >', 'ns3::Channel *'],) in wrapper public: virtual retval? ???::GetChannel (params?) const = 0;
  is_const=True, is_pure_virtual=True, is_virtual=True)
DEBUG:pybindgen.typehandlers:TypeMatcher.lookup('uint32_t')
DEBUG:pybindgen.typehandlers:try to lookup type handler for 'uint32_t' => success ((<class 'pybindgen.typehandlers.inttype.UnsignedIntReturn'>, None, <pybindgen.typehandlers.ctypeparser.TypeTraits object at 0x7fadbb5416a0>))
DEBUG:pybindgen.typehandlers:TypeMatcher.lookup('uint16_t')
DEBUG:pybindgen.typehandlers:try to lookup type handler for 'uint16_t' => success ((<class 'pybindgen.typehandlers.inttype.UInt16Return'>, None, <pybindgen.typehandlers.ctypeparser.TypeTraits object at 0x7fadbb541a58>))
DEBUG:pybindgen.typehandlers:TypeMatcher.lookup('ns3::Address')
DEBUG:pybindgen.typehandlers:try to lookup type handler for 'ns3::Address' => success ((<class 'pybindgen.cppclass.CppClass.__init__.<locals>.ThisClassReturn'>, None, <pybindgen.typehandlers.ctypeparser.TypeTraits object at 0x7fadbb541dd8>))
DEBUG:pybindgen.typehandlers:TypeMatcher.lookup('ns3::Ipv4Address')
DEBUG:pybindgen.typehandlers:try to lookup type handler for 'ns3::Ipv4Address' => success ((<class 'pybindgen.cppclass.CppClass.__init__.<locals>.ThisClassParameter'>, None, <pybindgen.typehandlers.ctypeparser.TypeTraits object at 0x7fadbb541ef0>))
DEBUG:pybindgen.typehandlers:TypeMatcher.lookup('ns3::Address')
DEBUG:pybindgen.typehandlers:try to lookup type handler for 'ns3::Address' => success ((<class 'pybindgen.cppclass.CppClass.__init__.<locals>.ThisClassReturn'>, None, <pybindgen.typehandlers.ctypeparser.TypeTraits object at 0x7fadbb547278>))
DEBUG:pybindgen.typehandlers:TypeMatcher.lookup('ns3::Ipv6Address')
DEBUG:pybindgen.typehandlers:try to lookup type handler for 'ns3::Ipv6Address' => success ((<class 'pybindgen.cppclass.CppClass.__init__.<locals>.ThisClassParameter'>, None, <pybindgen.typehandlers.ctypeparser.TypeTraits object at 0x7fadbb547390>))
DEBUG:pybindgen.typehandlers:TypeMatcher.lookup('ns3::Ptr< ns3::Node >')
DEBUG:pybindgen.typehandlers:try to lookup type handler for 'ns3::Ptr< ns3::Node >' => failure
DEBUG:pybindgen.typehandlers:try to lookup type handler for 'ns3::Node *' => success ((<class 'pybindgen.cppclass.MemoryPolicy.register_ptr_parameter_and_return.<locals>.ThisClassPtrReturn'>, <ns3modulegen_core_customizations.SmartPointerTransformation object at 0x7fadbc4dbac8>, <pybindgen.typehandlers.ctypeparser.TypeTraits object at 0x7fadbb5478d0>))
DEBUG:pybindgen.typehandlers:TypeMatcher.lookup('ns3::TypeId')
DEBUG:pybindgen.typehandlers:try to lookup type handler for 'ns3::TypeId' => success ((<class 'pybindgen.cppclass.CppClass.__init__.<locals>.ThisClassReturn'>, None, <pybindgen.typehandlers.ctypeparser.TypeTraits object at 0x7fadbb537390>))
DEBUG:pybindgen.typehandlers:TypeMatcher.lookup('bool')
DEBUG:pybindgen.typehandlers:try to lookup type handler for 'bool' => success ((<class 'pybindgen.typehandlers.booltype.BoolReturn'>, None, <pybindgen.typehandlers.ctypeparser.TypeTraits object at 0x7fadbb537dd8>))
DEBUG:pybindgen.typehandlers:TypeMatcher.lookup('bool')
DEBUG:pybindgen.typehandlers:try to lookup type handler for 'bool' => success ((<class 'pybindgen.typehandlers.booltype.BoolReturn'>, None, <pybindgen.typehandlers.ctypeparser.TypeTraits object at 0x7fadbb5479b0>))
DEBUG:pybindgen.typehandlers:TypeMatcher.lookup('bool')
DEBUG:pybindgen.typehandlers:try to lookup type handler for 'bool' => success ((<class 'pybindgen.typehandlers.booltype.BoolReturn'>, None, <pybindgen.typehandlers.ctypeparser.TypeTraits object at 0x7fadbb547d68>))
DEBUG:pybindgen.typehandlers:TypeMatcher.lookup('bool')
DEBUG:pybindgen.typehandlers:try to lookup type handler for 'bool' => success ((<class 'pybindgen.typehandlers.booltype.BoolReturn'>, None, <pybindgen.typehandlers.ctypeparser.TypeTraits object at 0x7fadbb54d160>))
DEBUG:pybindgen.typehandlers:TypeMatcher.lookup('bool')
DEBUG:pybindgen.typehandlers:try to lookup type handler for 'bool' => success ((<class 'pybindgen.typehandlers.booltype.BoolReturn'>, None, <pybindgen.typehandlers.ctypeparser.TypeTraits object at 0x7fadbb54d518>))
DEBUG:pybindgen.typehandlers:TypeMatcher.lookup('bool')
DEBUG:pybindgen.typehandlers:try to lookup type handler for 'bool' => success ((<class 'pybindgen.typehandlers.booltype.BoolReturn'>, None, <pybindgen.typehandlers.ctypeparser.TypeTraits object at 0x7fadbb54d8d0>))
DEBUG:pybindgen.typehandlers:TypeMatcher.lookup('bool')
DEBUG:pybindgen.typehandlers:try to lookup type handler for 'bool' => success ((<class 'pybindgen.typehandlers.booltype.BoolReturn'>, None, <pybindgen.typehandlers.ctypeparser.TypeTraits object at 0x7fadbb54dc88>))
DEBUG:pybindgen.typehandlers:TypeMatcher.lookup('ns3::Ptr< ns3::Packet >')
DEBUG:pybindgen.typehandlers:try to lookup type handler for 'ns3::Ptr< ns3::Packet >' => failure
DEBUG:pybindgen.typehandlers:try to lookup type handler for 'ns3::Packet *' => success ((<class 'pybindgen.cppclass.MemoryPolicy.register_ptr_parameter_and_return.<locals>.ThisClassPtrParameter'>, <ns3modulegen_core_customizations.SmartPointerTransformation object at 0x7fadbc4dbac8>, <pybindgen.typehandlers.ctypeparser.TypeTraits object at 0x7fadbb54df60>))
DEBUG:pybindgen.typehandlers:TypeMatcher.lookup('ns3::Address const &')
DEBUG:pybindgen.typehandlers:try to lookup type handler for 'ns3::Address const &' => success ((<class 'pybindgen.cppclass.CppClass.__init__.<locals>.ThisClassRefParameter'>, None, <pybindgen.typehandlers.ctypeparser.TypeTraits object at 0x7fadbb54df60>))
DEBUG:pybindgen.typehandlers:TypeMatcher.lookup('uint16_t')
DEBUG:pybindgen.typehandlers:try to lookup type handler for 'uint16_t' => success ((<class 'pybindgen.typehandlers.inttype.UInt16Param'>, None, <pybindgen.typehandlers.ctypeparser.TypeTraits object at 0x7fadbb5551d0>))
DEBUG:pybindgen.typehandlers:TypeMatcher.lookup('bool')
DEBUG:pybindgen.typehandlers:try to lookup type handler for 'bool' => success ((<class 'pybindgen.typehandlers.booltype.BoolReturn'>, None, <pybindgen.typehandlers.ctypeparser.TypeTraits object at 0x7fadbb5554e0>))
DEBUG:pybindgen.typehandlers:TypeMatcher.lookup('ns3::Ptr< ns3::Packet >')
DEBUG:pybindgen.typehandlers:try to lookup type handler for 'ns3::Ptr< ns3::Packet >' => failure
DEBUG:pybindgen.typehandlers:try to lookup type handler for 'ns3::Packet *' => success ((<class 'pybindgen.cppclass.MemoryPolicy.register_ptr_parameter_and_return.<locals>.ThisClassPtrParameter'>, <ns3modulegen_core_customizations.SmartPointerTransformation object at 0x7fadbc4dbac8>, <pybindgen.typehandlers.ctypeparser.TypeTraits object at 0x7fadbb555860>))
DEBUG:pybindgen.typehandlers:TypeMatcher.lookup('ns3::Address const &')
DEBUG:pybindgen.typehandlers:try to lookup type handler for 'ns3::Address const &' => success ((<class 'pybindgen.cppclass.CppClass.__init__.<locals>.ThisClassRefParameter'>, None, <pybindgen.typehandlers.ctypeparser.TypeTraits object at 0x7fadbb555860>))
DEBUG:pybindgen.typehandlers:TypeMatcher.lookup('ns3::Address const &')
DEBUG:pybindgen.typehandlers:try to lookup type handler for 'ns3::Address const &' => success ((<class 'pybindgen.cppclass.CppClass.__init__.<locals>.ThisClassRefParameter'>, None, <pybindgen.typehandlers.ctypeparser.TypeTraits object at 0x7fadbb5559e8>))
DEBUG:pybindgen.typehandlers:TypeMatcher.lookup('uint16_t')
DEBUG:pybindgen.typehandlers:try to lookup type handler for 'uint16_t' => success ((<class 'pybindgen.typehandlers.inttype.UInt16Param'>, None, <pybindgen.typehandlers.ctypeparser.TypeTraits object at 0x7fadbb555b70>))
DEBUG:pybindgen.typehandlers:TypeMatcher.lookup('void')
DEBUG:pybindgen.typehandlers:try to lookup type handler for 'void' => success ((<class 'pybindgen.typehandlers.voidtype.VoidReturn'>, None, <pybindgen.typehandlers.ctypeparser.TypeTraits object at 0x7fadbb555e80>))
DEBUG:pybindgen.typehandlers:TypeMatcher.lookup('ns3::Address')
DEBUG:pybindgen.typehandlers:try to lookup type handler for 'ns3::Address' => success ((<class 'pybindgen.cppclass.CppClass.__init__.<locals>.ThisClassParameter'>, None, <pybindgen.typehandlers.ctypeparser.TypeTraits object at 0x7fadbb555fd0>))
DEBUG:pybindgen.typehandlers:TypeMatcher.lookup('void')
DEBUG:pybindgen.typehandlers:try to lookup type handler for 'void' => success ((<class 'pybindgen.typehandlers.voidtype.VoidReturn'>, None, <pybindgen.typehandlers.ctypeparser.TypeTraits object at 0x7fadbb4da358>))
DEBUG:pybindgen.typehandlers:TypeMatcher.lookup('uint32_t const')
DEBUG:pybindgen.typehandlers:try to lookup type handler for 'uint32_t const' => success ((<class 'pybindgen.typehandlers.inttype.UnsignedIntParam'>, None, <pybindgen.typehandlers.ctypeparser.TypeTraits object at 0x7fadbb4da4a8>))
DEBUG:pybindgen.typehandlers:TypeMatcher.lookup('bool')
DEBUG:pybindgen.typehandlers:try to lookup type handler for 'bool' => success ((<class 'pybindgen.typehandlers.booltype.BoolReturn'>, None, <pybindgen.typehandlers.ctypeparser.TypeTraits object at 0x7fadbb4da860>))
DEBUG:pybindgen.typehandlers:TypeMatcher.lookup('uint16_t const')
DEBUG:pybindgen.typehandlers:try to lookup type handler for 'uint16_t const' => success ((<class 'pybindgen.typehandlers.inttype.UInt16Param'>, None, <pybindgen.typehandlers.ctypeparser.TypeTraits object at 0x7fadbb4da9b0>))
DEBUG:pybindgen.typehandlers:TypeMatcher.lookup('void')
DEBUG:pybindgen.typehandlers:try to lookup type handler for 'void' => success ((<class 'pybindgen.typehandlers.voidtype.VoidReturn'>, None, <pybindgen.typehandlers.ctypeparser.TypeTraits object at 0x7fadbb4dad68>))
DEBUG:pybindgen.typehandlers:TypeMatcher.lookup('ns3::Ptr< ns3::Node >')
DEBUG:pybindgen.typehandlers:try to lookup type handler for 'ns3::Ptr< ns3::Node >' => failure
DEBUG:pybindgen.typehandlers:try to lookup type handler for 'ns3::Node *' => success ((<class 'pybindgen.cppclass.MemoryPolicy.register_ptr_parameter_and_return.<locals>.ThisClassPtrParameter'>, <ns3modulegen_core_customizations.SmartPointerTransformation object at 0x7fadbc4dbac8>, <pybindgen.typehandlers.ctypeparser.TypeTraits object at 0x7fadbb4e3128>))
DEBUG:pybindgen.typehandlers:TypeMatcher.lookup('void')
DEBUG:pybindgen.typehandlers:try to lookup type handler for 'void' => success ((<class 'pybindgen.typehandlers.voidtype.VoidReturn'>, None, <pybindgen.typehandlers.ctypeparser.TypeTraits object at 0x7fadbb4e3358>))
DEBUG:pybindgen.typehandlers:TypeMatcher.lookup('ns3::Callback< bool, ns3::Ptr< ns3::NetDevice >, ns3::Ptr< ns3::Packet const >, unsigned short, ns3::Address const &, ns3::Address const &, ns3::NetDevice::PacketType, ns3::empty, ns3::empty, ns3::empty >')
DEBUG:pybindgen.typehandlers:try to lookup type handler for 'ns3::Callback< bool, ns3::Ptr< ns3::NetDevice >, ns3::Ptr< ns3::Packet const >, unsigned short, ns3::Address const &, ns3::Address const &, ns3::NetDevice::PacketType, ns3::empty, ns3::empty, ns3::empty >' => failure
'ns3::Callback< bool, ns3::Ptr< ns3::NetDevice >, ns3::Ptr< ns3::Packet const >, unsigned short, ns3::Address const &, ns3::Address const &, ns3::NetDevice::PacketType, ns3::empty, ns3::empty, ns3::empty >' did not match
/home/cs18/tarballs/ns-allinone-3.34/ns-3.34/src/lr-wpan/bindings/modulegen__gcc_LP64.py:6971: Warning: exception TypeLookupError(['ns3::Callback< bool, ns3::Ptr< ns3::NetDevice >, ns3::Ptr< ns3::Packet const >, unsigned short, ns3::Address const &, ns3::Address const &, ns3::NetDevice::PacketType, ns3::empty, ns3::empty, ns3::empty >'],) in wrapper public: virtual retval? ???::SetPromiscReceiveCallback (params?) = 0;
  is_pure_virtual=True, is_virtual=True)
DEBUG:pybindgen.typehandlers:TypeMatcher.lookup('void')
DEBUG:pybindgen.typehandlers:try to lookup type handler for 'void' => success ((<class 'pybindgen.typehandlers.voidtype.VoidReturn'>, None, <pybindgen.typehandlers.ctypeparser.TypeTraits object at 0x7fadbb4eaa90>))
DEBUG:pybindgen.typehandlers:TypeMatcher.lookup('ns3::Callback< bool, ns3::Ptr< ns3::NetDevice >, ns3::Ptr< ns3::Packet const >, unsigned short, ns3::Address const &, ns3::empty, ns3::empty, ns3::empty, ns3::empty, ns3::empty >')
DEBUG:pybindgen.typehandlers:try to lookup type handler for 'ns3::Callback< bool, ns3::Ptr< ns3::NetDevice >, ns3::Ptr< ns3::Packet const >, unsigned short, ns3::Address const &, ns3::empty, ns3::empty, ns3::empty, ns3::empty, ns3::empty >' => success ((<class 'ns3modulegen_core_customizations.register_callback_classes.<locals>.PythonCallbackParameter'>, None, <pybindgen.typehandlers.ctypeparser.TypeTraits object at 0x7fadbb4eabe0>))
DEBUG:pybindgen.typehandlers:TypeMatcher.lookup('bool')
DEBUG:pybindgen.typehandlers:try to lookup type handler for 'bool' => success ((<class 'pybindgen.typehandlers.booltype.BoolReturn'>, None, <pybindgen.typehandlers.ctypeparser.TypeTraits object at 0x7fadbb4e3a20>))
DEBUG:pybindgen.typehandlers:TypeMatcher.lookup('ns3::NixVector const &')
DEBUG:pybindgen.typehandlers:try to lookup type handler for 'ns3::NixVector const &' => success ((<class 'pybindgen.cppclass.CppClass.__init__.<locals>.ThisClassRefParameter'>, None, <pybindgen.typehandlers.ctypeparser.TypeTraits object at 0x7fadbb4f0320>))
DEBUG:pybindgen.typehandlers:TypeMatcher.lookup('void')
DEBUG:pybindgen.typehandlers:try to lookup type handler for 'void' => success ((<class 'pybindgen.typehandlers.voidtype.VoidReturn'>, None, <pybindgen.typehandlers.ctypeparser.TypeTraits object at 0x7fadbb4f06d8>))
DEBUG:pybindgen.typehandlers:TypeMatcher.lookup('uint32_t')
DEBUG:pybindgen.typehandlers:try to lookup type handler for 'uint32_t' => success ((<class 'pybindgen.typehandlers.inttype.UnsignedIntParam'>, None, <pybindgen.typehandlers.ctypeparser.TypeTraits object at 0x7fadbb4f0828>))
DEBUG:pybindgen.typehandlers:TypeMatcher.lookup('uint32_t')
DEBUG:pybindgen.typehandlers:try to lookup type handler for 'uint32_t' => success ((<class 'pybindgen.typehandlers.inttype.UnsignedIntParam'>, None, <pybindgen.typehandlers.ctypeparser.TypeTraits object at 0x7fadbb4f08d0>))
DEBUG:pybindgen.typehandlers:TypeMatcher.lookup('uint32_t')
DEBUG:pybindgen.typehandlers:try to lookup type handler for 'uint32_t' => success ((<class 'pybindgen.typehandlers.inttype.UnsignedIntReturn'>, None, <pybindgen.typehandlers.ctypeparser.TypeTraits object at 0x7fadbb4f0c50>))
DEBUG:pybindgen.typehandlers:TypeMatcher.lookup('uint32_t')
DEBUG:pybindgen.typehandlers:try to lookup type handler for 'uint32_t' => success ((<class 'pybindgen.typehandlers.inttype.UnsignedIntParam'>, None, <pybindgen.typehandlers.ctypeparser.TypeTraits object at 0x7fadbb4f0d68>))
DEBUG:pybindgen.typehandlers:TypeMatcher.lookup('ns3::Ptr< ns3::NixVector >')
DEBUG:pybindgen.typehandlers:try to lookup type handler for 'ns3::Ptr< ns3::NixVector >' => failure
DEBUG:pybindgen.typehandlers:try to lookup type handler for 'ns3::NixVector *' => success ((<class 'pybindgen.cppclass.MemoryPolicy.register_ptr_parameter_and_return.<locals>.ThisClassPtrReturn'>, <ns3modulegen_core_customizations.SmartPointerTransformation object at 0x7fadbc4dbac8>, <pybindgen.typehandlers.ctypeparser.TypeTraits object at 0x7fadbb4f8320>))
DEBUG:pybindgen.typehandlers:TypeMatcher.lookup('uint32_t')
DEBUG:pybindgen.typehandlers:try to lookup type handler for 'uint32_t' => success ((<class 'pybindgen.typehandlers.inttype.UnsignedIntReturn'>, None, <pybindgen.typehandlers.ctypeparser.TypeTraits object at 0x7fadbb4f8588>))
DEBUG:pybindgen.typehandlers:TypeMatcher.lookup('uint32_t const *')
DEBUG:pybindgen.typehandlers:try to lookup type handler for 'uint32_t const *' => success ((<class 'pybindgen.typehandlers.inttype.UnsignedIntPtrParam'>, None, <pybindgen.typehandlers.ctypeparser.TypeTraits object at 0x7fadbb4f86a0>))
DEBUG:pybindgen.typehandlers:TypeMatcher.lookup('uint32_t')
DEBUG:pybindgen.typehandlers:try to lookup type handler for 'uint32_t' => success ((<class 'pybindgen.typehandlers.inttype.UnsignedIntParam'>, None, <pybindgen.typehandlers.ctypeparser.TypeTraits object at 0x7fadbb4f8860>))
DEBUG:pybindgen.typehandlers:TypeMatcher.lookup('uint32_t')
DEBUG:pybindgen.typehandlers:try to lookup type handler for 'uint32_t' => success ((<class 'pybindgen.typehandlers.inttype.UnsignedIntReturn'>, None, <pybindgen.typehandlers.ctypeparser.TypeTraits object at 0x7fadbb4f8b70>))
DEBUG:pybindgen.typehandlers:TypeMatcher.lookup('uint32_t')
DEBUG:pybindgen.typehandlers:try to lookup type handler for 'uint32_t' => success ((<class 'pybindgen.typehandlers.inttype.UnsignedIntParam'>, None, <pybindgen.typehandlers.ctypeparser.TypeTraits object at 0x7fadbb4f8c88>))
DEBUG:pybindgen.typehandlers:TypeMatcher.lookup('uint32_t')
DEBUG:pybindgen.typehandlers:try to lookup type handler for 'uint32_t' => success ((<class 'pybindgen.typehandlers.inttype.UnsignedIntReturn'>, None, <pybindgen.typehandlers.ctypeparser.TypeTraits object at 0x7fadbb4f8fd0>))
DEBUG:pybindgen.typehandlers:TypeMatcher.lookup('uint32_t')
DEBUG:pybindgen.typehandlers:try to lookup type handler for 'uint32_t' => success ((<class 'pybindgen.typehandlers.inttype.UnsignedIntReturn'>, None, <pybindgen.typehandlers.ctypeparser.TypeTraits object at 0x7fadbb4fd3c8>))
DEBUG:pybindgen.typehandlers:TypeMatcher.lookup('uint32_t')
DEBUG:pybindgen.typehandlers:try to lookup type handler for 'uint32_t' => success ((<class 'pybindgen.typehandlers.inttype.UnsignedIntReturn'>, None, <pybindgen.typehandlers.ctypeparser.TypeTraits object at 0x7fadbb4fd748>))
DEBUG:pybindgen.typehandlers:TypeMatcher.lookup('uint32_t *')
DEBUG:pybindgen.typehandlers:try to lookup type handler for 'uint32_t *' => success ((<class 'pybindgen.typehandlers.inttype.UnsignedIntPtrParam'>, None, <pybindgen.typehandlers.ctypeparser.TypeTraits object at 0x7fadbb4fd860>))
DEBUG:pybindgen.typehandlers:TypeMatcher.lookup('uint32_t')
DEBUG:pybindgen.typehandlers:try to lookup type handler for 'uint32_t' => success ((<class 'pybindgen.typehandlers.inttype.UnsignedIntParam'>, None, <pybindgen.typehandlers.ctypeparser.TypeTraits object at 0x7fadbb4fd978>))
DEBUG:pybindgen.typehandlers:TypeMatcher.lookup('ns3::Node const &')
DEBUG:pybindgen.typehandlers:try to lookup type handler for 'ns3::Node const &' => success ((<class 'pybindgen.cppclass.CppClass.__init__.<locals>.ThisClassRefParameter'>, None, <pybindgen.typehandlers.ctypeparser.TypeTraits object at 0x7fadbb4fdcf8>))
DEBUG:pybindgen.typehandlers:TypeMatcher.lookup('uint32_t')
DEBUG:pybindgen.typehandlers:try to lookup type handler for 'uint32_t' => success ((<class 'pybindgen.typehandlers.inttype.UnsignedIntParam'>, None, <pybindgen.typehandlers.ctypeparser.TypeTraits object at 0x7fadbb506390>))
DEBUG:pybindgen.typehandlers:TypeMatcher.lookup('uint32_t')
DEBUG:pybindgen.typehandlers:try to lookup type handler for 'uint32_t' => success ((<class 'pybindgen.typehandlers.inttype.UnsignedIntReturn'>, None, <pybindgen.typehandlers.ctypeparser.TypeTraits object at 0x7fadbb5066a0>))
DEBUG:pybindgen.typehandlers:TypeMatcher.lookup('ns3::Ptr< ns3::Application >')
DEBUG:pybindgen.typehandlers:try to lookup type handler for 'ns3::Ptr< ns3::Application >' => failure
DEBUG:pybindgen.typehandlers:try to lookup type handler for 'ns3::Application *' => failure ('')
/home/cs18/tarballs/ns-allinone-3.34/ns-3.34/src/lr-wpan/bindings/modulegen__gcc_LP64.py:7038: Warning: exception TypeLookupError(['ns3::Ptr< ns3::Application >', 'ns3::Application *'],) in wrapper public: retval? ???::AddApplication (params?);
  [param('ns3::Ptr< ns3::Application >', 'application')])
DEBUG:pybindgen.typehandlers:TypeMatcher.lookup('uint32_t')
DEBUG:pybindgen.typehandlers:try to lookup type handler for 'uint32_t' => success ((<class 'pybindgen.typehandlers.inttype.UnsignedIntReturn'>, None, <pybindgen.typehandlers.ctypeparser.TypeTraits object at 0x7fadbb506a90>))
DEBUG:pybindgen.typehandlers:TypeMatcher.lookup('ns3::Ptr< ns3::NetDevice >')
DEBUG:pybindgen.typehandlers:try to lookup type handler for 'ns3::Ptr< ns3::NetDevice >' => failure
DEBUG:pybindgen.typehandlers:try to lookup type handler for 'ns3::NetDevice *' => success ((<class 'pybindgen.cppclass.MemoryPolicy.register_ptr_parameter_and_return.<locals>.ThisClassPtrParameter'>, <ns3modulegen_core_customizations.SmartPointerTransformation object at 0x7fadbc4dbac8>, <pybindgen.typehandlers.ctypeparser.TypeTraits object at 0x7fadbb506da0>))
DEBUG:pybindgen.typehandlers:TypeMatcher.lookup('bool')
DEBUG:pybindgen.typehandlers:try to lookup type handler for 'bool' => success ((<class 'pybindgen.typehandlers.booltype.BoolReturn'>, None, <pybindgen.typehandlers.ctypeparser.TypeTraits object at 0x7fadbb506fd0>))
DEBUG:pybindgen.typehandlers:TypeMatcher.lookup('ns3::Ptr< ns3::Application >')
DEBUG:pybindgen.typehandlers:try to lookup type handler for 'ns3::Ptr< ns3::Application >' => failure
DEBUG:pybindgen.typehandlers:try to lookup type handler for 'ns3::Application *' => failure ('')
/home/cs18/tarballs/ns-allinone-3.34/ns-3.34/src/lr-wpan/bindings/modulegen__gcc_LP64.py:7052: Warning: exception TypeLookupError(['ns3::Ptr< ns3::Application >', 'ns3::Application *'],) in wrapper public: retval? ???::GetApplication (params?) const;
  is_const=True)
DEBUG:pybindgen.typehandlers:TypeMatcher.lookup('ns3::Ptr< ns3::NetDevice >')
DEBUG:pybindgen.typehandlers:try to lookup type handler for 'ns3::Ptr< ns3::NetDevice >' => failure
DEBUG:pybindgen.typehandlers:try to lookup type handler for 'ns3::NetDevice *' => success ((<class 'pybindgen.cppclass.MemoryPolicy.register_ptr_parameter_and_return.<locals>.ThisClassPtrReturn'>, <ns3modulegen_core_customizations.SmartPointerTransformation object at 0x7fadbc4dbac8>, <pybindgen.typehandlers.ctypeparser.TypeTraits object at 0x7fadbb50e898>))
DEBUG:pybindgen.typehandlers:TypeMatcher.lookup('uint32_t')
DEBUG:pybindgen.typehandlers:try to lookup type handler for 'uint32_t' => success ((<class 'pybindgen.typehandlers.inttype.UnsignedIntParam'>, None, <pybindgen.typehandlers.ctypeparser.TypeTraits object at 0x7fadbb506898>))
DEBUG:pybindgen.typehandlers:TypeMatcher.lookup('uint32_t')
DEBUG:pybindgen.typehandlers:try to lookup type handler for 'uint32_t' => success ((<class 'pybindgen.typehandlers.inttype.UnsignedIntReturn'>, None, <pybindgen.typehandlers.ctypeparser.TypeTraits object at 0x7fadbb50e748>))
DEBUG:pybindgen.typehandlers:TypeMatcher.lookup('ns3::Time')
DEBUG:pybindgen.typehandlers:try to lookup type handler for 'ns3::Time' => success ((<class 'pybindgen.cppclass.CppClass.__init__.<locals>.ThisClassReturn'>, None, <pybindgen.typehandlers.ctypeparser.TypeTraits object at 0x7fadbb50e908>))
DEBUG:pybindgen.typehandlers:TypeMatcher.lookup('uint32_t')
DEBUG:pybindgen.typehandlers:try to lookup type handler for 'uint32_t' => success ((<class 'pybindgen.typehandlers.inttype.UnsignedIntReturn'>, None, <pybindgen.typehandlers.ctypeparser.TypeTraits object at 0x7fadbb50ec88>))
DEBUG:pybindgen.typehandlers:TypeMatcher.lookup('uint32_t')
DEBUG:pybindgen.typehandlers:try to lookup type handler for 'uint32_t' => success ((<class 'pybindgen.typehandlers.inttype.UnsignedIntReturn'>, None, <pybindgen.typehandlers.ctypeparser.TypeTraits object at 0x7fadbb516048>))
DEBUG:pybindgen.typehandlers:TypeMatcher.lookup('uint32_t')
DEBUG:pybindgen.typehandlers:try to lookup type handler for 'uint32_t' => success ((<class 'pybindgen.typehandlers.inttype.UnsignedIntReturn'>, None, <pybindgen.typehandlers.ctypeparser.TypeTraits object at 0x7fadbb5163c8>))
DEBUG:pybindgen.typehandlers:TypeMatcher.lookup('ns3::TypeId')
DEBUG:pybindgen.typehandlers:try to lookup type handler for 'ns3::TypeId' => success ((<class 'pybindgen.cppclass.CppClass.__init__.<locals>.ThisClassReturn'>, None, <pybindgen.typehandlers.ctypeparser.TypeTraits object at 0x7fadbb516748>))
DEBUG:pybindgen.typehandlers:TypeMatcher.lookup('void')
DEBUG:pybindgen.typehandlers:try to lookup type handler for 'void' => success ((<class 'pybindgen.typehandlers.voidtype.VoidReturn'>, None, <pybindgen.typehandlers.ctypeparser.TypeTraits object at 0x7fadbb516ac8>))
DEBUG:pybindgen.typehandlers:TypeMatcher.lookup('ns3::Callback< void, ns3::Ptr< ns3::NetDevice >, ns3::empty, ns3::empty, ns3::empty, ns3::empty, ns3::empty, ns3::empty, ns3::empty, ns3::empty >')
DEBUG:pybindgen.typehandlers:try to lookup type handler for 'ns3::Callback< void, ns3::Ptr< ns3::NetDevice >, ns3::empty, ns3::empty, ns3::empty, ns3::empty, ns3::empty, ns3::empty, ns3::empty, ns3::empty >' => success ((<class 'ns3modulegen_core_customizations.register_callback_classes.<locals>.PythonCallbackParameter'>, None, <pybindgen.typehandlers.ctypeparser.TypeTraits object at 0x7fadbb516c18>))
DEBUG:pybindgen.typehandlers:TypeMatcher.lookup('void')
DEBUG:pybindgen.typehandlers:try to lookup type handler for 'void' => success ((<class 'pybindgen.typehandlers.voidtype.VoidReturn'>, None, <pybindgen.typehandlers.ctypeparser.TypeTraits object at 0x7fadbb49d518>))
DEBUG:pybindgen.typehandlers:TypeMatcher.lookup('ns3::Callback< void, ns3::Ptr< ns3::NetDevice >, ns3::Ptr< ns3::Packet const >, unsigned short, ns3::Address const &, ns3::Address const &, ns3::NetDevice::PacketType, ns3::empty, ns3::empty, ns3::empty >')
DEBUG:pybindgen.typehandlers:try to lookup type handler for 'ns3::Callback< void, ns3::Ptr< ns3::NetDevice >, ns3::Ptr< ns3::Packet const >, unsigned short, ns3::Address const &, ns3::Address const &, ns3::NetDevice::PacketType, ns3::empty, ns3::empty, ns3::empty >' => success ((<class 'ns3modulegen_core_customizations.register_callback_classes.<locals>.PythonCallbackParameter'>, None, <pybindgen.typehandlers.ctypeparser.TypeTraits object at 0x7fadbb49d668>))
DEBUG:pybindgen.typehandlers:TypeMatcher.lookup('uint16_t')
DEBUG:pybindgen.typehandlers:try to lookup type handler for 'uint16_t' => success ((<class 'pybindgen.typehandlers.inttype.UInt16Param'>, None, <pybindgen.typehandlers.ctypeparser.TypeTraits object at 0x7fadbb49df98>))
DEBUG:pybindgen.typehandlers:TypeMatcher.lookup('ns3::Ptr< ns3::NetDevice >')
DEBUG:pybindgen.typehandlers:try to lookup type handler for 'ns3::Ptr< ns3::NetDevice >' => failure
DEBUG:pybindgen.typehandlers:try to lookup type handler for 'ns3::NetDevice *' => success ((<class 'pybindgen.cppclass.MemoryPolicy.register_ptr_parameter_and_return.<locals>.ThisClassPtrParameter'>, <ns3modulegen_core_customizations.SmartPointerTransformation object at 0x7fadbc4dbac8>, <pybindgen.typehandlers.ctypeparser.TypeTraits object at 0x7fadbb4a22e8>))
DEBUG:pybindgen.typehandlers:TypeMatcher.lookup('bool')
DEBUG:pybindgen.typehandlers:try to lookup type handler for 'bool' => success ((<class 'pybindgen.typehandlers.booltype.BoolParam'>, None, <pybindgen.typehandlers.ctypeparser.TypeTraits object at 0x7fadbb4a22e8>))
DEBUG:pybindgen.typehandlers:TypeMatcher.lookup('void')
DEBUG:pybindgen.typehandlers:try to lookup type handler for 'void' => success ((<class 'pybindgen.typehandlers.voidtype.VoidReturn'>, None, <pybindgen.typehandlers.ctypeparser.TypeTraits object at 0x7fadbb4a2630>))
DEBUG:pybindgen.typehandlers:TypeMatcher.lookup('ns3::Callback< void, ns3::Ptr< ns3::NetDevice >, ns3::empty, ns3::empty, ns3::empty, ns3::empty, ns3::empty, ns3::empty, ns3::empty, ns3::empty >')
DEBUG:pybindgen.typehandlers:try to lookup type handler for 'ns3::Callback< void, ns3::Ptr< ns3::NetDevice >, ns3::empty, ns3::empty, ns3::empty, ns3::empty, ns3::empty, ns3::empty, ns3::empty, ns3::empty >' => success ((<class 'ns3modulegen_core_customizations.register_callback_classes.<locals>.PythonCallbackParameter'>, None, <pybindgen.typehandlers.ctypeparser.TypeTraits object at 0x7fadbb4a2780>))
DEBUG:pybindgen.typehandlers:TypeMatcher.lookup('void')
DEBUG:pybindgen.typehandlers:try to lookup type handler for 'void' => success ((<class 'pybindgen.typehandlers.voidtype.VoidReturn'>, None, <pybindgen.typehandlers.ctypeparser.TypeTraits object at 0x7fadbb4a7080>))
DEBUG:pybindgen.typehandlers:TypeMatcher.lookup('ns3::Callback< void, ns3::Ptr< ns3::NetDevice >, ns3::Ptr< ns3::Packet const >, unsigned short, ns3::Address const &, ns3::Address const &, ns3::NetDevice::PacketType, ns3::empty, ns3::empty, ns3::empty >')
DEBUG:pybindgen.typehandlers:try to lookup type handler for 'ns3::Callback< void, ns3::Ptr< ns3::NetDevice >, ns3::Ptr< ns3::Packet const >, unsigned short, ns3::Address const &, ns3::Address const &, ns3::NetDevice::PacketType, ns3::empty, ns3::empty, ns3::empty >' => success ((<class 'ns3modulegen_core_customizations.register_callback_classes.<locals>.PythonCallbackParameter'>, None, <pybindgen.typehandlers.ctypeparser.TypeTraits object at 0x7fadbb4a71d0>))
DEBUG:pybindgen.typehandlers:TypeMatcher.lookup('void')
DEBUG:pybindgen.typehandlers:try to lookup type handler for 'void' => success ((<class 'pybindgen.typehandlers.voidtype.VoidReturn'>, None, <pybindgen.typehandlers.ctypeparser.TypeTraits object at 0x7fadbb4a7d68>))
DEBUG:pybindgen.typehandlers:TypeMatcher.lookup('void')
DEBUG:pybindgen.typehandlers:try to lookup type handler for 'void' => success ((<class 'pybindgen.typehandlers.voidtype.VoidReturn'>, None, <pybindgen.typehandlers.ctypeparser.TypeTraits object at 0x7fadbb4aa5f8>))
DEBUG:pybindgen.typehandlers:TypeMatcher.lookup('ns3::ObjectFactoryChecker const &')
DEBUG:pybindgen.typehandlers:try to lookup type handler for 'ns3::ObjectFactoryChecker const &' => success ((<class 'pybindgen.cppclass.CppClass.__init__.<locals>.ThisClassRefParameter'>, None, <pybindgen.typehandlers.ctypeparser.TypeTraits object at 0x7fadbb4b80f0>))
DEBUG:pybindgen.typehandlers:TypeMatcher.lookup('ns3::ObjectFactory const &')
DEBUG:pybindgen.typehandlers:try to lookup type handler for 'ns3::ObjectFactory const &' => success ((<class 'pybindgen.cppclass.CppClass.__init__.<locals>.ThisClassRefParameter'>, None, <pybindgen.typehandlers.ctypeparser.TypeTraits object at 0x7fadbb4b8748>))
DEBUG:pybindgen.typehandlers:TypeMatcher.lookup('ns3::ObjectFactoryValue const &')
DEBUG:pybindgen.typehandlers:try to lookup type handler for 'ns3::ObjectFactoryValue const &' => success ((<class 'pybindgen.cppclass.CppClass.__init__.<locals>.ThisClassRefParameter'>, None, <pybindgen.typehandlers.ctypeparser.TypeTraits object at 0x7fadbb4b8b38>))
DEBUG:pybindgen.typehandlers:TypeMatcher.lookup('ns3::Ptr< ns3::AttributeValue >')
DEBUG:pybindgen.typehandlers:try to lookup type handler for 'ns3::Ptr< ns3::AttributeValue >' => failure
DEBUG:pybindgen.typehandlers:try to lookup type handler for 'ns3::AttributeValue *' => success ((<class 'pybindgen.cppclass.MemoryPolicy.register_ptr_parameter_and_return.<locals>.ThisClassPtrReturn'>, <ns3modulegen_core_customizations.SmartPointerTransformation object at 0x7fadbc4dbac8>, <pybindgen.typehandlers.ctypeparser.TypeTraits object at 0x7fadbb4c0160>))
DEBUG:pybindgen.typehandlers:TypeMatcher.lookup('bool')
DEBUG:pybindgen.typehandlers:try to lookup type handler for 'bool' => success ((<class 'pybindgen.typehandlers.booltype.BoolReturn'>, None, <pybindgen.typehandlers.ctypeparser.TypeTraits object at 0x7fadbb4c03c8>))
DEBUG:pybindgen.typehandlers:TypeMatcher.lookup('std::string')
DEBUG:pybindgen.typehandlers:try to lookup type handler for 'std::string' => success ((<class 'pybindgen.typehandlers.stringtype.StdStringParam'>, None, <pybindgen.typehandlers.ctypeparser.TypeTraits object at 0x7fadbb4c0518>))
DEBUG:pybindgen.typehandlers:TypeMatcher.lookup('ns3::Ptr< ns3::AttributeChecker const >')
DEBUG:pybindgen.typehandlers:try to lookup type handler for 'ns3::Ptr< ns3::AttributeChecker const >' => failure
DEBUG:pybindgen.typehandlers:try to lookup type handler for 'ns3::AttributeChecker *' => success ((<class 'pybindgen.cppclass.MemoryPolicy.register_ptr_parameter_and_return.<locals>.ThisClassPtrParameter'>, <ns3modulegen_core_customizations.SmartPointerTransformation object at 0x7fadbc4dbac8>, <pybindgen.typehandlers.ctypeparser.TypeTraits object at 0x7fadbb4c0860>))
DEBUG:pybindgen.typehandlers:TypeMatcher.lookup('ns3::ObjectFactory')
DEBUG:pybindgen.typehandlers:try to lookup type handler for 'ns3::ObjectFactory' => success ((<class 'pybindgen.cppclass.CppClass.__init__.<locals>.ThisClassReturn'>, None, <pybindgen.typehandlers.ctypeparser.TypeTraits object at 0x7fadbb4c0ac8>))
DEBUG:pybindgen.typehandlers:TypeMatcher.lookup('std::string')
DEBUG:pybindgen.typehandlers:try to lookup type handler for 'std::string' => success ((<class 'pybindgen.typehandlers.stringtype.StdStringReturn'>, None, <pybindgen.typehandlers.ctypeparser.TypeTraits object at 0x7fadbb4c0e48>))
DEBUG:pybindgen.typehandlers:TypeMatcher.lookup('ns3::Ptr< ns3::AttributeChecker const >')
DEBUG:pybindgen.typehandlers:try to lookup type handler for 'ns3::Ptr< ns3::AttributeChecker const >' => failure
DEBUG:pybindgen.typehandlers:try to lookup type handler for 'ns3::AttributeChecker *' => success ((<class 'pybindgen.cppclass.MemoryPolicy.register_ptr_parameter_and_return.<locals>.ThisClassPtrParameter'>, <ns3modulegen_core_customizations.SmartPointerTransformation object at 0x7fadbc4dbac8>, <pybindgen.typehandlers.ctypeparser.TypeTraits object at 0x7fadbb4c6208>))
DEBUG:pybindgen.typehandlers:TypeMatcher.lookup('void')
DEBUG:pybindgen.typehandlers:try to lookup type handler for 'void' => success ((<class 'pybindgen.typehandlers.voidtype.VoidReturn'>, None, <pybindgen.typehandlers.ctypeparser.TypeTraits object at 0x7fadbb4c6470>))
DEBUG:pybindgen.typehandlers:TypeMatcher.lookup('ns3::ObjectFactory const &')
DEBUG:pybindgen.typehandlers:try to lookup type handler for 'ns3::ObjectFactory const &' => success ((<class 'pybindgen.cppclass.CppClass.__init__.<locals>.ThisClassRefParameter'>, None, <pybindgen.typehandlers.ctypeparser.TypeTraits object at 0x7fadbb4c65c0>))
DEBUG:pybindgen.typehandlers:TypeMatcher.lookup('ns3::OutputStreamWrapper const &')
DEBUG:pybindgen.typehandlers:try to lookup type handler for 'ns3::OutputStreamWrapper const &' => success ((<class 'pybindgen.cppclass.CppClass.__init__.<locals>.ThisClassRefParameter'>, None, <pybindgen.typehandlers.ctypeparser.TypeTraits object at 0x7fadbb4c69e8>))
DEBUG:pybindgen.typehandlers:TypeMatcher.lookup('std::string')
DEBUG:pybindgen.typehandlers:try to lookup type handler for 'std::string' => success ((<class 'pybindgen.typehandlers.stringtype.StdStringParam'>, None, <pybindgen.typehandlers.ctypeparser.TypeTraits object at 0x7fadbb4c6dd8>))
DEBUG:pybindgen.typehandlers:TypeMatcher.lookup('std::ios_base::openmode')
DEBUG:pybindgen.typehandlers:try to lookup type handler for 'std::ios_base::openmode' => success ((<class 'ns3modulegen_core_customizations.IosOpenmodeParam'>, None, <pybindgen.typehandlers.ctypeparser.TypeTraits object at 0x7fadbb4c6e80>))
DEBUG:pybindgen.typehandlers:TypeMatcher.lookup('std::ostream *')
DEBUG:pybindgen.typehandlers:try to lookup type handler for 'std::ostream *' => failure
'std::ostream *' did not match
/home/cs18/tarballs/ns-allinone-3.34/ns-3.34/src/lr-wpan/bindings/modulegen__gcc_LP64.py:7162: Warning: exception TypeLookupError(['std::ostream *'],) in wrapper <pybindgen.cppmethod.CppConstructor object at 0x7fadbb4cd1d0>
  cls.add_constructor([param('std::ostream *', 'os')])
DEBUG:pybindgen.typehandlers:TypeMatcher.lookup('std::ostream *')
DEBUG:pybindgen.typehandlers:try to lookup type handler for 'std::ostream *' => failure
'std::ostream *' did not match
/home/cs18/tarballs/ns-allinone-3.34/ns-3.34/src/lr-wpan/bindings/modulegen__gcc_LP64.py:7166: Warning: exception TypeLookupError(['std::ostream *'],) in wrapper public: retval? ???::GetStream (params?);
  [])
DEBUG:pybindgen.typehandlers:TypeMatcher.lookup('ns3::Packet const &')
DEBUG:pybindgen.typehandlers:try to lookup type handler for 'ns3::Packet const &' => success ((<class 'pybindgen.cppclass.CppClass.__init__.<locals>.ThisClassRefParameter'>, None, <pybindgen.typehandlers.ctypeparser.TypeTraits object at 0x7fadbb4cd6d8>))
DEBUG:pybindgen.typehandlers:TypeMatcher.lookup('uint32_t')
DEBUG:pybindgen.typehandlers:try to lookup type handler for 'uint32_t' => success ((<class 'pybindgen.typehandlers.inttype.UnsignedIntParam'>, None, <pybindgen.typehandlers.ctypeparser.TypeTraits object at 0x7fadbb4cdac8>))
DEBUG:pybindgen.typehandlers:TypeMatcher.lookup('uint8_t const *')
DEBUG:pybindgen.typehandlers:try to lookup type handler for 'uint8_t const *' => success ((<class 'pybindgen.typehandlers.inttype.UInt8PtrParam'>, None, <pybindgen.typehandlers.ctypeparser.TypeTraits object at 0x7fadbb4cde10>))
/home/cs18/tarballs/ns-allinone-3.34/ns-3.34/src/lr-wpan/bindings/modulegen__gcc_LP64.py:7178: Warning: exception TypeConfigurationError('direction not given',) in wrapper <pybindgen.cppmethod.CppConstructor object at 0x7fadbb4cdda0>
  cls.add_constructor([param('uint8_t const *', 'buffer'), param('uint32_t', 'size'), param('bool', 'magic')])
DEBUG:pybindgen.typehandlers:TypeMatcher.lookup('uint8_t const *')
DEBUG:pybindgen.typehandlers:try to lookup type handler for 'uint8_t const *' => success ((<class 'pybindgen.typehandlers.inttype.UInt8PtrParam'>, None, <pybindgen.typehandlers.ctypeparser.TypeTraits object at 0x7fadbb4d7048>))
/home/cs18/tarballs/ns-allinone-3.34/ns-3.34/src/lr-wpan/bindings/modulegen__gcc_LP64.py:7180: Warning: exception TypeConfigurationError('direction not given',) in wrapper <pybindgen.cppmethod.CppConstructor object at 0x7fadbb4cdfd0>
  cls.add_constructor([param('uint8_t const *', 'buffer'), param('uint32_t', 'size')])
DEBUG:pybindgen.typehandlers:TypeMatcher.lookup('void')
DEBUG:pybindgen.typehandlers:try to lookup type handler for 'void' => success ((<class 'pybindgen.typehandlers.voidtype.VoidReturn'>, None, <pybindgen.typehandlers.ctypeparser.TypeTraits object at 0x7fadbb4d7198>))
DEBUG:pybindgen.typehandlers:TypeMatcher.lookup('ns3::Ptr< ns3::Packet const >')
DEBUG:pybindgen.typehandlers:try to lookup type handler for 'ns3::Ptr< ns3::Packet const >' => failure
DEBUG:pybindgen.typehandlers:try to lookup type handler for 'ns3::Packet *' => success ((<class 'pybindgen.cppclass.MemoryPolicy.register_ptr_parameter_and_return.<locals>.ThisClassPtrParameter'>, <ns3modulegen_core_customizations.SmartPointerTransformation object at 0x7fadbc4dbac8>, <pybindgen.typehandlers.ctypeparser.TypeTraits object at 0x7fadbb4d75c0>))
DEBUG:pybindgen.typehandlers:TypeMatcher.lookup('void')
DEBUG:pybindgen.typehandlers:try to lookup type handler for 'void' => success ((<class 'pybindgen.typehandlers.voidtype.VoidReturn'>, None, <pybindgen.typehandlers.ctypeparser.TypeTraits object at 0x7fadbb4d7828>))
DEBUG:pybindgen.typehandlers:TypeMatcher.lookup('ns3::Tag const &')
DEBUG:pybindgen.typehandlers:try to lookup type handler for 'ns3::Tag const &' => success ((<class 'pybindgen.cppclass.CppClass.__init__.<locals>.ThisClassRefParameter'>, None, <pybindgen.typehandlers.ctypeparser.TypeTraits object at 0x7fadbb4d7978>))
DEBUG:pybindgen.typehandlers:TypeMatcher.lookup('void')
DEBUG:pybindgen.typehandlers:try to lookup type handler for 'void' => success ((<class 'pybindgen.typehandlers.voidtype.VoidReturn'>, None, <pybindgen.typehandlers.ctypeparser.TypeTraits object at 0x7fadbb4cdfd0>))
DEBUG:pybindgen.typehandlers:TypeMatcher.lookup('ns3::Tag const &')
DEBUG:pybindgen.typehandlers:try to lookup type handler for 'ns3::Tag const &' => success ((<class 'pybindgen.cppclass.CppClass.__init__.<locals>.ThisClassRefParameter'>, None, <pybindgen.typehandlers.ctypeparser.TypeTraits object at 0x7fadbb4cdeb8>))
DEBUG:pybindgen.typehandlers:TypeMatcher.lookup('uint32_t')
DEBUG:pybindgen.typehandlers:try to lookup type handler for 'uint32_t' => success ((<class 'pybindgen.typehandlers.inttype.UnsignedIntParam'>, None, <pybindgen.typehandlers.ctypeparser.TypeTraits object at 0x7fadbb4cd320>))
DEBUG:pybindgen.typehandlers:TypeMatcher.lookup('uint32_t')
DEBUG:pybindgen.typehandlers:try to lookup type handler for 'uint32_t' => success ((<class 'pybindgen.typehandlers.inttype.UnsignedIntParam'>, None, <pybindgen.typehandlers.ctypeparser.TypeTraits object at 0x7fadbb4cd240>))
DEBUG:pybindgen.typehandlers:TypeMatcher.lookup('void')
DEBUG:pybindgen.typehandlers:try to lookup type handler for 'void' => success ((<class 'pybindgen.typehandlers.voidtype.VoidReturn'>, None, <pybindgen.typehandlers.ctypeparser.TypeTraits object at 0x7fadbb4d7e10>))
DEBUG:pybindgen.typehandlers:TypeMatcher.lookup('ns3::Header const &')
DEBUG:pybindgen.typehandlers:try to lookup type handler for 'ns3::Header const &' => success ((<class 'pybindgen.cppclass.CppClass.__init__.<locals>.ThisClassRefParameter'>, None, <pybindgen.typehandlers.ctypeparser.TypeTraits object at 0x7fadbb4d7f60>))
DEBUG:pybindgen.typehandlers:TypeMatcher.lookup('void')
DEBUG:pybindgen.typehandlers:try to lookup type handler for 'void' => success ((<class 'pybindgen.typehandlers.voidtype.VoidReturn'>, None, <pybindgen.typehandlers.ctypeparser.TypeTraits object at 0x7fadbb4d1390>))
DEBUG:pybindgen.typehandlers:TypeMatcher.lookup('ns3::Tag const &')
DEBUG:pybindgen.typehandlers:try to lookup type handler for 'ns3::Tag const &' => success ((<class 'pybindgen.cppclass.CppClass.__init__.<locals>.ThisClassRefParameter'>, None, <pybindgen.typehandlers.ctypeparser.TypeTraits object at 0x7fadbb4d14e0>))
DEBUG:pybindgen.typehandlers:TypeMatcher.lookup('void')
DEBUG:pybindgen.typehandlers:try to lookup type handler for 'void' => success ((<class 'pybindgen.typehandlers.voidtype.VoidReturn'>, None, <pybindgen.typehandlers.ctypeparser.TypeTraits object at 0x7fadbb4d18d0>))
DEBUG:pybindgen.typehandlers:TypeMatcher.lookup('uint32_t')
DEBUG:pybindgen.typehandlers:try to lookup type handler for 'uint32_t' => success ((<class 'pybindgen.typehandlers.inttype.UnsignedIntParam'>, None, <pybindgen.typehandlers.ctypeparser.TypeTraits object at 0x7fadbb4d1a20>))
DEBUG:pybindgen.typehandlers:TypeMatcher.lookup('void')
DEBUG:pybindgen.typehandlers:try to lookup type handler for 'void' => success ((<class 'pybindgen.typehandlers.voidtype.VoidReturn'>, None, <pybindgen.typehandlers.ctypeparser.TypeTraits object at 0x7fadbb4d1d68>))
DEBUG:pybindgen.typehandlers:TypeMatcher.lookup('ns3::Trailer const &')
DEBUG:pybindgen.typehandlers:try to lookup type handler for 'ns3::Trailer const &' => success ((<class 'pybindgen.cppclass.CppClass.__init__.<locals>.ThisClassRefParameter'>, None, <pybindgen.typehandlers.ctypeparser.TypeTraits object at 0x7fadbb4d1eb8>))
DEBUG:pybindgen.typehandlers:TypeMatcher.lookup('ns3::PacketMetadata::ItemIterator')
DEBUG:pybindgen.typehandlers:try to lookup type handler for 'ns3::PacketMetadata::ItemIterator' => success ((<class 'pybindgen.cppclass.CppClass.__init__.<locals>.ThisClassReturn'>, None, <pybindgen.typehandlers.ctypeparser.TypeTraits object at 0x7fadbb4612e8>))
DEBUG:pybindgen.typehandlers:TypeMatcher.lookup('ns3::Ptr< ns3::Packet >')
DEBUG:pybindgen.typehandlers:try to lookup type handler for 'ns3::Ptr< ns3::Packet >' => failure
DEBUG:pybindgen.typehandlers:try to lookup type handler for 'ns3::Packet *' => success ((<class 'pybindgen.cppclass.MemoryPolicy.register_ptr_parameter_and_return.<locals>.ThisClassPtrReturn'>, <ns3modulegen_core_customizations.SmartPointerTransformation object at 0x7fadbc4dbac8>, <pybindgen.typehandlers.ctypeparser.TypeTraits object at 0x7fadbb461898>))
DEBUG:pybindgen.typehandlers:TypeMatcher.lookup('uint32_t')
DEBUG:pybindgen.typehandlers:try to lookup type handler for 'uint32_t' => success ((<class 'pybindgen.typehandlers.inttype.UnsignedIntReturn'>, None, <pybindgen.typehandlers.ctypeparser.TypeTraits object at 0x7fadbb461b00>))
DEBUG:pybindgen.typehandlers:TypeMatcher.lookup('uint8_t *')
DEBUG:pybindgen.typehandlers:try to lookup type handler for 'uint8_t *' => success ((<class 'pybindgen.typehandlers.inttype.UInt8PtrParam'>, None, <pybindgen.typehandlers.ctypeparser.TypeTraits object at 0x7fadbb461c18>))
/home/cs18/tarballs/ns-allinone-3.34/ns-3.34/src/lr-wpan/bindings/modulegen__gcc_LP64.py:7226: Warning: exception TypeConfigurationError('direction not given',) in wrapper public: retval? ???::CopyData (params?) const;
  is_const=True)
DEBUG:pybindgen.typehandlers:TypeMatcher.lookup('void')
DEBUG:pybindgen.typehandlers:try to lookup type handler for 'void' => success ((<class 'pybindgen.typehandlers.voidtype.VoidReturn'>, None, <pybindgen.typehandlers.ctypeparser.TypeTraits object at 0x7fadbb461cf8>))
DEBUG:pybindgen.typehandlers:TypeMatcher.lookup('std::ostream *')
DEBUG:pybindgen.typehandlers:try to lookup type handler for 'std::ostream *' => failure
'std::ostream *' did not match
/home/cs18/tarballs/ns-allinone-3.34/ns-3.34/src/lr-wpan/bindings/modulegen__gcc_LP64.py:7231: Warning: exception TypeLookupError(['std::ostream *'],) in wrapper public: retval? ???::CopyData (params?) const;
  is_const=True)
DEBUG:pybindgen.typehandlers:TypeMatcher.lookup('ns3::Ptr< ns3::Packet >')
DEBUG:pybindgen.typehandlers:try to lookup type handler for 'ns3::Ptr< ns3::Packet >' => failure
DEBUG:pybindgen.typehandlers:try to lookup type handler for 'ns3::Packet *' => success ((<class 'pybindgen.cppclass.MemoryPolicy.register_ptr_parameter_and_return.<locals>.ThisClassPtrReturn'>, <ns3modulegen_core_customizations.SmartPointerTransformation object at 0x7fadbc4dbac8>, <pybindgen.typehandlers.ctypeparser.TypeTraits object at 0x7fadbb46a208>))
DEBUG:pybindgen.typehandlers:TypeMatcher.lookup('uint32_t')
DEBUG:pybindgen.typehandlers:try to lookup type handler for 'uint32_t' => success ((<class 'pybindgen.typehandlers.inttype.UnsignedIntParam'>, None, <pybindgen.typehandlers.ctypeparser.TypeTraits object at 0x7fadbb46a160>))
DEBUG:pybindgen.typehandlers:TypeMatcher.lookup('uint32_t')
DEBUG:pybindgen.typehandlers:try to lookup type handler for 'uint32_t' => success ((<class 'pybindgen.typehandlers.inttype.UnsignedIntParam'>, None, <pybindgen.typehandlers.ctypeparser.TypeTraits object at 0x7fadbb461f28>))
DEBUG:pybindgen.typehandlers:TypeMatcher.lookup('void')
DEBUG:pybindgen.typehandlers:try to lookup type handler for 'void' => success ((<class 'pybindgen.typehandlers.voidtype.VoidReturn'>, None, <pybindgen.typehandlers.ctypeparser.TypeTraits object at 0x7fadbb461be0>))
DEBUG:pybindgen.typehandlers:TypeMatcher.lookup('void')
DEBUG:pybindgen.typehandlers:try to lookup type handler for 'void' => success ((<class 'pybindgen.typehandlers.voidtype.VoidReturn'>, None, <pybindgen.typehandlers.ctypeparser.TypeTraits object at 0x7fadbb46a550>))
DEBUG:pybindgen.typehandlers:TypeMatcher.lookup('bool')
DEBUG:pybindgen.typehandlers:try to lookup type handler for 'bool' => success ((<class 'pybindgen.typehandlers.booltype.BoolReturn'>, None, <pybindgen.typehandlers.ctypeparser.TypeTraits object at 0x7fadbb46a908>))
DEBUG:pybindgen.typehandlers:TypeMatcher.lookup('ns3::Tag &')
DEBUG:pybindgen.typehandlers:try to lookup type handler for 'ns3::Tag &' => success ((<class 'pybindgen.cppclass.CppClass.__init__.<locals>.ThisClassRefParameter'>, None, <pybindgen.typehandlers.ctypeparser.TypeTraits object at 0x7fadbb46aa58>))
DEBUG:pybindgen.typehandlers:TypeMatcher.lookup('ns3::ByteTagIterator')
DEBUG:pybindgen.typehandlers:try to lookup type handler for 'ns3::ByteTagIterator' => success ((<class 'pybindgen.cppclass.CppClass.__init__.<locals>.ThisClassReturn'>, None, <pybindgen.typehandlers.ctypeparser.TypeTraits object at 0x7fadbb46add8>))
DEBUG:pybindgen.typehandlers:TypeMatcher.lookup('ns3::Ptr< ns3::NixVector >')
DEBUG:pybindgen.typehandlers:try to lookup type handler for 'ns3::Ptr< ns3::NixVector >' => failure
DEBUG:pybindgen.typehandlers:try to lookup type handler for 'ns3::NixVector *' => success ((<class 'pybindgen.cppclass.MemoryPolicy.register_ptr_parameter_and_return.<locals>.ThisClassPtrReturn'>, <ns3modulegen_core_customizations.SmartPointerTransformation object at 0x7fadbc4dbac8>, <pybindgen.typehandlers.ctypeparser.TypeTraits object at 0x7fadbb4703c8>))
DEBUG:pybindgen.typehandlers:TypeMatcher.lookup('ns3::PacketTagIterator')
DEBUG:pybindgen.typehandlers:try to lookup type handler for 'ns3::PacketTagIterator' => success ((<class 'pybindgen.cppclass.CppClass.__init__.<locals>.ThisClassReturn'>, None, <pybindgen.typehandlers.ctypeparser.TypeTraits object at 0x7fadbb470630>))
DEBUG:pybindgen.typehandlers:TypeMatcher.lookup('uint32_t')
DEBUG:pybindgen.typehandlers:try to lookup type handler for 'uint32_t' => success ((<class 'pybindgen.typehandlers.inttype.UnsignedIntReturn'>, None, <pybindgen.typehandlers.ctypeparser.TypeTraits object at 0x7fadbb4709b0>))
DEBUG:pybindgen.typehandlers:TypeMatcher.lookup('uint32_t')
DEBUG:pybindgen.typehandlers:try to lookup type handler for 'uint32_t' => success ((<class 'pybindgen.typehandlers.inttype.UnsignedIntReturn'>, None, <pybindgen.typehandlers.ctypeparser.TypeTraits object at 0x7fadbb470d30>))
DEBUG:pybindgen.typehandlers:TypeMatcher.lookup('uint64_t')
DEBUG:pybindgen.typehandlers:try to lookup type handler for 'uint64_t' => success ((<class 'pybindgen.typehandlers.inttype.UnsignedLongLongReturn'>, None, <pybindgen.typehandlers.ctypeparser.TypeTraits object at 0x7fadbb4770f0>))
DEBUG:pybindgen.typehandlers:TypeMatcher.lookup('uint32_t')
DEBUG:pybindgen.typehandlers:try to lookup type handler for 'uint32_t' => success ((<class 'pybindgen.typehandlers.inttype.UnsignedIntReturn'>, None, <pybindgen.typehandlers.ctypeparser.TypeTraits object at 0x7fadbb477470>))
DEBUG:pybindgen.typehandlers:TypeMatcher.lookup('ns3::Header &')
DEBUG:pybindgen.typehandlers:try to lookup type handler for 'ns3::Header &' => success ((<class 'pybindgen.cppclass.CppClass.__init__.<locals>.ThisClassRefParameter'>, None, <pybindgen.typehandlers.ctypeparser.TypeTraits object at 0x7fadbb477588>))
DEBUG:pybindgen.typehandlers:TypeMatcher.lookup('uint32_t')
DEBUG:pybindgen.typehandlers:try to lookup type handler for 'uint32_t' => success ((<class 'pybindgen.typehandlers.inttype.UnsignedIntReturn'>, None, <pybindgen.typehandlers.ctypeparser.TypeTraits object at 0x7fadbb477908>))
DEBUG:pybindgen.typehandlers:TypeMatcher.lookup('ns3::Header &')
DEBUG:pybindgen.typehandlers:try to lookup type handler for 'ns3::Header &' => success ((<class 'pybindgen.cppclass.CppClass.__init__.<locals>.ThisClassRefParameter'>, None, <pybindgen.typehandlers.ctypeparser.TypeTraits object at 0x7fadbb477a20>))
DEBUG:pybindgen.typehandlers:TypeMatcher.lookup('uint32_t')
DEBUG:pybindgen.typehandlers:try to lookup type handler for 'uint32_t' => success ((<class 'pybindgen.typehandlers.inttype.UnsignedIntParam'>, None, <pybindgen.typehandlers.ctypeparser.TypeTraits object at 0x7fadbb477b38>))
DEBUG:pybindgen.typehandlers:TypeMatcher.lookup('bool')
DEBUG:pybindgen.typehandlers:try to lookup type handler for 'bool' => success ((<class 'pybindgen.typehandlers.booltype.BoolReturn'>, None, <pybindgen.typehandlers.ctypeparser.TypeTraits object at 0x7fadbb477e48>))
DEBUG:pybindgen.typehandlers:TypeMatcher.lookup('ns3::Tag &')
DEBUG:pybindgen.typehandlers:try to lookup type handler for 'ns3::Tag &' => success ((<class 'pybindgen.cppclass.CppClass.__init__.<locals>.ThisClassRefParameter'>, None, <pybindgen.typehandlers.ctypeparser.TypeTraits object at 0x7fadbb477f98>))
DEBUG:pybindgen.typehandlers:TypeMatcher.lookup('uint32_t')
DEBUG:pybindgen.typehandlers:try to lookup type handler for 'uint32_t' => success ((<class 'pybindgen.typehandlers.inttype.UnsignedIntReturn'>, None, <pybindgen.typehandlers.ctypeparser.TypeTraits object at 0x7fadbb480358>))
DEBUG:pybindgen.typehandlers:TypeMatcher.lookup('ns3::Trailer &')
DEBUG:pybindgen.typehandlers:try to lookup type handler for 'ns3::Trailer &' => success ((<class 'pybindgen.cppclass.CppClass.__init__.<locals>.ThisClassRefParameter'>, None, <pybindgen.typehandlers.ctypeparser.TypeTraits object at 0x7fadbb480470>))
DEBUG:pybindgen.typehandlers:TypeMatcher.lookup('void')
DEBUG:pybindgen.typehandlers:try to lookup type handler for 'void' => success ((<class 'pybindgen.typehandlers.voidtype.VoidReturn'>, None, <pybindgen.typehandlers.ctypeparser.TypeTraits object at 0x7fadbb4807f0>))
DEBUG:pybindgen.typehandlers:TypeMatcher.lookup('std::ostream &')
DEBUG:pybindgen.typehandlers:try to lookup type handler for 'std::ostream &' => failure
'std::ostream &' did not match
/home/cs18/tarballs/ns-allinone-3.34/ns-3.34/src/lr-wpan/bindings/modulegen__gcc_LP64.py:7305: Warning: exception TypeLookupError(['std::ostream &'],) in wrapper public: retval? ???::Print (params?) const;
  is_const=True)
DEBUG:pybindgen.typehandlers:TypeMatcher.lookup('void')
DEBUG:pybindgen.typehandlers:try to lookup type handler for 'void' => success ((<class 'pybindgen.typehandlers.voidtype.VoidReturn'>, None, <pybindgen.typehandlers.ctypeparser.TypeTraits object at 0x7fadbb480a58>))
DEBUG:pybindgen.typehandlers:TypeMatcher.lookup('std::ostream &')
DEBUG:pybindgen.typehandlers:try to lookup type handler for 'std::ostream &' => failure
'std::ostream &' did not match
/home/cs18/tarballs/ns-allinone-3.34/ns-3.34/src/lr-wpan/bindings/modulegen__gcc_LP64.py:7310: Warning: exception TypeLookupError(['std::ostream &'],) in wrapper public: retval? ???::PrintByteTags (params?) const;
  is_const=True)
DEBUG:pybindgen.typehandlers:TypeMatcher.lookup('void')
DEBUG:pybindgen.typehandlers:try to lookup type handler for 'void' => success ((<class 'pybindgen.typehandlers.voidtype.VoidReturn'>, None, <pybindgen.typehandlers.ctypeparser.TypeTraits object at 0x7fadbb480c88>))
DEBUG:pybindgen.typehandlers:TypeMatcher.lookup('std::ostream &')
DEBUG:pybindgen.typehandlers:try to lookup type handler for 'std::ostream &' => failure
'std::ostream &' did not match
/home/cs18/tarballs/ns-allinone-3.34/ns-3.34/src/lr-wpan/bindings/modulegen__gcc_LP64.py:7315: Warning: exception TypeLookupError(['std::ostream &'],) in wrapper public: retval? ???::PrintPacketTags (params?) const;
  is_const=True)
DEBUG:pybindgen.typehandlers:TypeMatcher.lookup('void')
DEBUG:pybindgen.typehandlers:try to lookup type handler for 'void' => success ((<class 'pybindgen.typehandlers.voidtype.VoidReturn'>, None, <pybindgen.typehandlers.ctypeparser.TypeTraits object at 0x7fadbb480eb8>))
DEBUG:pybindgen.typehandlers:TypeMatcher.lookup('void')
DEBUG:pybindgen.typehandlers:try to lookup type handler for 'void' => success ((<class 'pybindgen.typehandlers.voidtype.VoidReturn'>, None, <pybindgen.typehandlers.ctypeparser.TypeTraits object at 0x7fadbb48b2b0>))
DEBUG:pybindgen.typehandlers:TypeMatcher.lookup('void')
DEBUG:pybindgen.typehandlers:try to lookup type handler for 'void' => success ((<class 'pybindgen.typehandlers.voidtype.VoidReturn'>, None, <pybindgen.typehandlers.ctypeparser.TypeTraits object at 0x7fadbb48b6a0>))
DEBUG:pybindgen.typehandlers:TypeMatcher.lookup('uint32_t')
DEBUG:pybindgen.typehandlers:try to lookup type handler for 'uint32_t' => success ((<class 'pybindgen.typehandlers.inttype.UnsignedIntParam'>, None, <pybindgen.typehandlers.ctypeparser.TypeTraits object at 0x7fadbb48b7f0>))
DEBUG:pybindgen.typehandlers:TypeMatcher.lookup('void')
DEBUG:pybindgen.typehandlers:try to lookup type handler for 'void' => success ((<class 'pybindgen.typehandlers.voidtype.VoidReturn'>, None, <pybindgen.typehandlers.ctypeparser.TypeTraits object at 0x7fadbb48bb38>))
DEBUG:pybindgen.typehandlers:TypeMatcher.lookup('uint32_t')
DEBUG:pybindgen.typehandlers:try to lookup type handler for 'uint32_t' => success ((<class 'pybindgen.typehandlers.inttype.UnsignedIntParam'>, None, <pybindgen.typehandlers.ctypeparser.TypeTraits object at 0x7fadbb48bc88>))
DEBUG:pybindgen.typehandlers:TypeMatcher.lookup('uint32_t')
DEBUG:pybindgen.typehandlers:try to lookup type handler for 'uint32_t' => success ((<class 'pybindgen.typehandlers.inttype.UnsignedIntReturn'>, None, <pybindgen.typehandlers.ctypeparser.TypeTraits object at 0x7fadbb480b00>))
DEBUG:pybindgen.typehandlers:TypeMatcher.lookup('ns3::Header &')
DEBUG:pybindgen.typehandlers:try to lookup type handler for 'ns3::Header &' => success ((<class 'pybindgen.cppclass.CppClass.__init__.<locals>.ThisClassRefParameter'>, None, <pybindgen.typehandlers.ctypeparser.TypeTraits object at 0x7fadbb480ac8>))
DEBUG:pybindgen.typehandlers:TypeMatcher.lookup('uint32_t')
DEBUG:pybindgen.typehandlers:try to lookup type handler for 'uint32_t' => success ((<class 'pybindgen.typehandlers.inttype.UnsignedIntReturn'>, None, <pybindgen.typehandlers.ctypeparser.TypeTraits object at 0x7fadbb48bdd8>))
DEBUG:pybindgen.typehandlers:TypeMatcher.lookup('ns3::Header &')
DEBUG:pybindgen.typehandlers:try to lookup type handler for 'ns3::Header &' => success ((<class 'pybindgen.cppclass.CppClass.__init__.<locals>.ThisClassRefParameter'>, None, <pybindgen.typehandlers.ctypeparser.TypeTraits object at 0x7fadbb48bef0>))
DEBUG:pybindgen.typehandlers:TypeMatcher.lookup('uint32_t')
DEBUG:pybindgen.typehandlers:try to lookup type handler for 'uint32_t' => success ((<class 'pybindgen.typehandlers.inttype.UnsignedIntParam'>, None, <pybindgen.typehandlers.ctypeparser.TypeTraits object at 0x7fadbb490048>))
DEBUG:pybindgen.typehandlers:TypeMatcher.lookup('bool')
DEBUG:pybindgen.typehandlers:try to lookup type handler for 'bool' => success ((<class 'pybindgen.typehandlers.booltype.BoolReturn'>, None, <pybindgen.typehandlers.ctypeparser.TypeTraits object at 0x7fadbb490358>))
DEBUG:pybindgen.typehandlers:TypeMatcher.lookup('ns3::Tag &')
DEBUG:pybindgen.typehandlers:try to lookup type handler for 'ns3::Tag &' => success ((<class 'pybindgen.cppclass.CppClass.__init__.<locals>.ThisClassRefParameter'>, None, <pybindgen.typehandlers.ctypeparser.TypeTraits object at 0x7fadbb4904a8>))
DEBUG:pybindgen.typehandlers:TypeMatcher.lookup('uint32_t')
DEBUG:pybindgen.typehandlers:try to lookup type handler for 'uint32_t' => success ((<class 'pybindgen.typehandlers.inttype.UnsignedIntReturn'>, None, <pybindgen.typehandlers.ctypeparser.TypeTraits object at 0x7fadbb490828>))
DEBUG:pybindgen.typehandlers:TypeMatcher.lookup('ns3::Trailer &')
DEBUG:pybindgen.typehandlers:try to lookup type handler for 'ns3::Trailer &' => success ((<class 'pybindgen.cppclass.CppClass.__init__.<locals>.ThisClassRefParameter'>, None, <pybindgen.typehandlers.ctypeparser.TypeTraits object at 0x7fadbb490940>))
DEBUG:pybindgen.typehandlers:TypeMatcher.lookup('bool')
DEBUG:pybindgen.typehandlers:try to lookup type handler for 'bool' => success ((<class 'pybindgen.typehandlers.booltype.BoolReturn'>, None, <pybindgen.typehandlers.ctypeparser.TypeTraits object at 0x7fadbb490cc0>))
DEBUG:pybindgen.typehandlers:TypeMatcher.lookup('ns3::Tag &')
DEBUG:pybindgen.typehandlers:try to lookup type handler for 'ns3::Tag &' => success ((<class 'pybindgen.cppclass.CppClass.__init__.<locals>.ThisClassRefParameter'>, None, <pybindgen.typehandlers.ctypeparser.TypeTraits object at 0x7fadbb490e10>))
DEBUG:pybindgen.typehandlers:TypeMatcher.lookup('uint32_t')
DEBUG:pybindgen.typehandlers:try to lookup type handler for 'uint32_t' => success ((<class 'pybindgen.typehandlers.inttype.UnsignedIntReturn'>, None, <pybindgen.typehandlers.ctypeparser.TypeTraits object at 0x7fadbb4961d0>))
DEBUG:pybindgen.typehandlers:TypeMatcher.lookup('uint8_t *')
DEBUG:pybindgen.typehandlers:try to lookup type handler for 'uint8_t *' => success ((<class 'pybindgen.typehandlers.inttype.UInt8PtrParam'>, None, <pybindgen.typehandlers.ctypeparser.TypeTraits object at 0x7fadbb4962e8>))
/home/cs18/tarballs/ns-allinone-3.34/ns-3.34/src/lr-wpan/bindings/modulegen__gcc_LP64.py:7356: Warning: exception TypeConfigurationError('direction not given',) in wrapper public: retval? ???::Serialize (params?) const;
  is_const=True)
DEBUG:pybindgen.typehandlers:TypeMatcher.lookup('void')
DEBUG:pybindgen.typehandlers:try to lookup type handler for 'void' => success ((<class 'pybindgen.typehandlers.voidtype.VoidReturn'>, None, <pybindgen.typehandlers.ctypeparser.TypeTraits object at 0x7fadbb4963c8>))
DEBUG:pybindgen.typehandlers:TypeMatcher.lookup('ns3::Ptr< ns3::NixVector >')
DEBUG:pybindgen.typehandlers:try to lookup type handler for 'ns3::Ptr< ns3::NixVector >' => failure
DEBUG:pybindgen.typehandlers:try to lookup type handler for 'ns3::NixVector *' => success ((<class 'pybindgen.cppclass.MemoryPolicy.register_ptr_parameter_and_return.<locals>.ThisClassPtrParameter'>, <ns3modulegen_core_customizations.SmartPointerTransformation object at 0x7fadbc4dbac8>, <pybindgen.typehandlers.ctypeparser.TypeTraits object at 0x7fadbb4967b8>))
DEBUG:pybindgen.typehandlers:TypeMatcher.lookup('std::string')
DEBUG:pybindgen.typehandlers:try to lookup type handler for 'std::string' => success ((<class 'pybindgen.typehandlers.stringtype.StdStringReturn'>, None, <pybindgen.typehandlers.ctypeparser.TypeTraits object at 0x7fadbb4969e8>))
DEBUG:pybindgen.typehandlers:TypeMatcher.lookup('ns3::Time const &')
DEBUG:pybindgen.typehandlers:try to lookup type handler for 'ns3::Time const &' => success ((<class 'pybindgen.cppclass.CppClass.__init__.<locals>.ThisClassRefParameter'>, None, <pybindgen.typehandlers.ctypeparser.TypeTraits object at 0x7fadbb41f048>))
DEBUG:pybindgen.typehandlers:TypeMatcher.lookup('ns3::TimeValue const &')
DEBUG:pybindgen.typehandlers:try to lookup type handler for 'ns3::TimeValue const &' => success ((<class 'pybindgen.cppclass.CppClass.__init__.<locals>.ThisClassRefParameter'>, None, <pybindgen.typehandlers.ctypeparser.TypeTraits object at 0x7fadbb4962b0>))
DEBUG:pybindgen.typehandlers:TypeMatcher.lookup('ns3::Ptr< ns3::AttributeValue >')
DEBUG:pybindgen.typehandlers:try to lookup type handler for 'ns3::Ptr< ns3::AttributeValue >' => failure
DEBUG:pybindgen.typehandlers:try to lookup type handler for 'ns3::AttributeValue *' => success ((<class 'pybindgen.cppclass.MemoryPolicy.register_ptr_parameter_and_return.<locals>.ThisClassPtrReturn'>, <ns3modulegen_core_customizations.SmartPointerTransformation object at 0x7fadbc4dbac8>, <pybindgen.typehandlers.ctypeparser.TypeTraits object at 0x7fadbb41f7b8>))
DEBUG:pybindgen.typehandlers:TypeMatcher.lookup('bool')
DEBUG:pybindgen.typehandlers:try to lookup type handler for 'bool' => success ((<class 'pybindgen.typehandlers.booltype.BoolReturn'>, None, <pybindgen.typehandlers.ctypeparser.TypeTraits object at 0x7fadbb41fa20>))
DEBUG:pybindgen.typehandlers:TypeMatcher.lookup('std::string')
DEBUG:pybindgen.typehandlers:try to lookup type handler for 'std::string' => success ((<class 'pybindgen.typehandlers.stringtype.StdStringParam'>, None, <pybindgen.typehandlers.ctypeparser.TypeTraits object at 0x7fadbb41fb70>))
DEBUG:pybindgen.typehandlers:TypeMatcher.lookup('ns3::Ptr< ns3::AttributeChecker const >')
DEBUG:pybindgen.typehandlers:try to lookup type handler for 'ns3::Ptr< ns3::AttributeChecker const >' => failure
DEBUG:pybindgen.typehandlers:try to lookup type handler for 'ns3::AttributeChecker *' => success ((<class 'pybindgen.cppclass.MemoryPolicy.register_ptr_parameter_and_return.<locals>.ThisClassPtrParameter'>, <ns3modulegen_core_customizations.SmartPointerTransformation object at 0x7fadbc4dbac8>, <pybindgen.typehandlers.ctypeparser.TypeTraits object at 0x7fadbb41feb8>))
DEBUG:pybindgen.typehandlers:TypeMatcher.lookup('ns3::Time')
DEBUG:pybindgen.typehandlers:try to lookup type handler for 'ns3::Time' => success ((<class 'pybindgen.cppclass.CppClass.__init__.<locals>.ThisClassReturn'>, None, <pybindgen.typehandlers.ctypeparser.TypeTraits object at 0x7fadbb423160>))
DEBUG:pybindgen.typehandlers:TypeMatcher.lookup('std::string')
DEBUG:pybindgen.typehandlers:try to lookup type handler for 'std::string' => success ((<class 'pybindgen.typehandlers.stringtype.StdStringReturn'>, None, <pybindgen.typehandlers.ctypeparser.TypeTraits object at 0x7fadbb4234e0>))
DEBUG:pybindgen.typehandlers:TypeMatcher.lookup('ns3::Ptr< ns3::AttributeChecker const >')
DEBUG:pybindgen.typehandlers:try to lookup type handler for 'ns3::Ptr< ns3::AttributeChecker const >' => failure
DEBUG:pybindgen.typehandlers:try to lookup type handler for 'ns3::AttributeChecker *' => success ((<class 'pybindgen.cppclass.MemoryPolicy.register_ptr_parameter_and_return.<locals>.ThisClassPtrParameter'>, <ns3modulegen_core_customizations.SmartPointerTransformation object at 0x7fadbc4dbac8>, <pybindgen.typehandlers.ctypeparser.TypeTraits object at 0x7fadbb423860>))
DEBUG:pybindgen.typehandlers:TypeMatcher.lookup('void')
DEBUG:pybindgen.typehandlers:try to lookup type handler for 'void' => success ((<class 'pybindgen.typehandlers.voidtype.VoidReturn'>, None, <pybindgen.typehandlers.ctypeparser.TypeTraits object at 0x7fadbb423ac8>))
DEBUG:pybindgen.typehandlers:TypeMatcher.lookup('ns3::Time const &')
DEBUG:pybindgen.typehandlers:try to lookup type handler for 'ns3::Time const &' => success ((<class 'pybindgen.cppclass.CppClass.__init__.<locals>.ThisClassRefParameter'>, None, <pybindgen.typehandlers.ctypeparser.TypeTraits object at 0x7fadbb423c18>))
DEBUG:pybindgen.typehandlers:TypeMatcher.lookup('ns3::TypeIdChecker const &')
DEBUG:pybindgen.typehandlers:try to lookup type handler for 'ns3::TypeIdChecker const &' => success ((<class 'pybindgen.cppclass.CppClass.__init__.<locals>.ThisClassRefParameter'>, None, <pybindgen.typehandlers.ctypeparser.TypeTraits object at 0x7fadbb42c2e8>))
DEBUG:pybindgen.typehandlers:TypeMatcher.lookup('ns3::TypeId const &')
DEBUG:pybindgen.typehandlers:try to lookup type handler for 'ns3::TypeId const &' => success ((<class 'pybindgen.cppclass.CppClass.__init__.<locals>.ThisClassRefParameter'>, None, <pybindgen.typehandlers.ctypeparser.TypeTraits object at 0x7fadbb42c940>))
DEBUG:pybindgen.typehandlers:TypeMatcher.lookup('ns3::TypeIdValue const &')
DEBUG:pybindgen.typehandlers:try to lookup type handler for 'ns3::TypeIdValue const &' => success ((<class 'pybindgen.cppclass.CppClass.__init__.<locals>.ThisClassRefParameter'>, None, <pybindgen.typehandlers.ctypeparser.TypeTraits object at 0x7fadbb42cd30>))
DEBUG:pybindgen.typehandlers:TypeMatcher.lookup('ns3::Ptr< ns3::AttributeValue >')
DEBUG:pybindgen.typehandlers:try to lookup type handler for 'ns3::Ptr< ns3::AttributeValue >' => failure
DEBUG:pybindgen.typehandlers:try to lookup type handler for 'ns3::AttributeValue *' => success ((<class 'pybindgen.cppclass.MemoryPolicy.register_ptr_parameter_and_return.<locals>.ThisClassPtrReturn'>, <ns3modulegen_core_customizations.SmartPointerTransformation object at 0x7fadbc4dbac8>, <pybindgen.typehandlers.ctypeparser.TypeTraits object at 0x7fadbb433358>))
DEBUG:pybindgen.typehandlers:TypeMatcher.lookup('bool')
DEBUG:pybindgen.typehandlers:try to lookup type handler for 'bool' => success ((<class 'pybindgen.typehandlers.booltype.BoolReturn'>, None, <pybindgen.typehandlers.ctypeparser.TypeTraits object at 0x7fadbb4335c0>))
DEBUG:pybindgen.typehandlers:TypeMatcher.lookup('std::string')
DEBUG:pybindgen.typehandlers:try to lookup type handler for 'std::string' => success ((<class 'pybindgen.typehandlers.stringtype.StdStringParam'>, None, <pybindgen.typehandlers.ctypeparser.TypeTraits object at 0x7fadbb433710>))
DEBUG:pybindgen.typehandlers:TypeMatcher.lookup('ns3::Ptr< ns3::AttributeChecker const >')
DEBUG:pybindgen.typehandlers:try to lookup type handler for 'ns3::Ptr< ns3::AttributeChecker const >' => failure
DEBUG:pybindgen.typehandlers:try to lookup type handler for 'ns3::AttributeChecker *' => success ((<class 'pybindgen.cppclass.MemoryPolicy.register_ptr_parameter_and_return.<locals>.ThisClassPtrParameter'>, <ns3modulegen_core_customizations.SmartPointerTransformation object at 0x7fadbc4dbac8>, <pybindgen.typehandlers.ctypeparser.TypeTraits object at 0x7fadbb433a58>))
DEBUG:pybindgen.typehandlers:TypeMatcher.lookup('ns3::TypeId')
DEBUG:pybindgen.typehandlers:try to lookup type handler for 'ns3::TypeId' => success ((<class 'pybindgen.cppclass.CppClass.__init__.<locals>.ThisClassReturn'>, None, <pybindgen.typehandlers.ctypeparser.TypeTraits object at 0x7fadbb433cc0>))
DEBUG:pybindgen.typehandlers:TypeMatcher.lookup('std::string')
DEBUG:pybindgen.typehandlers:try to lookup type handler for 'std::string' => success ((<class 'pybindgen.typehandlers.stringtype.StdStringReturn'>, None, <pybindgen.typehandlers.ctypeparser.TypeTraits object at 0x7fadbb43a080>))
DEBUG:pybindgen.typehandlers:TypeMatcher.lookup('ns3::Ptr< ns3::AttributeChecker const >')
DEBUG:pybindgen.typehandlers:try to lookup type handler for 'ns3::Ptr< ns3::AttributeChecker const >' => failure
DEBUG:pybindgen.typehandlers:try to lookup type handler for 'ns3::AttributeChecker *' => success ((<class 'pybindgen.cppclass.MemoryPolicy.register_ptr_parameter_and_return.<locals>.ThisClassPtrParameter'>, <ns3modulegen_core_customizations.SmartPointerTransformation object at 0x7fadbc4dbac8>, <pybindgen.typehandlers.ctypeparser.TypeTraits object at 0x7fadbb43a400>))
DEBUG:pybindgen.typehandlers:TypeMatcher.lookup('void')
DEBUG:pybindgen.typehandlers:try to lookup type handler for 'void' => success ((<class 'pybindgen.typehandlers.voidtype.VoidReturn'>, None, <pybindgen.typehandlers.ctypeparser.TypeTraits object at 0x7fadbb43a668>))
DEBUG:pybindgen.typehandlers:TypeMatcher.lookup('ns3::TypeId const &')
DEBUG:pybindgen.typehandlers:try to lookup type handler for 'ns3::TypeId const &' => success ((<class 'pybindgen.cppclass.CppClass.__init__.<locals>.ThisClassRefParameter'>, None, <pybindgen.typehandlers.ctypeparser.TypeTraits object at 0x7fadbb43a7b8>))
DEBUG:pybindgen.typehandlers:TypeMatcher.lookup('uint64_t const &')
DEBUG:pybindgen.typehandlers:try to lookup type handler for 'uint64_t const &' => success ((<class 'pybindgen.typehandlers.inttype.UnsignedLongLongRefParam'>, None, <pybindgen.typehandlers.ctypeparser.TypeTraits object at 0x7fadbb43ae48>))
DEBUG:pybindgen.typehandlers:TypeMatcher.lookup('ns3::UintegerValue const &')
DEBUG:pybindgen.typehandlers:try to lookup type handler for 'ns3::UintegerValue const &' => success ((<class 'pybindgen.cppclass.CppClass.__init__.<locals>.ThisClassRefParameter'>, None, <pybindgen.typehandlers.ctypeparser.TypeTraits object at 0x7fadbb443278>))
DEBUG:pybindgen.typehandlers:TypeMatcher.lookup('ns3::Ptr< ns3::AttributeValue >')
DEBUG:pybindgen.typehandlers:try to lookup type handler for 'ns3::Ptr< ns3::AttributeValue >' => failure
DEBUG:pybindgen.typehandlers:try to lookup type handler for 'ns3::AttributeValue *' => success ((<class 'pybindgen.cppclass.MemoryPolicy.register_ptr_parameter_and_return.<locals>.ThisClassPtrReturn'>, <ns3modulegen_core_customizations.SmartPointerTransformation object at 0x7fadbc4dbac8>, <pybindgen.typehandlers.ctypeparser.TypeTraits object at 0x7fadbb443860>))
DEBUG:pybindgen.typehandlers:TypeMatcher.lookup('bool')
DEBUG:pybindgen.typehandlers:try to lookup type handler for 'bool' => success ((<class 'pybindgen.typehandlers.booltype.BoolReturn'>, None, <pybindgen.typehandlers.ctypeparser.TypeTraits object at 0x7fadbb443ac8>))
DEBUG:pybindgen.typehandlers:TypeMatcher.lookup('std::string')
DEBUG:pybindgen.typehandlers:try to lookup type handler for 'std::string' => success ((<class 'pybindgen.typehandlers.stringtype.StdStringParam'>, None, <pybindgen.typehandlers.ctypeparser.TypeTraits object at 0x7fadbb443c18>))
DEBUG:pybindgen.typehandlers:TypeMatcher.lookup('ns3::Ptr< ns3::AttributeChecker const >')
DEBUG:pybindgen.typehandlers:try to lookup type handler for 'ns3::Ptr< ns3::AttributeChecker const >' => failure
DEBUG:pybindgen.typehandlers:try to lookup type handler for 'ns3::AttributeChecker *' => success ((<class 'pybindgen.cppclass.MemoryPolicy.register_ptr_parameter_and_return.<locals>.ThisClassPtrParameter'>, <ns3modulegen_core_customizations.SmartPointerTransformation object at 0x7fadbc4dbac8>, <pybindgen.typehandlers.ctypeparser.TypeTraits object at 0x7fadbb443f60>))
DEBUG:pybindgen.typehandlers:TypeMatcher.lookup('uint64_t')
DEBUG:pybindgen.typehandlers:try to lookup type handler for 'uint64_t' => success ((<class 'pybindgen.typehandlers.inttype.UnsignedLongLongReturn'>, None, <pybindgen.typehandlers.ctypeparser.TypeTraits object at 0x7fadbb44b208>))
DEBUG:pybindgen.typehandlers:TypeMatcher.lookup('std::string')
DEBUG:pybindgen.typehandlers:try to lookup type handler for 'std::string' => success ((<class 'pybindgen.typehandlers.stringtype.StdStringReturn'>, None, <pybindgen.typehandlers.ctypeparser.TypeTraits object at 0x7fadbb44b588>))
DEBUG:pybindgen.typehandlers:TypeMatcher.lookup('ns3::Ptr< ns3::AttributeChecker const >')
DEBUG:pybindgen.typehandlers:try to lookup type handler for 'ns3::Ptr< ns3::AttributeChecker const >' => failure
DEBUG:pybindgen.typehandlers:try to lookup type handler for 'ns3::AttributeChecker *' => success ((<class 'pybindgen.cppclass.MemoryPolicy.register_ptr_parameter_and_return.<locals>.ThisClassPtrParameter'>, <ns3modulegen_core_customizations.SmartPointerTransformation object at 0x7fadbc4dbac8>, <pybindgen.typehandlers.ctypeparser.TypeTraits object at 0x7fadbb44b908>))
DEBUG:pybindgen.typehandlers:TypeMatcher.lookup('void')
DEBUG:pybindgen.typehandlers:try to lookup type handler for 'void' => success ((<class 'pybindgen.typehandlers.voidtype.VoidReturn'>, None, <pybindgen.typehandlers.ctypeparser.TypeTraits object at 0x7fadbb44bb70>))
DEBUG:pybindgen.typehandlers:TypeMatcher.lookup('uint64_t const &')
DEBUG:pybindgen.typehandlers:try to lookup type handler for 'uint64_t const &' => success ((<class 'pybindgen.typehandlers.inttype.UnsignedLongLongRefParam'>, None, <pybindgen.typehandlers.ctypeparser.TypeTraits object at 0x7fadbb44bcc0>))
DEBUG:pybindgen.typehandlers:TypeMatcher.lookup('ns3::AddressChecker const &')
DEBUG:pybindgen.typehandlers:try to lookup type handler for 'ns3::AddressChecker const &' => success ((<class 'pybindgen.cppclass.CppClass.__init__.<locals>.ThisClassRefParameter'>, None, <pybindgen.typehandlers.ctypeparser.TypeTraits object at 0x7fadbb452390>))
DEBUG:pybindgen.typehandlers:TypeMatcher.lookup('ns3::Address const &')
DEBUG:pybindgen.typehandlers:try to lookup type handler for 'ns3::Address const &' => success ((<class 'pybindgen.cppclass.CppClass.__init__.<locals>.ThisClassRefParameter'>, None, <pybindgen.typehandlers.ctypeparser.TypeTraits object at 0x7fadbb4529e8>))
DEBUG:pybindgen.typehandlers:TypeMatcher.lookup('ns3::AddressValue const &')
DEBUG:pybindgen.typehandlers:try to lookup type handler for 'ns3::AddressValue const &' => success ((<class 'pybindgen.cppclass.CppClass.__init__.<locals>.ThisClassRefParameter'>, None, <pybindgen.typehandlers.ctypeparser.TypeTraits object at 0x7fadbb452dd8>))
DEBUG:pybindgen.typehandlers:TypeMatcher.lookup('ns3::Ptr< ns3::AttributeValue >')
DEBUG:pybindgen.typehandlers:try to lookup type handler for 'ns3::Ptr< ns3::AttributeValue >' => failure
DEBUG:pybindgen.typehandlers:try to lookup type handler for 'ns3::AttributeValue *' => success ((<class 'pybindgen.cppclass.MemoryPolicy.register_ptr_parameter_and_return.<locals>.ThisClassPtrReturn'>, <ns3modulegen_core_customizations.SmartPointerTransformation object at 0x7fadbc4dbac8>, <pybindgen.typehandlers.ctypeparser.TypeTraits object at 0x7fadbb3da400>))
DEBUG:pybindgen.typehandlers:TypeMatcher.lookup('bool')
DEBUG:pybindgen.typehandlers:try to lookup type handler for 'bool' => success ((<class 'pybindgen.typehandlers.booltype.BoolReturn'>, None, <pybindgen.typehandlers.ctypeparser.TypeTraits object at 0x7fadbb3da668>))
DEBUG:pybindgen.typehandlers:TypeMatcher.lookup('std::string')
DEBUG:pybindgen.typehandlers:try to lookup type handler for 'std::string' => success ((<class 'pybindgen.typehandlers.stringtype.StdStringParam'>, None, <pybindgen.typehandlers.ctypeparser.TypeTraits object at 0x7fadbb3da7b8>))
DEBUG:pybindgen.typehandlers:TypeMatcher.lookup('ns3::Ptr< ns3::AttributeChecker const >')
DEBUG:pybindgen.typehandlers:try to lookup type handler for 'ns3::Ptr< ns3::AttributeChecker const >' => failure
DEBUG:pybindgen.typehandlers:try to lookup type handler for 'ns3::AttributeChecker *' => success ((<class 'pybindgen.cppclass.MemoryPolicy.register_ptr_parameter_and_return.<locals>.ThisClassPtrParameter'>, <ns3modulegen_core_customizations.SmartPointerTransformation object at 0x7fadbc4dbac8>, <pybindgen.typehandlers.ctypeparser.TypeTraits object at 0x7fadbb3dab00>))
DEBUG:pybindgen.typehandlers:TypeMatcher.lookup('ns3::Address')
DEBUG:pybindgen.typehandlers:try to lookup type handler for 'ns3::Address' => success ((<class 'pybindgen.cppclass.CppClass.__init__.<locals>.ThisClassReturn'>, None, <pybindgen.typehandlers.ctypeparser.TypeTraits object at 0x7fadbb3dad68>))
DEBUG:pybindgen.typehandlers:TypeMatcher.lookup('std::string')
DEBUG:pybindgen.typehandlers:try to lookup type handler for 'std::string' => success ((<class 'pybindgen.typehandlers.stringtype.StdStringReturn'>, None, <pybindgen.typehandlers.ctypeparser.TypeTraits object at 0x7fadbb3df128>))
DEBUG:pybindgen.typehandlers:TypeMatcher.lookup('ns3::Ptr< ns3::AttributeChecker const >')
DEBUG:pybindgen.typehandlers:try to lookup type handler for 'ns3::Ptr< ns3::AttributeChecker const >' => failure
DEBUG:pybindgen.typehandlers:try to lookup type handler for 'ns3::AttributeChecker *' => success ((<class 'pybindgen.cppclass.MemoryPolicy.register_ptr_parameter_and_return.<locals>.ThisClassPtrParameter'>, <ns3modulegen_core_customizations.SmartPointerTransformation object at 0x7fadbc4dbac8>, <pybindgen.typehandlers.ctypeparser.TypeTraits object at 0x7fadbb3df4a8>))
DEBUG:pybindgen.typehandlers:TypeMatcher.lookup('void')
DEBUG:pybindgen.typehandlers:try to lookup type handler for 'void' => success ((<class 'pybindgen.typehandlers.voidtype.VoidReturn'>, None, <pybindgen.typehandlers.ctypeparser.TypeTraits object at 0x7fadbb3df710>))
DEBUG:pybindgen.typehandlers:TypeMatcher.lookup('ns3::Address const &')
DEBUG:pybindgen.typehandlers:try to lookup type handler for 'ns3::Address const &' => success ((<class 'pybindgen.cppclass.CppClass.__init__.<locals>.ThisClassRefParameter'>, None, <pybindgen.typehandlers.ctypeparser.TypeTraits object at 0x7fadbb3df860>))
DEBUG:pybindgen.typehandlers:TypeMatcher.lookup('ns3::CallbackImpl< bool, ns3::Ptr< ns3::NetDevice >, ns3::Ptr< ns3::Packet const >, unsigned short, ns3::Address const &, ns3::empty, ns3::empty, ns3::empty, ns3::empty, ns3::empty > const &')
DEBUG:pybindgen.typehandlers:try to lookup type handler for 'ns3::CallbackImpl< bool, ns3::Ptr< ns3::NetDevice >, ns3::Ptr< ns3::Packet const >, unsigned short, ns3::Address const &, ns3::empty, ns3::empty, ns3::empty, ns3::empty, ns3::empty > const &' => success ((<class 'pybindgen.cppclass.CppClass.__init__.<locals>.ThisClassRefParameter'>, None, <pybindgen.typehandlers.ctypeparser.TypeTraits object at 0x7fadbb3dfef0>))
DEBUG:pybindgen.typehandlers:TypeMatcher.lookup('std::string')
DEBUG:pybindgen.typehandlers:try to lookup type handler for 'std::string' => success ((<class 'pybindgen.typehandlers.stringtype.StdStringReturn'>, None, <pybindgen.typehandlers.ctypeparser.TypeTraits object at 0x7fadbb3e9a90>))
DEBUG:pybindgen.typehandlers:TypeMatcher.lookup('std::string')
DEBUG:pybindgen.typehandlers:try to lookup type handler for 'std::string' => success ((<class 'pybindgen.typehandlers.stringtype.StdStringReturn'>, None, <pybindgen.typehandlers.ctypeparser.TypeTraits object at 0x7fadbb3e9e10>))
DEBUG:pybindgen.typehandlers:TypeMatcher.lookup('bool')
DEBUG:pybindgen.typehandlers:try to lookup type handler for 'bool' => success ((<class 'pybindgen.typehandlers.booltype.BoolReturn'>, None, <pybindgen.typehandlers.ctypeparser.TypeTraits object at 0x7fadbb3ed1d0>))
DEBUG:pybindgen.typehandlers:TypeMatcher.lookup('ns3::Ptr< ns3::NetDevice >')
DEBUG:pybindgen.typehandlers:try to lookup type handler for 'ns3::Ptr< ns3::NetDevice >' => failure
DEBUG:pybindgen.typehandlers:try to lookup type handler for 'ns3::NetDevice *' => success ((<class 'pybindgen.cppclass.MemoryPolicy.register_ptr_parameter_and_return.<locals>.ThisClassPtrParameter'>, <ns3modulegen_core_customizations.SmartPointerTransformation object at 0x7fadbc4dbac8>, <pybindgen.typehandlers.ctypeparser.TypeTraits object at 0x7fadbb3ed550>))
DEBUG:pybindgen.typehandlers:TypeMatcher.lookup('ns3::Ptr< ns3::Packet const >')
DEBUG:pybindgen.typehandlers:try to lookup type handler for 'ns3::Ptr< ns3::Packet const >' => failure
DEBUG:pybindgen.typehandlers:try to lookup type handler for 'ns3::Packet *' => success ((<class 'pybindgen.cppclass.MemoryPolicy.register_ptr_parameter_and_return.<locals>.ThisClassPtrParameter'>, <ns3modulegen_core_customizations.SmartPointerTransformation object at 0x7fadbc4dbac8>, <pybindgen.typehandlers.ctypeparser.TypeTraits object at 0x7fadbb3ed780>))
DEBUG:pybindgen.typehandlers:TypeMatcher.lookup('short unsigned int')
DEBUG:pybindgen.typehandlers:try to lookup type handler for 'short unsigned int' => failure
'short unsigned int' did not match
/home/cs18/tarballs/ns-allinone-3.34/ns-3.34/src/lr-wpan/bindings/modulegen__gcc_LP64.py:7533: Warning: exception TypeLookupError(['short unsigned int'],) in wrapper public: virtual retval? ???::operator() (params?) = 0;
  custom_name='__call__', is_pure_virtual=True, is_virtual=True)
DEBUG:pybindgen.typehandlers:TypeMatcher.lookup('ns3::CallbackImpl< ns3::ObjectBase *, ns3::empty, ns3::empty, ns3::empty, ns3::empty, ns3::empty, ns3::empty, ns3::empty, ns3::empty, ns3::empty > const &')
DEBUG:pybindgen.typehandlers:try to lookup type handler for 'ns3::CallbackImpl< ns3::ObjectBase *, ns3::empty, ns3::empty, ns3::empty, ns3::empty, ns3::empty, ns3::empty, ns3::empty, ns3::empty, ns3::empty > const &' => success ((<class 'pybindgen.cppclass.CppClass.__init__.<locals>.ThisClassRefParameter'>, None, <pybindgen.typehandlers.ctypeparser.TypeTraits object at 0x7fadbb3f4320>))
DEBUG:pybindgen.typehandlers:TypeMatcher.lookup('std::string')
DEBUG:pybindgen.typehandlers:try to lookup type handler for 'std::string' => success ((<class 'pybindgen.typehandlers.stringtype.StdStringReturn'>, None, <pybindgen.typehandlers.ctypeparser.TypeTraits object at 0x7fadbb3f4ba8>))
DEBUG:pybindgen.typehandlers:TypeMatcher.lookup('std::string')
DEBUG:pybindgen.typehandlers:try to lookup type handler for 'std::string' => success ((<class 'pybindgen.typehandlers.stringtype.StdStringReturn'>, None, <pybindgen.typehandlers.ctypeparser.TypeTraits object at 0x7fadbb3f4f28>))
DEBUG:pybindgen.typehandlers:TypeMatcher.lookup('ns3::ObjectBase *')
DEBUG:pybindgen.typehandlers:try to lookup type handler for 'ns3::ObjectBase *' => success ((<class 'pybindgen.cppclass.CppClass.__init__.<locals>.ThisClassPtrReturn'>, None, <pybindgen.typehandlers.ctypeparser.TypeTraits object at 0x7fadbb3fc2e8>))
DEBUG:pybindgen.typehandlers:TypeMatcher.lookup('ns3::CallbackImpl< void, ns3::LrWpanMacState, ns3::LrWpanMacState, ns3::empty, ns3::empty, ns3::empty, ns3::empty, ns3::empty, ns3::empty, ns3::empty > const &')
DEBUG:pybindgen.typehandlers:try to lookup type handler for 'ns3::CallbackImpl< void, ns3::LrWpanMacState, ns3::LrWpanMacState, ns3::empty, ns3::empty, ns3::empty, ns3::empty, ns3::empty, ns3::empty, ns3::empty > const &' => success ((<class 'pybindgen.cppclass.CppClass.__init__.<locals>.ThisClassRefParameter'>, None, <pybindgen.typehandlers.ctypeparser.TypeTraits object at 0x7fadbb3ed240>))
DEBUG:pybindgen.typehandlers:TypeMatcher.lookup('std::string')
DEBUG:pybindgen.typehandlers:try to lookup type handler for 'std::string' => success ((<class 'pybindgen.typehandlers.stringtype.StdStringReturn'>, None, <pybindgen.typehandlers.ctypeparser.TypeTraits object at 0x7fadbb3fcef0>))
DEBUG:pybindgen.typehandlers:TypeMatcher.lookup('std::string')
DEBUG:pybindgen.typehandlers:try to lookup type handler for 'std::string' => success ((<class 'pybindgen.typehandlers.stringtype.StdStringReturn'>, None, <pybindgen.typehandlers.ctypeparser.TypeTraits object at 0x7fadbb4022b0>))
DEBUG:pybindgen.typehandlers:TypeMatcher.lookup('void')
DEBUG:pybindgen.typehandlers:try to lookup type handler for 'void' => success ((<class 'pybindgen.typehandlers.voidtype.VoidReturn'>, None, <pybindgen.typehandlers.ctypeparser.TypeTraits object at 0x7fadbb402630>))
DEBUG:pybindgen.typehandlers:TypeMatcher.lookup('ns3::LrWpanMacState')
DEBUG:pybindgen.typehandlers:try to lookup type handler for 'ns3::LrWpanMacState' => success ((<class 'pybindgen.enum.Enum.set_module.<locals>.ThisEnumParameter'>, None, <pybindgen.typehandlers.ctypeparser.TypeTraits object at 0x7fadbb402780>))
DEBUG:pybindgen.typehandlers:TypeMatcher.lookup('ns3::LrWpanMacState')
DEBUG:pybindgen.typehandlers:try to lookup type handler for 'ns3::LrWpanMacState' => success ((<class 'pybindgen.enum.Enum.set_module.<locals>.ThisEnumParameter'>, None, <pybindgen.typehandlers.ctypeparser.TypeTraits object at 0x7fadbb402780>))
DEBUG:pybindgen.typehandlers:TypeMatcher.lookup('ns3::CallbackImpl< void, ns3::LrWpanPhyEnumeration, ns3::LrWpanPhyEnumeration, ns3::empty, ns3::empty, ns3::empty, ns3::empty, ns3::empty, ns3::empty, ns3::empty > const &')
DEBUG:pybindgen.typehandlers:try to lookup type handler for 'ns3::CallbackImpl< void, ns3::LrWpanPhyEnumeration, ns3::LrWpanPhyEnumeration, ns3::empty, ns3::empty, ns3::empty, ns3::empty, ns3::empty, ns3::empty, ns3::empty > const &' => success ((<class 'pybindgen.cppclass.CppClass.__init__.<locals>.ThisClassRefParameter'>, None, <pybindgen.typehandlers.ctypeparser.TypeTraits object at 0x7fadbb402e48>))
DEBUG:pybindgen.typehandlers:TypeMatcher.lookup('std::string')
DEBUG:pybindgen.typehandlers:try to lookup type handler for 'std::string' => success ((<class 'pybindgen.typehandlers.stringtype.StdStringReturn'>, None, <pybindgen.typehandlers.ctypeparser.TypeTraits object at 0x7fadbb409710>))
DEBUG:pybindgen.typehandlers:TypeMatcher.lookup('std::string')
DEBUG:pybindgen.typehandlers:try to lookup type handler for 'std::string' => success ((<class 'pybindgen.typehandlers.stringtype.StdStringReturn'>, None, <pybindgen.typehandlers.ctypeparser.TypeTraits object at 0x7fadbb409a90>))
DEBUG:pybindgen.typehandlers:TypeMatcher.lookup('void')
DEBUG:pybindgen.typehandlers:try to lookup type handler for 'void' => success ((<class 'pybindgen.typehandlers.voidtype.VoidReturn'>, None, <pybindgen.typehandlers.ctypeparser.TypeTraits object at 0x7fadbb409e10>))
DEBUG:pybindgen.typehandlers:TypeMatcher.lookup('ns3::LrWpanPhyEnumeration')
DEBUG:pybindgen.typehandlers:try to lookup type handler for 'ns3::LrWpanPhyEnumeration' => success ((<class 'pybindgen.enum.Enum.set_module.<locals>.ThisEnumParameter'>, None, <pybindgen.typehandlers.ctypeparser.TypeTraits object at 0x7fadbb409f60>))
DEBUG:pybindgen.typehandlers:TypeMatcher.lookup('ns3::LrWpanPhyEnumeration')
DEBUG:pybindgen.typehandlers:try to lookup type handler for 'ns3::LrWpanPhyEnumeration' => success ((<class 'pybindgen.enum.Enum.set_module.<locals>.ThisEnumParameter'>, None, <pybindgen.typehandlers.ctypeparser.TypeTraits object at 0x7fadbb409f60>))
DEBUG:pybindgen.typehandlers:TypeMatcher.lookup('ns3::CallbackImpl< void, ns3::McpsDataConfirmParams, ns3::empty, ns3::empty, ns3::empty, ns3::empty, ns3::empty, ns3::empty, ns3::empty, ns3::empty > const &')
DEBUG:pybindgen.typehandlers:try to lookup type handler for 'ns3::CallbackImpl< void, ns3::McpsDataConfirmParams, ns3::empty, ns3::empty, ns3::empty, ns3::empty, ns3::empty, ns3::empty, ns3::empty, ns3::empty > const &' => success ((<class 'pybindgen.cppclass.CppClass.__init__.<locals>.ThisClassRefParameter'>, None, <pybindgen.typehandlers.ctypeparser.TypeTraits object at 0x7fadbb414668>))
DEBUG:pybindgen.typehandlers:TypeMatcher.lookup('std::string')
DEBUG:pybindgen.typehandlers:try to lookup type handler for 'std::string' => success ((<class 'pybindgen.typehandlers.stringtype.StdStringReturn'>, None, <pybindgen.typehandlers.ctypeparser.TypeTraits object at 0x7fadbb414ef0>))
DEBUG:pybindgen.typehandlers:TypeMatcher.lookup('std::string')
DEBUG:pybindgen.typehandlers:try to lookup type handler for 'std::string' => success ((<class 'pybindgen.typehandlers.stringtype.StdStringReturn'>, None, <pybindgen.typehandlers.ctypeparser.TypeTraits object at 0x7fadbb39f2b0>))
DEBUG:pybindgen.typehandlers:TypeMatcher.lookup('void')
DEBUG:pybindgen.typehandlers:try to lookup type handler for 'void' => success ((<class 'pybindgen.typehandlers.voidtype.VoidReturn'>, None, <pybindgen.typehandlers.ctypeparser.TypeTraits object at 0x7fadbb39f630>))
DEBUG:pybindgen.typehandlers:TypeMatcher.lookup('ns3::McpsDataConfirmParams')
DEBUG:pybindgen.typehandlers:try to lookup type handler for 'ns3::McpsDataConfirmParams' => success ((<class 'pybindgen.cppclass.CppClass.__init__.<locals>.ThisClassParameter'>, None, <pybindgen.typehandlers.ctypeparser.TypeTraits object at 0x7fadbb39f780>))
DEBUG:pybindgen.typehandlers:TypeMatcher.lookup('ns3::CallbackImpl< void, ns3::McpsDataIndicationParams, ns3::Ptr< ns3::Packet >, ns3::empty, ns3::empty, ns3::empty, ns3::empty, ns3::empty, ns3::empty, ns3::empty > const &')
DEBUG:pybindgen.typehandlers:try to lookup type handler for 'ns3::CallbackImpl< void, ns3::McpsDataIndicationParams, ns3::Ptr< ns3::Packet >, ns3::empty, ns3::empty, ns3::empty, ns3::empty, ns3::empty, ns3::empty, ns3::empty > const &' => success ((<class 'pybindgen.cppclass.CppClass.__init__.<locals>.ThisClassRefParameter'>, None, <pybindgen.typehandlers.ctypeparser.TypeTraits object at 0x7fadbb39fd68>))
DEBUG:pybindgen.typehandlers:TypeMatcher.lookup('std::string')
DEBUG:pybindgen.typehandlers:try to lookup type handler for 'std::string' => success ((<class 'pybindgen.typehandlers.stringtype.StdStringReturn'>, None, <pybindgen.typehandlers.ctypeparser.TypeTraits object at 0x7fadbb3a76d8>))
DEBUG:pybindgen.typehandlers:TypeMatcher.lookup('std::string')
DEBUG:pybindgen.typehandlers:try to lookup type handler for 'std::string' => success ((<class 'pybindgen.typehandlers.stringtype.StdStringReturn'>, None, <pybindgen.typehandlers.ctypeparser.TypeTraits object at 0x7fadbb3a7a58>))
DEBUG:pybindgen.typehandlers:TypeMatcher.lookup('void')
DEBUG:pybindgen.typehandlers:try to lookup type handler for 'void' => success ((<class 'pybindgen.typehandlers.voidtype.VoidReturn'>, None, <pybindgen.typehandlers.ctypeparser.TypeTraits object at 0x7fadbb3a7dd8>))
DEBUG:pybindgen.typehandlers:TypeMatcher.lookup('ns3::McpsDataIndicationParams')
DEBUG:pybindgen.typehandlers:try to lookup type handler for 'ns3::McpsDataIndicationParams' => success ((<class 'pybindgen.cppclass.CppClass.__init__.<locals>.ThisClassParameter'>, None, <pybindgen.typehandlers.ctypeparser.TypeTraits object at 0x7fadbb3a7f28>))
DEBUG:pybindgen.typehandlers:TypeMatcher.lookup('ns3::Ptr< ns3::Packet >')
DEBUG:pybindgen.typehandlers:try to lookup type handler for 'ns3::Ptr< ns3::Packet >' => failure
DEBUG:pybindgen.typehandlers:try to lookup type handler for 'ns3::Packet *' => success ((<class 'pybindgen.cppclass.MemoryPolicy.register_ptr_parameter_and_return.<locals>.ThisClassPtrParameter'>, <ns3modulegen_core_customizations.SmartPointerTransformation object at 0x7fadbc4dbac8>, <pybindgen.typehandlers.ctypeparser.TypeTraits object at 0x7fadbb3af278>))
DEBUG:pybindgen.typehandlers:TypeMatcher.lookup('ns3::CallbackImpl< void, ns3::MlmeBeaconNotifyIndicationParams, ns3::Ptr< ns3::Packet >, ns3::empty, ns3::empty, ns3::empty, ns3::empty, ns3::empty, ns3::empty, ns3::empty > const &')
DEBUG:pybindgen.typehandlers:try to lookup type handler for 'ns3::CallbackImpl< void, ns3::MlmeBeaconNotifyIndicationParams, ns3::Ptr< ns3::Packet >, ns3::empty, ns3::empty, ns3::empty, ns3::empty, ns3::empty, ns3::empty, ns3::empty > const &' => success ((<class 'pybindgen.cppclass.CppClass.__init__.<locals>.ThisClassRefParameter'>, None, <pybindgen.typehandlers.ctypeparser.TypeTraits object at 0x7fadbb3af748>))
DEBUG:pybindgen.typehandlers:TypeMatcher.lookup('std::string')
DEBUG:pybindgen.typehandlers:try to lookup type handler for 'std::string' => success ((<class 'pybindgen.typehandlers.stringtype.StdStringReturn'>, None, <pybindgen.typehandlers.ctypeparser.TypeTraits object at 0x7fadbb3b30b8>))
DEBUG:pybindgen.typehandlers:TypeMatcher.lookup('std::string')
DEBUG:pybindgen.typehandlers:try to lookup type handler for 'std::string' => success ((<class 'pybindgen.typehandlers.stringtype.StdStringReturn'>, None, <pybindgen.typehandlers.ctypeparser.TypeTraits object at 0x7fadbb3b3438>))
DEBUG:pybindgen.typehandlers:TypeMatcher.lookup('void')
DEBUG:pybindgen.typehandlers:try to lookup type handler for 'void' => success ((<class 'pybindgen.typehandlers.voidtype.VoidReturn'>, None, <pybindgen.typehandlers.ctypeparser.TypeTraits object at 0x7fadbb3b37b8>))
DEBUG:pybindgen.typehandlers:TypeMatcher.lookup('ns3::MlmeBeaconNotifyIndicationParams')
DEBUG:pybindgen.typehandlers:try to lookup type handler for 'ns3::MlmeBeaconNotifyIndicationParams' => success ((<class 'pybindgen.cppclass.CppClass.__init__.<locals>.ThisClassParameter'>, None, <pybindgen.typehandlers.ctypeparser.TypeTraits object at 0x7fadbb3b3908>))
DEBUG:pybindgen.typehandlers:TypeMatcher.lookup('ns3::Ptr< ns3::Packet >')
DEBUG:pybindgen.typehandlers:try to lookup type handler for 'ns3::Ptr< ns3::Packet >' => failure
DEBUG:pybindgen.typehandlers:try to lookup type handler for 'ns3::Packet *' => success ((<class 'pybindgen.cppclass.MemoryPolicy.register_ptr_parameter_and_return.<locals>.ThisClassPtrParameter'>, <ns3modulegen_core_customizations.SmartPointerTransformation object at 0x7fadbc4dbac8>, <pybindgen.typehandlers.ctypeparser.TypeTraits object at 0x7fadbb3b3c18>))
DEBUG:pybindgen.typehandlers:TypeMatcher.lookup('ns3::CallbackImpl< void, ns3::MlmePollConfirmParams, ns3::empty, ns3::empty, ns3::empty, ns3::empty, ns3::empty, ns3::empty, ns3::empty, ns3::empty > const &')
DEBUG:pybindgen.typehandlers:try to lookup type handler for 'ns3::CallbackImpl< void, ns3::MlmePollConfirmParams, ns3::empty, ns3::empty, ns3::empty, ns3::empty, ns3::empty, ns3::empty, ns3::empty, ns3::empty > const &' => success ((<class 'pybindgen.cppclass.CppClass.__init__.<locals>.ThisClassRefParameter'>, None, <pybindgen.typehandlers.ctypeparser.TypeTraits object at 0x7fadbb3bf128>))
DEBUG:pybindgen.typehandlers:TypeMatcher.lookup('std::string')
DEBUG:pybindgen.typehandlers:try to lookup type handler for 'std::string' => success ((<class 'pybindgen.typehandlers.stringtype.StdStringReturn'>, None, <pybindgen.typehandlers.ctypeparser.TypeTraits object at 0x7fadbb3bf9b0>))
DEBUG:pybindgen.typehandlers:TypeMatcher.lookup('std::string')
DEBUG:pybindgen.typehandlers:try to lookup type handler for 'std::string' => success ((<class 'pybindgen.typehandlers.stringtype.StdStringReturn'>, None, <pybindgen.typehandlers.ctypeparser.TypeTraits object at 0x7fadbb3bfd30>))
DEBUG:pybindgen.typehandlers:TypeMatcher.lookup('void')
DEBUG:pybindgen.typehandlers:try to lookup type handler for 'void' => success ((<class 'pybindgen.typehandlers.voidtype.VoidReturn'>, None, <pybindgen.typehandlers.ctypeparser.TypeTraits object at 0x7fadbb3c60f0>))
DEBUG:pybindgen.typehandlers:TypeMatcher.lookup('ns3::MlmePollConfirmParams')
DEBUG:pybindgen.typehandlers:try to lookup type handler for 'ns3::MlmePollConfirmParams' => success ((<class 'pybindgen.cppclass.CppClass.__init__.<locals>.ThisClassParameter'>, None, <pybindgen.typehandlers.ctypeparser.TypeTraits object at 0x7fadbb3c6240>))
DEBUG:pybindgen.typehandlers:TypeMatcher.lookup('ns3::CallbackImpl< void, ns3::MlmeStartConfirmParams, ns3::empty, ns3::empty, ns3::empty, ns3::empty, ns3::empty, ns3::empty, ns3::empty, ns3::empty > const &')
DEBUG:pybindgen.typehandlers:try to lookup type handler for 'ns3::CallbackImpl< void, ns3::MlmeStartConfirmParams, ns3::empty, ns3::empty, ns3::empty, ns3::empty, ns3::empty, ns3::empty, ns3::empty, ns3::empty > const &' => success ((<class 'pybindgen.cppclass.CppClass.__init__.<locals>.ThisClassRefParameter'>, None, <pybindgen.typehandlers.ctypeparser.TypeTraits object at 0x7fadbb3c6828>))
DEBUG:pybindgen.typehandlers:TypeMatcher.lookup('std::string')
DEBUG:pybindgen.typehandlers:try to lookup type handler for 'std::string' => success ((<class 'pybindgen.typehandlers.stringtype.StdStringReturn'>, None, <pybindgen.typehandlers.ctypeparser.TypeTraits object at 0x7fadbb3ce0f0>))
DEBUG:pybindgen.typehandlers:TypeMatcher.lookup('std::string')
DEBUG:pybindgen.typehandlers:try to lookup type handler for 'std::string' => success ((<class 'pybindgen.typehandlers.stringtype.StdStringReturn'>, None, <pybindgen.typehandlers.ctypeparser.TypeTraits object at 0x7fadbb3ce470>))
DEBUG:pybindgen.typehandlers:TypeMatcher.lookup('void')
DEBUG:pybindgen.typehandlers:try to lookup type handler for 'void' => success ((<class 'pybindgen.typehandlers.voidtype.VoidReturn'>, None, <pybindgen.typehandlers.ctypeparser.TypeTraits object at 0x7fadbb3ce7f0>))
DEBUG:pybindgen.typehandlers:TypeMatcher.lookup('ns3::MlmeStartConfirmParams')
DEBUG:pybindgen.typehandlers:try to lookup type handler for 'ns3::MlmeStartConfirmParams' => success ((<class 'pybindgen.cppclass.CppClass.__init__.<locals>.ThisClassParameter'>, None, <pybindgen.typehandlers.ctypeparser.TypeTraits object at 0x7fadbb3ce940>))
DEBUG:pybindgen.typehandlers:TypeMatcher.lookup('ns3::CallbackImpl< void, ns3::MlmeSyncLossIndicationParams, ns3::empty, ns3::empty, ns3::empty, ns3::empty, ns3::empty, ns3::empty, ns3::empty, ns3::empty > const &')
DEBUG:pybindgen.typehandlers:try to lookup type handler for 'ns3::CallbackImpl< void, ns3::MlmeSyncLossIndicationParams, ns3::empty, ns3::empty, ns3::empty, ns3::empty, ns3::empty, ns3::empty, ns3::empty, ns3::empty > const &' => success ((<class 'pybindgen.cppclass.CppClass.__init__.<locals>.ThisClassRefParameter'>, None, <pybindgen.typehandlers.ctypeparser.TypeTraits object at 0x7fadbb3cef28>))
DEBUG:pybindgen.typehandlers:TypeMatcher.lookup('std::string')
DEBUG:pybindgen.typehandlers:try to lookup type handler for 'std::string' => success ((<class 'pybindgen.typehandlers.stringtype.StdStringReturn'>, None, <pybindgen.typehandlers.ctypeparser.TypeTraits object at 0x7fadbb3d67f0>))
DEBUG:pybindgen.typehandlers:TypeMatcher.lookup('std::string')
DEBUG:pybindgen.typehandlers:try to lookup type handler for 'std::string' => success ((<class 'pybindgen.typehandlers.stringtype.StdStringReturn'>, None, <pybindgen.typehandlers.ctypeparser.TypeTraits object at 0x7fadbb3d6b70>))
DEBUG:pybindgen.typehandlers:TypeMatcher.lookup('void')
DEBUG:pybindgen.typehandlers:try to lookup type handler for 'void' => success ((<class 'pybindgen.typehandlers.voidtype.VoidReturn'>, None, <pybindgen.typehandlers.ctypeparser.TypeTraits object at 0x7fadbb3d6ef0>))
DEBUG:pybindgen.typehandlers:TypeMatcher.lookup('ns3::MlmeSyncLossIndicationParams')
DEBUG:pybindgen.typehandlers:try to lookup type handler for 'ns3::MlmeSyncLossIndicationParams' => success ((<class 'pybindgen.cppclass.CppClass.__init__.<locals>.ThisClassParameter'>, None, <pybindgen.typehandlers.ctypeparser.TypeTraits object at 0x7fadbb35f080>))
DEBUG:pybindgen.typehandlers:TypeMatcher.lookup('ns3::CallbackImpl< void, ns3::Ptr< ns3::Packet const >, double, ns3::empty, ns3::empty, ns3::empty, ns3::empty, ns3::empty, ns3::empty, ns3::empty > const &')
DEBUG:pybindgen.typehandlers:try to lookup type handler for 'ns3::CallbackImpl< void, ns3::Ptr< ns3::Packet const >, double, ns3::empty, ns3::empty, ns3::empty, ns3::empty, ns3::empty, ns3::empty, ns3::empty > const &' => success ((<class 'pybindgen.cppclass.CppClass.__init__.<locals>.ThisClassRefParameter'>, None, <pybindgen.typehandlers.ctypeparser.TypeTraits object at 0x7fadbb35f668>))
DEBUG:pybindgen.typehandlers:TypeMatcher.lookup('std::string')
DEBUG:pybindgen.typehandlers:try to lookup type handler for 'std::string' => success ((<class 'pybindgen.typehandlers.stringtype.StdStringReturn'>, None, <pybindgen.typehandlers.ctypeparser.TypeTraits object at 0x7fadbb363080>))
DEBUG:pybindgen.typehandlers:TypeMatcher.lookup('std::string')
DEBUG:pybindgen.typehandlers:try to lookup type handler for 'std::string' => success ((<class 'pybindgen.typehandlers.stringtype.StdStringReturn'>, None, <pybindgen.typehandlers.ctypeparser.TypeTraits object at 0x7fadbb363400>))
DEBUG:pybindgen.typehandlers:TypeMatcher.lookup('void')
DEBUG:pybindgen.typehandlers:try to lookup type handler for 'void' => success ((<class 'pybindgen.typehandlers.voidtype.VoidReturn'>, None, <pybindgen.typehandlers.ctypeparser.TypeTraits object at 0x7fadbb363780>))
DEBUG:pybindgen.typehandlers:TypeMatcher.lookup('ns3::Ptr< ns3::Packet const >')
DEBUG:pybindgen.typehandlers:try to lookup type handler for 'ns3::Ptr< ns3::Packet const >' => failure
DEBUG:pybindgen.typehandlers:try to lookup type handler for 'ns3::Packet *' => success ((<class 'pybindgen.cppclass.MemoryPolicy.register_ptr_parameter_and_return.<locals>.ThisClassPtrParameter'>, <ns3modulegen_core_customizations.SmartPointerTransformation object at 0x7fadbc4dbac8>, <pybindgen.typehandlers.ctypeparser.TypeTraits object at 0x7fadbb363b38>))
DEBUG:pybindgen.typehandlers:TypeMatcher.lookup('double')
DEBUG:pybindgen.typehandlers:try to lookup type handler for 'double' => success ((<class 'pybindgen.typehandlers.doubletype.DoubleParam'>, None, <pybindgen.typehandlers.ctypeparser.TypeTraits object at 0x7fadbb363b38>))
DEBUG:pybindgen.typehandlers:TypeMatcher.lookup('ns3::CallbackImpl< void, ns3::Ptr< ns3::Packet const >, ns3::empty, ns3::empty, ns3::empty, ns3::empty, ns3::empty, ns3::empty, ns3::empty, ns3::empty > const &')
DEBUG:pybindgen.typehandlers:try to lookup type handler for 'ns3::CallbackImpl< void, ns3::Ptr< ns3::Packet const >, ns3::empty, ns3::empty, ns3::empty, ns3::empty, ns3::empty, ns3::empty, ns3::empty, ns3::empty > const &' => success ((<class 'pybindgen.cppclass.CppClass.__init__.<locals>.ThisClassRefParameter'>, None, <pybindgen.typehandlers.ctypeparser.TypeTraits object at 0x7fadbb369198>))
DEBUG:pybindgen.typehandlers:TypeMatcher.lookup('std::string')
DEBUG:pybindgen.typehandlers:try to lookup type handler for 'std::string' => success ((<class 'pybindgen.typehandlers.stringtype.StdStringReturn'>, None, <pybindgen.typehandlers.ctypeparser.TypeTraits object at 0x7fadbb369b38>))
DEBUG:pybindgen.typehandlers:TypeMatcher.lookup('std::string')
DEBUG:pybindgen.typehandlers:try to lookup type handler for 'std::string' => success ((<class 'pybindgen.typehandlers.stringtype.StdStringReturn'>, None, <pybindgen.typehandlers.ctypeparser.TypeTraits object at 0x7fadbb369eb8>))
DEBUG:pybindgen.typehandlers:TypeMatcher.lookup('void')
DEBUG:pybindgen.typehandlers:try to lookup type handler for 'void' => success ((<class 'pybindgen.typehandlers.voidtype.VoidReturn'>, None, <pybindgen.typehandlers.ctypeparser.TypeTraits object at 0x7fadbb372278>))
DEBUG:pybindgen.typehandlers:TypeMatcher.lookup('ns3::Ptr< ns3::Packet const >')
DEBUG:pybindgen.typehandlers:try to lookup type handler for 'ns3::Ptr< ns3::Packet const >' => failure
DEBUG:pybindgen.typehandlers:try to lookup type handler for 'ns3::Packet *' => success ((<class 'pybindgen.cppclass.MemoryPolicy.register_ptr_parameter_and_return.<locals>.ThisClassPtrParameter'>, <ns3modulegen_core_customizations.SmartPointerTransformation object at 0x7fadbc4dbac8>, <pybindgen.typehandlers.ctypeparser.TypeTraits object at 0x7fadbb372630>))
DEBUG:pybindgen.typehandlers:TypeMatcher.lookup('ns3::CallbackImpl< void, ns3::Ptr< ns3::Packet const >, unsigned char, unsigned char, ns3::empty, ns3::empty, ns3::empty, ns3::empty, ns3::empty, ns3::empty > const &')
DEBUG:pybindgen.typehandlers:try to lookup type handler for 'ns3::CallbackImpl< void, ns3::Ptr< ns3::Packet const >, unsigned char, unsigned char, ns3::empty, ns3::empty, ns3::empty, ns3::empty, ns3::empty, ns3::empty > const &' => success ((<class 'pybindgen.cppclass.CppClass.__init__.<locals>.ThisClassRefParameter'>, None, <pybindgen.typehandlers.ctypeparser.TypeTraits object at 0x7fadbb372b38>))
DEBUG:pybindgen.typehandlers:TypeMatcher.lookup('std::string')
DEBUG:pybindgen.typehandlers:try to lookup type handler for 'std::string' => success ((<class 'pybindgen.typehandlers.stringtype.StdStringReturn'>, None, <pybindgen.typehandlers.ctypeparser.TypeTraits object at 0x7fadbb3795f8>))
DEBUG:pybindgen.typehandlers:TypeMatcher.lookup('std::string')
DEBUG:pybindgen.typehandlers:try to lookup type handler for 'std::string' => success ((<class 'pybindgen.typehandlers.stringtype.StdStringReturn'>, None, <pybindgen.typehandlers.ctypeparser.TypeTraits object at 0x7fadbb379978>))
DEBUG:pybindgen.typehandlers:TypeMatcher.lookup('void')
DEBUG:pybindgen.typehandlers:try to lookup type handler for 'void' => success ((<class 'pybindgen.typehandlers.voidtype.VoidReturn'>, None, <pybindgen.typehandlers.ctypeparser.TypeTraits object at 0x7fadbb379cf8>))
DEBUG:pybindgen.typehandlers:TypeMatcher.lookup('ns3::Ptr< ns3::Packet const >')
DEBUG:pybindgen.typehandlers:try to lookup type handler for 'ns3::Ptr< ns3::Packet const >' => failure
DEBUG:pybindgen.typehandlers:try to lookup type handler for 'ns3::Packet *' => success ((<class 'pybindgen.cppclass.MemoryPolicy.register_ptr_parameter_and_return.<locals>.ThisClassPtrParameter'>, <ns3modulegen_core_customizations.SmartPointerTransformation object at 0x7fadbc4dbac8>, <pybindgen.typehandlers.ctypeparser.TypeTraits object at 0x7fadbb37e0f0>))
DEBUG:pybindgen.typehandlers:TypeMatcher.lookup('unsigned char')
DEBUG:pybindgen.typehandlers:try to lookup type handler for 'unsigned char' => success ((<class 'pybindgen.typehandlers.inttype.UInt8Param'>, None, <pybindgen.typehandlers.ctypeparser.TypeTraits object at 0x7fadbb37e0f0>))
DEBUG:pybindgen.typehandlers:TypeMatcher.lookup('unsigned char')
DEBUG:pybindgen.typehandlers:try to lookup type handler for 'unsigned char' => success ((<class 'pybindgen.typehandlers.inttype.UInt8Param'>, None, <pybindgen.typehandlers.ctypeparser.TypeTraits object at 0x7fadbb37e240>))
DEBUG:pybindgen.typehandlers:TypeMatcher.lookup('ns3::CallbackImpl< void, ns3::Ptr< ns3::NetDevice >, ns3::Ptr< ns3::Packet const >, unsigned short, ns3::Address const &, ns3::Address const &, ns3::NetDevice::PacketType, ns3::empty, ns3::empty, ns3::empty > const &')
DEBUG:pybindgen.typehandlers:try to lookup type handler for 'ns3::CallbackImpl< void, ns3::Ptr< ns3::NetDevice >, ns3::Ptr< ns3::Packet const >, unsigned short, ns3::Address const &, ns3::Address const &, ns3::NetDevice::PacketType, ns3::empty, ns3::empty, ns3::empty > const &' => success ((<class 'pybindgen.cppclass.CppClass.__init__.<locals>.ThisClassRefParameter'>, None, <pybindgen.typehandlers.ctypeparser.TypeTraits object at 0x7fadbb37e898>))
DEBUG:pybindgen.typehandlers:TypeMatcher.lookup('std::string')
DEBUG:pybindgen.typehandlers:try to lookup type handler for 'std::string' => success ((<class 'pybindgen.typehandlers.stringtype.StdStringReturn'>, None, <pybindgen.typehandlers.ctypeparser.TypeTraits object at 0x7fadbb3844e0>))
DEBUG:pybindgen.typehandlers:TypeMatcher.lookup('std::string')
DEBUG:pybindgen.typehandlers:try to lookup type handler for 'std::string' => success ((<class 'pybindgen.typehandlers.stringtype.StdStringReturn'>, None, <pybindgen.typehandlers.ctypeparser.TypeTraits object at 0x7fadbb384860>))
DEBUG:pybindgen.typehandlers:TypeMatcher.lookup('void')
DEBUG:pybindgen.typehandlers:try to lookup type handler for 'void' => success ((<class 'pybindgen.typehandlers.voidtype.VoidReturn'>, None, <pybindgen.typehandlers.ctypeparser.TypeTraits object at 0x7fadbb384be0>))
DEBUG:pybindgen.typehandlers:TypeMatcher.lookup('ns3::Ptr< ns3::NetDevice >')
DEBUG:pybindgen.typehandlers:try to lookup type handler for 'ns3::Ptr< ns3::NetDevice >' => failure
DEBUG:pybindgen.typehandlers:try to lookup type handler for 'ns3::NetDevice *' => success ((<class 'pybindgen.cppclass.MemoryPolicy.register_ptr_parameter_and_return.<locals>.ThisClassPtrParameter'>, <ns3modulegen_core_customizations.SmartPointerTransformation object at 0x7fadbc4dbac8>, <pybindgen.typehandlers.ctypeparser.TypeTraits object at 0x7fadbb384f60>))
DEBUG:pybindgen.typehandlers:TypeMatcher.lookup('ns3::Ptr< ns3::Packet const >')
DEBUG:pybindgen.typehandlers:try to lookup type handler for 'ns3::Ptr< ns3::Packet const >' => failure
DEBUG:pybindgen.typehandlers:try to lookup type handler for 'ns3::Packet *' => success ((<class 'pybindgen.cppclass.MemoryPolicy.register_ptr_parameter_and_return.<locals>.ThisClassPtrParameter'>, <ns3modulegen_core_customizations.SmartPointerTransformation object at 0x7fadbc4dbac8>, <pybindgen.typehandlers.ctypeparser.TypeTraits object at 0x7fadbb38f1d0>))
DEBUG:pybindgen.typehandlers:TypeMatcher.lookup('short unsigned int')
DEBUG:pybindgen.typehandlers:try to lookup type handler for 'short unsigned int' => failure
'short unsigned int' did not match
/home/cs18/tarballs/ns-allinone-3.34/ns-3.34/src/lr-wpan/bindings/modulegen__gcc_LP64.py:7819: Warning: exception TypeLookupError(['short unsigned int'],) in wrapper public: virtual retval? ???::operator() (params?) = 0;
  custom_name='__call__', is_pure_virtual=True, is_virtual=True)
DEBUG:pybindgen.typehandlers:TypeMatcher.lookup('ns3::CallbackImpl< void, ns3::Ptr< ns3::NetDevice >, ns3::empty, ns3::empty, ns3::empty, ns3::empty, ns3::empty, ns3::empty, ns3::empty, ns3::empty > const &')
DEBUG:pybindgen.typehandlers:try to lookup type handler for 'ns3::CallbackImpl< void, ns3::Ptr< ns3::NetDevice >, ns3::empty, ns3::empty, ns3::empty, ns3::empty, ns3::empty, ns3::empty, ns3::empty, ns3::empty > const &' => success ((<class 'pybindgen.cppclass.CppClass.__init__.<locals>.ThisClassRefParameter'>, None, <pybindgen.typehandlers.ctypeparser.TypeTraits object at 0x7fadbb38ff98>))
DEBUG:pybindgen.typehandlers:TypeMatcher.lookup('std::string')
DEBUG:pybindgen.typehandlers:try to lookup type handler for 'std::string' => success ((<class 'pybindgen.typehandlers.stringtype.StdStringReturn'>, None, <pybindgen.typehandlers.ctypeparser.TypeTraits object at 0x7fadbb394908>))
DEBUG:pybindgen.typehandlers:TypeMatcher.lookup('std::string')
DEBUG:pybindgen.typehandlers:try to lookup type handler for 'std::string' => success ((<class 'pybindgen.typehandlers.stringtype.StdStringReturn'>, None, <pybindgen.typehandlers.ctypeparser.TypeTraits object at 0x7fadbb394c88>))
DEBUG:pybindgen.typehandlers:TypeMatcher.lookup('void')
DEBUG:pybindgen.typehandlers:try to lookup type handler for 'void' => success ((<class 'pybindgen.typehandlers.voidtype.VoidReturn'>, None, <pybindgen.typehandlers.ctypeparser.TypeTraits object at 0x7fadbb31b048>))
DEBUG:pybindgen.typehandlers:TypeMatcher.lookup('ns3::Ptr< ns3::NetDevice >')
DEBUG:pybindgen.typehandlers:try to lookup type handler for 'ns3::Ptr< ns3::NetDevice >' => failure
DEBUG:pybindgen.typehandlers:try to lookup type handler for 'ns3::NetDevice *' => success ((<class 'pybindgen.cppclass.MemoryPolicy.register_ptr_parameter_and_return.<locals>.ThisClassPtrParameter'>, <ns3modulegen_core_customizations.SmartPointerTransformation object at 0x7fadbc4dbac8>, <pybindgen.typehandlers.ctypeparser.TypeTraits object at 0x7fadbb31b3c8>))
DEBUG:pybindgen.typehandlers:TypeMatcher.lookup('ns3::CallbackImpl< void, ns3::SuperframeStatus, ns3::SuperframeStatus, ns3::empty, ns3::empty, ns3::empty, ns3::empty, ns3::empty, ns3::empty, ns3::empty > const &')
DEBUG:pybindgen.typehandlers:try to lookup type handler for 'ns3::CallbackImpl< void, ns3::SuperframeStatus, ns3::SuperframeStatus, ns3::empty, ns3::empty, ns3::empty, ns3::empty, ns3::empty, ns3::empty, ns3::empty > const &' => success ((<class 'pybindgen.cppclass.CppClass.__init__.<locals>.ThisClassRefParameter'>, None, <pybindgen.typehandlers.ctypeparser.TypeTraits object at 0x7fadbb31b898>))
DEBUG:pybindgen.typehandlers:TypeMatcher.lookup('std::string')
DEBUG:pybindgen.typehandlers:try to lookup type handler for 'std::string' => success ((<class 'pybindgen.typehandlers.stringtype.StdStringReturn'>, None, <pybindgen.typehandlers.ctypeparser.TypeTraits object at 0x7fadbb31b860>))
DEBUG:pybindgen.typehandlers:TypeMatcher.lookup('std::string')
DEBUG:pybindgen.typehandlers:try to lookup type handler for 'std::string' => success ((<class 'pybindgen.typehandlers.stringtype.StdStringReturn'>, None, <pybindgen.typehandlers.ctypeparser.TypeTraits object at 0x7fadbb323208>))
DEBUG:pybindgen.typehandlers:TypeMatcher.lookup('void')
DEBUG:pybindgen.typehandlers:try to lookup type handler for 'void' => success ((<class 'pybindgen.typehandlers.voidtype.VoidReturn'>, None, <pybindgen.typehandlers.ctypeparser.TypeTraits object at 0x7fadbb323588>))
DEBUG:pybindgen.typehandlers:TypeMatcher.lookup('ns3::SuperframeStatus')
DEBUG:pybindgen.typehandlers:try to lookup type handler for 'ns3::SuperframeStatus' => success ((<class 'pybindgen.enum.Enum.set_module.<locals>.ThisEnumParameter'>, None, <pybindgen.typehandlers.ctypeparser.TypeTraits object at 0x7fadbb3236d8>))
DEBUG:pybindgen.typehandlers:TypeMatcher.lookup('ns3::SuperframeStatus')
DEBUG:pybindgen.typehandlers:try to lookup type handler for 'ns3::SuperframeStatus' => success ((<class 'pybindgen.enum.Enum.set_module.<locals>.ThisEnumParameter'>, None, <pybindgen.typehandlers.ctypeparser.TypeTraits object at 0x7fadbb3236d8>))
DEBUG:pybindgen.typehandlers:TypeMatcher.lookup('ns3::CallbackImpl< void, ns3::Time, ns3::LrWpanPhyEnumeration, ns3::LrWpanPhyEnumeration, ns3::empty, ns3::empty, ns3::empty, ns3::empty, ns3::empty, ns3::empty > const &')
DEBUG:pybindgen.typehandlers:try to lookup type handler for 'ns3::CallbackImpl< void, ns3::Time, ns3::LrWpanPhyEnumeration, ns3::LrWpanPhyEnumeration, ns3::empty, ns3::empty, ns3::empty, ns3::empty, ns3::empty, ns3::empty > const &' => success ((<class 'pybindgen.cppclass.CppClass.__init__.<locals>.ThisClassRefParameter'>, None, <pybindgen.typehandlers.ctypeparser.TypeTraits object at 0x7fadbb323da0>))
DEBUG:pybindgen.typehandlers:TypeMatcher.lookup('std::string')
DEBUG:pybindgen.typehandlers:try to lookup type handler for 'std::string' => success ((<class 'pybindgen.typehandlers.stringtype.StdStringReturn'>, None, <pybindgen.typehandlers.ctypeparser.TypeTraits object at 0x7fadbb329668>))
DEBUG:pybindgen.typehandlers:TypeMatcher.lookup('std::string')
DEBUG:pybindgen.typehandlers:try to lookup type handler for 'std::string' => success ((<class 'pybindgen.typehandlers.stringtype.StdStringReturn'>, None, <pybindgen.typehandlers.ctypeparser.TypeTraits object at 0x7fadbb3299e8>))
DEBUG:pybindgen.typehandlers:TypeMatcher.lookup('void')
DEBUG:pybindgen.typehandlers:try to lookup type handler for 'void' => success ((<class 'pybindgen.typehandlers.voidtype.VoidReturn'>, None, <pybindgen.typehandlers.ctypeparser.TypeTraits object at 0x7fadbb329d68>))
DEBUG:pybindgen.typehandlers:TypeMatcher.lookup('ns3::Time')
DEBUG:pybindgen.typehandlers:try to lookup type handler for 'ns3::Time' => success ((<class 'pybindgen.cppclass.CppClass.__init__.<locals>.ThisClassParameter'>, None, <pybindgen.typehandlers.ctypeparser.TypeTraits object at 0x7fadbb329eb8>))
DEBUG:pybindgen.typehandlers:TypeMatcher.lookup('ns3::LrWpanPhyEnumeration')
DEBUG:pybindgen.typehandlers:try to lookup type handler for 'ns3::LrWpanPhyEnumeration' => success ((<class 'pybindgen.enum.Enum.set_module.<locals>.ThisEnumParameter'>, None, <pybindgen.typehandlers.ctypeparser.TypeTraits object at 0x7fadbb329f60>))
DEBUG:pybindgen.typehandlers:TypeMatcher.lookup('ns3::LrWpanPhyEnumeration')
DEBUG:pybindgen.typehandlers:try to lookup type handler for 'ns3::LrWpanPhyEnumeration' => success ((<class 'pybindgen.enum.Enum.set_module.<locals>.ThisEnumParameter'>, None, <pybindgen.typehandlers.ctypeparser.TypeTraits object at 0x7fadbb329f60>))
DEBUG:pybindgen.typehandlers:TypeMatcher.lookup('ns3::CallbackImpl< void, ns3::Time, ns3::empty, ns3::empty, ns3::empty, ns3::empty, ns3::empty, ns3::empty, ns3::empty, ns3::empty > const &')
DEBUG:pybindgen.typehandlers:try to lookup type handler for 'ns3::CallbackImpl< void, ns3::Time, ns3::empty, ns3::empty, ns3::empty, ns3::empty, ns3::empty, ns3::empty, ns3::empty, ns3::empty > const &' => success ((<class 'pybindgen.cppclass.CppClass.__init__.<locals>.ThisClassRefParameter'>, None, <pybindgen.typehandlers.ctypeparser.TypeTraits object at 0x7fadbb3316a0>))
DEBUG:pybindgen.typehandlers:TypeMatcher.lookup('std::string')
DEBUG:pybindgen.typehandlers:try to lookup type handler for 'std::string' => success ((<class 'pybindgen.typehandlers.stringtype.StdStringReturn'>, None, <pybindgen.typehandlers.ctypeparser.TypeTraits object at 0x7fadbb331f28>))
DEBUG:pybindgen.typehandlers:TypeMatcher.lookup('std::string')
DEBUG:pybindgen.typehandlers:try to lookup type handler for 'std::string' => success ((<class 'pybindgen.typehandlers.stringtype.StdStringReturn'>, None, <pybindgen.typehandlers.ctypeparser.TypeTraits object at 0x7fadbb3362e8>))
DEBUG:pybindgen.typehandlers:TypeMatcher.lookup('void')
DEBUG:pybindgen.typehandlers:try to lookup type handler for 'void' => success ((<class 'pybindgen.typehandlers.voidtype.VoidReturn'>, None, <pybindgen.typehandlers.ctypeparser.TypeTraits object at 0x7fadbb336668>))
DEBUG:pybindgen.typehandlers:TypeMatcher.lookup('ns3::Time')
DEBUG:pybindgen.typehandlers:try to lookup type handler for 'ns3::Time' => success ((<class 'pybindgen.cppclass.CppClass.__init__.<locals>.ThisClassParameter'>, None, <pybindgen.typehandlers.ctypeparser.TypeTraits object at 0x7fadbb3367b8>))
DEBUG:pybindgen.typehandlers:TypeMatcher.lookup('ns3::CallbackImpl< void, ns3::empty, ns3::empty, ns3::empty, ns3::empty, ns3::empty, ns3::empty, ns3::empty, ns3::empty, ns3::empty > const &')
DEBUG:pybindgen.typehandlers:try to lookup type handler for 'ns3::CallbackImpl< void, ns3::empty, ns3::empty, ns3::empty, ns3::empty, ns3::empty, ns3::empty, ns3::empty, ns3::empty, ns3::empty > const &' => success ((<class 'pybindgen.cppclass.CppClass.__init__.<locals>.ThisClassRefParameter'>, None, <pybindgen.typehandlers.ctypeparser.TypeTraits object at 0x7fadbb336da0>))
DEBUG:pybindgen.typehandlers:TypeMatcher.lookup('std::string')
DEBUG:pybindgen.typehandlers:try to lookup type handler for 'std::string' => success ((<class 'pybindgen.typehandlers.stringtype.StdStringReturn'>, None, <pybindgen.typehandlers.ctypeparser.TypeTraits object at 0x7fadbb33f668>))
DEBUG:pybindgen.typehandlers:TypeMatcher.lookup('std::string')
DEBUG:pybindgen.typehandlers:try to lookup type handler for 'std::string' => success ((<class 'pybindgen.typehandlers.stringtype.StdStringReturn'>, None, <pybindgen.typehandlers.ctypeparser.TypeTraits object at 0x7fadbb33f9e8>))
DEBUG:pybindgen.typehandlers:TypeMatcher.lookup('void')
DEBUG:pybindgen.typehandlers:try to lookup type handler for 'void' => success ((<class 'pybindgen.typehandlers.voidtype.VoidReturn'>, None, <pybindgen.typehandlers.ctypeparser.TypeTraits object at 0x7fadbb33fd68>))
DEBUG:pybindgen.typehandlers:TypeMatcher.lookup('ns3::LrWpanNetDevice const &')
DEBUG:pybindgen.typehandlers:try to lookup type handler for 'ns3::LrWpanNetDevice const &' => success ((<class 'pybindgen.cppclass.CppClass.__init__.<locals>.ThisClassRefParameter'>, None, <pybindgen.typehandlers.ctypeparser.TypeTraits object at 0x7fadbb346198>))
DEBUG:pybindgen.typehandlers:TypeMatcher.lookup('void')
DEBUG:pybindgen.typehandlers:try to lookup type handler for 'void' => success ((<class 'pybindgen.typehandlers.voidtype.VoidReturn'>, None, <pybindgen.typehandlers.ctypeparser.TypeTraits object at 0x7fadbb3467b8>))
DEBUG:pybindgen.typehandlers:TypeMatcher.lookup('ns3::Callback< void, ns3::empty, ns3::empty, ns3::empty, ns3::empty, ns3::empty, ns3::empty, ns3::empty, ns3::empty, ns3::empty >')
DEBUG:pybindgen.typehandlers:try to lookup type handler for 'ns3::Callback< void, ns3::empty, ns3::empty, ns3::empty, ns3::empty, ns3::empty, ns3::empty, ns3::empty, ns3::empty, ns3::empty >' => success ((<class 'ns3modulegen_core_customizations.register_callback_classes.<locals>.PythonCallbackParameter'>, None, <pybindgen.typehandlers.ctypeparser.TypeTraits object at 0x7fadbb346908>))
DEBUG:pybindgen.typehandlers:TypeMatcher.lookup('int64_t')
DEBUG:pybindgen.typehandlers:try to lookup type handler for 'int64_t' => success ((<class 'pybindgen.typehandlers.inttype.LongLongReturn'>, None, <pybindgen.typehandlers.ctypeparser.TypeTraits object at 0x7fadbb34e160>))
DEBUG:pybindgen.typehandlers:TypeMatcher.lookup('int64_t')
DEBUG:pybindgen.typehandlers:try to lookup type handler for 'int64_t' => success ((<class 'pybindgen.typehandlers.inttype.LongLongParam'>, None, <pybindgen.typehandlers.ctypeparser.TypeTraits object at 0x7fadbb34e2b0>))
DEBUG:pybindgen.typehandlers:TypeMatcher.lookup('ns3::Address')
DEBUG:pybindgen.typehandlers:try to lookup type handler for 'ns3::Address' => success ((<class 'pybindgen.cppclass.CppClass.__init__.<locals>.ThisClassReturn'>, None, <pybindgen.typehandlers.ctypeparser.TypeTraits object at 0x7fadbb34e630>))
DEBUG:pybindgen.typehandlers:TypeMatcher.lookup('ns3::Address')
DEBUG:pybindgen.typehandlers:try to lookup type handler for 'ns3::Address' => success ((<class 'pybindgen.cppclass.CppClass.__init__.<locals>.ThisClassReturn'>, None, <pybindgen.typehandlers.ctypeparser.TypeTraits object at 0x7fadbb34e9b0>))
DEBUG:pybindgen.typehandlers:TypeMatcher.lookup('ns3::Ptr< ns3::Channel >')
DEBUG:pybindgen.typehandlers:try to lookup type handler for 'ns3::Ptr< ns3::Channel >' => failure
DEBUG:pybindgen.typehandlers:try to lookup type handler for 'ns3::Channel *' => failure ('')
/home/cs18/tarballs/ns-allinone-3.34/ns-3.34/src/lr-wpan/bindings/modulegen__gcc_LP64.py:7960: Warning: exception TypeLookupError(['ns3::Ptr< ns3::Channel >', 'ns3::Channel *'],) in wrapper public: virtual retval? ???::GetChannel (params?) const;
  is_const=True, is_virtual=True)
DEBUG:pybindgen.typehandlers:TypeMatcher.lookup('ns3::Ptr< ns3::LrWpanCsmaCa >')
DEBUG:pybindgen.typehandlers:try to lookup type handler for 'ns3::Ptr< ns3::LrWpanCsmaCa >' => failure
DEBUG:pybindgen.typehandlers:try to lookup type handler for 'ns3::LrWpanCsmaCa *' => success ((<class 'pybindgen.cppclass.MemoryPolicy.register_ptr_parameter_and_return.<locals>.ThisClassPtrReturn'>, <ns3modulegen_core_customizations.SmartPointerTransformation object at 0x7fadbc4dbac8>, <pybindgen.typehandlers.ctypeparser.TypeTraits object at 0x7fadbb3576d8>))
DEBUG:pybindgen.typehandlers:TypeMatcher.lookup('uint32_t')
DEBUG:pybindgen.typehandlers:try to lookup type handler for 'uint32_t' => success ((<class 'pybindgen.typehandlers.inttype.UnsignedIntReturn'>, None, <pybindgen.typehandlers.ctypeparser.TypeTraits object at 0x7fadbb34eef0>))
DEBUG:pybindgen.typehandlers:TypeMatcher.lookup('ns3::Ptr< ns3::LrWpanMac >')
DEBUG:pybindgen.typehandlers:try to lookup type handler for 'ns3::Ptr< ns3::LrWpanMac >' => failure
DEBUG:pybindgen.typehandlers:try to lookup type handler for 'ns3::LrWpanMac *' => success ((<class 'pybindgen.cppclass.MemoryPolicy.register_ptr_parameter_and_return.<locals>.ThisClassPtrReturn'>, <ns3modulegen_core_customizations.SmartPointerTransformation object at 0x7fadbc4dbac8>, <pybindgen.typehandlers.ctypeparser.TypeTraits object at 0x7fadbb357c50>))
DEBUG:pybindgen.typehandlers:TypeMatcher.lookup('uint16_t')
DEBUG:pybindgen.typehandlers:try to lookup type handler for 'uint16_t' => success ((<class 'pybindgen.typehandlers.inttype.UInt16Return'>, None, <pybindgen.typehandlers.ctypeparser.TypeTraits object at 0x7fadbb357eb8>))
DEBUG:pybindgen.typehandlers:TypeMatcher.lookup('ns3::Address')
DEBUG:pybindgen.typehandlers:try to lookup type handler for 'ns3::Address' => success ((<class 'pybindgen.cppclass.CppClass.__init__.<locals>.ThisClassReturn'>, None, <pybindgen.typehandlers.ctypeparser.TypeTraits object at 0x7fadbb2de278>))
DEBUG:pybindgen.typehandlers:TypeMatcher.lookup('ns3::Ipv4Address')
DEBUG:pybindgen.typehandlers:try to lookup type handler for 'ns3::Ipv4Address' => success ((<class 'pybindgen.cppclass.CppClass.__init__.<locals>.ThisClassParameter'>, None, <pybindgen.typehandlers.ctypeparser.TypeTraits object at 0x7fadbb2de390>))
DEBUG:pybindgen.typehandlers:TypeMatcher.lookup('ns3::Address')
DEBUG:pybindgen.typehandlers:try to lookup type handler for 'ns3::Address' => success ((<class 'pybindgen.cppclass.CppClass.__init__.<locals>.ThisClassReturn'>, None, <pybindgen.typehandlers.ctypeparser.TypeTraits object at 0x7fadbb2de6d8>))
DEBUG:pybindgen.typehandlers:TypeMatcher.lookup('ns3::Ipv6Address')
DEBUG:pybindgen.typehandlers:try to lookup type handler for 'ns3::Ipv6Address' => success ((<class 'pybindgen.cppclass.CppClass.__init__.<locals>.ThisClassParameter'>, None, <pybindgen.typehandlers.ctypeparser.TypeTraits object at 0x7fadbb2de7f0>))
DEBUG:pybindgen.typehandlers:TypeMatcher.lookup('ns3::Ptr< ns3::Node >')
DEBUG:pybindgen.typehandlers:try to lookup type handler for 'ns3::Ptr< ns3::Node >' => failure
DEBUG:pybindgen.typehandlers:try to lookup type handler for 'ns3::Node *' => success ((<class 'pybindgen.cppclass.MemoryPolicy.register_ptr_parameter_and_return.<locals>.ThisClassPtrReturn'>, <ns3modulegen_core_customizations.SmartPointerTransformation object at 0x7fadbc4dbac8>, <pybindgen.typehandlers.ctypeparser.TypeTraits object at 0x7fadbb2ded30>))
DEBUG:pybindgen.typehandlers:TypeMatcher.lookup('ns3::Ptr< ns3::LrWpanPhy >')
DEBUG:pybindgen.typehandlers:try to lookup type handler for 'ns3::Ptr< ns3::LrWpanPhy >' => failure
DEBUG:pybindgen.typehandlers:try to lookup type handler for 'ns3::LrWpanPhy *' => success ((<class 'pybindgen.cppclass.MemoryPolicy.register_ptr_parameter_and_return.<locals>.ThisClassPtrReturn'>, <ns3modulegen_core_customizations.SmartPointerTransformation object at 0x7fadbc4dbac8>, <pybindgen.typehandlers.ctypeparser.TypeTraits object at 0x7fadbb2e5208>))
DEBUG:pybindgen.typehandlers:TypeMatcher.lookup('ns3::TypeId')
DEBUG:pybindgen.typehandlers:try to lookup type handler for 'ns3::TypeId' => success ((<class 'pybindgen.cppclass.CppClass.__init__.<locals>.ThisClassReturn'>, None, <pybindgen.typehandlers.ctypeparser.TypeTraits object at 0x7fadbb2e5470>))
DEBUG:pybindgen.typehandlers:TypeMatcher.lookup('bool')
DEBUG:pybindgen.typehandlers:try to lookup type handler for 'bool' => success ((<class 'pybindgen.typehandlers.booltype.BoolReturn'>, None, <pybindgen.typehandlers.ctypeparser.TypeTraits object at 0x7fadbb2e57f0>))
DEBUG:pybindgen.typehandlers:TypeMatcher.lookup('bool')
DEBUG:pybindgen.typehandlers:try to lookup type handler for 'bool' => success ((<class 'pybindgen.typehandlers.booltype.BoolReturn'>, None, <pybindgen.typehandlers.ctypeparser.TypeTraits object at 0x7fadbb2e5ba8>))
DEBUG:pybindgen.typehandlers:TypeMatcher.lookup('bool')
DEBUG:pybindgen.typehandlers:try to lookup type handler for 'bool' => success ((<class 'pybindgen.typehandlers.booltype.BoolReturn'>, None, <pybindgen.typehandlers.ctypeparser.TypeTraits object at 0x7fadbb2e5f60>))
DEBUG:pybindgen.typehandlers:TypeMatcher.lookup('bool')
DEBUG:pybindgen.typehandlers:try to lookup type handler for 'bool' => success ((<class 'pybindgen.typehandlers.booltype.BoolReturn'>, None, <pybindgen.typehandlers.ctypeparser.TypeTraits object at 0x7fadbb2eb358>))
DEBUG:pybindgen.typehandlers:TypeMatcher.lookup('bool')
DEBUG:pybindgen.typehandlers:try to lookup type handler for 'bool' => success ((<class 'pybindgen.typehandlers.booltype.BoolReturn'>, None, <pybindgen.typehandlers.ctypeparser.TypeTraits object at 0x7fadbb2eb710>))
DEBUG:pybindgen.typehandlers:TypeMatcher.lookup('void')
DEBUG:pybindgen.typehandlers:try to lookup type handler for 'void' => success ((<class 'pybindgen.typehandlers.voidtype.VoidReturn'>, None, <pybindgen.typehandlers.ctypeparser.TypeTraits object at 0x7fadbb2ebac8>))
DEBUG:pybindgen.typehandlers:TypeMatcher.lookup('ns3::McpsDataIndicationParams')
DEBUG:pybindgen.typehandlers:try to lookup type handler for 'ns3::McpsDataIndicationParams' => success ((<class 'pybindgen.cppclass.CppClass.__init__.<locals>.ThisClassParameter'>, None, <pybindgen.typehandlers.ctypeparser.TypeTraits object at 0x7fadbb2ebc18>))
DEBUG:pybindgen.typehandlers:TypeMatcher.lookup('ns3::Ptr< ns3::Packet >')
DEBUG:pybindgen.typehandlers:try to lookup type handler for 'ns3::Ptr< ns3::Packet >' => failure
DEBUG:pybindgen.typehandlers:try to lookup type handler for 'ns3::Packet *' => success ((<class 'pybindgen.cppclass.MemoryPolicy.register_ptr_parameter_and_return.<locals>.ThisClassPtrParameter'>, <ns3modulegen_core_customizations.SmartPointerTransformation object at 0x7fadbc4dbac8>, <pybindgen.typehandlers.ctypeparser.TypeTraits object at 0x7fadbb2ebf28>))
DEBUG:pybindgen.typehandlers:TypeMatcher.lookup('bool')
DEBUG:pybindgen.typehandlers:try to lookup type handler for 'bool' => success ((<class 'pybindgen.typehandlers.booltype.BoolReturn'>, None, <pybindgen.typehandlers.ctypeparser.TypeTraits object at 0x7fadbb2f4198>))
DEBUG:pybindgen.typehandlers:TypeMatcher.lookup('bool')
DEBUG:pybindgen.typehandlers:try to lookup type handler for 'bool' => success ((<class 'pybindgen.typehandlers.booltype.BoolReturn'>, None, <pybindgen.typehandlers.ctypeparser.TypeTraits object at 0x7fadbb2f4550>))
DEBUG:pybindgen.typehandlers:TypeMatcher.lookup('ns3::Ptr< ns3::Packet >')
DEBUG:pybindgen.typehandlers:try to lookup type handler for 'ns3::Ptr< ns3::Packet >' => failure
DEBUG:pybindgen.typehandlers:try to lookup type handler for 'ns3::Packet *' => success ((<class 'pybindgen.cppclass.MemoryPolicy.register_ptr_parameter_and_return.<locals>.ThisClassPtrParameter'>, <ns3modulegen_core_customizations.SmartPointerTransformation object at 0x7fadbc4dbac8>, <pybindgen.typehandlers.ctypeparser.TypeTraits object at 0x7fadbb2f48d0>))
DEBUG:pybindgen.typehandlers:TypeMatcher.lookup('ns3::Address const &')
DEBUG:pybindgen.typehandlers:try to lookup type handler for 'ns3::Address const &' => success ((<class 'pybindgen.cppclass.CppClass.__init__.<locals>.ThisClassRefParameter'>, None, <pybindgen.typehandlers.ctypeparser.TypeTraits object at 0x7fadbb2f48d0>))
DEBUG:pybindgen.typehandlers:TypeMatcher.lookup('uint16_t')
DEBUG:pybindgen.typehandlers:try to lookup type handler for 'uint16_t' => success ((<class 'pybindgen.typehandlers.inttype.UInt16Param'>, None, <pybindgen.typehandlers.ctypeparser.TypeTraits object at 0x7fadbb2f4a58>))
DEBUG:pybindgen.typehandlers:TypeMatcher.lookup('bool')
DEBUG:pybindgen.typehandlers:try to lookup type handler for 'bool' => success ((<class 'pybindgen.typehandlers.booltype.BoolReturn'>, None, <pybindgen.typehandlers.ctypeparser.TypeTraits object at 0x7fadbb2f4d68>))
DEBUG:pybindgen.typehandlers:TypeMatcher.lookup('ns3::Ptr< ns3::Packet >')
DEBUG:pybindgen.typehandlers:try to lookup type handler for 'ns3::Ptr< ns3::Packet >' => failure
DEBUG:pybindgen.typehandlers:try to lookup type handler for 'ns3::Packet *' => success ((<class 'pybindgen.cppclass.MemoryPolicy.register_ptr_parameter_and_return.<locals>.ThisClassPtrParameter'>, <ns3modulegen_core_customizations.SmartPointerTransformation object at 0x7fadbc4dbac8>, <pybindgen.typehandlers.ctypeparser.TypeTraits object at 0x7fadbb2fa128>))
DEBUG:pybindgen.typehandlers:TypeMatcher.lookup('ns3::Address const &')
DEBUG:pybindgen.typehandlers:try to lookup type handler for 'ns3::Address const &' => success ((<class 'pybindgen.cppclass.CppClass.__init__.<locals>.ThisClassRefParameter'>, None, <pybindgen.typehandlers.ctypeparser.TypeTraits object at 0x7fadbb2fa128>))
DEBUG:pybindgen.typehandlers:TypeMatcher.lookup('ns3::Address const &')
DEBUG:pybindgen.typehandlers:try to lookup type handler for 'ns3::Address const &' => success ((<class 'pybindgen.cppclass.CppClass.__init__.<locals>.ThisClassRefParameter'>, None, <pybindgen.typehandlers.ctypeparser.TypeTraits object at 0x7fadbb2fa2b0>))
DEBUG:pybindgen.typehandlers:TypeMatcher.lookup('uint16_t')
DEBUG:pybindgen.typehandlers:try to lookup type handler for 'uint16_t' => success ((<class 'pybindgen.typehandlers.inttype.UInt16Param'>, None, <pybindgen.typehandlers.ctypeparser.TypeTraits object at 0x7fadbb2fa438>))
DEBUG:pybindgen.typehandlers:TypeMatcher.lookup('void')
DEBUG:pybindgen.typehandlers:try to lookup type handler for 'void' => success ((<class 'pybindgen.typehandlers.voidtype.VoidReturn'>, None, <pybindgen.typehandlers.ctypeparser.TypeTraits object at 0x7fadbb2fa748>))
DEBUG:pybindgen.typehandlers:TypeMatcher.lookup('ns3::Address')
DEBUG:pybindgen.typehandlers:try to lookup type handler for 'ns3::Address' => success ((<class 'pybindgen.cppclass.CppClass.__init__.<locals>.ThisClassParameter'>, None, <pybindgen.typehandlers.ctypeparser.TypeTraits object at 0x7fadbb2fa898>))
DEBUG:pybindgen.typehandlers:TypeMatcher.lookup('void')
DEBUG:pybindgen.typehandlers:try to lookup type handler for 'void' => success ((<class 'pybindgen.typehandlers.voidtype.VoidReturn'>, None, <pybindgen.typehandlers.ctypeparser.TypeTraits object at 0x7fadbb2fabe0>))
DEBUG:pybindgen.typehandlers:TypeMatcher.lookup('ns3::Ptr< ns3::SpectrumChannel >')
DEBUG:pybindgen.typehandlers:try to lookup type handler for 'ns3::Ptr< ns3::SpectrumChannel >' => failure
DEBUG:pybindgen.typehandlers:try to lookup type handler for 'ns3::SpectrumChannel *' => failure ('')
/home/cs18/tarballs/ns-allinone-3.34/ns-3.34/src/lr-wpan/bindings/modulegen__gcc_LP64.py:8058: Warning: exception TypeLookupError(['ns3::Ptr< ns3::SpectrumChannel >', 'ns3::SpectrumChannel *'],) in wrapper public: retval? ???::SetChannel (params?);
  [param('ns3::Ptr< ns3::SpectrumChannel >', 'channel')])
DEBUG:pybindgen.typehandlers:TypeMatcher.lookup('void')
DEBUG:pybindgen.typehandlers:try to lookup type handler for 'void' => success ((<class 'pybindgen.typehandlers.voidtype.VoidReturn'>, None, <pybindgen.typehandlers.ctypeparser.TypeTraits object at 0x7fadbb2fafd0>))
DEBUG:pybindgen.typehandlers:TypeMatcher.lookup('ns3::Ptr< ns3::LrWpanCsmaCa >')
DEBUG:pybindgen.typehandlers:try to lookup type handler for 'ns3::Ptr< ns3::LrWpanCsmaCa >' => failure
DEBUG:pybindgen.typehandlers:try to lookup type handler for 'ns3::LrWpanCsmaCa *' => success ((<class 'pybindgen.cppclass.MemoryPolicy.register_ptr_parameter_and_return.<locals>.ThisClassPtrParameter'>, <ns3modulegen_core_customizations.SmartPointerTransformation object at 0x7fadbc4dbac8>, <pybindgen.typehandlers.ctypeparser.TypeTraits object at 0x7fadbb301390>))
DEBUG:pybindgen.typehandlers:TypeMatcher.lookup('void')
DEBUG:pybindgen.typehandlers:try to lookup type handler for 'void' => success ((<class 'pybindgen.typehandlers.voidtype.VoidReturn'>, None, <pybindgen.typehandlers.ctypeparser.TypeTraits object at 0x7fadbb3015c0>))
DEBUG:pybindgen.typehandlers:TypeMatcher.lookup('uint32_t const')
DEBUG:pybindgen.typehandlers:try to lookup type handler for 'uint32_t const' => success ((<class 'pybindgen.typehandlers.inttype.UnsignedIntParam'>, None, <pybindgen.typehandlers.ctypeparser.TypeTraits object at 0x7fadbb301710>))
DEBUG:pybindgen.typehandlers:TypeMatcher.lookup('void')
DEBUG:pybindgen.typehandlers:try to lookup type handler for 'void' => success ((<class 'pybindgen.typehandlers.voidtype.VoidReturn'>, None, <pybindgen.typehandlers.ctypeparser.TypeTraits object at 0x7fadbb301ac8>))
DEBUG:pybindgen.typehandlers:TypeMatcher.lookup('ns3::Ptr< ns3::LrWpanMac >')
DEBUG:pybindgen.typehandlers:try to lookup type handler for 'ns3::Ptr< ns3::LrWpanMac >' => failure
DEBUG:pybindgen.typehandlers:try to lookup type handler for 'ns3::LrWpanMac *' => success ((<class 'pybindgen.cppclass.MemoryPolicy.register_ptr_parameter_and_return.<locals>.ThisClassPtrParameter'>, <ns3modulegen_core_customizations.SmartPointerTransformation object at 0x7fadbc4dbac8>, <pybindgen.typehandlers.ctypeparser.TypeTraits object at 0x7fadbb301e48>))
DEBUG:pybindgen.typehandlers:TypeMatcher.lookup('bool')
DEBUG:pybindgen.typehandlers:try to lookup type handler for 'bool' => success ((<class 'pybindgen.typehandlers.booltype.BoolReturn'>, None, <pybindgen.typehandlers.ctypeparser.TypeTraits object at 0x7fadbb3090b8>))
DEBUG:pybindgen.typehandlers:TypeMatcher.lookup('uint16_t const')
DEBUG:pybindgen.typehandlers:try to lookup type handler for 'uint16_t const' => success ((<class 'pybindgen.typehandlers.inttype.UInt16Param'>, None, <pybindgen.typehandlers.ctypeparser.TypeTraits object at 0x7fadbb309208>))
DEBUG:pybindgen.typehandlers:TypeMatcher.lookup('void')
DEBUG:pybindgen.typehandlers:try to lookup type handler for 'void' => success ((<class 'pybindgen.typehandlers.voidtype.VoidReturn'>, None, <pybindgen.typehandlers.ctypeparser.TypeTraits object at 0x7fadbb3095c0>))
DEBUG:pybindgen.typehandlers:TypeMatcher.lookup('ns3::Ptr< ns3::Node >')
DEBUG:pybindgen.typehandlers:try to lookup type handler for 'ns3::Ptr< ns3::Node >' => failure
DEBUG:pybindgen.typehandlers:try to lookup type handler for 'ns3::Node *' => success ((<class 'pybindgen.cppclass.MemoryPolicy.register_ptr_parameter_and_return.<locals>.ThisClassPtrParameter'>, <ns3modulegen_core_customizations.SmartPointerTransformation object at 0x7fadbc4dbac8>, <pybindgen.typehandlers.ctypeparser.TypeTraits object at 0x7fadbb309940>))
DEBUG:pybindgen.typehandlers:TypeMatcher.lookup('void')
DEBUG:pybindgen.typehandlers:try to lookup type handler for 'void' => success ((<class 'pybindgen.typehandlers.voidtype.VoidReturn'>, None, <pybindgen.typehandlers.ctypeparser.TypeTraits object at 0x7fadbb309b70>))
DEBUG:pybindgen.typehandlers:TypeMatcher.lookup('ns3::Ptr< ns3::LrWpanPhy >')
DEBUG:pybindgen.typehandlers:try to lookup type handler for 'ns3::Ptr< ns3::LrWpanPhy >' => failure
DEBUG:pybindgen.typehandlers:try to lookup type handler for 'ns3::LrWpanPhy *' => success ((<class 'pybindgen.cppclass.MemoryPolicy.register_ptr_parameter_and_return.<locals>.ThisClassPtrParameter'>, <ns3modulegen_core_customizations.SmartPointerTransformation object at 0x7fadbc4dbac8>, <pybindgen.typehandlers.ctypeparser.TypeTraits object at 0x7fadbb309ef0>))
DEBUG:pybindgen.typehandlers:TypeMatcher.lookup('void')
DEBUG:pybindgen.typehandlers:try to lookup type handler for 'void' => success ((<class 'pybindgen.typehandlers.voidtype.VoidReturn'>, None, <pybindgen.typehandlers.ctypeparser.TypeTraits object at 0x7fadbb30d160>))
DEBUG:pybindgen.typehandlers:TypeMatcher.lookup('ns3::Callback< bool, ns3::Ptr< ns3::NetDevice >, ns3::Ptr< ns3::Packet const >, unsigned short, ns3::Address const &, ns3::Address const &, ns3::NetDevice::PacketType, ns3::empty, ns3::empty, ns3::empty >')
DEBUG:pybindgen.typehandlers:try to lookup type handler for 'ns3::Callback< bool, ns3::Ptr< ns3::NetDevice >, ns3::Ptr< ns3::Packet const >, unsigned short, ns3::Address const &, ns3::Address const &, ns3::NetDevice::PacketType, ns3::empty, ns3::empty, ns3::empty >' => failure
'ns3::Callback< bool, ns3::Ptr< ns3::NetDevice >, ns3::Ptr< ns3::Packet const >, unsigned short, ns3::Address const &, ns3::Address const &, ns3::NetDevice::PacketType, ns3::empty, ns3::empty, ns3::empty >' did not match
/home/cs18/tarballs/ns-allinone-3.34/ns-3.34/src/lr-wpan/bindings/modulegen__gcc_LP64.py:8090: Warning: exception TypeLookupError(['ns3::Callback< bool, ns3::Ptr< ns3::NetDevice >, ns3::Ptr< ns3::Packet const >, unsigned short, ns3::Address const &, ns3::Address const &, ns3::NetDevice::PacketType, ns3::empty, ns3::empty, ns3::empty >'],) in wrapper public: virtual retval? ???::SetPromiscReceiveCallback (params?);
  is_virtual=True)
DEBUG:pybindgen.typehandlers:TypeMatcher.lookup('void')
DEBUG:pybindgen.typehandlers:try to lookup type handler for 'void' => success ((<class 'pybindgen.typehandlers.voidtype.VoidReturn'>, None, <pybindgen.typehandlers.ctypeparser.TypeTraits object at 0x7fadbb3114a8>))
DEBUG:pybindgen.typehandlers:TypeMatcher.lookup('ns3::Callback< bool, ns3::Ptr< ns3::NetDevice >, ns3::Ptr< ns3::Packet const >, unsigned short, ns3::Address const &, ns3::empty, ns3::empty, ns3::empty, ns3::empty, ns3::empty >')
DEBUG:pybindgen.typehandlers:try to lookup type handler for 'ns3::Callback< bool, ns3::Ptr< ns3::NetDevice >, ns3::Ptr< ns3::Packet const >, unsigned short, ns3::Address const &, ns3::empty, ns3::empty, ns3::empty, ns3::empty, ns3::empty >' => success ((<class 'ns3modulegen_core_customizations.register_callback_classes.<locals>.PythonCallbackParameter'>, None, <pybindgen.typehandlers.ctypeparser.TypeTraits object at 0x7fadbb3115f8>))
DEBUG:pybindgen.typehandlers:TypeMatcher.lookup('bool')
DEBUG:pybindgen.typehandlers:try to lookup type handler for 'bool' => success ((<class 'pybindgen.typehandlers.booltype.BoolReturn'>, None, <pybindgen.typehandlers.ctypeparser.TypeTraits object at 0x7fadbb318128>))
DEBUG:pybindgen.typehandlers:TypeMatcher.lookup('void')
DEBUG:pybindgen.typehandlers:try to lookup type handler for 'void' => success ((<class 'pybindgen.typehandlers.voidtype.VoidReturn'>, None, <pybindgen.typehandlers.ctypeparser.TypeTraits object at 0x7fadbb3184e0>))
DEBUG:pybindgen.typehandlers:TypeMatcher.lookup('void')
DEBUG:pybindgen.typehandlers:try to lookup type handler for 'void' => success ((<class 'pybindgen.typehandlers.voidtype.VoidReturn'>, None, <pybindgen.typehandlers.ctypeparser.TypeTraits object at 0x7fadbb318860>))
DEBUG:pybindgen.typehandlers:TypeMatcher.lookup('ns3::Hash::Implementation const &')
DEBUG:pybindgen.typehandlers:try to lookup type handler for 'ns3::Hash::Implementation const &' => success ((<class 'pybindgen.cppclass.CppClass.__init__.<locals>.ThisClassRefParameter'>, None, <pybindgen.typehandlers.ctypeparser.TypeTraits object at 0x7fadbb318c18>))
DEBUG:pybindgen.typehandlers:TypeMatcher.lookup('uint32_t')
DEBUG:pybindgen.typehandlers:try to lookup type handler for 'uint32_t' => success ((<class 'pybindgen.typehandlers.inttype.UnsignedIntReturn'>, None, <pybindgen.typehandlers.ctypeparser.TypeTraits object at 0x7fadbb2a1278>))
DEBUG:pybindgen.typehandlers:TypeMatcher.lookup('char const *')
DEBUG:pybindgen.typehandlers:try to lookup type handler for 'char const *' => success ((<class 'pybindgen.typehandlers.stringtype.CStringParam'>, None, <pybindgen.typehandlers.ctypeparser.TypeTraits object at 0x7fadbb2a1390>))
DEBUG:pybindgen.typehandlers:TypeMatcher.lookup('std::size_t const')
DEBUG:pybindgen.typehandlers:try to lookup type handler for 'std::size_t const' => success ((<class 'pybindgen.typehandlers.inttype.SizeTParam'>, None, <pybindgen.typehandlers.ctypeparser.TypeTraits object at 0x7fadbb2a1550>))
DEBUG:pybindgen.typehandlers:TypeMatcher.lookup('uint64_t')
DEBUG:pybindgen.typehandlers:try to lookup type handler for 'uint64_t' => success ((<class 'pybindgen.typehandlers.inttype.UnsignedLongLongReturn'>, None, <pybindgen.typehandlers.ctypeparser.TypeTraits object at 0x7fadbb2a1908>))
DEBUG:pybindgen.typehandlers:TypeMatcher.lookup('char const *')
DEBUG:pybindgen.typehandlers:try to lookup type handler for 'char const *' => success ((<class 'pybindgen.typehandlers.stringtype.CStringParam'>, None, <pybindgen.typehandlers.ctypeparser.TypeTraits object at 0x7fadbb2a1a20>))
DEBUG:pybindgen.typehandlers:TypeMatcher.lookup('std::size_t const')
DEBUG:pybindgen.typehandlers:try to lookup type handler for 'std::size_t const' => success ((<class 'pybindgen.typehandlers.inttype.SizeTParam'>, None, <pybindgen.typehandlers.ctypeparser.TypeTraits object at 0x7fadbb2a1be0>))
DEBUG:pybindgen.typehandlers:TypeMatcher.lookup('void')
DEBUG:pybindgen.typehandlers:try to lookup type handler for 'void' => success ((<class 'pybindgen.typehandlers.voidtype.VoidReturn'>, None, <pybindgen.typehandlers.ctypeparser.TypeTraits object at 0x7fadbb2a1f98>))
DEBUG:pybindgen.typehandlers:TypeMatcher.lookup('ns3::Hash::Function::Fnv1a const &')
DEBUG:pybindgen.typehandlers:try to lookup type handler for 'ns3::Hash::Function::Fnv1a const &' => success ((<class 'pybindgen.cppclass.CppClass.__init__.<locals>.ThisClassRefParameter'>, None, <pybindgen.typehandlers.ctypeparser.TypeTraits object at 0x7fadbb2a73c8>))
DEBUG:pybindgen.typehandlers:TypeMatcher.lookup('uint32_t')
DEBUG:pybindgen.typehandlers:try to lookup type handler for 'uint32_t' => success ((<class 'pybindgen.typehandlers.inttype.UnsignedIntReturn'>, None, <pybindgen.typehandlers.ctypeparser.TypeTraits object at 0x7fadbb2a79e8>))
DEBUG:pybindgen.typehandlers:TypeMatcher.lookup('char const *')
DEBUG:pybindgen.typehandlers:try to lookup type handler for 'char const *' => success ((<class 'pybindgen.typehandlers.stringtype.CStringParam'>, None, <pybindgen.typehandlers.ctypeparser.TypeTraits object at 0x7fadbb2a7b00>))
DEBUG:pybindgen.typehandlers:TypeMatcher.lookup('size_t const')
DEBUG:pybindgen.typehandlers:try to lookup type handler for 'size_t const' => success ((<class 'pybindgen.typehandlers.inttype.SizeTParam'>, None, <pybindgen.typehandlers.ctypeparser.TypeTraits object at 0x7fadbb2a7cc0>))
DEBUG:pybindgen.typehandlers:TypeMatcher.lookup('uint64_t')
DEBUG:pybindgen.typehandlers:try to lookup type handler for 'uint64_t' => success ((<class 'pybindgen.typehandlers.inttype.UnsignedLongLongReturn'>, None, <pybindgen.typehandlers.ctypeparser.TypeTraits object at 0x7fadbb2ac0f0>))
DEBUG:pybindgen.typehandlers:TypeMatcher.lookup('char const *')
DEBUG:pybindgen.typehandlers:try to lookup type handler for 'char const *' => success ((<class 'pybindgen.typehandlers.stringtype.CStringParam'>, None, <pybindgen.typehandlers.ctypeparser.TypeTraits object at 0x7fadbb2ac208>))
DEBUG:pybindgen.typehandlers:TypeMatcher.lookup('size_t const')
DEBUG:pybindgen.typehandlers:try to lookup type handler for 'size_t const' => success ((<class 'pybindgen.typehandlers.inttype.SizeTParam'>, None, <pybindgen.typehandlers.ctypeparser.TypeTraits object at 0x7fadbb2ac3c8>))
DEBUG:pybindgen.typehandlers:TypeMatcher.lookup('void')
DEBUG:pybindgen.typehandlers:try to lookup type handler for 'void' => success ((<class 'pybindgen.typehandlers.voidtype.VoidReturn'>, None, <pybindgen.typehandlers.ctypeparser.TypeTraits object at 0x7fadbb2ac7b8>))
DEBUG:pybindgen.typehandlers:TypeMatcher.lookup('ns3::Hash::Function::Hash32 const &')
DEBUG:pybindgen.typehandlers:try to lookup type handler for 'ns3::Hash::Function::Hash32 const &' => success ((<class 'pybindgen.cppclass.CppClass.__init__.<locals>.ThisClassRefParameter'>, None, <pybindgen.typehandlers.ctypeparser.TypeTraits object at 0x7fadbb2acba8>))
DEBUG:pybindgen.typehandlers:TypeMatcher.lookup('ns3::Hash::Hash32Function_ptr')
DEBUG:pybindgen.typehandlers:try to lookup type handler for 'ns3::Hash::Hash32Function_ptr' => failure
'ns3::Hash::Hash32Function_ptr' did not match
/home/cs18/tarballs/ns-allinone-3.34/ns-3.34/src/lr-wpan/bindings/modulegen__gcc_LP64.py:8161: Warning: exception TypeLookupError(['ns3::Hash::Hash32Function_ptr'],) in wrapper <pybindgen.cppmethod.CppConstructor object at 0x7fadbb2faf60>
  cls.add_constructor([param('ns3::Hash::Hash32Function_ptr', 'hp')])
DEBUG:pybindgen.typehandlers:TypeMatcher.lookup('uint32_t')
DEBUG:pybindgen.typehandlers:try to lookup type handler for 'uint32_t' => success ((<class 'pybindgen.typehandlers.inttype.UnsignedIntReturn'>, None, <pybindgen.typehandlers.ctypeparser.TypeTraits object at 0x7fadbb30d390>))
DEBUG:pybindgen.typehandlers:TypeMatcher.lookup('char const *')
DEBUG:pybindgen.typehandlers:try to lookup type handler for 'char const *' => success ((<class 'pybindgen.typehandlers.stringtype.CStringParam'>, None, <pybindgen.typehandlers.ctypeparser.TypeTraits object at 0x7fadbb30d438>))
DEBUG:pybindgen.typehandlers:TypeMatcher.lookup('std::size_t const')
DEBUG:pybindgen.typehandlers:try to lookup type handler for 'std::size_t const' => success ((<class 'pybindgen.typehandlers.inttype.SizeTParam'>, None, <pybindgen.typehandlers.ctypeparser.TypeTraits object at 0x7fadbb30d5c0>))
DEBUG:pybindgen.typehandlers:TypeMatcher.lookup('void')
DEBUG:pybindgen.typehandlers:try to lookup type handler for 'void' => success ((<class 'pybindgen.typehandlers.voidtype.VoidReturn'>, None, <pybindgen.typehandlers.ctypeparser.TypeTraits object at 0x7fadbb30d9b0>))
DEBUG:pybindgen.typehandlers:TypeMatcher.lookup('ns3::Hash::Function::Hash64 const &')
DEBUG:pybindgen.typehandlers:try to lookup type handler for 'ns3::Hash::Function::Hash64 const &' => success ((<class 'pybindgen.cppclass.CppClass.__init__.<locals>.ThisClassRefParameter'>, None, <pybindgen.typehandlers.ctypeparser.TypeTraits object at 0x7fadbb2b60b8>))
DEBUG:pybindgen.typehandlers:TypeMatcher.lookup('ns3::Hash::Hash64Function_ptr')
DEBUG:pybindgen.typehandlers:try to lookup type handler for 'ns3::Hash::Hash64Function_ptr' => failure
'ns3::Hash::Hash64Function_ptr' did not match
/home/cs18/tarballs/ns-allinone-3.34/ns-3.34/src/lr-wpan/bindings/modulegen__gcc_LP64.py:8178: Warning: exception TypeLookupError(['ns3::Hash::Hash64Function_ptr'],) in wrapper <pybindgen.cppmethod.CppConstructor object at 0x7fadbb2b6438>
  cls.add_constructor([param('ns3::Hash::Hash64Function_ptr', 'hp')])
DEBUG:pybindgen.typehandlers:TypeMatcher.lookup('uint32_t')
DEBUG:pybindgen.typehandlers:try to lookup type handler for 'uint32_t' => success ((<class 'pybindgen.typehandlers.inttype.UnsignedIntReturn'>, None, <pybindgen.typehandlers.ctypeparser.TypeTraits object at 0x7fadbb2b6588>))
DEBUG:pybindgen.typehandlers:TypeMatcher.lookup('char const *')
DEBUG:pybindgen.typehandlers:try to lookup type handler for 'char const *' => success ((<class 'pybindgen.typehandlers.stringtype.CStringParam'>, None, <pybindgen.typehandlers.ctypeparser.TypeTraits object at 0x7fadbb2b6668>))
DEBUG:pybindgen.typehandlers:TypeMatcher.lookup('std::size_t const')
DEBUG:pybindgen.typehandlers:try to lookup type handler for 'std::size_t const' => success ((<class 'pybindgen.typehandlers.inttype.SizeTParam'>, None, <pybindgen.typehandlers.ctypeparser.TypeTraits object at 0x7fadbb2b6828>))
DEBUG:pybindgen.typehandlers:TypeMatcher.lookup('uint64_t')
DEBUG:pybindgen.typehandlers:try to lookup type handler for 'uint64_t' => success ((<class 'pybindgen.typehandlers.inttype.UnsignedLongLongReturn'>, None, <pybindgen.typehandlers.ctypeparser.TypeTraits object at 0x7fadbb2b6be0>))
DEBUG:pybindgen.typehandlers:TypeMatcher.lookup('char const *')
DEBUG:pybindgen.typehandlers:try to lookup type handler for 'char const *' => success ((<class 'pybindgen.typehandlers.stringtype.CStringParam'>, None, <pybindgen.typehandlers.ctypeparser.TypeTraits object at 0x7fadbb2b6cf8>))
DEBUG:pybindgen.typehandlers:TypeMatcher.lookup('std::size_t const')
DEBUG:pybindgen.typehandlers:try to lookup type handler for 'std::size_t const' => success ((<class 'pybindgen.typehandlers.inttype.SizeTParam'>, None, <pybindgen.typehandlers.ctypeparser.TypeTraits object at 0x7fadbb2b6eb8>))
DEBUG:pybindgen.typehandlers:TypeMatcher.lookup('void')
DEBUG:pybindgen.typehandlers:try to lookup type handler for 'void' => success ((<class 'pybindgen.typehandlers.voidtype.VoidReturn'>, None, <pybindgen.typehandlers.ctypeparser.TypeTraits object at 0x7fadbb2bf2b0>))
DEBUG:pybindgen.typehandlers:TypeMatcher.lookup('ns3::Hash::Function::Murmur3 const &')
DEBUG:pybindgen.typehandlers:try to lookup type handler for 'ns3::Hash::Function::Murmur3 const &' => success ((<class 'pybindgen.cppclass.CppClass.__init__.<locals>.ThisClassRefParameter'>, None, <pybindgen.typehandlers.ctypeparser.TypeTraits object at 0x7fadbb2bf6a0>))
DEBUG:pybindgen.typehandlers:TypeMatcher.lookup('uint32_t')
DEBUG:pybindgen.typehandlers:try to lookup type handler for 'uint32_t' => success ((<class 'pybindgen.typehandlers.inttype.UnsignedIntReturn'>, None, <pybindgen.typehandlers.ctypeparser.TypeTraits object at 0x7fadbb2bfcc0>))
DEBUG:pybindgen.typehandlers:TypeMatcher.lookup('char const *')
DEBUG:pybindgen.typehandlers:try to lookup type handler for 'char const *' => success ((<class 'pybindgen.typehandlers.stringtype.CStringParam'>, None, <pybindgen.typehandlers.ctypeparser.TypeTraits object at 0x7fadbb2bfdd8>))
DEBUG:pybindgen.typehandlers:TypeMatcher.lookup('std::size_t const')
DEBUG:pybindgen.typehandlers:try to lookup type handler for 'std::size_t const' => success ((<class 'pybindgen.typehandlers.inttype.SizeTParam'>, None, <pybindgen.typehandlers.ctypeparser.TypeTraits object at 0x7fadbb30d320>))
DEBUG:pybindgen.typehandlers:TypeMatcher.lookup('uint64_t')
DEBUG:pybindgen.typehandlers:try to lookup type handler for 'uint64_t' => success ((<class 'pybindgen.typehandlers.inttype.UnsignedLongLongReturn'>, None, <pybindgen.typehandlers.ctypeparser.TypeTraits object at 0x7fadbb2c51d0>))
DEBUG:pybindgen.typehandlers:TypeMatcher.lookup('char const *')
DEBUG:pybindgen.typehandlers:try to lookup type handler for 'char const *' => success ((<class 'pybindgen.typehandlers.stringtype.CStringParam'>, None, <pybindgen.typehandlers.ctypeparser.TypeTraits object at 0x7fadbb2c52e8>))
DEBUG:pybindgen.typehandlers:TypeMatcher.lookup('std::size_t const')
DEBUG:pybindgen.typehandlers:try to lookup type handler for 'std::size_t const' => success ((<class 'pybindgen.typehandlers.inttype.SizeTParam'>, None, <pybindgen.typehandlers.ctypeparser.TypeTraits object at 0x7fadbb2c54a8>))
DEBUG:pybindgen.typehandlers:TypeMatcher.lookup('void')
DEBUG:pybindgen.typehandlers:try to lookup type handler for 'void' => success ((<class 'pybindgen.typehandlers.voidtype.VoidReturn'>, None, <pybindgen.typehandlers.ctypeparser.TypeTraits object at 0x7fadbb2c5860>))
DEBUG:pybindgen.typehandlers:TypeMatcher.lookup('ns3::ObjectBase *')
DEBUG:pybindgen.typehandlers:try to lookup type handler for 'ns3::ObjectBase *' => success ((<class 'pybindgen.cppclass.CppClass.__init__.<locals>.ThisClassPtrReturn'>, None, <pybindgen.typehandlers.ctypeparser.TypeTraits object at 0x7fadbb2c5e80>))
/home/cs18/tarballs/ns-allinone-3.34/pybindgen-0.22.0/pybindgen/cppclass.py:3843: UserWarning: Returning shared pointers is dangerous!  The C++ API should be redesigned to avoid this situation.
  warnings.warn("Returning shared pointers is dangerous!"
Flushing to  <pybindgen.typehandlers.codesink.MemoryCodeSink object at 0x7fadbbdf65c0>
DEBUG:pybindgen.typehandlers:TypeMatcher.lookup('void')
DEBUG:pybindgen.typehandlers:try to lookup type handler for 'void' => success ((<class 'pybindgen.typehandlers.voidtype.VoidReturn'>, None, <pybindgen.typehandlers.ctypeparser.TypeTraits object at 0x7fadbb2c5dd8>))
DEBUG:pybindgen.typehandlers:TypeMatcher.lookup('unsigned int')
DEBUG:pybindgen.typehandlers:try to lookup type handler for 'unsigned int' => success ((<class 'pybindgen.typehandlers.inttype.UnsignedIntParam'>, None, <pybindgen.typehandlers.ctypeparser.TypeTraits object at 0x7fadbb2ca630>))
DEBUG:pybindgen.typehandlers:TypeMatcher.lookup('ns3::Ptr< ns3::Packet >')
DEBUG:pybindgen.typehandlers:try to lookup type handler for 'ns3::Ptr< ns3::Packet >' => failure
DEBUG:pybindgen.typehandlers:try to lookup type handler for 'ns3::Packet *' => success ((<class 'pybindgen.cppclass.MemoryPolicy.register_ptr_parameter_and_return.<locals>.ThisClassPtrParameter'>, <ns3modulegen_core_customizations.SmartPointerTransformation object at 0x7fadbc4dbac8>, <pybindgen.typehandlers.ctypeparser.TypeTraits object at 0x7fadbb2ca9e8>))
DEBUG:pybindgen.typehandlers:TypeMatcher.lookup('unsigned char')
DEBUG:pybindgen.typehandlers:try to lookup type handler for 'unsigned char' => success ((<class 'pybindgen.typehandlers.inttype.UInt8Param'>, None, <pybindgen.typehandlers.ctypeparser.TypeTraits object at 0x7fadbb2ca7b8>))
Flushing to  <pybindgen.typehandlers.codesink.MemoryCodeSink object at 0x7fadbbdf65c0>
DEBUG:pybindgen.typehandlers:TypeMatcher.lookup('void')
DEBUG:pybindgen.typehandlers:try to lookup type handler for 'void' => success ((<class 'pybindgen.typehandlers.voidtype.VoidReturn'>, None, <pybindgen.typehandlers.ctypeparser.TypeTraits object at 0x7fadbb2ca438>))
DEBUG:pybindgen.typehandlers:TypeMatcher.lookup('ns3::LrWpanPhyEnumeration')
DEBUG:pybindgen.typehandlers:try to lookup type handler for 'ns3::LrWpanPhyEnumeration' => success ((<class 'pybindgen.enum.Enum.set_module.<locals>.ThisEnumParameter'>, None, <pybindgen.typehandlers.ctypeparser.TypeTraits object at 0x7fadbb2ca940>))
Flushing to  <pybindgen.typehandlers.codesink.MemoryCodeSink object at 0x7fadbbdf65c0>
DEBUG:pybindgen.typehandlers:TypeMatcher.lookup('void')
DEBUG:pybindgen.typehandlers:try to lookup type handler for 'void' => success ((<class 'pybindgen.typehandlers.voidtype.VoidReturn'>, None, <pybindgen.typehandlers.ctypeparser.TypeTraits object at 0x7fadbb2ca0f0>))
DEBUG:pybindgen.typehandlers:TypeMatcher.lookup('ns3::LrWpanPhyEnumeration')
DEBUG:pybindgen.typehandlers:try to lookup type handler for 'ns3::LrWpanPhyEnumeration' => success ((<class 'pybindgen.enum.Enum.set_module.<locals>.ThisEnumParameter'>, None, <pybindgen.typehandlers.ctypeparser.TypeTraits object at 0x7fadbb2cada0>))
DEBUG:pybindgen.typehandlers:TypeMatcher.lookup('unsigned char')
DEBUG:pybindgen.typehandlers:try to lookup type handler for 'unsigned char' => success ((<class 'pybindgen.typehandlers.inttype.UInt8Param'>, None, <pybindgen.typehandlers.ctypeparser.TypeTraits object at 0x7fadbb2ca898>))
Flushing to  <pybindgen.typehandlers.codesink.MemoryCodeSink object at 0x7fadbbdf65c0>
DEBUG:pybindgen.typehandlers:TypeMatcher.lookup('void')
DEBUG:pybindgen.typehandlers:try to lookup type handler for 'void' => success ((<class 'pybindgen.typehandlers.voidtype.VoidReturn'>, None, <pybindgen.typehandlers.ctypeparser.TypeTraits object at 0x7fadbb2ca518>))
DEBUG:pybindgen.typehandlers:TypeMatcher.lookup('ns3::LrWpanPhyEnumeration')
DEBUG:pybindgen.typehandlers:try to lookup type handler for 'ns3::LrWpanPhyEnumeration' => success ((<class 'pybindgen.enum.Enum.set_module.<locals>.ThisEnumParameter'>, None, <pybindgen.typehandlers.ctypeparser.TypeTraits object at 0x7fadbb2ca748>))
DEBUG:pybindgen.typehandlers:TypeMatcher.lookup('ns3::LrWpanPibAttributeIdentifier')
DEBUG:pybindgen.typehandlers:try to lookup type handler for 'ns3::LrWpanPibAttributeIdentifier' => success ((<class 'pybindgen.enum.Enum.set_module.<locals>.ThisEnumParameter'>, None, <pybindgen.typehandlers.ctypeparser.TypeTraits object at 0x7fadbb2ca438>))
DEBUG:pybindgen.typehandlers:TypeMatcher.lookup('ns3::LrWpanPhyPibAttributes *')
DEBUG:pybindgen.typehandlers:try to lookup type handler for 'ns3::LrWpanPhyPibAttributes *' => success ((<class 'pybindgen.cppclass.CppClass.__init__.<locals>.ThisClassPtrParameter'>, None, <pybindgen.typehandlers.ctypeparser.TypeTraits object at 0x7fadbb2ca550>))
/home/cs18/tarballs/ns-allinone-3.34/ns-3.34/bindings/python/ns3modulegen_core_customizations.py:257: Warning: ***** Unable to register callback; parameter 'ns3::LrWpanPhyPibAttributes * arg3' error (used in ns3::Callback< void, ns3::LrWpanPhyEnumeration, ns3::LrWpanPibAttributeIdentifier, ns3::LrWpanPhyPibAttributes *, ns3::empty, ns3::empty, ns3::empty, ns3::empty, ns3::empty, ns3::empty >): TypeConfigurationError('Missing transfer_ownership option',)
  Warning)
DEBUG:pybindgen.typehandlers:TypeMatcher.lookup('ns3::Callback< void, ns3::LrWpanPhyEnumeration, ns3::LrWpanPibAttributeIdentifier, ns3::LrWpanPhyPibAttributes *, ns3::empty, ns3::empty, ns3::empty, ns3::empty, ns3::empty, ns3::empty >')
DEBUG:pybindgen.typehandlers:try to lookup type handler for 'ns3::Callback< void, ns3::LrWpanPhyEnumeration, ns3::LrWpanPibAttributeIdentifier, ns3::LrWpanPhyPibAttributes *, ns3::empty, ns3::empty, ns3::empty, ns3::empty, ns3::empty, ns3::empty >' => failure
'ns3::Callback< void, ns3::LrWpanPhyEnumeration, ns3::LrWpanPibAttributeIdentifier, ns3::LrWpanPhyPibAttributes *, ns3::empty, ns3::empty, ns3::empty, ns3::empty, ns3::empty, ns3::empty >' did not match
DEBUG:pybindgen.typehandlers:TypeMatcher.lookup('ns3::Callback< void, ns3::LrWpanPhyEnumeration, ns3::LrWpanPibAttributeIdentifier, ns3::LrWpanPhyPibAttributes *, ns3::empty, ns3::empty, ns3::empty, ns3::empty, ns3::empty, ns3::empty >')
DEBUG:pybindgen.typehandlers:try to lookup type handler for 'ns3::Callback< void, ns3::LrWpanPhyEnumeration, ns3::LrWpanPibAttributeIdentifier, ns3::LrWpanPhyPibAttributes *, ns3::empty, ns3::empty, ns3::empty, ns3::empty, ns3::empty, ns3::empty >' => success ((<class 'ns3modulegen_core_customizations.register_callback_classes.<locals>.PythonCallbackParameter'>, None, <pybindgen.typehandlers.ctypeparser.TypeTraits object at 0x7fadbb2ca048>))
DEBUG:pybindgen.typehandlers:TypeMatcher.lookup('void')
DEBUG:pybindgen.typehandlers:try to lookup type handler for 'void' => success ((<class 'pybindgen.typehandlers.voidtype.VoidReturn'>, None, <pybindgen.typehandlers.ctypeparser.TypeTraits object at 0x7fadbb2cae10>))
DEBUG:pybindgen.typehandlers:TypeMatcher.lookup('ns3::LrWpanPhyEnumeration')
DEBUG:pybindgen.typehandlers:try to lookup type handler for 'ns3::LrWpanPhyEnumeration' => success ((<class 'pybindgen.enum.Enum.set_module.<locals>.ThisEnumParameter'>, None, <pybindgen.typehandlers.ctypeparser.TypeTraits object at 0x7fadbb2cafd0>))
DEBUG:pybindgen.typehandlers:TypeMatcher.lookup('ns3::LrWpanPibAttributeIdentifier')
DEBUG:pybindgen.typehandlers:try to lookup type handler for 'ns3::LrWpanPibAttributeIdentifier' => success ((<class 'pybindgen.enum.Enum.set_module.<locals>.ThisEnumParameter'>, None, <pybindgen.typehandlers.ctypeparser.TypeTraits object at 0x7fadbb2ca438>))
Flushing to  <pybindgen.typehandlers.codesink.MemoryCodeSink object at 0x7fadbbdf65c0>
DEBUG:pybindgen.typehandlers:TypeMatcher.lookup('void')
DEBUG:pybindgen.typehandlers:try to lookup type handler for 'void' => success ((<class 'pybindgen.typehandlers.voidtype.VoidReturn'>, None, <pybindgen.typehandlers.ctypeparser.TypeTraits object at 0x7fadbb2ca550>))
DEBUG:pybindgen.typehandlers:TypeMatcher.lookup('ns3::Ptr< ns3::Packet const >')
DEBUG:pybindgen.typehandlers:try to lookup type handler for 'ns3::Ptr< ns3::Packet const >' => failure
DEBUG:pybindgen.typehandlers:try to lookup type handler for 'ns3::Packet *' => success ((<class 'pybindgen.cppclass.MemoryPolicy.register_ptr_parameter_and_return.<locals>.ThisClassPtrParameter'>, <ns3modulegen_core_customizations.SmartPointerTransformation object at 0x7fadbc4dbac8>, <pybindgen.typehandlers.ctypeparser.TypeTraits object at 0x7fadbb2d7748>))
Flushing to  <pybindgen.typehandlers.codesink.MemoryCodeSink object at 0x7fadbbdf65c0>
DEBUG:pybindgen.typehandlers:TypeMatcher.lookup('void')
DEBUG:pybindgen.typehandlers:try to lookup type handler for 'void' => success ((<class 'pybindgen.typehandlers.voidtype.VoidReturn'>, None, <pybindgen.typehandlers.ctypeparser.TypeTraits object at 0x7fadbb2caa90>))
DEBUG:pybindgen.typehandlers:TypeMatcher.lookup('ns3::Ptr< ns3::Packet const >')
DEBUG:pybindgen.typehandlers:try to lookup type handler for 'ns3::Ptr< ns3::Packet const >' => failure
DEBUG:pybindgen.typehandlers:try to lookup type handler for 'ns3::Packet *' => success ((<class 'pybindgen.cppclass.MemoryPolicy.register_ptr_parameter_and_return.<locals>.ThisClassPtrParameter'>, <ns3modulegen_core_customizations.SmartPointerTransformation object at 0x7fadbc4dbac8>, <pybindgen.typehandlers.ctypeparser.TypeTraits object at 0x7fadbb2d79e8>))
DEBUG:pybindgen.typehandlers:TypeMatcher.lookup('double')
DEBUG:pybindgen.typehandlers:try to lookup type handler for 'double' => success ((<class 'pybindgen.typehandlers.doubletype.DoubleParam'>, None, <pybindgen.typehandlers.ctypeparser.TypeTraits object at 0x7fadbb2d70b8>))
Flushing to  <pybindgen.typehandlers.codesink.MemoryCodeSink object at 0x7fadbbdf65c0>
DEBUG:pybindgen.typehandlers:TypeMatcher.lookup('void')
DEBUG:pybindgen.typehandlers:try to lookup type handler for 'void' => success ((<class 'pybindgen.typehandlers.voidtype.VoidReturn'>, None, <pybindgen.typehandlers.ctypeparser.TypeTraits object at 0x7fadbb2cae10>))
DEBUG:pybindgen.typehandlers:TypeMatcher.lookup('ns3::Time')
DEBUG:pybindgen.typehandlers:try to lookup type handler for 'ns3::Time' => success ((<class 'pybindgen.cppclass.CppClass.__init__.<locals>.ThisClassParameter'>, None, <pybindgen.typehandlers.ctypeparser.TypeTraits object at 0x7fadbb2d7a90>))
DEBUG:pybindgen.typehandlers:TypeMatcher.lookup('ns3::LrWpanPhyEnumeration')
DEBUG:pybindgen.typehandlers:try to lookup type handler for 'ns3::LrWpanPhyEnumeration' => success ((<class 'pybindgen.enum.Enum.set_module.<locals>.ThisEnumParameter'>, None, <pybindgen.typehandlers.ctypeparser.TypeTraits object at 0x7fadbb2d7860>))
DEBUG:pybindgen.typehandlers:TypeMatcher.lookup('ns3::LrWpanPhyEnumeration')
DEBUG:pybindgen.typehandlers:try to lookup type handler for 'ns3::LrWpanPhyEnumeration' => success ((<class 'pybindgen.enum.Enum.set_module.<locals>.ThisEnumParameter'>, None, <pybindgen.typehandlers.ctypeparser.TypeTraits object at 0x7fadbb2d72e8>))
Flushing to  <pybindgen.typehandlers.codesink.MemoryCodeSink object at 0x7fadbbdf65c0>
DEBUG:pybindgen.typehandlers:TypeMatcher.lookup('void')
DEBUG:pybindgen.typehandlers:try to lookup type handler for 'void' => success ((<class 'pybindgen.typehandlers.voidtype.VoidReturn'>, None, <pybindgen.typehandlers.ctypeparser.TypeTraits object at 0x7fadbb2d7780>))
DEBUG:pybindgen.typehandlers:TypeMatcher.lookup('ns3::LrWpanPhyEnumeration')
DEBUG:pybindgen.typehandlers:try to lookup type handler for 'ns3::LrWpanPhyEnumeration' => success ((<class 'pybindgen.enum.Enum.set_module.<locals>.ThisEnumParameter'>, None, <pybindgen.typehandlers.ctypeparser.TypeTraits object at 0x7fadbb2d7390>))
DEBUG:pybindgen.typehandlers:TypeMatcher.lookup('ns3::LrWpanPhyEnumeration')
DEBUG:pybindgen.typehandlers:try to lookup type handler for 'ns3::LrWpanPhyEnumeration' => success ((<class 'pybindgen.enum.Enum.set_module.<locals>.ThisEnumParameter'>, None, <pybindgen.typehandlers.ctypeparser.TypeTraits object at 0x7fadbb2d70f0>))
Flushing to  <pybindgen.typehandlers.codesink.MemoryCodeSink object at 0x7fadbbdf65c0>
DEBUG:pybindgen.typehandlers:TypeMatcher.lookup('void')
DEBUG:pybindgen.typehandlers:try to lookup type handler for 'void' => success ((<class 'pybindgen.typehandlers.voidtype.VoidReturn'>, None, <pybindgen.typehandlers.ctypeparser.TypeTraits object at 0x7fadbb2d7128>))
Flushing to  <pybindgen.typehandlers.codesink.MemoryCodeSink object at 0x7fadbbdf65c0>
DEBUG:pybindgen.typehandlers:TypeMatcher.lookup('void')
DEBUG:pybindgen.typehandlers:try to lookup type handler for 'void' => success ((<class 'pybindgen.typehandlers.voidtype.VoidReturn'>, None, <pybindgen.typehandlers.ctypeparser.TypeTraits object at 0x7fadbb2d7da0>))
DEBUG:pybindgen.typehandlers:TypeMatcher.lookup('ns3::McpsDataConfirmParams')
DEBUG:pybindgen.typehandlers:try to lookup type handler for 'ns3::McpsDataConfirmParams' => success ((<class 'pybindgen.cppclass.CppClass.__init__.<locals>.ThisClassParameter'>, None, <pybindgen.typehandlers.ctypeparser.TypeTraits object at 0x7fadbb2d79b0>))
Flushing to  <pybindgen.typehandlers.codesink.MemoryCodeSink object at 0x7fadbbdf65c0>
DEBUG:pybindgen.typehandlers:TypeMatcher.lookup('void')
DEBUG:pybindgen.typehandlers:try to lookup type handler for 'void' => success ((<class 'pybindgen.typehandlers.voidtype.VoidReturn'>, None, <pybindgen.typehandlers.ctypeparser.TypeTraits object at 0x7fadbb2d7908>))
DEBUG:pybindgen.typehandlers:TypeMatcher.lookup('ns3::McpsDataIndicationParams')
DEBUG:pybindgen.typehandlers:try to lookup type handler for 'ns3::McpsDataIndicationParams' => success ((<class 'pybindgen.cppclass.CppClass.__init__.<locals>.ThisClassParameter'>, None, <pybindgen.typehandlers.ctypeparser.TypeTraits object at 0x7fadbb2d7780>))
DEBUG:pybindgen.typehandlers:TypeMatcher.lookup('ns3::Ptr< ns3::Packet >')
DEBUG:pybindgen.typehandlers:try to lookup type handler for 'ns3::Ptr< ns3::Packet >' => failure
DEBUG:pybindgen.typehandlers:try to lookup type handler for 'ns3::Packet *' => success ((<class 'pybindgen.cppclass.MemoryPolicy.register_ptr_parameter_and_return.<locals>.ThisClassPtrParameter'>, <ns3modulegen_core_customizations.SmartPointerTransformation object at 0x7fadbc4dbac8>, <pybindgen.typehandlers.ctypeparser.TypeTraits object at 0x7fadbb26b470>))
Flushing to  <pybindgen.typehandlers.codesink.MemoryCodeSink object at 0x7fadbbdf65c0>
DEBUG:pybindgen.typehandlers:TypeMatcher.lookup('void')
DEBUG:pybindgen.typehandlers:try to lookup type handler for 'void' => success ((<class 'pybindgen.typehandlers.voidtype.VoidReturn'>, None, <pybindgen.typehandlers.ctypeparser.TypeTraits object at 0x7fadbb2d7e10>))
DEBUG:pybindgen.typehandlers:TypeMatcher.lookup('ns3::MlmeStartConfirmParams')
DEBUG:pybindgen.typehandlers:try to lookup type handler for 'ns3::MlmeStartConfirmParams' => success ((<class 'pybindgen.cppclass.CppClass.__init__.<locals>.ThisClassParameter'>, None, <pybindgen.typehandlers.ctypeparser.TypeTraits object at 0x7fadbb26b198>))
Flushing to  <pybindgen.typehandlers.codesink.MemoryCodeSink object at 0x7fadbbdf65c0>
DEBUG:pybindgen.typehandlers:TypeMatcher.lookup('void')
DEBUG:pybindgen.typehandlers:try to lookup type handler for 'void' => success ((<class 'pybindgen.typehandlers.voidtype.VoidReturn'>, None, <pybindgen.typehandlers.ctypeparser.TypeTraits object at 0x7fadbb2d7d30>))
DEBUG:pybindgen.typehandlers:TypeMatcher.lookup('ns3::MlmeBeaconNotifyIndicationParams')
DEBUG:pybindgen.typehandlers:try to lookup type handler for 'ns3::MlmeBeaconNotifyIndicationParams' => success ((<class 'pybindgen.cppclass.CppClass.__init__.<locals>.ThisClassParameter'>, None, <pybindgen.typehandlers.ctypeparser.TypeTraits object at 0x7fadbb2d71d0>))
DEBUG:pybindgen.typehandlers:TypeMatcher.lookup('ns3::Ptr< ns3::Packet >')
DEBUG:pybindgen.typehandlers:try to lookup type handler for 'ns3::Ptr< ns3::Packet >' => failure
DEBUG:pybindgen.typehandlers:try to lookup type handler for 'ns3::Packet *' => success ((<class 'pybindgen.cppclass.MemoryPolicy.register_ptr_parameter_and_return.<locals>.ThisClassPtrParameter'>, <ns3modulegen_core_customizations.SmartPointerTransformation object at 0x7fadbc4dbac8>, <pybindgen.typehandlers.ctypeparser.TypeTraits object at 0x7fadbb26b940>))
Flushing to  <pybindgen.typehandlers.codesink.MemoryCodeSink object at 0x7fadbbdf65c0>
DEBUG:pybindgen.typehandlers:TypeMatcher.lookup('void')
DEBUG:pybindgen.typehandlers:try to lookup type handler for 'void' => success ((<class 'pybindgen.typehandlers.voidtype.VoidReturn'>, None, <pybindgen.typehandlers.ctypeparser.TypeTraits object at 0x7fadbb26b550>))
DEBUG:pybindgen.typehandlers:TypeMatcher.lookup('ns3::MlmeSyncLossIndicationParams')
DEBUG:pybindgen.typehandlers:try to lookup type handler for 'ns3::MlmeSyncLossIndicationParams' => success ((<class 'pybindgen.cppclass.CppClass.__init__.<locals>.ThisClassParameter'>, None, <pybindgen.typehandlers.ctypeparser.TypeTraits object at 0x7fadbb26b2b0>))
Flushing to  <pybindgen.typehandlers.codesink.MemoryCodeSink object at 0x7fadbbdf65c0>
DEBUG:pybindgen.typehandlers:TypeMatcher.lookup('void')
DEBUG:pybindgen.typehandlers:try to lookup type handler for 'void' => success ((<class 'pybindgen.typehandlers.voidtype.VoidReturn'>, None, <pybindgen.typehandlers.ctypeparser.TypeTraits object at 0x7fadbb26b6a0>))
DEBUG:pybindgen.typehandlers:TypeMatcher.lookup('ns3::MlmePollConfirmParams')
DEBUG:pybindgen.typehandlers:try to lookup type handler for 'ns3::MlmePollConfirmParams' => success ((<class 'pybindgen.cppclass.CppClass.__init__.<locals>.ThisClassParameter'>, None, <pybindgen.typehandlers.ctypeparser.TypeTraits object at 0x7fadbb26b208>))
Flushing to  <pybindgen.typehandlers.codesink.MemoryCodeSink object at 0x7fadbbdf65c0>
DEBUG:pybindgen.typehandlers:TypeMatcher.lookup('void')
DEBUG:pybindgen.typehandlers:try to lookup type handler for 'void' => success ((<class 'pybindgen.typehandlers.voidtype.VoidReturn'>, None, <pybindgen.typehandlers.ctypeparser.TypeTraits object at 0x7fadbb26b160>))
DEBUG:pybindgen.typehandlers:TypeMatcher.lookup('ns3::Time')
DEBUG:pybindgen.typehandlers:try to lookup type handler for 'ns3::Time' => success ((<class 'pybindgen.cppclass.CppClass.__init__.<locals>.ThisClassParameter'>, None, <pybindgen.typehandlers.ctypeparser.TypeTraits object at 0x7fadbb26b8d0>))
Flushing to  <pybindgen.typehandlers.codesink.MemoryCodeSink object at 0x7fadbbdf65c0>
DEBUG:pybindgen.typehandlers:TypeMatcher.lookup('void')
DEBUG:pybindgen.typehandlers:try to lookup type handler for 'void' => success ((<class 'pybindgen.typehandlers.voidtype.VoidReturn'>, None, <pybindgen.typehandlers.ctypeparser.TypeTraits object at 0x7fadbb26b2e8>))
DEBUG:pybindgen.typehandlers:TypeMatcher.lookup('ns3::Ptr< ns3::Packet const >')
DEBUG:pybindgen.typehandlers:try to lookup type handler for 'ns3::Ptr< ns3::Packet const >' => failure
DEBUG:pybindgen.typehandlers:try to lookup type handler for 'ns3::Packet *' => success ((<class 'pybindgen.cppclass.MemoryPolicy.register_ptr_parameter_and_return.<locals>.ThisClassPtrParameter'>, <ns3modulegen_core_customizations.SmartPointerTransformation object at 0x7fadbc4dbac8>, <pybindgen.typehandlers.ctypeparser.TypeTraits object at 0x7fadbb2782b0>))
DEBUG:pybindgen.typehandlers:TypeMatcher.lookup('unsigned char')
DEBUG:pybindgen.typehandlers:try to lookup type handler for 'unsigned char' => success ((<class 'pybindgen.typehandlers.inttype.UInt8Param'>, None, <pybindgen.typehandlers.ctypeparser.TypeTraits object at 0x7fadbb26bf28>))
DEBUG:pybindgen.typehandlers:TypeMatcher.lookup('unsigned char')
DEBUG:pybindgen.typehandlers:try to lookup type handler for 'unsigned char' => success ((<class 'pybindgen.typehandlers.inttype.UInt8Param'>, None, <pybindgen.typehandlers.ctypeparser.TypeTraits object at 0x7fadbb278358>))
Flushing to  <pybindgen.typehandlers.codesink.MemoryCodeSink object at 0x7fadbbdf65c0>
DEBUG:pybindgen.typehandlers:TypeMatcher.lookup('void')
DEBUG:pybindgen.typehandlers:try to lookup type handler for 'void' => success ((<class 'pybindgen.typehandlers.voidtype.VoidReturn'>, None, <pybindgen.typehandlers.ctypeparser.TypeTraits object at 0x7fadbb26b390>))
DEBUG:pybindgen.typehandlers:TypeMatcher.lookup('ns3::LrWpanMacState')
DEBUG:pybindgen.typehandlers:try to lookup type handler for 'ns3::LrWpanMacState' => success ((<class 'pybindgen.enum.Enum.set_module.<locals>.ThisEnumParameter'>, None, <pybindgen.typehandlers.ctypeparser.TypeTraits object at 0x7fadbb26b160>))
DEBUG:pybindgen.typehandlers:TypeMatcher.lookup('ns3::LrWpanMacState')
DEBUG:pybindgen.typehandlers:try to lookup type handler for 'ns3::LrWpanMacState' => success ((<class 'pybindgen.enum.Enum.set_module.<locals>.ThisEnumParameter'>, None, <pybindgen.typehandlers.ctypeparser.TypeTraits object at 0x7fadbb26b278>))
Flushing to  <pybindgen.typehandlers.codesink.MemoryCodeSink object at 0x7fadbbdf65c0>
DEBUG:pybindgen.typehandlers:TypeMatcher.lookup('void')
DEBUG:pybindgen.typehandlers:try to lookup type handler for 'void' => success ((<class 'pybindgen.typehandlers.voidtype.VoidReturn'>, None, <pybindgen.typehandlers.ctypeparser.TypeTraits object at 0x7fadbb26bd68>))
DEBUG:pybindgen.typehandlers:TypeMatcher.lookup('ns3::SuperframeStatus')
DEBUG:pybindgen.typehandlers:try to lookup type handler for 'ns3::SuperframeStatus' => success ((<class 'pybindgen.enum.Enum.set_module.<locals>.ThisEnumParameter'>, None, <pybindgen.typehandlers.ctypeparser.TypeTraits object at 0x7fadbb26b630>))
DEBUG:pybindgen.typehandlers:TypeMatcher.lookup('ns3::SuperframeStatus')
DEBUG:pybindgen.typehandlers:try to lookup type handler for 'ns3::SuperframeStatus' => success ((<class 'pybindgen.enum.Enum.set_module.<locals>.ThisEnumParameter'>, None, <pybindgen.typehandlers.ctypeparser.TypeTraits object at 0x7fadbb278550>))
Flushing to  <pybindgen.typehandlers.codesink.MemoryCodeSink object at 0x7fadbbdf65c0>
DEBUG:pybindgen.typehandlers:TypeMatcher.lookup('void')
DEBUG:pybindgen.typehandlers:try to lookup type handler for 'void' => success ((<class 'pybindgen.typehandlers.voidtype.VoidReturn'>, None, <pybindgen.typehandlers.ctypeparser.TypeTraits object at 0x7fadbb26b9b0>))
DEBUG:pybindgen.typehandlers:TypeMatcher.lookup('ns3::LrWpanMacState')
DEBUG:pybindgen.typehandlers:try to lookup type handler for 'ns3::LrWpanMacState' => success ((<class 'pybindgen.enum.Enum.set_module.<locals>.ThisEnumParameter'>, None, <pybindgen.typehandlers.ctypeparser.TypeTraits object at 0x7fadbb2785c0>))
Flushing to  <pybindgen.typehandlers.codesink.MemoryCodeSink object at 0x7fadbbdf65c0>
DEBUG:pybindgen.typehandlers:TypeMatcher.lookup('void')
DEBUG:pybindgen.typehandlers:try to lookup type handler for 'void' => success ((<class 'pybindgen.typehandlers.voidtype.VoidReturn'>, None, <pybindgen.typehandlers.ctypeparser.TypeTraits object at 0x7fadbb278748>))
DEBUG:pybindgen.typehandlers:TypeMatcher.lookup('unsigned int')
DEBUG:pybindgen.typehandlers:try to lookup type handler for 'unsigned int' => success ((<class 'pybindgen.typehandlers.inttype.UnsignedIntParam'>, None, <pybindgen.typehandlers.ctypeparser.TypeTraits object at 0x7fadbb278128>))
Flushing to  <pybindgen.typehandlers.codesink.MemoryCodeSink object at 0x7fadbbdf65c0>
DEBUG:pybindgen.typehandlers:TypeMatcher.lookup('bool')
DEBUG:pybindgen.typehandlers:try to lookup type handler for 'bool' => success ((<class 'pybindgen.typehandlers.booltype.BoolReturn'>, None, <pybindgen.typehandlers.ctypeparser.TypeTraits object at 0x7fadbb2781d0>))
DEBUG:pybindgen.typehandlers:TypeMatcher.lookup('ns3::Ptr< ns3::NetDevice >')
DEBUG:pybindgen.typehandlers:try to lookup type handler for 'ns3::Ptr< ns3::NetDevice >' => failure
DEBUG:pybindgen.typehandlers:try to lookup type handler for 'ns3::NetDevice *' => success ((<class 'pybindgen.cppclass.MemoryPolicy.register_ptr_parameter_and_return.<locals>.ThisClassPtrParameter'>, <ns3modulegen_core_customizations.SmartPointerTransformation object at 0x7fadbc4dbac8>, <pybindgen.typehandlers.ctypeparser.TypeTraits object at 0x7fadbb278d30>))
DEBUG:pybindgen.typehandlers:TypeMatcher.lookup('ns3::Ptr< ns3::Packet const >')
DEBUG:pybindgen.typehandlers:try to lookup type handler for 'ns3::Ptr< ns3::Packet const >' => failure
DEBUG:pybindgen.typehandlers:try to lookup type handler for 'ns3::Packet *' => success ((<class 'pybindgen.cppclass.MemoryPolicy.register_ptr_parameter_and_return.<locals>.ThisClassPtrParameter'>, <ns3modulegen_core_customizations.SmartPointerTransformation object at 0x7fadbc4dbac8>, <pybindgen.typehandlers.ctypeparser.TypeTraits object at 0x7fadbb27c048>))
DEBUG:pybindgen.typehandlers:TypeMatcher.lookup('unsigned short')
DEBUG:pybindgen.typehandlers:try to lookup type handler for 'unsigned short' => success ((<class 'pybindgen.typehandlers.inttype.UInt16Param'>, None, <pybindgen.typehandlers.ctypeparser.TypeTraits object at 0x7fadbb278d68>))
DEBUG:pybindgen.typehandlers:TypeMatcher.lookup('ns3::Address &')
DEBUG:pybindgen.typehandlers:try to lookup type handler for 'ns3::Address &' => success ((<class 'pybindgen.cppclass.CppClass.__init__.<locals>.ThisClassRefParameter'>, None, <pybindgen.typehandlers.ctypeparser.TypeTraits object at 0x7fadbb27c0b8>))
Flushing to  <pybindgen.typehandlers.codesink.MemoryCodeSink object at 0x7fadbbdf65c0>
DEBUG:pybindgen.typehandlers:TypeMatcher.lookup('void')
DEBUG:pybindgen.typehandlers:try to lookup type handler for 'void' => success ((<class 'pybindgen.typehandlers.voidtype.VoidReturn'>, None, <pybindgen.typehandlers.ctypeparser.TypeTraits object at 0x7fadbb278400>))
DEBUG:pybindgen.typehandlers:TypeMatcher.lookup('ns3::Ptr< ns3::NetDevice >')
DEBUG:pybindgen.typehandlers:try to lookup type handler for 'ns3::Ptr< ns3::NetDevice >' => failure
DEBUG:pybindgen.typehandlers:try to lookup type handler for 'ns3::NetDevice *' => success ((<class 'pybindgen.cppclass.MemoryPolicy.register_ptr_parameter_and_return.<locals>.ThisClassPtrParameter'>, <ns3modulegen_core_customizations.SmartPointerTransformation object at 0x7fadbc4dbac8>, <pybindgen.typehandlers.ctypeparser.TypeTraits object at 0x7fadbb27c6a0>))
DEBUG:pybindgen.typehandlers:TypeMatcher.lookup('ns3::Ptr< ns3::Packet const >')
DEBUG:pybindgen.typehandlers:try to lookup type handler for 'ns3::Ptr< ns3::Packet const >' => failure
DEBUG:pybindgen.typehandlers:try to lookup type handler for 'ns3::Packet *' => success ((<class 'pybindgen.cppclass.MemoryPolicy.register_ptr_parameter_and_return.<locals>.ThisClassPtrParameter'>, <ns3modulegen_core_customizations.SmartPointerTransformation object at 0x7fadbc4dbac8>, <pybindgen.typehandlers.ctypeparser.TypeTraits object at 0x7fadbb27c978>))
DEBUG:pybindgen.typehandlers:TypeMatcher.lookup('unsigned short')
DEBUG:pybindgen.typehandlers:try to lookup type handler for 'unsigned short' => success ((<class 'pybindgen.typehandlers.inttype.UInt16Param'>, None, <pybindgen.typehandlers.ctypeparser.TypeTraits object at 0x7fadbb27c6d8>))
DEBUG:pybindgen.typehandlers:TypeMatcher.lookup('ns3::Address &')
DEBUG:pybindgen.typehandlers:try to lookup type handler for 'ns3::Address &' => success ((<class 'pybindgen.cppclass.CppClass.__init__.<locals>.ThisClassRefParameter'>, None, <pybindgen.typehandlers.ctypeparser.TypeTraits object at 0x7fadbb27ca20>))
DEBUG:pybindgen.typehandlers:TypeMatcher.lookup('ns3::Address &')
DEBUG:pybindgen.typehandlers:try to lookup type handler for 'ns3::Address &' => success ((<class 'pybindgen.cppclass.CppClass.__init__.<locals>.ThisClassRefParameter'>, None, <pybindgen.typehandlers.ctypeparser.TypeTraits object at 0x7fadbb27cb38>))
DEBUG:pybindgen.typehandlers:TypeMatcher.lookup('ns3::NetDevice::PacketType')
DEBUG:pybindgen.typehandlers:try to lookup type handler for 'ns3::NetDevice::PacketType' => success ((<class 'pybindgen.enum.Enum.set_module.<locals>.ThisEnumParameter'>, None, <pybindgen.typehandlers.ctypeparser.TypeTraits object at 0x7fadbb27cc88>))
Flushing to  <pybindgen.typehandlers.codesink.MemoryCodeSink object at 0x7fadbbdf65c0>
DEBUG:pybindgen.typehandlers:TypeMatcher.lookup('void')
DEBUG:pybindgen.typehandlers:try to lookup type handler for 'void' => success ((<class 'pybindgen.typehandlers.voidtype.VoidReturn'>, None, <pybindgen.typehandlers.ctypeparser.TypeTraits object at 0x7fadbb27c2b0>))
DEBUG:pybindgen.typehandlers:TypeMatcher.lookup('ns3::Ptr< ns3::NetDevice >')
DEBUG:pybindgen.typehandlers:try to lookup type handler for 'ns3::Ptr< ns3::NetDevice >' => failure
DEBUG:pybindgen.typehandlers:try to lookup type handler for 'ns3::NetDevice *' => success ((<class 'pybindgen.cppclass.MemoryPolicy.register_ptr_parameter_and_return.<locals>.ThisClassPtrParameter'>, <ns3modulegen_core_customizations.SmartPointerTransformation object at 0x7fadbc4dbac8>, <pybindgen.typehandlers.ctypeparser.TypeTraits object at 0x7fadbb278fd0>))
Flushing to  <pybindgen.typehandlers.codesink.MemoryCodeSink object at 0x7fadbbdf65c0>
DEBUG:pybindgen.typehandlers:TypeMatcher.lookup('void')
DEBUG:pybindgen.typehandlers:try to lookup type handler for 'void' => success ((<class 'pybindgen.typehandlers.voidtype.VoidReturn'>, None, <pybindgen.typehandlers.ctypeparser.TypeTraits object at 0x7fadbb27c198>))
DEBUG:pybindgen.typehandlers:TypeMatcher.lookup('std::basic_string< char >')
DEBUG:pybindgen.typehandlers:try to lookup type handler for 'std::basic_string< char >' => failure
'std::basic_string< char >' did not match
/home/cs18/tarballs/ns-allinone-3.34/ns-3.34/bindings/python/ns3modulegen_core_customizations.py:257: Warning: ***** Unable to register callback; parameter 'std::basic_string<char> arg1' error (used in ns3::Callback< void, std::basic_string<char>, ns3::Ptr<const ns3::Packet>, ns3::empty, ns3::empty, ns3::empty, ns3::empty, ns3::empty, ns3::empty, ns3::empty >): TypeLookupError(['std::basic_string< char >'],)
  Warning)
DEBUG:pybindgen.typehandlers:TypeMatcher.lookup('ns3::Ptr< ns3::Packet const >')
DEBUG:pybindgen.typehandlers:try to lookup type handler for 'ns3::Ptr< ns3::Packet const >' => failure
DEBUG:pybindgen.typehandlers:try to lookup type handler for 'ns3::Packet *' => success ((<class 'pybindgen.cppclass.MemoryPolicy.register_ptr_parameter_and_return.<locals>.ThisClassPtrParameter'>, <ns3modulegen_core_customizations.SmartPointerTransformation object at 0x7fadbc4dbac8>, <pybindgen.typehandlers.ctypeparser.TypeTraits object at 0x7fadbb27c9e8>))
DEBUG:pybindgen.typehandlers:TypeMatcher.lookup('ns3::Callback< void, std::basic_string<char>, ns3::Ptr<const ns3::Packet>, ns3::empty, ns3::empty, ns3::empty, ns3::empty, ns3::empty, ns3::empty, ns3::empty >')
DEBUG:pybindgen.typehandlers:try to lookup type handler for 'ns3::Callback< void, std::basic_string<char>, ns3::Ptr<const ns3::Packet>, ns3::empty, ns3::empty, ns3::empty, ns3::empty, ns3::empty, ns3::empty, ns3::empty >' => failure
'ns3::Callback< void, std::basic_string<char>, ns3::Ptr<const ns3::Packet>, ns3::empty, ns3::empty, ns3::empty, ns3::empty, ns3::empty, ns3::empty, ns3::empty >' did not match
DEBUG:pybindgen.typehandlers:TypeMatcher.lookup('ns3::Callback< void, std::basic_string<char>, ns3::Ptr<const ns3::Packet>, ns3::empty, ns3::empty, ns3::empty, ns3::empty, ns3::empty, ns3::empty, ns3::empty >')
DEBUG:pybindgen.typehandlers:try to lookup type handler for 'ns3::Callback< void, std::basic_string<char>, ns3::Ptr<const ns3::Packet>, ns3::empty, ns3::empty, ns3::empty, ns3::empty, ns3::empty, ns3::empty, ns3::empty >' => success ((<class 'ns3modulegen_core_customizations.register_callback_classes.<locals>.PythonCallbackParameter'>, None, <pybindgen.typehandlers.ctypeparser.TypeTraits object at 0x7fadbb27c550>))
/home/cs18/tarballs/ns-allinone-3.34/ns-3.34/src/lr-wpan/bindings/modulegen__gcc_LP64.py:6675: Warning: exception CodeGenerationError('wrapper could not be generated',) in wrapper public: void ns3::LrWpanPhy::SetPlmeGetAttributeConfirmCallback (ns3::Callback< void, ns3::LrWpanPhyEnumeration, ns3::LrWpanPibAttributeIdentifier, ns3::LrWpanPhyPibAttributes *, ns3::empty, ns3::empty, ns3::empty, ns3::empty, ns3::empty, ns3::empty > c);
  [param('ns3::Callback< void, ns3::LrWpanPhyEnumeration, ns3::LrWpanPibAttributeIdentifier, ns3::LrWpanPhyPibAttributes *, ns3::empty, ns3::empty, ns3::empty, ns3::empty, ns3::empty, ns3::empty >', 'c')])
bindings/python/ns3modulegen-modular.py:30: UserWarning: exception CodeGenerationError('ns3::CallbackImpl< void, ns3::McpsDataConfirmParams, ns3::empty, ns3::empty, ns3::empty, ns3::empty, ns3::empty, ns3::empty, ns3::empty, ns3::empty > cannot be constructed (have pure virtual methods but no helper class)',) in wrapper <pybindgen.CppClass 'ns3::CallbackImpl< void, ns3::McpsDataConfirmParams, ns3::empty, ns3::empty, ns3::empty, ns3::empty, ns3::empty, ns3::empty, ns3::empty, ns3::empty >'>
  warnings.warn("exception %r in wrapper %s" % (exception, wrapper))
bindings/python/ns3modulegen-modular.py:30: UserWarning: exception CodeGenerationError('ns3::CallbackImpl< void, ns3::McpsDataIndicationParams, ns3::Ptr<ns3::Packet>, ns3::empty, ns3::empty, ns3::empty, ns3::empty, ns3::empty, ns3::empty, ns3::empty > cannot be constructed (have pure virtual methods but no helper class)',) in wrapper <pybindgen.CppClass 'ns3::CallbackImpl< void, ns3::McpsDataIndicationParams, ns3::Ptr<ns3::Packet>, ns3::empty, ns3::empty, ns3::empty, ns3::empty, ns3::empty, ns3::empty, ns3::empty >'>
  warnings.warn("exception %r in wrapper %s" % (exception, wrapper))
bindings/python/ns3modulegen-modular.py:30: UserWarning: exception CodeGenerationError('ns3::CallbackImpl< void, ns3::MlmeBeaconNotifyIndicationParams, ns3::Ptr<ns3::Packet>, ns3::empty, ns3::empty, ns3::empty, ns3::empty, ns3::empty, ns3::empty, ns3::empty > cannot be constructed (have pure virtual methods but no helper class)',) in wrapper <pybindgen.CppClass 'ns3::CallbackImpl< void, ns3::MlmeBeaconNotifyIndicationParams, ns3::Ptr<ns3::Packet>, ns3::empty, ns3::empty, ns3::empty, ns3::empty, ns3::empty, ns3::empty, ns3::empty >'>
  warnings.warn("exception %r in wrapper %s" % (exception, wrapper))
bindings/python/ns3modulegen-modular.py:30: UserWarning: exception CodeGenerationError('ns3::CallbackImpl< void, ns3::MlmePollConfirmParams, ns3::empty, ns3::empty, ns3::empty, ns3::empty, ns3::empty, ns3::empty, ns3::empty, ns3::empty > cannot be constructed (have pure virtual methods but no helper class)',) in wrapper <pybindgen.CppClass 'ns3::CallbackImpl< void, ns3::MlmePollConfirmParams, ns3::empty, ns3::empty, ns3::empty, ns3::empty, ns3::empty, ns3::empty, ns3::empty, ns3::empty >'>
  warnings.warn("exception %r in wrapper %s" % (exception, wrapper))
bindings/python/ns3modulegen-modular.py:30: UserWarning: exception CodeGenerationError('ns3::CallbackImpl< void, ns3::MlmeStartConfirmParams, ns3::empty, ns3::empty, ns3::empty, ns3::empty, ns3::empty, ns3::empty, ns3::empty, ns3::empty > cannot be constructed (have pure virtual methods but no helper class)',) in wrapper <pybindgen.CppClass 'ns3::CallbackImpl< void, ns3::MlmeStartConfirmParams, ns3::empty, ns3::empty, ns3::empty, ns3::empty, ns3::empty, ns3::empty, ns3::empty, ns3::empty >'>
  warnings.warn("exception %r in wrapper %s" % (exception, wrapper))
bindings/python/ns3modulegen-modular.py:30: UserWarning: exception CodeGenerationError('ns3::CallbackImpl< void, ns3::MlmeSyncLossIndicationParams, ns3::empty, ns3::empty, ns3::empty, ns3::empty, ns3::empty, ns3::empty, ns3::empty, ns3::empty > cannot be constructed (have pure virtual methods but no helper class)',) in wrapper <pybindgen.CppClass 'ns3::CallbackImpl< void, ns3::MlmeSyncLossIndicationParams, ns3::empty, ns3::empty, ns3::empty, ns3::empty, ns3::empty, ns3::empty, ns3::empty, ns3::empty >'>
  warnings.warn("exception %r in wrapper %s" % (exception, wrapper))
